  0
SECTION
  2
HEADER
  9
$ACADVER
  1
AC1009
  0
ENDSEC
  0
SECTION
  2
TABLES
  0
TABLE
  2
LAYER
  70
1
  0
LAYER
  2
Layer_0
  70
0
  62
7
  6
CONTINUOUS
  0
ENDTAB
  0
ENDSEC
  0
SECTION
  2
ENTITIES
  0
POLYLINE
  5
90
  8
Layer_0
  62
7
  70
1
  66
1
  10
0
  20
0
  30
0
  0
VERTEX
  5
90
  8
Layer_0
  10
120.3
  20
221.323
  0
VERTEX
  5
91
  8
Layer_0
  10
279.70001
  20
221.323
  42
-0.41421356
  0
VERTEX
  5
92
  8
Layer_0
  10
289.70001
  20
211.323
  0
VERTEX
  5
93
  8
Layer_0
  10
289.70001
  20
188.677
  42
-0.41421356
  0
VERTEX
  5
94
  8
Layer_0
  10
279.70001
  20
178.677
  0
VERTEX
  5
95
  8
Layer_0
  10
120.3
  20
178.677
  42
-0.41421366
  0
VERTEX
  5
96
  8
Layer_0
  10
110.3
  20
188.677
  0
VERTEX
  5
97
  8
Layer_0
  10
110.3
  20
211.323
  42
-0.41421356
  0
SEQEND
  0
POLYLINE
  5
99
  8
Layer_0
  62
7
  70
1
  66
1
  10
0
  20
0
  30
0
  0
VERTEX
  5
99
  8
Layer_0
  10
194.53931
  20
212.56898
  42
0.00058495721
  0
VERTEX
  5
9a
  8
Layer_0
  10
202.37932
  20
217.72739
  0
VERTEX
  5
9b
  8
Layer_0
  10
203.75531
  20
218.64259
  0
VERTEX
  5
9c
  8
Layer_0
  10
200.55531
  20
218.62338
  42
0.00038619878
  0
VERTEX
  5
9d
  8
Layer_0
  10
195.11531
  20
218.59779
  0
VERTEX
  5
9e
  8
Layer_0
  10
194.47786
  20
218.59302
  0
VERTEX
  5
9f
  8
Layer_0
  10
193.78757
  20
218.58609
  0
VERTEX
  5
a0
  8
Layer_0
  10
193.05598
  20
218.5772
  0
VERTEX
  5
a1
  8
Layer_0
  10
192.29461
  20
218.56659
  0
VERTEX
  5
a2
  8
Layer_0
  10
190.7286
  20
218.54109
  0
VERTEX
  5
a3
  8
Layer_0
  10
189.18171
  20
218.51139
  0
VERTEX
  5
a4
  8
Layer_0
  10
188.44424
  20
218.49552
  0
VERTEX
  5
a5
  8
Layer_0
  10
187.74612
  20
218.47929
  0
VERTEX
  5
a6
  8
Layer_0
  10
187.09887
  20
218.4629
  0
VERTEX
  5
a7
  8
Layer_0
  10
186.51401
  20
218.44659
  0
VERTEX
  5
a8
  8
Layer_0
  10
186.00306
  20
218.43057
  0
VERTEX
  5
a9
  8
Layer_0
  10
185.57754
  20
218.41509
  0
VERTEX
  5
aa
  8
Layer_0
  10
185.40043
  20
218.40761
  0
VERTEX
  5
ab
  8
Layer_0
  10
185.24899
  20
218.40035
  0
VERTEX
  5
ac
  8
Layer_0
  10
185.12467
  20
218.39333
  0
VERTEX
  5
ad
  8
Layer_0
  10
185.02891
  20
218.38659
  0
VERTEX
  5
ae
  8
Layer_0
  10
184.74702
  20
218.3632
  0
VERTEX
  5
af
  8
Layer_0
  10
184.50901
  20
218.33389
  0
VERTEX
  5
b0
  8
Layer_0
  10
184.30475
  20
218.29512
  0
VERTEX
  5
b1
  8
Layer_0
  10
184.12411
  20
218.24339
  0
VERTEX
  5
b2
  8
Layer_0
  10
183.79321
  20
218.08689
  0
VERTEX
  5
b3
  8
Layer_0
  10
183.4353
  20
217.83619
  0
VERTEX
  5
b4
  8
Layer_0
  10
183.1683
  20
217.59579
  0
VERTEX
  5
b5
  8
Layer_0
  10
182.86891
  20
217.27619
  0
VERTEX
  5
b6
  8
Layer_0
  10
182.72618
  20
217.10844
  0
VERTEX
  5
b7
  8
Layer_0
  10
182.59831
  20
216.94699
  0
VERTEX
  5
b8
  8
Layer_0
  10
182.49293
  20
216.80054
  0
VERTEX
  5
b9
  8
Layer_0
  10
182.41771
  20
216.67779
  0
VERTEX
  5
ba
  8
Layer_0
  10
182.34091
  20
216.53058
  0
VERTEX
  5
bb
  8
Layer_0
  10
187.4929
  20
216.53058
  0
VERTEX
  5
bc
  8
Layer_0
  10
192.64491
  20
216.53058
  0
VERTEX
  5
bd
  8
Layer_0
  10
194.5137
  20
217.42659
  0
VERTEX
  5
be
  8
Layer_0
  10
194.89015
  20
217.60627
  0
VERTEX
  5
bf
  8
Layer_0
  10
195.24161
  20
217.77329
  0
VERTEX
  5
c0
  8
Layer_0
  10
195.56053
  20
217.92395
  0
VERTEX
  5
c1
  8
Layer_0
  10
195.83931
  20
218.05459
  0
VERTEX
  5
c2
  8
Layer_0
  10
196.0704
  20
218.16152
  0
VERTEX
  5
c3
  8
Layer_0
  10
196.24621
  20
218.24109
  0
VERTEX
  5
c4
  8
Layer_0
  10
196.35917
  20
218.2896
  0
VERTEX
  5
c5
  8
Layer_0
  10
196.40171
  20
218.30339
  0
VERTEX
  5
c6
  8
Layer_0
  10
196.36144
  20
218.27496
  0
VERTEX
  5
c7
  8
Layer_0
  10
196.24097
  20
218.19389
  0
VERTEX
  5
c8
  8
Layer_0
  10
196.0444
  20
218.06286
  0
VERTEX
  5
c9
  8
Layer_0
  10
195.77581
  20
217.88459
  0
VERTEX
  5
ca
  8
Layer_0
  10
195.43931
  20
217.66176
  0
VERTEX
  5
cb
  8
Layer_0
  10
195.039
  20
217.39709
  0
VERTEX
  5
cc
  8
Layer_0
  10
194.57897
  20
217.09326
  0
VERTEX
  5
cd
  8
Layer_0
  10
194.06331
  20
216.75299
  0
VERTEX
  5
ce
  8
Layer_0
  10
193.49613
  20
216.37896
  0
VERTEX
  5
cf
  8
Layer_0
  10
192.88152
  20
215.97389
  0
VERTEX
  5
d0
  8
Layer_0
  10
192.22358
  20
215.54046
  0
VERTEX
  5
d1
  8
Layer_0
  10
191.52641
  20
215.08139
  0
VERTEX
  5
d2
  8
Layer_0
  10
190.7941
  20
214.59936
  0
VERTEX
  5
d3
  8
Layer_0
  10
190.03075
  20
214.09708
  0
VERTEX
  5
d4
  8
Layer_0
  10
189.24045
  20
213.57726
  0
VERTEX
  5
d5
  8
Layer_0
  10
188.42731
  20
213.04258
  0
VERTEX
  5
d6
  8
Layer_0
  10
180.4465
  20
207.79459
  0
VERTEX
  5
d7
  8
Layer_0
  10
181.57291
  20
207.77538
  0
VERTEX
  5
d8
  8
Layer_0
  10
181.75571
  20
207.77288
  0
VERTEX
  5
d9
  8
Layer_0
  10
181.998
  20
207.77135
  0
VERTEX
  5
da
  8
Layer_0
  10
182.29601
  20
207.77074
  0
VERTEX
  5
db
  8
Layer_0
  10
182.64597
  20
207.77101
  0
VERTEX
  5
dc
  8
Layer_0
  10
183.0441
  20
207.77211
  0
VERTEX
  5
dd
  8
Layer_0
  10
183.48663
  20
207.774
  0
VERTEX
  5
de
  8
Layer_0
  10
183.96979
  20
207.77664
  0
VERTEX
  5
df
  8
Layer_0
  10
184.48981
  20
207.77998
  0
VERTEX
  5
e0
  8
Layer_0
  10
185.04291
  20
207.78398
  0
VERTEX
  5
e1
  8
Layer_0
  10
185.62532
  20
207.78858
  0
VERTEX
  5
e2
  8
Layer_0
  10
186.23328
  20
207.79376
  0
VERTEX
  5
e3
  8
Layer_0
  10
186.863
  20
207.79946
  0
VERTEX
  5
e4
  8
Layer_0
  10
188.17265
  20
207.81224
  0
VERTEX
  5
e5
  8
Layer_0
  10
189.52411
  20
207.82658
  0
VERTEX
  5
e6
  8
Layer_0
  10
190.88719
  20
207.84212
  0
VERTEX
  5
e7
  8
Layer_0
  10
192.23172
  20
207.85851
  0
VERTEX
  5
e8
  8
Layer_0
  10
193.52752
  20
207.87538
  0
VERTEX
  5
e9
  8
Layer_0
  10
194.74441
  20
207.89238
  0
VERTEX
  5
ea
  8
Layer_0
  10
195.31383
  20
207.90082
  0
VERTEX
  5
eb
  8
Layer_0
  10
195.85221
  20
207.90916
  0
VERTEX
  5
ec
  8
Layer_0
  10
196.35578
  20
207.91735
  0
VERTEX
  5
ed
  8
Layer_0
  10
196.82075
  20
207.92536
  0
VERTEX
  5
ee
  8
Layer_0
  10
197.24336
  20
207.93313
  0
VERTEX
  5
ef
  8
Layer_0
  10
197.61984
  20
207.94062
  0
VERTEX
  5
f0
  8
Layer_0
  10
197.94642
  20
207.94778
  0
VERTEX
  5
f1
  8
Layer_0
  10
198.21931
  20
207.95458
  0
VERTEX
  5
f2
  8
Layer_0
  10
199.13451
  20
207.98628
  0
VERTEX
  5
f3
  8
Layer_0
  10
199.99211
  20
208.02098
  0
VERTEX
  5
f4
  8
Layer_0
  10
200.36931
  20
208.03814
  0
VERTEX
  5
f5
  8
Layer_0
  10
200.69611
  20
208.05448
  0
VERTEX
  5
f6
  8
Layer_0
  10
200.96051
  20
208.06947
  0
VERTEX
  5
f7
  8
Layer_0
  10
201.15051
  20
208.08258
  0
VERTEX
  5
f8
  8
Layer_0
  10
201.37959
  20
208.10257
  0
VERTEX
  5
f9
  8
Layer_0
  10
201.55991
  20
208.12128
  0
VERTEX
  5
fa
  8
Layer_0
  10
201.70154
  20
208.14164
  0
VERTEX
  5
fb
  8
Layer_0
  10
201.81451
  20
208.16658
  0
VERTEX
  5
fc
  8
Layer_0
  10
201.99471
  20
208.24188
  0
VERTEX
  5
fd
  8
Layer_0
  10
202.18092
  20
208.37058
  0
VERTEX
  5
fe
  8
Layer_0
  10
202.30693
  20
208.46899
  0
VERTEX
  5
ff
  8
Layer_0
  10
202.44502
  20
208.59148
  0
VERTEX
  5
100
  8
Layer_0
  10
202.59525
  20
208.73812
  0
VERTEX
  5
101
  8
Layer_0
  10
202.75772
  20
208.90898
  0
VERTEX
  5
102
  8
Layer_0
  10
202.93248
  20
209.10414
  0
VERTEX
  5
103
  8
Layer_0
  10
203.11962
  20
209.32368
  0
VERTEX
  5
104
  8
Layer_0
  10
203.3192
  20
209.56767
  0
VERTEX
  5
105
  8
Layer_0
  10
203.53132
  20
209.83618
  0
VERTEX
  5
106
  8
Layer_0
  10
203.87692
  20
210.27779
  0
VERTEX
  5
107
  8
Layer_0
  10
202.89133
  20
210.23938
  0
VERTEX
  5
108
  8
Layer_0
  10
202.76412
  20
210.23414
  0
VERTEX
  5
109
  8
Layer_0
  10
202.58859
  20
210.22807
  0
VERTEX
  5
10a
  8
Layer_0
  10
202.36788
  20
210.22123
  0
VERTEX
  5
10b
  8
Layer_0
  10
202.10512
  20
210.21368
  0
VERTEX
  5
10c
  8
Layer_0
  10
201.80342
  20
210.2055
  0
VERTEX
  5
10d
  8
Layer_0
  10
201.46594
  20
210.19674
  0
VERTEX
  5
10e
  8
Layer_0
  10
201.09579
  20
210.18748
  0
VERTEX
  5
10f
  8
Layer_0
  10
200.69611
  20
210.17778
  0
VERTEX
  5
110
  8
Layer_0
  10
199.82069
  20
210.15732
  0
VERTEX
  5
111
  8
Layer_0
  10
198.86471
  20
210.13588
  0
VERTEX
  5
112
  8
Layer_0
  10
197.85324
  20
210.11399
  0
VERTEX
  5
113
  8
Layer_0
  10
196.81131
  20
210.09218
  0
VERTEX
  5
114
  8
Layer_0
  10
191.72331
  20
209.98978
  0
VERTEX
  5
115
  8
Layer_0
  10
189.89931
  20
209.11938
  42
0.0057978088
  0
VERTEX
  5
116
  8
Layer_0
  10
188.01131
  20
208.22339
  0
VERTEX
  5
117
  8
Layer_0
  10
187.97774
  20
208.2089
  0
VERTEX
  5
118
  8
Layer_0
  10
187.98101
  20
208.21796
  0
VERTEX
  5
119
  8
Layer_0
  10
188.02582
  20
208.25367
  0
VERTEX
  5
11a
  8
Layer_0
  10
188.11691
  20
208.31918
  0
VERTEX
  5
11b
  8
Layer_0
  10
188.259
  20
208.41762
  0
VERTEX
  5
11c
  8
Layer_0
  10
188.45681
  20
208.55211
  0
VERTEX
  5
11d
  8
Layer_0
  10
188.71507
  20
208.72579
  0
VERTEX
  5
11e
  8
Layer_0
  10
189.03851
  20
208.94178
  0
VERTEX
  5
11f
  8
Layer_0
  10
189.43185
  20
209.20323
  0
VERTEX
  5
120
  8
Layer_0
  10
189.89981
  20
209.51326
  0
VERTEX
  5
121
  8
Layer_0
  10
190.16325
  20
209.68747
  0
VERTEX
  5
122
  8
Layer_0
  10
190.44712
  20
209.875
  0
VERTEX
  5
123
  8
Layer_0
  10
190.75201
  20
210.07624
  0
VERTEX
  5
124
  8
Layer_0
  10
191.07851
  20
210.29158
  0
VERTEX
  5
125
  8
Layer_0
  10
191.42721
  20
210.52142
  0
VERTEX
  5
126
  8
Layer_0
  10
191.7987
  20
210.76614
  0
VERTEX
  5
127
  8
Layer_0
  10
192.19357
  20
211.02614
  0
VERTEX
  5
128
  8
Layer_0
  10
192.61241
  20
211.30181
  0
VERTEX
  5
129
  8
Layer_0
  10
193.05582
  20
211.59353
  0
VERTEX
  5
12a
  8
Layer_0
  10
193.52438
  20
211.90171
  0
VERTEX
  5
12b
  8
Layer_0
  10
194.01868
  20
212.22673
  0
VERTEX
  5
12c
  8
Layer_0
  10
194.53931
  20
212.56898
  0
SEQEND
  0
POLYLINE
  5
12e
  8
Layer_0
  62
7
  70
1
  66
1
  10
0
  20
0
  30
0
  0
VERTEX
  5
12e
  8
Layer_0
  10
167.5953
  20
213.26658
  0
VERTEX
  5
12f
  8
Layer_0
  10
167.39986
  20
212.82732
  0
VERTEX
  5
130
  8
Layer_0
  10
167.2282
  20
212.34088
  0
VERTEX
  5
131
  8
Layer_0
  10
167.08309
  20
211.8231
  0
VERTEX
  5
132
  8
Layer_0
  10
166.9673
  20
211.28978
  0
VERTEX
  5
133
  8
Layer_0
  10
166.88361
  20
210.75677
  0
VERTEX
  5
134
  8
Layer_0
  10
166.8348
  20
210.23988
  0
VERTEX
  5
135
  8
Layer_0
  10
166.82364
  20
209.75495
  0
VERTEX
  5
136
  8
Layer_0
  10
166.8529
  20
209.31778
  0
VERTEX
  5
137
  8
Layer_0
  10
166.91404
  20
208.93934
  0
VERTEX
  5
138
  8
Layer_0
  10
166.994
  20
208.61708
  0
VERTEX
  5
139
  8
Layer_0
  10
167.09601
  20
208.34657
  0
VERTEX
  5
13a
  8
Layer_0
  10
167.2233
  20
208.12338
  0
VERTEX
  5
13b
  8
Layer_0
  10
167.37909
  20
207.94309
  0
VERTEX
  5
13c
  8
Layer_0
  10
167.5666
  20
207.80128
  0
VERTEX
  5
13d
  8
Layer_0
  10
167.78906
  20
207.69352
  0
VERTEX
  5
13e
  8
Layer_0
  10
168.0497
  20
207.61538
  0
VERTEX
  5
13f
  8
Layer_0
  10
168.43111
  20
207.53732
  0
VERTEX
  5
140
  8
Layer_0
  10
168.87406
  20
207.46876
  0
VERTEX
  5
141
  8
Layer_0
  10
169.37066
  20
207.40976
  0
VERTEX
  5
142
  8
Layer_0
  10
169.913
  20
207.36038
  0
VERTEX
  5
143
  8
Layer_0
  10
171.10329
  20
207.29071
  0
VERTEX
  5
144
  8
Layer_0
  10
172.3817
  20
207.26018
  0
VERTEX
  5
145
  8
Layer_0
  10
173.68501
  20
207.26926
  0
VERTEX
  5
146
  8
Layer_0
  10
174.95
  20
207.31838
  0
VERTEX
  5
147
  8
Layer_0
  10
175.54837
  20
207.3581
  0
VERTEX
  5
148
  8
Layer_0
  10
176.11344
  20
207.40801
  0
VERTEX
  5
149
  8
Layer_0
  10
176.63732
  20
207.46815
  0
VERTEX
  5
14a
  8
Layer_0
  10
177.11211
  20
207.53858
  0
VERTEX
  5
14b
  8
Layer_0
  10
177.48556
  20
207.60797
  0
VERTEX
  5
14c
  8
Layer_0
  10
177.79211
  20
207.68088
  0
VERTEX
  5
14d
  8
Layer_0
  10
178.04225
  20
207.76324
  0
VERTEX
  5
14e
  8
Layer_0
  10
178.2465
  20
207.86098
  0
VERTEX
  5
14f
  8
Layer_0
  10
178.41535
  20
207.98002
  0
VERTEX
  5
150
  8
Layer_0
  10
178.55931
  20
208.12628
  0
VERTEX
  5
151
  8
Layer_0
  10
178.68886
  20
208.30569
  0
VERTEX
  5
152
  8
Layer_0
  10
178.81451
  20
208.52418
  0
VERTEX
  5
153
  8
Layer_0
  10
178.98606
  20
208.88718
  0
VERTEX
  5
154
  8
Layer_0
  10
179.13571
  20
209.28858
  0
VERTEX
  5
155
  8
Layer_0
  10
179.26316
  20
209.72658
  0
VERTEX
  5
156
  8
Layer_0
  10
179.36811
  20
210.19938
  0
VERTEX
  5
157
  8
Layer_0
  10
179.45026
  20
210.70518
  0
VERTEX
  5
158
  8
Layer_0
  10
179.50931
  20
211.24218
  0
VERTEX
  5
159
  8
Layer_0
  10
179.54496
  20
211.80858
  0
VERTEX
  5
15a
  8
Layer_0
  10
179.55691
  20
212.40258
  0
VERTEX
  5
15b
  8
Layer_0
  10
179.55689
  20
212.68405
  0
VERTEX
  5
15c
  8
Layer_0
  10
179.55381
  20
212.93467
  0
VERTEX
  5
15d
  8
Layer_0
  10
179.54667
  20
213.15663
  0
VERTEX
  5
15e
  8
Layer_0
  10
179.5345
  20
213.35208
  0
VERTEX
  5
15f
  8
Layer_0
  10
179.4912
  20
213.67215
  0
VERTEX
  5
160
  8
Layer_0
  10
179.4161
  20
213.91218
  0
VERTEX
  5
161
  8
Layer_0
  10
179.3014
  20
214.08952
  0
VERTEX
  5
162
  8
Layer_0
  10
179.1393
  20
214.22148
  0
VERTEX
  5
163
  8
Layer_0
  10
178.922
  20
214.3254
  0
VERTEX
  5
164
  8
Layer_0
  10
178.6417
  20
214.41858
  0
VERTEX
  5
165
  8
Layer_0
  10
178.34581
  20
214.4967
  0
VERTEX
  5
166
  8
Layer_0
  10
178.0158
  20
214.56348
  0
VERTEX
  5
167
  8
Layer_0
  10
177.64574
  20
214.61962
  0
VERTEX
  5
168
  8
Layer_0
  10
177.2297
  20
214.66578
  0
VERTEX
  5
169
  8
Layer_0
  10
176.76177
  20
214.70265
  0
VERTEX
  5
16a
  8
Layer_0
  10
176.236
  20
214.73088
  0
VERTEX
  5
16b
  8
Layer_0
  10
175.64649
  20
214.75117
  0
VERTEX
  5
16c
  8
Layer_0
  10
174.9873
  20
214.76418
  0
VERTEX
  5
16d
  8
Layer_0
  10
174.2798
  20
214.77139
  0
VERTEX
  5
16e
  8
Layer_0
  10
173.6521
  20
214.77379
  0
VERTEX
  5
16f
  8
Layer_0
  10
173.38936
  20
214.77319
  0
VERTEX
  5
170
  8
Layer_0
  10
173.172
  20
214.77139
  0
VERTEX
  5
171
  8
Layer_0
  10
173.00849
  20
214.76839
  0
VERTEX
  5
172
  8
Layer_0
  10
172.9073
  20
214.76418
  0
VERTEX
  5
173
  8
Layer_0
  10
172.49346
  20
214.73369
  0
VERTEX
  5
174
  8
Layer_0
  10
172.11206
  20
214.70445
  0
VERTEX
  5
175
  8
Layer_0
  10
171.76091
  20
214.6762
  0
VERTEX
  5
176
  8
Layer_0
  10
171.4378
  20
214.64868
  0
VERTEX
  5
177
  8
Layer_0
  10
170.86689
  20
214.59487
  0
VERTEX
  5
178
  8
Layer_0
  10
170.3817
  20
214.54098
  0
VERTEX
  5
179
  8
Layer_0
  10
169.96461
  20
214.485
  0
VERTEX
  5
17a
  8
Layer_0
  10
169.598
  20
214.42488
  0
VERTEX
  5
17b
  8
Layer_0
  10
169.26424
  20
214.35862
  0
VERTEX
  5
17c
  8
Layer_0
  10
168.9457
  20
214.28418
  0
VERTEX
  5
17d
  8
Layer_0
  10
168.66114
  20
214.20765
  0
VERTEX
  5
17e
  8
Layer_0
  10
168.4296
  20
214.13148
  0
VERTEX
  5
17f
  8
Layer_0
  10
168.24111
  20
214.04827
  0
VERTEX
  5
180
  8
Layer_0
  10
168.0857
  20
213.95058
  0
VERTEX
  5
181
  8
Layer_0
  10
167.95339
  20
213.831
  0
VERTEX
  5
182
  8
Layer_0
  10
167.8342
  20
213.68208
  0
VERTEX
  5
183
  8
Layer_0
  10
167.71816
  20
213.49642
  0
SEQEND
  0
POLYLINE
  5
185
  8
Layer_0
  62
7
  70
1
  66
1
  10
0
  20
0
  30
0
  0
VERTEX
  5
185
  8
Layer_0
  10
176.3121
  20
209.61858
  0
VERTEX
  5
186
  8
Layer_0
  10
176.24154
  20
209.44642
  0
VERTEX
  5
187
  8
Layer_0
  10
176.1664
  20
209.30208
  0
VERTEX
  5
188
  8
Layer_0
  10
176.08272
  20
209.18219
  0
VERTEX
  5
189
  8
Layer_0
  10
175.9865
  20
209.08338
  0
VERTEX
  5
18a
  8
Layer_0
  10
175.87379
  20
209.00227
  0
VERTEX
  5
18b
  8
Layer_0
  10
175.7406
  20
208.93548
  0
VERTEX
  5
18c
  8
Layer_0
  10
175.58297
  20
208.87964
  0
VERTEX
  5
18d
  8
Layer_0
  10
175.3969
  20
208.83138
  0
VERTEX
  5
18e
  8
Layer_0
  10
175.09235
  20
208.77158
  0
VERTEX
  5
18f
  8
Layer_0
  10
174.7521
  20
208.72164
  0
VERTEX
  5
190
  8
Layer_0
  10
174.38305
  20
208.68141
  0
VERTEX
  5
191
  8
Layer_0
  10
173.9921
  20
208.65068
  0
VERTEX
  5
192
  8
Layer_0
  10
173.1721
  20
208.61707
  0
VERTEX
  5
193
  8
Layer_0
  10
172.3473
  20
208.61938
  0
VERTEX
  5
194
  8
Layer_0
  10
171.95035
  20
208.63356
  0
VERTEX
  5
195
  8
Layer_0
  10
171.5729
  20
208.65619
  0
VERTEX
  5
196
  8
Layer_0
  10
171.22185
  20
208.68709
  0
VERTEX
  5
197
  8
Layer_0
  10
170.9041
  20
208.72608
  0
VERTEX
  5
198
  8
Layer_0
  10
170.62655
  20
208.77298
  0
VERTEX
  5
199
  8
Layer_0
  10
170.3961
  20
208.82762
  0
VERTEX
  5
19a
  8
Layer_0
  10
170.21965
  20
208.88981
  0
VERTEX
  5
19b
  8
Layer_0
  10
170.1041
  20
208.95938
  0
VERTEX
  5
19c
  8
Layer_0
  10
169.96554
  20
209.13569
  0
VERTEX
  5
19d
  8
Layer_0
  10
169.862
  20
209.38108
  0
VERTEX
  5
19e
  8
Layer_0
  10
169.79371
  20
209.68782
  0
VERTEX
  5
19f
  8
Layer_0
  10
169.7609
  20
210.04818
  0
VERTEX
  5
1a0
  8
Layer_0
  10
169.76379
  20
210.45445
  0
VERTEX
  5
1a1
  8
Layer_0
  10
169.8026
  20
210.89888
  0
VERTEX
  5
1a2
  8
Layer_0
  10
169.87756
  20
211.37377
  0
VERTEX
  5
1a3
  8
Layer_0
  10
169.9889
  20
211.87138
  0
VERTEX
  5
1a4
  8
Layer_0
  10
170.08709
  20
212.2283
  0
VERTEX
  5
1a5
  8
Layer_0
  10
170.1864
  20
212.51388
  0
VERTEX
  5
1a6
  8
Layer_0
  10
170.29636
  20
212.73842
  0
VERTEX
  5
1a7
  8
Layer_0
  10
170.4265
  20
212.91218
  0
VERTEX
  5
1a8
  8
Layer_0
  10
170.58634
  20
213.04545
  0
VERTEX
  5
1a9
  8
Layer_0
  10
170.7854
  20
213.14848
  0
VERTEX
  5
1aa
  8
Layer_0
  10
171.03321
  20
213.23157
  0
VERTEX
  5
1ab
  8
Layer_0
  10
171.3393
  20
213.30498
  0
VERTEX
  5
1ac
  8
Layer_0
  10
171.79186
  20
213.37992
  0
VERTEX
  5
1ad
  8
Layer_0
  10
172.3246
  20
213.43648
  0
VERTEX
  5
1ae
  8
Layer_0
  10
172.90969
  20
213.4743
  0
VERTEX
  5
1af
  8
Layer_0
  10
173.5193
  20
213.49298
  0
VERTEX
  5
1b0
  8
Layer_0
  10
174.12561
  20
213.49217
  0
VERTEX
  5
1b1
  8
Layer_0
  10
174.7008
  20
213.47148
  0
VERTEX
  5
1b2
  8
Layer_0
  10
175.21704
  20
213.43055
  0
VERTEX
  5
1b3
  8
Layer_0
  10
175.6465
  20
213.36898
  0
VERTEX
  5
1b4
  8
Layer_0
  10
176.0169
  20
213.28288
  0
VERTEX
  5
1b5
  8
Layer_0
  10
176.2913
  20
213.18418
  0
VERTEX
  5
1b6
  8
Layer_0
  10
176.4817
  20
213.06748
  0
VERTEX
  5
1b7
  8
Layer_0
  10
176.60011
  20
212.92738
  0
VERTEX
  5
1b8
  8
Layer_0
  10
176.63287
  20
212.83897
  0
VERTEX
  5
1b9
  8
Layer_0
  10
176.65703
  20
212.71355
  0
VERTEX
  5
1ba
  8
Layer_0
  10
176.67297
  20
212.55567
  0
VERTEX
  5
1bb
  8
Layer_0
  10
176.6811
  20
212.36988
  0
VERTEX
  5
1bc
  8
Layer_0
  10
176.67548
  20
211.93277
  0
VERTEX
  5
1bd
  8
Layer_0
  10
176.6433
  20
211.43858
  0
VERTEX
  5
1be
  8
Layer_0
  10
176.58773
  20
210.9237
  0
VERTEX
  5
1bf
  8
Layer_0
  10
176.5119
  20
210.42448
  0
VERTEX
  5
1c0
  8
Layer_0
  10
176.41898
  20
209.97732
  0
SEQEND
  0
POLYLINE
  5
1c2
  8
Layer_0
  62
7
  70
1
  66
1
  10
0
  20
0
  30
0
  0
VERTEX
  5
1c2
  8
Layer_0
  10
141.47049
  20
210.82178
  42
0.026929405
  0
VERTEX
  5
1c3
  8
Layer_0
  10
141.51529
  20
211.49379
  0
VERTEX
  5
1c4
  8
Layer_0
  10
141.51529
  20
211.73059
  0
VERTEX
  5
1c5
  8
Layer_0
  10
145.38728
  20
211.73059
  0
VERTEX
  5
1c6
  8
Layer_0
  10
149.25288
  20
211.73059
  0
VERTEX
  5
1c7
  8
Layer_0
  10
149.36169
  20
211.93538
  0
VERTEX
  5
1c8
  8
Layer_0
  10
149.40147
  20
212.04022
  0
VERTEX
  5
1c9
  8
Layer_0
  10
149.43389
  20
212.18248
  0
VERTEX
  5
1ca
  8
Layer_0
  10
149.45822
  20
212.3486
  0
VERTEX
  5
1cb
  8
Layer_0
  10
149.47369
  20
212.52498
  0
VERTEX
  5
1cc
  8
Layer_0
  10
149.47957
  20
212.69807
  0
VERTEX
  5
1cd
  8
Layer_0
  10
149.47509
  20
212.85428
  0
VERTEX
  5
1ce
  8
Layer_0
  10
149.45952
  20
212.98005
  0
VERTEX
  5
1cf
  8
Layer_0
  10
149.43209
  20
213.06178
  0
VERTEX
  5
1d0
  8
Layer_0
  10
149.41395
  20
213.07214
  0
VERTEX
  5
1d1
  8
Layer_0
  10
149.37246
  20
213.08162
  0
VERTEX
  5
1d2
  8
Layer_0
  10
149.30544
  20
213.09026
  0
VERTEX
  5
1d3
  8
Layer_0
  10
149.21069
  20
213.09808
  0
VERTEX
  5
1d4
  8
Layer_0
  10
149.08601
  20
213.10512
  0
VERTEX
  5
1d5
  8
Layer_0
  10
148.92921
  20
213.1114
  0
VERTEX
  5
1d6
  8
Layer_0
  10
148.7381
  20
213.11694
  0
VERTEX
  5
1d7
  8
Layer_0
  10
148.51049
  20
213.12178
  0
VERTEX
  5
1d8
  8
Layer_0
  10
148.24417
  20
213.12595
  0
VERTEX
  5
1d9
  8
Layer_0
  10
147.93696
  20
213.12947
  0
VERTEX
  5
1da
  8
Layer_0
  10
147.58667
  20
213.13237
  0
VERTEX
  5
1db
  8
Layer_0
  10
147.19109
  20
213.13468
  0
VERTEX
  5
1dc
  8
Layer_0
  10
146.74803
  20
213.13643
  0
VERTEX
  5
1dd
  8
Layer_0
  10
146.25531
  20
213.13765
  0
VERTEX
  5
1de
  8
Layer_0
  10
145.71073
  20
213.13835
  0
VERTEX
  5
1df
  8
Layer_0
  10
145.11209
  20
213.13858
  0
VERTEX
  5
1e0
  8
Layer_0
  10
140.84329
  20
213.13858
  0
VERTEX
  5
1e1
  8
Layer_0
  10
140.88168
  20
213.79138
  0
VERTEX
  5
1e2
  8
Layer_0
  10
140.89959
  20
214.04948
  0
VERTEX
  5
1e3
  8
Layer_0
  10
140.91449
  20
214.26258
  0
VERTEX
  5
1e4
  8
Layer_0
  10
140.92578
  20
214.40968
  0
VERTEX
  5
1e5
  8
Layer_0
  10
140.93288
  20
214.46978
  0
VERTEX
  5
1e6
  8
Layer_0
  10
140.96227
  20
214.47091
  0
VERTEX
  5
1e7
  8
Layer_0
  10
141.04617
  20
214.47188
  0
VERTEX
  5
1e8
  8
Layer_0
  10
141.18181
  20
214.47271
  0
VERTEX
  5
1e9
  8
Layer_0
  10
141.36639
  20
214.47338
  0
VERTEX
  5
1ea
  8
Layer_0
  10
141.59713
  20
214.47391
  0
VERTEX
  5
1eb
  8
Layer_0
  10
141.87125
  20
214.47428
  0
VERTEX
  5
1ec
  8
Layer_0
  10
142.18596
  20
214.47451
  0
VERTEX
  5
1ed
  8
Layer_0
  10
142.53849
  20
214.47458
  0
VERTEX
  5
1ee
  8
Layer_0
  10
142.92604
  20
214.47451
  0
VERTEX
  5
1ef
  8
Layer_0
  10
143.34582
  20
214.47428
  0
VERTEX
  5
1f0
  8
Layer_0
  10
143.79507
  20
214.47391
  0
VERTEX
  5
1f1
  8
Layer_0
  10
144.27099
  20
214.47338
  0
VERTEX
  5
1f2
  8
Layer_0
  10
145.2917
  20
214.47188
  0
VERTEX
  5
1f3
  8
Layer_0
  10
146.38569
  20
214.46978
  0
VERTEX
  5
1f4
  8
Layer_0
  10
151.83209
  20
214.45059
  0
VERTEX
  5
1f5
  8
Layer_0
  10
152.07529
  20
214.18178
  0
VERTEX
  5
1f6
  8
Layer_0
  10
152.27089
  20
213.91048
  0
VERTEX
  5
1f7
  8
Layer_0
  10
152.39209
  20
213.60978
  0
VERTEX
  5
1f8
  8
Layer_0
  10
152.44609
  20
213.25748
  0
VERTEX
  5
1f9
  8
Layer_0
  10
152.44009
  20
212.83138
  0
VERTEX
  5
1fa
  8
Layer_0
  10
152.40672
  20
212.52501
  0
VERTEX
  5
1fb
  8
Layer_0
  10
152.35429
  20
212.25358
  0
VERTEX
  5
1fc
  8
Layer_0
  10
152.28237
  20
212.01666
  0
VERTEX
  5
1fd
  8
Layer_0
  10
152.19049
  20
211.81378
  0
VERTEX
  5
1fe
  8
Layer_0
  10
152.07822
  20
211.64451
  0
VERTEX
  5
1ff
  8
Layer_0
  10
151.94509
  20
211.50838
  0
VERTEX
  5
200
  8
Layer_0
  10
151.79067
  20
211.40496
  0
VERTEX
  5
201
  8
Layer_0
  10
151.61449
  20
211.33378
  0
VERTEX
  5
202
  8
Layer_0
  10
151.49009
  20
211.28928
  0
VERTEX
  5
203
  8
Layer_0
  10
151.41609
  20
211.24178
  0
VERTEX
  5
204
  8
Layer_0
  10
151.38049
  20
211.17628
  0
VERTEX
  5
205
  8
Layer_0
  10
151.37129
  20
211.07778
  42
0.29639175
  0
VERTEX
  5
206
  8
Layer_0
  10
151.5313
  20
210.82178
  0
VERTEX
  5
207
  8
Layer_0
  10
151.67819
  20
210.72638
  0
VERTEX
  5
208
  8
Layer_0
  10
151.79449
  20
210.58178
  0
VERTEX
  5
209
  8
Layer_0
  10
151.88319
  20
210.38438
  0
VERTEX
  5
20a
  8
Layer_0
  10
151.94729
  20
210.13058
  0
VERTEX
  5
20b
  8
Layer_0
  10
151.97409
  20
209.76948
  0
VERTEX
  5
20c
  8
Layer_0
  10
151.94569
  20
209.33938
  0
VERTEX
  5
20d
  8
Layer_0
  10
151.87169
  20
208.91288
  0
VERTEX
  5
20e
  8
Layer_0
  10
151.76169
  20
208.56258
  42
-0.17923673
  0
VERTEX
  5
20f
  8
Layer_0
  10
150.76329
  20
207.53857
  0
VERTEX
  5
210
  8
Layer_0
  10
150.41769
  20
207.37859
  0
VERTEX
  5
211
  8
Layer_0
  10
145.1377
  20
207.37859
  0
VERTEX
  5
212
  8
Layer_0
  10
139.85129
  20
207.37859
  0
VERTEX
  5
213
  8
Layer_0
  10
139.88968
  20
208.03778
  0
VERTEX
  5
214
  8
Layer_0
  10
139.90498
  20
208.29758
  0
VERTEX
  5
215
  8
Layer_0
  10
139.92088
  20
208.52258
  0
VERTEX
  5
216
  8
Layer_0
  10
139.93558
  20
208.68758
  0
VERTEX
  5
217
  8
Layer_0
  10
139.94728
  20
208.76738
  0
VERTEX
  5
218
  8
Layer_0
  10
139.96251
  20
208.77887
  0
VERTEX
  5
219
  8
Layer_0
  10
140.00252
  20
208.78936
  0
VERTEX
  5
21a
  8
Layer_0
  10
140.06959
  20
208.79891
  0
VERTEX
  5
21b
  8
Layer_0
  10
140.16598
  20
208.80758
  0
VERTEX
  5
21c
  8
Layer_0
  10
140.294
  20
208.81543
  0
VERTEX
  5
21d
  8
Layer_0
  10
140.4559
  20
208.82251
  0
VERTEX
  5
21e
  8
Layer_0
  10
140.65397
  20
208.82887
  0
VERTEX
  5
21f
  8
Layer_0
  10
140.89048
  20
208.83458
  0
VERTEX
  5
220
  8
Layer_0
  10
141.16773
  20
208.83969
  0
VERTEX
  5
221
  8
Layer_0
  10
141.48797
  20
208.84426
  0
VERTEX
  5
222
  8
Layer_0
  10
141.8535
  20
208.84834
  0
VERTEX
  5
223
  8
Layer_0
  10
142.26659
  20
208.85198
  0
VERTEX
  5
224
  8
Layer_0
  10
142.72951
  20
208.85525
  0
VERTEX
  5
225
  8
Layer_0
  10
143.24455
  20
208.85821
  0
VERTEX
  5
226
  8
Layer_0
  10
143.81398
  20
208.8609
  0
VERTEX
  5
227
  8
Layer_0
  10
144.44009
  20
208.86338
  0
VERTEX
  5
228
  8
Layer_0
  10
148.90729
  20
208.88258
  0
VERTEX
  5
229
  8
Layer_0
  10
149.02249
  20
209.11938
  0
VERTEX
  5
22a
  8
Layer_0
  10
149.11059
  20
209.40398
  0
VERTEX
  5
22b
  8
Layer_0
  10
149.15129
  20
209.75458
  0
VERTEX
  5
22c
  8
Layer_0
  10
149.15255
  20
209.92576
  0
VERTEX
  5
22d
  8
Layer_0
  10
149.14039
  20
210.07878
  0
VERTEX
  5
22e
  8
Layer_0
  10
149.11428
  20
210.20211
  0
VERTEX
  5
22f
  8
Layer_0
  10
149.07369
  20
210.28418
  0
VERTEX
  5
230
  8
Layer_0
  10
149.02598
  20
210.31431
  0
VERTEX
  5
231
  8
Layer_0
  10
148.91879
  20
210.33798
  0
VERTEX
  5
232
  8
Layer_0
  10
148.83274
  20
210.34764
  0
VERTEX
  5
233
  8
Layer_0
  10
148.71965
  20
210.35596
  0
VERTEX
  5
234
  8
Layer_0
  10
148.57545
  20
210.36304
  0
VERTEX
  5
235
  8
Layer_0
  10
148.39609
  20
210.36898
  0
VERTEX
  5
236
  8
Layer_0
  10
148.1775
  20
210.37387
  0
VERTEX
  5
237
  8
Layer_0
  10
147.91563
  20
210.37781
  0
VERTEX
  5
238
  8
Layer_0
  10
147.60641
  20
210.38088
  0
VERTEX
  5
239
  8
Layer_0
  10
147.24579
  20
210.38318
  0
VERTEX
  5
23a
  8
Layer_0
  10
146.8297
  20
210.38481
  0
VERTEX
  5
23b
  8
Layer_0
  10
146.3541
  20
210.38586
  0
VERTEX
  5
23c
  8
Layer_0
  10
145.81491
  20
210.38642
  0
VERTEX
  5
23d
  8
Layer_0
  10
145.20809
  20
210.38658
  0
VERTEX
  5
23e
  8
Layer_0
  10
141.43208
  20
210.38658
  0
SEQEND
  0
POLYLINE
  5
240
  8
Layer_0
  62
7
  70
1
  66
1
  10
0
  20
0
  30
0
  0
VERTEX
  5
240
  8
Layer_0
  10
160.5425
  20
211.73059
  0
VERTEX
  5
241
  8
Layer_0
  10
164.66409
  20
211.73059
  0
VERTEX
  5
242
  8
Layer_0
  10
164.87531
  20
211.58339
  42
-0.10871921
  0
VERTEX
  5
243
  8
Layer_0
  10
165.21449
  20
211.23778
  0
VERTEX
  5
244
  8
Layer_0
  10
165.3094
  20
211.01017
  0
VERTEX
  5
245
  8
Layer_0
  10
165.3737
  20
210.71888
  0
VERTEX
  5
246
  8
Layer_0
  10
165.408
  20
210.38245
  0
VERTEX
  5
247
  8
Layer_0
  10
165.4129
  20
210.01938
  0
VERTEX
  5
248
  8
Layer_0
  10
165.389
  20
209.64822
  0
VERTEX
  5
249
  8
Layer_0
  10
165.3369
  20
209.28748
  0
VERTEX
  5
24a
  8
Layer_0
  10
165.2572
  20
208.95569
  0
VERTEX
  5
24b
  8
Layer_0
  10
165.1505
  20
208.67138
  0
VERTEX
  5
24c
  8
Layer_0
  10
164.943
  20
208.32808
  0
VERTEX
  5
24d
  8
Layer_0
  10
164.6569
  20
207.99858
  0
VERTEX
  5
24e
  8
Layer_0
  10
164.3216
  20
207.71108
  0
VERTEX
  5
24f
  8
Layer_0
  10
163.9665
  20
207.49378
  0
VERTEX
  5
250
  8
Layer_0
  10
163.6017
  20
207.31458
  0
VERTEX
  5
251
  8
Layer_0
  10
158.37289
  20
207.31458
  0
VERTEX
  5
252
  8
Layer_0
  10
153.14409
  20
207.31458
  0
VERTEX
  5
253
  8
Layer_0
  10
153.18889
  20
207.80739
  42
0.017828187
  0
VERTEX
  5
254
  8
Layer_0
  10
153.22729
  20
208.54338
  0
VERTEX
  5
255
  8
Layer_0
  10
153.22729
  20
208.78658
  0
VERTEX
  5
256
  8
Layer_0
  10
157.70729
  20
208.78658
  0
VERTEX
  5
257
  8
Layer_0
  10
162.18729
  20
208.78658
  0
VERTEX
  5
258
  8
Layer_0
  10
162.2769
  20
208.93378
  0
VERTEX
  5
259
  8
Layer_0
  10
162.3589
  20
209.13488
  0
VERTEX
  5
25a
  8
Layer_0
  10
162.4241
  20
209.42898
  0
VERTEX
  5
25b
  8
Layer_0
  10
162.4605
  20
209.74108
  0
VERTEX
  5
25c
  8
Layer_0
  10
162.4561
  20
209.99618
  0
VERTEX
  5
25d
  8
Layer_0
  10
162.4089
  20
210.15778
  0
VERTEX
  5
25e
  8
Layer_0
  10
162.32809
  20
210.27138
  0
VERTEX
  5
25f
  8
Layer_0
  10
162.25641
  20
210.29363
  0
VERTEX
  5
260
  8
Layer_0
  10
162.087
  20
210.31258
  0
VERTEX
  5
261
  8
Layer_0
  10
161.96004
  20
210.32091
  0
VERTEX
  5
262
  8
Layer_0
  10
161.80193
  20
210.32853
  0
VERTEX
  5
263
  8
Layer_0
  10
161.61043
  20
210.33548
  0
VERTEX
  5
264
  8
Layer_0
  10
161.3833
  20
210.34178
  0
VERTEX
  5
265
  8
Layer_0
  10
161.11828
  20
210.34749
  0
VERTEX
  5
266
  8
Layer_0
  10
160.81316
  20
210.35263
  0
VERTEX
  5
267
  8
Layer_0
  10
160.46567
  20
210.35725
  0
VERTEX
  5
268
  8
Layer_0
  10
160.07359
  20
210.36138
  0
VERTEX
  5
269
  8
Layer_0
  10
159.63468
  20
210.36506
  0
VERTEX
  5
26a
  8
Layer_0
  10
159.14668
  20
210.36833
  0
VERTEX
  5
26b
  8
Layer_0
  10
158.60737
  20
210.37123
  0
VERTEX
  5
26c
  8
Layer_0
  10
158.01449
  20
210.37378
  0
VERTEX
  5
26d
  8
Layer_0
  10
153.80328
  20
210.39938
  0
VERTEX
  5
26e
  8
Layer_0
  10
153.80328
  20
210.66179
  0
VERTEX
  5
26f
  8
Layer_0
  10
153.80545
  20
210.76176
  0
VERTEX
  5
270
  8
Layer_0
  10
153.81159
  20
210.92132
  0
VERTEX
  5
271
  8
Layer_0
  10
153.82118
  20
211.13148
  0
VERTEX
  5
272
  8
Layer_0
  10
153.83369
  20
211.38328
  0
VERTEX
  5
273
  8
Layer_0
  10
153.86539
  20
211.9759
  0
VERTEX
  5
274
  8
Layer_0
  10
153.90249
  20
212.62738
  0
VERTEX
  5
275
  8
Layer_0
  10
153.94079
  20
213.26597
  0
VERTEX
  5
276
  8
Layer_0
  10
153.97609
  20
213.81988
  0
VERTEX
  5
277
  8
Layer_0
  10
153.99131
  20
214.04266
  0
VERTEX
  5
278
  8
Layer_0
  10
154.00419
  20
214.21735
  0
VERTEX
  5
279
  8
Layer_0
  10
154.01423
  20
214.33498
  0
VERTEX
  5
27a
  8
Layer_0
  10
154.02089
  20
214.38658
  0
VERTEX
  5
27b
  8
Layer_0
  10
154.04599
  20
214.39461
  0
VERTEX
  5
27c
  8
Layer_0
  10
154.11637
  20
214.4019
  0
VERTEX
  5
27d
  8
Layer_0
  10
154.23186
  20
214.40845
  0
VERTEX
  5
27e
  8
Layer_0
  10
154.39229
  20
214.41428
  0
VERTEX
  5
27f
  8
Layer_0
  10
154.5975
  20
214.4194
  0
VERTEX
  5
280
  8
Layer_0
  10
154.84732
  20
214.42382
  0
VERTEX
  5
281
  8
Layer_0
  10
155.14157
  20
214.42755
  0
VERTEX
  5
282
  8
Layer_0
  10
155.48009
  20
214.43058
  0
VERTEX
  5
283
  8
Layer_0
  10
155.86271
  20
214.43295
  0
VERTEX
  5
284
  8
Layer_0
  10
156.28927
  20
214.43465
  0
VERTEX
  5
285
  8
Layer_0
  10
156.75958
  20
214.43569
  0
VERTEX
  5
286
  8
Layer_0
  10
157.27349
  20
214.43608
  0
VERTEX
  5
287
  8
Layer_0
  10
157.83083
  20
214.43584
  0
VERTEX
  5
288
  8
Layer_0
  10
158.43142
  20
214.43497
  0
VERTEX
  5
289
  8
Layer_0
  10
159.0751
  20
214.43348
  0
VERTEX
  5
28a
  8
Layer_0
  10
159.7617
  20
214.43138
  0
VERTEX
  5
28b
  8
Layer_0
  10
160.91188
  20
214.4266
  0
VERTEX
  5
28c
  8
Layer_0
  10
161.9852
  20
214.42188
  0
VERTEX
  5
28d
  8
Layer_0
  10
162.48569
  20
214.41958
  0
VERTEX
  5
28e
  8
Layer_0
  10
162.95816
  20
214.41732
  0
VERTEX
  5
28f
  8
Layer_0
  10
163.39967
  20
214.41512
  0
VERTEX
  5
290
  8
Layer_0
  10
163.8073
  20
214.41298
  0
VERTEX
  5
291
  8
Layer_0
  10
164.17809
  20
214.41092
  0
VERTEX
  5
292
  8
Layer_0
  10
164.50913
  20
214.40895
  0
VERTEX
  5
293
  8
Layer_0
  10
164.79748
  20
214.40706
  0
VERTEX
  5
294
  8
Layer_0
  10
165.0402
  20
214.40528
  0
VERTEX
  5
295
  8
Layer_0
  10
165.23435
  20
214.40362
  0
VERTEX
  5
296
  8
Layer_0
  10
165.37701
  20
214.40207
  0
VERTEX
  5
297
  8
Layer_0
  10
165.46524
  20
214.40066
  0
VERTEX
  5
298
  8
Layer_0
  10
165.4961
  20
214.39938
  0
VERTEX
  5
299
  8
Layer_0
  10
165.49502
  20
214.3446
  0
VERTEX
  5
29a
  8
Layer_0
  10
165.4839
  20
214.21068
  0
VERTEX
  5
29b
  8
Layer_0
  10
165.46527
  20
214.02172
  0
VERTEX
  5
29c
  8
Layer_0
  10
165.4417
  20
213.80178
  0
VERTEX
  5
29d
  8
Layer_0
  10
165.41572
  20
213.57495
  0
VERTEX
  5
29e
  8
Layer_0
  10
165.3899
  20
213.36528
  0
VERTEX
  5
29f
  8
Layer_0
  10
165.36677
  20
213.19687
  0
VERTEX
  5
2a0
  8
Layer_0
  10
165.3489
  20
213.09378
  0
VERTEX
  5
2a1
  8
Layer_0
  10
165.3233
  20
212.94658
  0
VERTEX
  5
2a2
  8
Layer_0
  10
160.94569
  20
212.94658
  0
VERTEX
  5
2a3
  8
Layer_0
  10
156.56808
  20
212.94658
  0
VERTEX
  5
2a4
  8
Layer_0
  10
156.52969
  20
212.77379
  42
0.010868986
  0
VERTEX
  5
2a5
  8
Layer_0
  10
156.45929
  20
212.16579
  0
VERTEX
  5
2a6
  8
Layer_0
  10
156.41449
  20
211.73059
  0
SEQEND
  0
POLYLINE
  5
2a8
  8
Layer_0
  62
7
  70
1
  66
1
  10
0
  20
0
  30
0
  0
VERTEX
  5
2a8
  8
Layer_0
  10
122.58706
  20
200.36591
  0
VERTEX
  5
2a9
  8
Layer_0
  10
122.82235
  20
200.36592
  0
VERTEX
  5
2aa
  8
Layer_0
  10
123.02762
  20
200.3658
  0
VERTEX
  5
2ab
  8
Layer_0
  10
123.20504
  20
200.36529
  0
VERTEX
  5
2ac
  8
Layer_0
  10
123.35678
  20
200.36416
  0
VERTEX
  5
2ad
  8
Layer_0
  10
123.5919
  20
200.35902
  0
VERTEX
  5
2ae
  8
Layer_0
  10
123.75038
  20
200.34841
  0
VERTEX
  5
2af
  8
Layer_0
  10
123.8496
  20
200.33037
  0
VERTEX
  5
2b0
  8
Layer_0
  10
123.90695
  20
200.30293
  0
VERTEX
  5
2b1
  8
Layer_0
  10
123.93981
  20
200.26411
  0
VERTEX
  5
2b2
  8
Layer_0
  10
123.96555
  20
200.21196
  42
-0.33404714
  0
VERTEX
  5
2b3
  8
Layer_0
  10
123.89325
  20
199.90173
  0
VERTEX
  5
2b4
  8
Layer_0
  10
123.81161
  20
199.82944
  0
VERTEX
  5
2b5
  8
Layer_0
  10
122.59872
  20
199.82944
  0
VERTEX
  5
2b6
  8
Layer_0
  10
121.3835
  20
199.82944
  0
VERTEX
  5
2b7
  8
Layer_0
  10
121.30419
  20
199.90874
  42
-0.19891237
  0
VERTEX
  5
2b8
  8
Layer_0
  10
121.22488
  20
200.09767
  42
-0.19891237
  0
VERTEX
  5
2b9
  8
Layer_0
  10
121.30419
  20
200.28661
  0
VERTEX
  5
2ba
  8
Layer_0
  10
121.3835
  20
200.36591
  0
VERTEX
  5
2bb
  8
Layer_0
  10
122.58706
  20
200.36591
  0
SEQEND
  0
POLYLINE
  5
2bd
  8
Layer_0
  62
7
  70
1
  66
1
  10
0
  20
0
  30
0
  0
VERTEX
  5
2bd
  8
Layer_0
  10
119.64347
  20
198.23402
  0
VERTEX
  5
2be
  8
Layer_0
  10
119.6408
  20
198.37518
  0
VERTEX
  5
2bf
  8
Layer_0
  10
119.63486
  20
198.48031
  0
VERTEX
  5
2c0
  8
Layer_0
  10
119.62083
  20
198.55472
  0
VERTEX
  5
2c1
  8
Layer_0
  10
119.5939
  20
198.60371
  0
VERTEX
  5
2c2
  8
Layer_0
  10
119.54925
  20
198.63259
  0
VERTEX
  5
2c3
  8
Layer_0
  10
119.48209
  20
198.64665
  0
VERTEX
  5
2c4
  8
Layer_0
  10
119.38758
  20
198.65119
  0
VERTEX
  5
2c5
  8
Layer_0
  10
119.26094
  20
198.65153
  0
VERTEX
  5
2c6
  8
Layer_0
  10
119.10401
  20
198.65033
  0
VERTEX
  5
2c7
  8
Layer_0
  10
119.01486
  20
198.64366
  0
VERTEX
  5
2c8
  8
Layer_0
  10
118.9677
  20
198.62693
  0
VERTEX
  5
2c9
  8
Layer_0
  10
118.93672
  20
198.59555
  0
VERTEX
  5
2ca
  8
Layer_0
  10
118.92276
  20
198.57373
  0
VERTEX
  5
2cb
  8
Layer_0
  10
118.91209
  20
198.53779
  0
VERTEX
  5
2cc
  8
Layer_0
  10
118.90425
  20
198.47423
  0
VERTEX
  5
2cd
  8
Layer_0
  10
118.89882
  20
198.36959
  0
VERTEX
  5
2ce
  8
Layer_0
  10
118.89536
  20
198.2104
  0
VERTEX
  5
2cf
  8
Layer_0
  10
118.89343
  20
197.98316
  0
VERTEX
  5
2d0
  8
Layer_0
  10
118.89259
  20
197.67442
  0
VERTEX
  5
2d1
  8
Layer_0
  10
118.89241
  20
197.2707
  0
VERTEX
  5
2d2
  8
Layer_0
  10
118.89246
  20
197.0346
  0
VERTEX
  5
2d3
  8
Layer_0
  10
118.89271
  20
196.8271
  0
VERTEX
  5
2d4
  8
Layer_0
  10
118.8933
  20
196.64628
  0
VERTEX
  5
2d5
  8
Layer_0
  10
118.89437
  20
196.49023
  0
VERTEX
  5
2d6
  8
Layer_0
  10
118.89856
  20
196.24482
  0
VERTEX
  5
2d7
  8
Layer_0
  10
118.9064
  20
196.0756
  0
VERTEX
  5
2d8
  8
Layer_0
  10
118.91906
  20
195.96727
  0
VERTEX
  5
2d9
  8
Layer_0
  10
118.93767
  20
195.90456
  0
VERTEX
  5
2da
  8
Layer_0
  10
118.96339
  20
195.87219
  0
VERTEX
  5
2db
  8
Layer_0
  10
118.99737
  20
195.85489
  0
VERTEX
  5
2dc
  8
Layer_0
  10
119.10262
  20
195.84526
  0
VERTEX
  5
2dd
  8
Layer_0
  10
119.30059
  20
195.84089
  0
VERTEX
  5
2de
  8
Layer_0
  10
119.41624
  20
195.84107
  0
VERTEX
  5
2df
  8
Layer_0
  10
119.50202
  20
195.84581
  0
VERTEX
  5
2e0
  8
Layer_0
  10
119.56238
  20
195.86143
  0
VERTEX
  5
2e1
  8
Layer_0
  10
119.60177
  20
195.89424
  0
VERTEX
  5
2e2
  8
Layer_0
  10
119.62465
  20
195.95057
  0
VERTEX
  5
2e3
  8
Layer_0
  10
119.63548
  20
196.03671
  0
VERTEX
  5
2e4
  8
Layer_0
  10
119.63871
  20
196.15899
  0
VERTEX
  5
2e5
  8
Layer_0
  10
119.6388
  20
196.32371
  0
VERTEX
  5
2e6
  8
Layer_0
  10
119.6388
  20
196.7039
  0
VERTEX
  5
2e7
  8
Layer_0
  10
119.69711
  20
196.74123
  42
-0.17866364
  0
VERTEX
  5
2e8
  8
Layer_0
  10
119.84173
  20
196.76689
  0
VERTEX
  5
2e9
  8
Layer_0
  10
119.92836
  20
196.74254
  0
VERTEX
  5
2ea
  8
Layer_0
  10
119.97672
  20
196.68408
  0
VERTEX
  5
2eb
  8
Layer_0
  10
119.99072
  20
196.63085
  0
VERTEX
  5
2ec
  8
Layer_0
  10
120.00015
  20
196.55565
  0
VERTEX
  5
2ed
  8
Layer_0
  10
120.00669
  20
196.45399
  0
VERTEX
  5
2ee
  8
Layer_0
  10
120.012
  20
196.32138
  0
VERTEX
  5
2ef
  8
Layer_0
  10
120.01913
  20
196.16044
  0
VERTEX
  5
2f0
  8
Layer_0
  10
120.0319
  20
196.03798
  0
VERTEX
  5
2f1
  8
Layer_0
  10
120.0557
  20
195.94877
  0
VERTEX
  5
2f2
  8
Layer_0
  10
120.09597
  20
195.88754
  0
VERTEX
  5
2f3
  8
Layer_0
  10
120.1581
  20
195.84905
  0
VERTEX
  5
2f4
  8
Layer_0
  10
120.2475
  20
195.82806
  0
VERTEX
  5
2f5
  8
Layer_0
  10
120.3696
  20
195.81932
  0
VERTEX
  5
2f6
  8
Layer_0
  10
120.52981
  20
195.81757
  0
VERTEX
  5
2f7
  8
Layer_0
  10
120.77938
  20
195.81757
  0
VERTEX
  5
2f8
  8
Layer_0
  10
120.90301
  20
195.70795
  42
-0.014963463
  0
VERTEX
  5
2f9
  8
Layer_0
  10
121.18057
  20
195.45137
  42
0.041469174
  0
VERTEX
  5
2fa
  8
Layer_0
  10
121.3905
  20
195.26244
  0
VERTEX
  5
2fb
  8
Layer_0
  10
121.41663
  20
195.25
  0
VERTEX
  5
2fc
  8
Layer_0
  10
121.46623
  20
195.24039
  0
VERTEX
  5
2fd
  8
Layer_0
  10
121.55376
  20
195.23312
  0
VERTEX
  5
2fe
  8
Layer_0
  10
121.69372
  20
195.22774
  0
VERTEX
  5
2ff
  8
Layer_0
  10
121.90059
  20
195.22378
  0
VERTEX
  5
300
  8
Layer_0
  10
122.18886
  20
195.22078
  0
VERTEX
  5
301
  8
Layer_0
  10
122.36805
  20
195.21949
  0
VERTEX
  5
302
  8
Layer_0
  10
122.57302
  20
195.21827
  0
VERTEX
  5
303
  8
Layer_0
  10
122.80558
  20
195.21705
  0
VERTEX
  5
304
  8
Layer_0
  10
123.06755
  20
195.21578
  0
VERTEX
  5
305
  8
Layer_0
  10
123.4459
  20
195.21448
  0
VERTEX
  5
306
  8
Layer_0
  10
123.77775
  20
195.21407
  0
VERTEX
  5
307
  8
Layer_0
  10
124.06276
  20
195.2146
  0
VERTEX
  5
308
  8
Layer_0
  10
124.30056
  20
195.21608
  0
VERTEX
  5
309
  8
Layer_0
  10
124.4908
  20
195.21854
  0
VERTEX
  5
30a
  8
Layer_0
  10
124.63312
  20
195.22202
  0
VERTEX
  5
30b
  8
Layer_0
  10
124.72717
  20
195.22653
  0
VERTEX
  5
30c
  8
Layer_0
  10
124.77259
  20
195.23211
  42
0.12921689
  0
VERTEX
  5
30d
  8
Layer_0
  10
124.91254
  20
195.31842
  0
VERTEX
  5
30e
  8
Layer_0
  10
124.9441
  20
195.36102
  0
VERTEX
  5
30f
  8
Layer_0
  10
124.96211
  20
195.42833
  0
VERTEX
  5
310
  8
Layer_0
  10
124.9678
  20
195.4839
  0
VERTEX
  5
311
  8
Layer_0
  10
124.97224
  20
195.56081
  0
VERTEX
  5
312
  8
Layer_0
  10
124.97613
  20
195.66413
  0
VERTEX
  5
313
  8
Layer_0
  10
124.98018
  20
195.7989
  0
VERTEX
  5
314
  8
Layer_0
  10
124.98484
  20
195.96574
  0
VERTEX
  5
315
  8
Layer_0
  10
124.99119
  20
196.08923
  0
VERTEX
  5
316
  8
Layer_0
  10
125.00355
  20
196.17587
  0
VERTEX
  5
317
  8
Layer_0
  10
125.02625
  20
196.23216
  0
VERTEX
  5
318
  8
Layer_0
  10
125.0636
  20
196.26463
  0
VERTEX
  5
319
  8
Layer_0
  10
125.11991
  20
196.27976
  0
VERTEX
  5
31a
  8
Layer_0
  10
125.19952
  20
196.28407
  0
VERTEX
  5
31b
  8
Layer_0
  10
125.30673
  20
196.28406
  0
VERTEX
  5
31c
  8
Layer_0
  10
125.4965
  20
196.27867
  0
VERTEX
  5
31d
  8
Layer_0
  10
125.59334
  20
196.23741
  0
VERTEX
  5
31e
  8
Layer_0
  10
125.61667
  20
196.19158
  0
VERTEX
  5
31f
  8
Layer_0
  10
125.6285
  20
196.12268
  0
VERTEX
  5
320
  8
Layer_0
  10
125.63274
  20
196.02601
  0
VERTEX
  5
321
  8
Layer_0
  10
125.63328
  20
195.89687
  0
VERTEX
  5
322
  8
Layer_0
  10
125.63364
  20
195.76023
  0
VERTEX
  5
323
  8
Layer_0
  10
125.63791
  20
195.6583
  0
VERTEX
  5
324
  8
Layer_0
  10
125.65087
  20
195.586
  0
VERTEX
  5
325
  8
Layer_0
  10
125.6773
  20
195.53825
  0
VERTEX
  5
326
  8
Layer_0
  10
125.722
  20
195.50996
  0
VERTEX
  5
327
  8
Layer_0
  10
125.78974
  20
195.49605
  0
VERTEX
  5
328
  8
Layer_0
  10
125.8853
  20
195.49143
  0
VERTEX
  5
329
  8
Layer_0
  10
126.01347
  20
195.49102
  0
VERTEX
  5
32a
  8
Layer_0
  10
126.1621
  20
195.49273
  0
VERTEX
  5
32b
  8
Layer_0
  10
126.25955
  20
195.49947
  0
VERTEX
  5
32c
  8
Layer_0
  10
126.32377
  20
195.51365
  0
VERTEX
  5
32d
  8
Layer_0
  10
126.37267
  20
195.53767
  0
VERTEX
  5
32e
  8
Layer_0
  10
126.46156
  20
195.60334
  0
VERTEX
  5
32f
  8
Layer_0
  10
126.51
  20
195.70094
  0
VERTEX
  5
330
  8
Layer_0
  10
126.52335
  20
195.77907
  0
VERTEX
  5
331
  8
Layer_0
  10
126.53176
  20
195.88601
  0
VERTEX
  5
332
  8
Layer_0
  10
126.53694
  20
196.0287
  0
VERTEX
  5
333
  8
Layer_0
  10
126.54062
  20
196.21409
  0
VERTEX
  5
334
  8
Layer_0
  10
126.53953
  20
196.4493
  0
VERTEX
  5
335
  8
Layer_0
  10
126.5319
  20
196.74269
  0
VERTEX
  5
336
  8
Layer_0
  10
126.51909
  20
197.06887
  0
VERTEX
  5
337
  8
Layer_0
  10
126.50242
  20
197.40249
  0
VERTEX
  5
338
  8
Layer_0
  10
126.48324
  20
197.71817
  0
VERTEX
  5
339
  8
Layer_0
  10
126.46288
  20
197.99056
  0
VERTEX
  5
33a
  8
Layer_0
  10
126.44268
  20
198.19429
  0
VERTEX
  5
33b
  8
Layer_0
  10
126.42399
  20
198.30399
  42
0.12548263
  0
VERTEX
  5
33c
  8
Layer_0
  10
126.33302
  20
198.4416
  0
VERTEX
  5
33d
  8
Layer_0
  10
126.24439
  20
198.49846
  0
VERTEX
  5
33e
  8
Layer_0
  10
126.07878
  20
198.51858
  42
0.063319584
  0
VERTEX
  5
33f
  8
Layer_0
  10
125.81055
  20
198.51392
  0
VERTEX
  5
340
  8
Layer_0
  10
125.72844
  20
198.48982
  0
VERTEX
  5
341
  8
Layer_0
  10
125.68197
  20
198.44365
  0
VERTEX
  5
342
  8
Layer_0
  10
125.66131
  20
198.3568
  0
VERTEX
  5
343
  8
Layer_0
  10
125.6566
  20
198.21069
  0
VERTEX
  5
344
  8
Layer_0
  10
125.65085
  20
198.0398
  0
VERTEX
  5
345
  8
Layer_0
  10
125.60879
  20
197.95266
  0
VERTEX
  5
346
  8
Layer_0
  10
125.56253
  20
197.93168
  0
VERTEX
  5
347
  8
Layer_0
  10
125.49326
  20
197.92106
  0
VERTEX
  5
348
  8
Layer_0
  10
125.39632
  20
197.91728
  0
VERTEX
  5
349
  8
Layer_0
  10
125.26708
  20
197.9168
  0
VERTEX
  5
34a
  8
Layer_0
  10
125.13689
  20
197.91691
  0
VERTEX
  5
34b
  8
Layer_0
  10
125.04035
  20
197.92074
  0
VERTEX
  5
34c
  8
Layer_0
  10
124.97241
  20
197.93353
  0
VERTEX
  5
34d
  8
Layer_0
  10
124.92799
  20
197.96053
  0
VERTEX
  5
34e
  8
Layer_0
  10
124.90206
  20
198.007
  0
VERTEX
  5
34f
  8
Layer_0
  10
124.88955
  20
198.07818
  0
VERTEX
  5
350
  8
Layer_0
  10
124.88539
  20
198.17931
  0
VERTEX
  5
351
  8
Layer_0
  10
124.88455
  20
198.31565
  0
VERTEX
  5
352
  8
Layer_0
  10
124.88207
  20
198.48827
  0
VERTEX
  5
353
  8
Layer_0
  10
124.87169
  20
198.62121
  0
VERTEX
  5
354
  8
Layer_0
  10
124.849
  20
198.71959
  0
VERTEX
  5
355
  8
Layer_0
  10
124.80962
  20
198.78856
  0
VERTEX
  5
356
  8
Layer_0
  10
124.74914
  20
198.83326
  0
VERTEX
  5
357
  8
Layer_0
  10
124.66315
  20
198.85883
  0
VERTEX
  5
358
  8
Layer_0
  10
124.54726
  20
198.8704
  0
VERTEX
  5
359
  8
Layer_0
  10
124.39706
  20
198.87312
  0
VERTEX
  5
35a
  8
Layer_0
  10
124.26878
  20
198.87497
  0
VERTEX
  5
35b
  8
Layer_0
  10
124.17723
  20
198.88099
  0
VERTEX
  5
35c
  8
Layer_0
  10
124.11629
  20
198.89181
  0
VERTEX
  5
35d
  8
Layer_0
  10
124.07985
  20
198.9081
  0
VERTEX
  5
35e
  8
Layer_0
  10
124.01599
  20
198.97983
  0
VERTEX
  5
35f
  8
Layer_0
  10
123.9329
  20
199.10403
  42
0.09893704
  0
VERTEX
  5
360
  8
Layer_0
  10
123.78595
  20
199.30463
  0
VERTEX
  5
361
  8
Layer_0
  10
123.76192
  20
199.31484
  0
VERTEX
  5
362
  8
Layer_0
  10
123.71919
  20
199.32288
  0
VERTEX
  5
363
  8
Layer_0
  10
123.64934
  20
199.32902
  0
VERTEX
  5
364
  8
Layer_0
  10
123.54396
  20
199.33349
  0
VERTEX
  5
365
  8
Layer_0
  10
123.39462
  20
199.33654
  0
VERTEX
  5
366
  8
Layer_0
  10
123.19292
  20
199.33841
  0
VERTEX
  5
367
  8
Layer_0
  10
122.93042
  20
199.33935
  0
VERTEX
  5
368
  8
Layer_0
  10
122.59872
  20
199.33961
  0
VERTEX
  5
369
  8
Layer_0
  10
122.23438
  20
199.33943
  0
VERTEX
  5
36a
  8
Layer_0
  10
121.95685
  20
199.33856
  0
VERTEX
  5
36b
  8
Layer_0
  10
121.75345
  20
199.33654
  0
VERTEX
  5
36c
  8
Layer_0
  10
121.6115
  20
199.33291
  0
VERTEX
  5
36d
  8
Layer_0
  10
121.4612
  20
199.31895
  0
VERTEX
  5
36e
  8
Layer_0
  10
121.40449
  20
199.29296
  0
VERTEX
  5
36f
  8
Layer_0
  10
121.36731
  20
199.25357
  0
VERTEX
  5
370
  8
Layer_0
  10
121.31002
  20
199.18071
  0
VERTEX
  5
371
  8
Layer_0
  10
121.24049
  20
199.08468
  0
VERTEX
  5
372
  8
Layer_0
  10
121.16658
  20
198.97575
  0
VERTEX
  5
373
  8
Layer_0
  10
121.08709
  20
198.86229
  0
VERTEX
  5
374
  8
Layer_0
  10
121.01875
  20
198.77311
  0
VERTEX
  5
375
  8
Layer_0
  10
120.96485
  20
198.71236
  0
VERTEX
  5
376
  8
Layer_0
  10
120.92866
  20
198.68419
  42
-0.092046304
  0
VERTEX
  5
377
  8
Layer_0
  10
120.73273
  20
198.66319
  42
0.11643382
  0
VERTEX
  5
378
  8
Layer_0
  10
120.52515
  20
198.6282
  0
VERTEX
  5
379
  8
Layer_0
  10
120.45659
  20
198.57365
  0
VERTEX
  5
37a
  8
Layer_0
  10
120.35808
  20
198.46464
  0
VERTEX
  5
37b
  8
Layer_0
  10
120.22764
  20
198.29922
  0
VERTEX
  5
37c
  8
Layer_0
  10
120.06331
  20
198.07541
  0
VERTEX
  5
37d
  8
Layer_0
  10
119.95915
  20
197.94238
  0
VERTEX
  5
37e
  8
Layer_0
  10
119.87555
  20
197.87015
  0
VERTEX
  5
37f
  8
Layer_0
  10
119.79894
  20
197.8504
  0
VERTEX
  5
380
  8
Layer_0
  10
119.71577
  20
197.87481
  0
VERTEX
  5
381
  8
Layer_0
  10
119.65046
  20
197.90514
  0
VERTEX
  5
382
  8
Layer_0
  10
119.64346
  20
198.23401
  0
SEQEND
  0
POLYLINE
  5
384
  8
Layer_0
  62
7
  70
1
  66
1
  10
0
  20
0
  30
0
  0
VERTEX
  5
384
  8
Layer_0
  10
121.85932
  20
195.79424
  0
VERTEX
  5
385
  8
Layer_0
  10
121.8352
  20
195.82139
  0
VERTEX
  5
386
  8
Layer_0
  10
121.86049
  20
195.92049
  0
VERTEX
  5
387
  8
Layer_0
  10
121.89481
  20
196.00528
  0
VERTEX
  5
388
  8
Layer_0
  10
121.94526
  20
196.11798
  0
VERTEX
  5
389
  8
Layer_0
  10
122.01309
  20
196.2619
  0
VERTEX
  5
38a
  8
Layer_0
  10
122.09957
  20
196.44034
  0
VERTEX
  5
38b
  8
Layer_0
  10
122.20347
  20
196.65755
  0
VERTEX
  5
38c
  8
Layer_0
  10
122.28879
  20
196.84153
  0
VERTEX
  5
38d
  8
Layer_0
  10
122.34656
  20
196.97302
  0
VERTEX
  5
38e
  8
Layer_0
  10
122.3678
  20
197.03279
  0
VERTEX
  5
38f
  8
Layer_0
  10
122.35013
  20
197.07849
  0
VERTEX
  5
390
  8
Layer_0
  10
122.28588
  20
197.10626
  0
VERTEX
  5
391
  8
Layer_0
  10
122.15821
  20
197.12004
  0
VERTEX
  5
392
  8
Layer_0
  10
121.95029
  20
197.12375
  0
VERTEX
  5
393
  8
Layer_0
  10
121.7946
  20
197.12521
  0
VERTEX
  5
394
  8
Layer_0
  10
121.69313
  20
197.13017
  0
VERTEX
  5
395
  8
Layer_0
  10
121.63803
  20
197.1395
  0
VERTEX
  5
396
  8
Layer_0
  10
121.62141
  20
197.15408
  0
VERTEX
  5
397
  8
Layer_0
  10
122.44536
  20
197.99348
  0
VERTEX
  5
398
  8
Layer_0
  10
123.30779
  20
198.80314
  42
-0.41421356
  0
VERTEX
  5
399
  8
Layer_0
  10
123.34744
  20
198.77049
  0
VERTEX
  5
39a
  8
Layer_0
  10
123.32901
  20
198.71866
  0
VERTEX
  5
39b
  8
Layer_0
  10
123.27864
  20
198.60255
  0
VERTEX
  5
39c
  8
Layer_0
  10
123.20378
  20
198.4392
  0
VERTEX
  5
39d
  8
Layer_0
  10
123.11187
  20
198.24568
  0
VERTEX
  5
39e
  8
Layer_0
  10
123.01879
  20
198.04399
  0
VERTEX
  5
39f
  8
Layer_0
  10
122.94626
  20
197.87773
  0
VERTEX
  5
3a0
  8
Layer_0
  10
122.89997
  20
197.75958
  0
VERTEX
  5
3a1
  8
Layer_0
  10
122.88562
  20
197.70221
  0
VERTEX
  5
3a2
  8
Layer_0
  10
122.89706
  20
197.67185
  0
VERTEX
  5
3a3
  8
Layer_0
  10
122.94218
  20
197.65352
  0
VERTEX
  5
3a4
  8
Layer_0
  10
123.0529
  20
197.64087
  0
VERTEX
  5
3a5
  8
Layer_0
  10
123.26114
  20
197.62757
  0
VERTEX
  5
3a6
  8
Layer_0
  10
123.45121
  20
197.61518
  0
VERTEX
  5
3a7
  8
Layer_0
  10
123.56233
  20
197.60366
  0
VERTEX
  5
3a8
  8
Layer_0
  10
123.61441
  20
197.58952
  0
VERTEX
  5
3a9
  8
Layer_0
  10
123.62734
  20
197.56926
  0
VERTEX
  5
3aa
  8
Layer_0
  10
122.75908
  20
196.66513
  0
SEQEND
  0
POLYLINE
  5
3ac
  8
Layer_0
  62
7
  70
1
  66
1
  10
0
  20
0
  30
0
  0
VERTEX
  5
3ac
  8
Layer_0
  10
119.8905
  20
189.04305
  42
0.25043613
  0
VERTEX
  5
3ad
  8
Layer_0
  10
118.97837
  20
185.82846
  0
VERTEX
  5
3ae
  8
Layer_0
  10
119.02121
  20
185.65983
  0
VERTEX
  5
3af
  8
Layer_0
  10
119.07473
  20
185.48003
  0
VERTEX
  5
3b0
  8
Layer_0
  10
119.12602
  20
185.33023
  0
VERTEX
  5
3b1
  8
Layer_0
  10
119.16216
  20
185.25158
  0
VERTEX
  5
3b2
  8
Layer_0
  10
119.28703
  20
185.29242
  0
VERTEX
  5
3b3
  8
Layer_0
  10
119.40551
  20
185.35368
  42
0.082591569
  0
VERTEX
  5
3b4
  8
Layer_0
  10
119.36467
  20
185.483
  42
-0.16807955
  0
VERTEX
  5
3b5
  8
Layer_0
  10
119.34595
  20
187.65784
  42
-0.089226693
  0
VERTEX
  5
3b6
  8
Layer_0
  10
119.8905
  20
188.63634
  42
-0.057239277
  0
VERTEX
  5
3b7
  8
Layer_0
  10
120.41805
  20
189.15707
  42
-0.12287053
  0
VERTEX
  5
3b8
  8
Layer_0
  10
121.90707
  20
189.81224
  42
-0.08866894
  0
VERTEX
  5
3b9
  8
Layer_0
  10
122.97065
  20
189.81224
  42
-0.20594492
  0
VERTEX
  5
3ba
  8
Layer_0
  10
125.18121
  20
188.36066
  42
-0.13749918
  0
VERTEX
  5
3bb
  8
Layer_0
  10
125.69684
  20
186.68784
  42
-0.093880962
  0
VERTEX
  5
3bc
  8
Layer_0
  10
125.52156
  20
185.51704
  42
-0.0055412485
  0
VERTEX
  5
3bd
  8
Layer_0
  10
125.4688
  20
185.36899
  0
VERTEX
  5
3be
  8
Layer_0
  10
125.48901
  20
185.33751
  0
VERTEX
  5
3bf
  8
Layer_0
  10
125.57431
  20
185.29582
  42
0.099013375
  0
VERTEX
  5
3c0
  8
Layer_0
  10
125.70024
  20
185.24988
  0
VERTEX
  5
3c1
  8
Layer_0
  10
125.72683
  20
185.29348
  0
VERTEX
  5
3c2
  8
Layer_0
  10
125.77001
  20
185.39962
  42
0.17836011
  0
VERTEX
  5
3c3
  8
Layer_0
  10
125.76151
  20
187.81099
  42
0.10876009
  0
VERTEX
  5
3c4
  8
Layer_0
  10
124.93275
  20
189.09579
  42
0.16163788
  0
VERTEX
  5
3c5
  8
Layer_0
  10
122.93661
  20
190.09132
  42
0.057085558
  0
VERTEX
  5
3c6
  8
Layer_0
  10
122.19636
  20
190.12366
  42
0.077611907
  0
VERTEX
  5
3c7
  8
Layer_0
  10
121.04939
  20
189.84286
  42
0.10096679
  0
SEQEND
  0
POLYLINE
  5
3c9
  8
Layer_0
  62
7
  70
1
  66
1
  10
0
  20
0
  30
0
  0
VERTEX
  5
3c9
  8
Layer_0
  10
122.3325
  20
189.41913
  0
VERTEX
  5
3ca
  8
Layer_0
  10
122.3325
  20
189.16388
  0
VERTEX
  5
3cb
  8
Layer_0
  10
122.4346
  20
189.16388
  0
VERTEX
  5
3cc
  8
Layer_0
  10
122.53671
  20
189.16388
  0
VERTEX
  5
3cd
  8
Layer_0
  10
122.53671
  20
189.41913
  0
VERTEX
  5
3ce
  8
Layer_0
  10
122.53671
  20
189.67439
  0
VERTEX
  5
3cf
  8
Layer_0
  10
122.4346
  20
189.67439
  0
VERTEX
  5
3d0
  8
Layer_0
  10
122.3325
  20
189.67439
  0
SEQEND
  0
POLYLINE
  5
3d2
  8
Layer_0
  62
7
  70
1
  66
1
  10
0
  20
0
  30
0
  0
VERTEX
  5
3d2
  8
Layer_0
  10
121.31656
  20
189.02433
  0
VERTEX
  5
3d3
  8
Layer_0
  10
121.26506
  20
189.14444
  0
VERTEX
  5
3d4
  8
Layer_0
  10
121.21978
  20
189.25768
  0
VERTEX
  5
3d5
  8
Layer_0
  10
121.18758
  20
189.34572
  0
VERTEX
  5
3d6
  8
Layer_0
  10
121.17532
  20
189.3902
  0
VERTEX
  5
3d7
  8
Layer_0
  10
121.19425
  20
189.41233
  0
VERTEX
  5
3d8
  8
Layer_0
  10
121.23998
  20
189.43955
  0
VERTEX
  5
3d9
  8
Layer_0
  10
121.32039
  20
189.46699
  0
VERTEX
  5
3da
  8
Layer_0
  10
121.3574
  20
189.44976
  0
VERTEX
  5
3db
  8
Layer_0
  10
121.45334
  20
189.23258
  0
VERTEX
  5
3dc
  8
Layer_0
  10
121.53268
  20
189.01923
  0
VERTEX
  5
3dd
  8
Layer_0
  10
121.50716
  20
188.9937
  0
VERTEX
  5
3de
  8
Layer_0
  10
121.44589
  20
188.96307
  0
VERTEX
  5
3df
  8
Layer_0
  10
121.36081
  20
188.92734
  0
VERTEX
  5
3e0
  8
Layer_0
  10
121.31656
  20
189.02432
  0
SEQEND
  0
POLYLINE
  5
3e2
  8
Layer_0
  62
7
  70
1
  66
1
  10
0
  20
0
  30
0
  0
VERTEX
  5
3e2
  8
Layer_0
  10
123.51861
  20
188.94775
  0
VERTEX
  5
3e3
  8
Layer_0
  10
123.6205
  20
189.17621
  0
VERTEX
  5
3e4
  8
Layer_0
  10
123.71091
  20
189.39701
  0
VERTEX
  5
3e5
  8
Layer_0
  10
123.63263
  20
189.43679
  0
VERTEX
  5
3e6
  8
Layer_0
  10
123.53903
  20
189.47018
  0
VERTEX
  5
3e7
  8
Layer_0
  10
123.51882
  20
189.45147
  0
VERTEX
  5
3e8
  8
Layer_0
  10
123.49479
  20
189.40722
  42
-0.0084059553
  0
VERTEX
  5
3e9
  8
Layer_0
  10
123.40289
  20
189.18939
  0
VERTEX
  5
3ea
  8
Layer_0
  10
123.35631
  20
189.07602
  0
VERTEX
  5
3eb
  8
Layer_0
  10
123.33653
  20
189.01752
  0
VERTEX
  5
3ec
  8
Layer_0
  10
123.42246
  20
188.96349
  0
SEQEND
  0
POLYLINE
  5
3ee
  8
Layer_0
  62
7
  70
1
  66
1
  10
0
  20
0
  30
0
  0
VERTEX
  5
3ee
  8
Layer_0
  10
120.25468
  20
188.77588
  0
VERTEX
  5
3ef
  8
Layer_0
  10
120.1798
  20
188.7061
  0
VERTEX
  5
3f0
  8
Layer_0
  10
120.36189
  20
188.52231
  0
VERTEX
  5
3f1
  8
Layer_0
  10
120.54568
  20
188.33853
  0
VERTEX
  5
3f2
  8
Layer_0
  10
120.61715
  20
188.41171
  0
VERTEX
  5
3f3
  8
Layer_0
  10
120.69032
  20
188.48318
  0
VERTEX
  5
3f4
  8
Layer_0
  10
120.50824
  20
188.66356
  0
VERTEX
  5
3f5
  8
Layer_0
  10
120.32785
  20
188.84564
  0
SEQEND
  0
POLYLINE
  5
3f7
  8
Layer_0
  62
7
  70
1
  66
1
  10
0
  20
0
  30
0
  0
VERTEX
  5
3f7
  8
Layer_0
  10
124.24696
  20
188.41511
  0
VERTEX
  5
3f8
  8
Layer_0
  10
124.29843
  20
188.3681
  0
VERTEX
  5
3f9
  8
Layer_0
  10
124.32694
  20
188.35044
  0
VERTEX
  5
3fa
  8
Layer_0
  10
124.51158
  20
188.52466
  0
VERTEX
  5
3fb
  8
Layer_0
  10
124.6809
  20
188.7027
  0
VERTEX
  5
3fc
  8
Layer_0
  10
124.6609
  20
188.73099
  0
VERTEX
  5
3fd
  8
Layer_0
  10
124.61283
  20
188.78098
  0
VERTEX
  5
3fe
  8
Layer_0
  10
124.54476
  20
188.84735
  0
VERTEX
  5
3ff
  8
Layer_0
  10
124.36267
  20
188.66527
  0
VERTEX
  5
400
  8
Layer_0
  10
124.18059
  20
188.48318
  0
VERTEX
  5
401
  8
Layer_0
  10
124.24696
  20
188.4151
  0
SEQEND
  0
POLYLINE
  5
403
  8
Layer_0
  62
7
  70
1
  66
1
  10
0
  20
0
  30
0
  0
VERTEX
  5
403
  8
Layer_0
  10
119.65736
  20
187.63231
  42
-0.010783777
  0
VERTEX
  5
404
  8
Layer_0
  10
119.80542
  20
187.57104
  0
VERTEX
  5
405
  8
Layer_0
  10
119.94262
  20
187.5151
  0
VERTEX
  5
406
  8
Layer_0
  10
120.00963
  20
187.49617
  0
VERTEX
  5
407
  8
Layer_0
  10
120.05493
  20
187.56275
  0
VERTEX
  5
408
  8
Layer_0
  10
120.0862
  20
187.66124
  42
0.32284137
  0
VERTEX
  5
409
  8
Layer_0
  10
120.04026
  20
187.69698
  42
-0.0070136788
  0
VERTEX
  5
40a
  8
Layer_0
  10
119.82584
  20
187.78375
  0
VERTEX
  5
40b
  8
Layer_0
  10
119.70055
  20
187.83333
  0
VERTEX
  5
40c
  8
Layer_0
  10
119.63524
  20
187.85353
  0
VERTEX
  5
40d
  8
Layer_0
  10
119.61184
  20
187.83354
  0
VERTEX
  5
40e
  8
Layer_0
  10
119.58589
  20
187.78547
  42
0.097375295
  0
VERTEX
  5
40f
  8
Layer_0
  10
119.55866
  20
187.69527
  0
VERTEX
  5
410
  8
Layer_0
  10
119.58759
  20
187.66762
  0
VERTEX
  5
411
  8
Layer_0
  10
119.65737
  20
187.63231
  0
SEQEND
  0
POLYLINE
  5
413
  8
Layer_0
  62
7
  70
1
  66
1
  10
0
  20
0
  30
0
  0
VERTEX
  5
413
  8
Layer_0
  10
125.27991
  20
187.65953
  0
VERTEX
  5
414
  8
Layer_0
  10
125.03656
  20
187.55764
  0
VERTEX
  5
415
  8
Layer_0
  10
124.85958
  20
187.50298
  0
VERTEX
  5
416
  8
Layer_0
  10
124.80874
  20
187.58678
  0
VERTEX
  5
417
  8
Layer_0
  10
124.78471
  20
187.67315
  42
-0.01557696
  0
VERTEX
  5
418
  8
Layer_0
  10
124.99572
  20
187.76505
  0
VERTEX
  5
419
  8
Layer_0
  10
125.14909
  20
187.82524
  0
VERTEX
  5
41a
  8
Layer_0
  10
125.23226
  20
187.84843
  0
VERTEX
  5
41b
  8
Layer_0
  10
125.26375
  20
187.82588
  0
VERTEX
  5
41c
  8
Layer_0
  10
125.29523
  20
187.76504
  0
VERTEX
  5
41d
  8
Layer_0
  10
125.32756
  20
187.68335
  0
VERTEX
  5
41e
  8
Layer_0
  10
125.27991
  20
187.65953
  0
SEQEND
  0
POLYLINE
  5
420
  8
Layer_0
  62
7
  70
1
  66
1
  10
0
  20
0
  30
0
  0
VERTEX
  5
420
  8
Layer_0
  10
122.95874
  20
186.50916
  42
-0.24005733
  0
VERTEX
  5
421
  8
Layer_0
  10
122.65923
  20
186.11606
  42
-0.24260053
  0
VERTEX
  5
422
  8
Layer_0
  10
122.21338
  20
186.11606
  42
-0.15559943
  0
VERTEX
  5
423
  8
Layer_0
  10
121.96152
  20
186.3645
  42
-0.23058853
  0
VERTEX
  5
424
  8
Layer_0
  10
121.95471
  20
186.80867
  42
-0.45851895
  0
VERTEX
  5
425
  8
Layer_0
  10
122.7273
  20
187.03329
  0
VERTEX
  5
426
  8
Layer_0
  10
122.80899
  20
186.98224
  0
VERTEX
  5
427
  8
Layer_0
  10
122.94853
  20
187.02649
  42
0.0017583413
  0
VERTEX
  5
428
  8
Layer_0
  10
124.05977
  20
187.38725
  0
VERTEX
  5
429
  8
Layer_0
  10
124.20561
  20
187.43262
  0
VERTEX
  5
42a
  8
Layer_0
  10
124.29992
  20
187.45533
  0
VERTEX
  5
42b
  8
Layer_0
  10
124.35627
  20
187.45761
  0
VERTEX
  5
42c
  8
Layer_0
  10
124.3882
  20
187.44171
  42
-0.44699533
  0
VERTEX
  5
42d
  8
Layer_0
  10
124.37969
  20
187.30728
  0
VERTEX
  5
42e
  8
Layer_0
  10
124.36
  20
187.29516
  0
VERTEX
  5
42f
  8
Layer_0
  10
124.31439
  20
187.27005
  0
VERTEX
  5
430
  8
Layer_0
  10
124.2458
  20
187.23345
  0
VERTEX
  5
431
  8
Layer_0
  10
124.15719
  20
187.18688
  0
VERTEX
  5
432
  8
Layer_0
  10
123.93171
  20
187.06988
  0
VERTEX
  5
433
  8
Layer_0
  10
123.66156
  20
186.93119
  0
VERTEX
  5
434
  8
Layer_0
  10
122.97065
  20
186.58063
  0
SEQEND
  0
POLYLINE
  5
436
  8
Layer_0
  62
7
  70
1
  66
1
  10
0
  20
0
  30
0
  0
VERTEX
  5
436
  8
Layer_0
  10
119.35445
  20
186.59424
  0
VERTEX
  5
437
  8
Layer_0
  10
119.35445
  20
186.49214
  0
VERTEX
  5
438
  8
Layer_0
  10
119.60972
  20
186.49214
  0
VERTEX
  5
439
  8
Layer_0
  10
119.86497
  20
186.49214
  0
VERTEX
  5
43a
  8
Layer_0
  10
119.86497
  20
186.59424
  0
VERTEX
  5
43b
  8
Layer_0
  10
119.86497
  20
186.69635
  0
VERTEX
  5
43c
  8
Layer_0
  10
119.60972
  20
186.69635
  0
VERTEX
  5
43d
  8
Layer_0
  10
119.35445
  20
186.69635
  0
SEQEND
  0
POLYLINE
  5
43f
  8
Layer_0
  62
7
  70
1
  66
1
  10
0
  20
0
  30
0
  0
VERTEX
  5
43f
  8
Layer_0
  10
125.25949
  20
186.49214
  0
VERTEX
  5
440
  8
Layer_0
  10
125.40651
  20
186.49278
  0
VERTEX
  5
441
  8
Layer_0
  10
125.48348
  20
186.49725
  0
VERTEX
  5
442
  8
Layer_0
  10
125.51483
  20
186.50937
  0
VERTEX
  5
443
  8
Layer_0
  10
125.52496
  20
186.53298
  42
0.083101951
  0
VERTEX
  5
444
  8
Layer_0
  10
125.52837
  20
186.62997
  0
VERTEX
  5
445
  8
Layer_0
  10
125.52326
  20
186.68784
  0
VERTEX
  5
446
  8
Layer_0
  10
125.27481
  20
186.69295
  0
VERTEX
  5
447
  8
Layer_0
  10
125.09698
  20
186.6921
  0
VERTEX
  5
448
  8
Layer_0
  10
125.01614
  20
186.68614
  0
VERTEX
  5
449
  8
Layer_0
  10
125.00763
  20
186.65083
  0
VERTEX
  5
44a
  8
Layer_0
  10
125.00423
  20
186.58233
  0
VERTEX
  5
44b
  8
Layer_0
  10
125.00423
  20
186.49214
  0
SEQEND
  0
POLYLINE
  5
44d
  8
Layer_0
  62
7
  70
1
  66
1
  10
0
  20
0
  30
0
  0
VERTEX
  5
44d
  8
Layer_0
  10
190.00227
  20
196.03898
  0
VERTEX
  5
44e
  8
Layer_0
  10
189.74024
  20
195.75637
  0
VERTEX
  5
44f
  8
Layer_0
  10
189.46896
  20
195.38418
  0
VERTEX
  5
450
  8
Layer_0
  10
189.36652
  20
195.22918
  0
VERTEX
  5
451
  8
Layer_0
  10
189.27759
  20
195.1128
  0
VERTEX
  5
452
  8
Layer_0
  10
189.19387
  20
195.03219
  0
VERTEX
  5
453
  8
Layer_0
  10
189.10707
  20
194.98446
  0
VERTEX
  5
454
  8
Layer_0
  10
189.00887
  20
194.96675
  0
VERTEX
  5
455
  8
Layer_0
  10
188.89099
  20
194.97619
  0
VERTEX
  5
456
  8
Layer_0
  10
188.74512
  20
195.0099
  0
VERTEX
  5
457
  8
Layer_0
  10
188.56295
  20
195.06502
  0
VERTEX
  5
458
  8
Layer_0
  10
188.3516
  20
195.13548
  0
VERTEX
  5
459
  8
Layer_0
  10
188.20029
  20
195.19475
  0
VERTEX
  5
45a
  8
Layer_0
  10
188.09183
  20
195.25092
  0
VERTEX
  5
45b
  8
Layer_0
  10
188.00905
  20
195.31211
  42
-0.18054454
  0
VERTEX
  5
45c
  8
Layer_0
  10
187.81755
  20
195.67863
  0
VERTEX
  5
45d
  8
Layer_0
  10
187.81661
  20
195.74006
  0
VERTEX
  5
45e
  8
Layer_0
  10
187.82431
  20
195.82873
  0
VERTEX
  5
45f
  8
Layer_0
  10
187.84021
  20
195.94254
  0
VERTEX
  5
460
  8
Layer_0
  10
187.86388
  20
196.07939
  0
VERTEX
  5
461
  8
Layer_0
  10
187.9328
  20
196.41384
  0
VERTEX
  5
462
  8
Layer_0
  10
188.02758
  20
196.81527
  0
VERTEX
  5
463
  8
Layer_0
  10
188.13582
  20
197.24726
  0
VERTEX
  5
464
  8
Layer_0
  10
188.22403
  20
197.60918
  0
VERTEX
  5
465
  8
Layer_0
  10
188.29419
  20
197.91068
  0
VERTEX
  5
466
  8
Layer_0
  10
188.34829
  20
198.16141
  0
VERTEX
  5
467
  8
Layer_0
  10
188.41617
  20
198.54916
  0
VERTEX
  5
468
  8
Layer_0
  10
188.44352
  20
198.84967
  0
VERTEX
  5
469
  8
Layer_0
  10
188.45587
  20
199.12148
  0
VERTEX
  5
46a
  8
Layer_0
  10
188.40646
  20
199.12148
  42
0.041309505
  0
VERTEX
  5
46b
  8
Layer_0
  10
188.10994
  20
199.08029
  0
VERTEX
  5
46c
  8
Layer_0
  10
187.90052
  20
199.05017
  0
VERTEX
  5
46d
  8
Layer_0
  10
187.755
  20
199.04013
  0
VERTEX
  5
46e
  8
Layer_0
  10
187.66083
  20
199.05017
  0
VERTEX
  5
46f
  8
Layer_0
  10
187.60546
  20
199.08029
  0
VERTEX
  5
470
  8
Layer_0
  10
187.56669
  20
199.14618
  0
VERTEX
  5
471
  8
Layer_0
  10
187.5841
  20
199.22134
  0
VERTEX
  5
472
  8
Layer_0
  10
187.66366
  20
199.31657
  0
VERTEX
  5
473
  8
Layer_0
  10
187.81137
  20
199.44269
  0
VERTEX
  5
474
  8
Layer_0
  10
188.26222
  20
199.76764
  0
VERTEX
  5
475
  8
Layer_0
  10
188.70631
  20
200.03005
  0
VERTEX
  5
476
  8
Layer_0
  10
189.13843
  20
200.22682
  0
VERTEX
  5
477
  8
Layer_0
  10
189.55338
  20
200.35488
  0
VERTEX
  5
478
  8
Layer_0
  10
189.6463
  20
200.38756
  0
VERTEX
  5
479
  8
Layer_0
  10
189.67281
  20
200.45577
  42
0.07440438
  0
VERTEX
  5
47a
  8
Layer_0
  10
189.66046
  20
201.12498
  0
VERTEX
  5
47b
  8
Layer_0
  10
189.64794
  20
201.22733
  0
VERTEX
  5
47c
  8
Layer_0
  10
189.64527
  20
201.28585
  0
VERTEX
  5
47d
  8
Layer_0
  10
189.65379
  20
201.31696
  0
VERTEX
  5
47e
  8
Layer_0
  10
189.67487
  20
201.33707
  0
VERTEX
  5
47f
  8
Layer_0
  10
189.81617
  20
201.36435
  0
VERTEX
  5
480
  8
Layer_0
  10
190.00227
  20
201.31442
  42
-0.16921961
  0
VERTEX
  5
481
  8
Layer_0
  10
190.40173
  20
200.89436
  42
-0.11495756
  0
VERTEX
  5
482
  8
Layer_0
  10
190.47792
  20
200.56285
  0
VERTEX
  5
483
  8
Layer_0
  10
190.47792
  20
200.3837
  0
VERTEX
  5
484
  8
Layer_0
  10
190.60147
  20
200.35075
  0
VERTEX
  5
485
  8
Layer_0
  10
190.89121
  20
200.25679
  0
VERTEX
  5
486
  8
Layer_0
  10
191.18165
  20
200.12715
  0
VERTEX
  5
487
  8
Layer_0
  10
191.47099
  20
199.96325
  0
VERTEX
  5
488
  8
Layer_0
  10
191.7574
  20
199.76648
  0
VERTEX
  5
489
  8
Layer_0
  10
192.03908
  20
199.53825
  0
VERTEX
  5
48a
  8
Layer_0
  10
192.31423
  20
199.27996
  0
VERTEX
  5
48b
  8
Layer_0
  10
192.58102
  20
198.99299
  0
VERTEX
  5
48c
  8
Layer_0
  10
192.83766
  20
198.67876
  42
-0.068705468
  0
VERTEX
  5
48d
  8
Layer_0
  10
193.62012
  20
197.31975
  42
-0.10903447
  0
VERTEX
  5
48e
  8
Layer_0
  10
193.67572
  20
197.00058
  0
VERTEX
  5
48f
  8
Layer_0
  10
193.6512
  20
196.83032
  0
VERTEX
  5
490
  8
Layer_0
  10
193.59078
  20
196.67782
  0
VERTEX
  5
491
  8
Layer_0
  10
193.48171
  20
196.51991
  0
VERTEX
  5
492
  8
Layer_0
  10
193.31126
  20
196.33343
  42
0.005633849
  0
VERTEX
  5
493
  8
Layer_0
  10
192.90561
  20
195.9072
  0
VERTEX
  5
494
  8
Layer_0
  10
192.72696
  20
195.71589
  0
VERTEX
  5
495
  8
Layer_0
  10
192.48137
  20
195.45619
  0
VERTEX
  5
496
  8
Layer_0
  10
192.19437
  20
195.1547
  0
VERTEX
  5
497
  8
Layer_0
  10
191.8915
  20
194.83801
  0
VERTEX
  5
498
  8
Layer_0
  10
191.59827
  20
194.5327
  0
VERTEX
  5
499
  8
Layer_0
  10
191.34024
  20
194.26538
  0
VERTEX
  5
49a
  8
Layer_0
  10
191.23239
  20
194.15427
  0
VERTEX
  5
49b
  8
Layer_0
  10
191.14291
  20
194.06263
  0
VERTEX
  5
49c
  8
Layer_0
  10
191.07499
  20
193.99378
  0
VERTEX
  5
49d
  8
Layer_0
  10
191.03182
  20
193.95104
  0
VERTEX
  5
49e
  8
Layer_0
  10
190.90573
  20
193.84255
  0
VERTEX
  5
49f
  8
Layer_0
  10
190.79682
  20
193.77808
  0
VERTEX
  5
4a0
  8
Layer_0
  10
190.68753
  20
193.75067
  0
VERTEX
  5
4a1
  8
Layer_0
  10
190.56028
  20
193.75337
  42
-0.25796976
  0
VERTEX
  5
4a2
  8
Layer_0
  10
190.00226
  20
194.14871
  0
VERTEX
  5
4a3
  8
Layer_0
  10
189.9607
  20
194.26988
  0
VERTEX
  5
4a4
  8
Layer_0
  10
189.9477
  20
194.40765
  0
VERTEX
  5
4a5
  8
Layer_0
  10
189.96404
  20
194.57553
  0
VERTEX
  5
4a6
  8
Layer_0
  10
190.0105
  20
194.78704
  0
VERTEX
  5
4a7
  8
Layer_0
  10
190.05633
  20
194.97043
  0
VERTEX
  5
4a8
  8
Layer_0
  10
190.09261
  20
195.12213
  0
VERTEX
  5
4a9
  8
Layer_0
  10
190.12039
  20
195.24908
  0
VERTEX
  5
4aa
  8
Layer_0
  10
190.14074
  20
195.35819
  0
VERTEX
  5
4ab
  8
Layer_0
  10
190.16339
  20
195.55062
  0
VERTEX
  5
4ac
  8
Layer_0
  10
190.16905
  20
195.75482
  0
VERTEX
  5
4ad
  8
Layer_0
  10
190.16748
  20
195.8869
  0
VERTEX
  5
4ae
  8
Layer_0
  10
190.16262
  20
195.98519
  0
VERTEX
  5
4af
  8
Layer_0
  10
190.15428
  20
196.05221
  0
VERTEX
  5
4b0
  8
Layer_0
  10
190.14228
  20
196.09046
  0
VERTEX
  5
4b1
  8
Layer_0
  10
190.11551
  20
196.13576
  0
VERTEX
  5
4b2
  8
Layer_0
  10
190.00226
  20
196.03899
  0
SEQEND
  0
POLYLINE
  5
4b4
  8
Layer_0
  62
7
  70
1
  66
1
  10
0
  20
0
  30
0
  0
VERTEX
  5
4b4
  8
Layer_0
  10
190.58911
  20
196.15636
  42
-0.079468675
  0
VERTEX
  5
4b5
  8
Layer_0
  10
190.47998
  20
194.80351
  0
VERTEX
  5
4b6
  8
Layer_0
  10
190.45102
  20
194.6781
  0
VERTEX
  5
4b7
  8
Layer_0
  10
190.42747
  20
194.5662
  0
VERTEX
  5
4b8
  8
Layer_0
  10
190.41164
  20
194.47979
  0
VERTEX
  5
4b9
  8
Layer_0
  10
190.40585
  20
194.43082
  0
VERTEX
  5
4ba
  8
Layer_0
  10
190.41489
  20
194.38317
  0
VERTEX
  5
4bb
  8
Layer_0
  10
190.44266
  20
194.34459
  0
VERTEX
  5
4bc
  8
Layer_0
  10
190.49011
  20
194.31412
  0
VERTEX
  5
4bd
  8
Layer_0
  10
190.55823
  20
194.2908
  0
VERTEX
  5
4be
  8
Layer_0
  10
190.59822
  20
194.29179
  0
VERTEX
  5
4bf
  8
Layer_0
  10
190.65732
  20
194.32966
  0
VERTEX
  5
4c0
  8
Layer_0
  10
190.70315
  20
194.37008
  0
VERTEX
  5
4c1
  8
Layer_0
  10
190.76468
  20
194.42892
  0
VERTEX
  5
4c2
  8
Layer_0
  10
190.84557
  20
194.50923
  0
VERTEX
  5
4c3
  8
Layer_0
  10
190.94946
  20
194.61408
  0
VERTEX
  5
4c4
  8
Layer_0
  10
191.24764
  20
194.91985
  0
VERTEX
  5
4c5
  8
Layer_0
  10
191.5844
  20
195.27196
  0
VERTEX
  5
4c6
  8
Layer_0
  10
191.93618
  20
195.64492
  0
VERTEX
  5
4c7
  8
Layer_0
  10
192.27938
  20
196.01324
  0
VERTEX
  5
4c8
  8
Layer_0
  10
192.59045
  20
196.35145
  0
VERTEX
  5
4c9
  8
Layer_0
  10
192.8458
  20
196.63406
  0
VERTEX
  5
4ca
  8
Layer_0
  10
192.94521
  20
196.74656
  0
VERTEX
  5
4cb
  8
Layer_0
  10
193.02186
  20
196.8356
  0
VERTEX
  5
4cc
  8
Layer_0
  10
193.07278
  20
196.898
  0
VERTEX
  5
4cd
  8
Layer_0
  10
193.09505
  20
196.93058
  0
VERTEX
  5
4ce
  8
Layer_0
  10
193.12053
  20
197.05335
  0
VERTEX
  5
4cf
  8
Layer_0
  10
193.07034
  20
197.22091
  42
0.051302525
  0
VERTEX
  5
4d0
  8
Layer_0
  10
192.56174
  20
198.1331
  42
0.077541343
  0
VERTEX
  5
4d1
  8
Layer_0
  10
191.54454
  20
199.26767
  0
VERTEX
  5
4d2
  8
Layer_0
  10
191.24497
  20
199.48683
  0
VERTEX
  5
4d3
  8
Layer_0
  10
190.95177
  20
199.66662
  0
VERTEX
  5
4d4
  8
Layer_0
  10
190.67904
  20
199.7993
  0
VERTEX
  5
4d5
  8
Layer_0
  10
190.44086
  20
199.87716
  42
-0.12928936
  0
VERTEX
  5
4d6
  8
Layer_0
  10
190.19376
  20
199.9863
  42
0.063070562
  0
VERTEX
  5
4d7
  8
Layer_0
  10
190.06198
  20
200.08513
  0
VERTEX
  5
4d8
  8
Layer_0
  10
190.01784
  20
200.10453
  0
VERTEX
  5
4d9
  8
Layer_0
  10
189.993
  20
200.0998
  0
VERTEX
  5
4da
  8
Layer_0
  10
189.98206
  20
200.06457
  0
VERTEX
  5
4db
  8
Layer_0
  10
189.97961
  20
199.99247
  42
-0.12200781
  0
VERTEX
  5
4dc
  8
Layer_0
  10
189.92609
  20
199.77008
  0
VERTEX
  5
4dd
  8
Layer_0
  10
189.84098
  20
199.6449
  0
VERTEX
  5
4de
  8
Layer_0
  10
189.72866
  20
199.53612
  0
VERTEX
  5
4df
  8
Layer_0
  10
189.60901
  20
199.45939
  0
VERTEX
  5
4e0
  8
Layer_0
  10
189.5019
  20
199.43033
  0
VERTEX
  5
4e1
  8
Layer_0
  10
189.43138
  20
199.47872
  0
VERTEX
  5
4e2
  8
Layer_0
  10
189.38865
  20
199.6136
  0
VERTEX
  5
4e3
  8
Layer_0
  10
189.35577
  20
199.74046
  0
VERTEX
  5
4e4
  8
Layer_0
  10
189.30165
  20
199.81307
  0
VERTEX
  5
4e5
  8
Layer_0
  10
189.2236
  20
199.83279
  0
VERTEX
  5
4e6
  8
Layer_0
  10
189.1189
  20
199.80097
  42
0.15938698
  0
VERTEX
  5
4e7
  8
Layer_0
  10
188.87799
  20
199.5477
  42
0.15849859
  0
VERTEX
  5
4e8
  8
Layer_0
  10
188.85327
  20
199.36032
  42
-0.035503063
  0
VERTEX
  5
4e9
  8
Layer_0
  10
188.86975
  20
198.85379
  42
-0.049573076
  0
VERTEX
  5
4ea
  8
Layer_0
  10
188.77092
  20
197.97867
  42
-0.0060195635
  0
VERTEX
  5
4eb
  8
Layer_0
  10
188.58353
  20
197.14473
  0
VERTEX
  5
4ec
  8
Layer_0
  10
188.50879
  20
196.83531
  0
VERTEX
  5
4ed
  8
Layer_0
  10
188.44538
  20
196.55698
  0
VERTEX
  5
4ee
  8
Layer_0
  10
188.39366
  20
196.31165
  0
VERTEX
  5
4ef
  8
Layer_0
  10
188.35395
  20
196.10127
  0
VERTEX
  5
4f0
  8
Layer_0
  10
188.32659
  20
195.92776
  0
VERTEX
  5
4f1
  8
Layer_0
  10
188.31193
  20
195.79305
  0
VERTEX
  5
4f2
  8
Layer_0
  10
188.31029
  20
195.69907
  0
VERTEX
  5
4f3
  8
Layer_0
  10
188.32203
  20
195.64775
  0
VERTEX
  5
4f4
  8
Layer_0
  10
188.35681
  20
195.61992
  0
VERTEX
  5
4f5
  8
Layer_0
  10
188.43348
  20
195.58263
  0
VERTEX
  5
4f6
  8
Layer_0
  10
188.55223
  20
195.53569
  0
VERTEX
  5
4f7
  8
Layer_0
  10
188.71326
  20
195.4789
  0
VERTEX
  5
4f8
  8
Layer_0
  10
188.87104
  20
195.43232
  0
VERTEX
  5
4f9
  8
Layer_0
  10
188.95006
  20
195.4336
  0
VERTEX
  5
4fa
  8
Layer_0
  10
189.02239
  20
195.49563
  0
VERTEX
  5
4fb
  8
Layer_0
  10
189.12096
  20
195.61481
  42
-0.026587918
  0
VERTEX
  5
4fc
  8
Layer_0
  10
189.60898
  20
196.23254
  42
-0.068415098
  0
VERTEX
  5
4fd
  8
Layer_0
  10
190.25142
  20
196.74525
  0
VERTEX
  5
4fe
  8
Layer_0
  10
190.40009
  20
196.84728
  0
VERTEX
  5
4ff
  8
Layer_0
  10
190.52811
  20
196.95915
  0
VERTEX
  5
500
  8
Layer_0
  10
190.63103
  20
197.0768
  0
VERTEX
  5
501
  8
Layer_0
  10
190.70442
  20
197.1962
  42
0.19558002
  0
VERTEX
  5
502
  8
Layer_0
  10
190.73531
  20
197.82423
  42
0.097135543
  0
VERTEX
  5
503
  8
Layer_0
  10
190.48615
  20
198.269
  0
VERTEX
  5
504
  8
Layer_0
  10
190.42799
  20
198.34518
  0
VERTEX
  5
505
  8
Layer_0
  10
190.40379
  20
198.39666
  0
VERTEX
  5
506
  8
Layer_0
  10
190.40775
  20
198.48507
  0
VERTEX
  5
507
  8
Layer_0
  10
190.4339
  20
198.5511
  0
VERTEX
  5
508
  8
Layer_0
  10
190.48052
  20
198.59241
  0
VERTEX
  5
509
  8
Layer_0
  10
190.54587
  20
198.60669
  0
VERTEX
  5
50a
  8
Layer_0
  10
190.62772
  20
198.58481
  0
VERTEX
  5
50b
  8
Layer_0
  10
190.73737
  20
198.48726
  42
-0.098385019
  0
VERTEX
  5
50c
  8
Layer_0
  10
191.08948
  20
197.92719
  0
VERTEX
  5
50d
  8
Layer_0
  10
191.11309
  20
197.85853
  0
VERTEX
  5
50e
  8
Layer_0
  10
191.12705
  20
197.78408
  0
VERTEX
  5
50f
  8
Layer_0
  10
191.13407
  20
197.68337
  0
VERTEX
  5
510
  8
Layer_0
  10
191.13683
  20
197.53595
  0
VERTEX
  5
511
  8
Layer_0
  10
191.13542
  20
197.38133
  0
VERTEX
  5
512
  8
Layer_0
  10
191.1286
  20
197.28114
  0
VERTEX
  5
513
  8
Layer_0
  10
191.11251
  20
197.20643
  0
VERTEX
  5
514
  8
Layer_0
  10
191.0833
  20
197.12825
  42
-0.094748921
  0
VERTEX
  5
515
  8
Layer_0
  10
190.72708
  20
196.59906
  0
VERTEX
  5
516
  8
Layer_0
  10
190.56439
  20
196.43433
  0
SEQEND
  0
POLYLINE
  5
518
  8
Layer_0
  62
7
  70
1
  66
1
  10
0
  20
0
  30
0
  0
VERTEX
  5
518
  8
Layer_0
  10
189.36188
  20
197.34858
  0
VERTEX
  5
519
  8
Layer_0
  10
189.39762
  20
197.40478
  0
VERTEX
  5
51a
  8
Layer_0
  10
189.45634
  20
197.51099
  0
VERTEX
  5
51b
  8
Layer_0
  10
189.53012
  20
197.65233
  0
VERTEX
  5
51c
  8
Layer_0
  10
189.61103
  20
197.81393
  0
VERTEX
  5
51d
  8
Layer_0
  10
189.68052
  20
197.95835
  0
VERTEX
  5
51e
  8
Layer_0
  10
189.73377
  20
198.07473
  0
VERTEX
  5
51f
  8
Layer_0
  10
189.77192
  20
198.16727
  0
VERTEX
  5
520
  8
Layer_0
  10
189.79609
  20
198.24017
  0
VERTEX
  5
521
  8
Layer_0
  10
189.80707
  20
198.34383
  0
VERTEX
  5
522
  8
Layer_0
  10
189.77576
  20
198.41931
  42
0.30975081
  0
VERTEX
  5
523
  8
Layer_0
  10
189.48955
  20
198.50992
  42
0.2074211
  0
VERTEX
  5
524
  8
Layer_0
  10
189.27335
  20
198.32048
  0
VERTEX
  5
525
  8
Layer_0
  10
189.17785
  20
197.89578
  0
VERTEX
  5
526
  8
Layer_0
  10
189.10861
  20
197.43094
  0
VERTEX
  5
527
  8
Layer_0
  10
189.13486
  20
197.34134
  0
VERTEX
  5
528
  8
Layer_0
  10
189.19973
  20
197.29324
  0
VERTEX
  5
529
  8
Layer_0
  10
189.28235
  20
197.2934
  0
SEQEND
  0
POLYLINE
  5
52b
  8
Layer_0
  62
7
  70
1
  66
1
  10
0
  20
0
  30
0
  0
VERTEX
  5
52b
  8
Layer_0
  10
187.27347
  20
185.29056
  42
-0.070282721
  0
VERTEX
  5
52c
  8
Layer_0
  10
187.05312
  20
186.16145
  42
-0.077573867
  0
VERTEX
  5
52d
  8
Layer_0
  10
187.07761
  20
187.14253
  42
-0.18914394
  0
VERTEX
  5
52e
  8
Layer_0
  10
188.38919
  20
189.24458
  42
-0.11751065
  0
VERTEX
  5
52f
  8
Layer_0
  10
189.81621
  20
189.85666
  42
-0.071412766
  0
VERTEX
  5
530
  8
Layer_0
  10
190.79553
  20
189.8759
  42
-0.21924275
  0
VERTEX
  5
531
  8
Layer_0
  10
193.1774
  20
188.41565
  42
-0.22950407
  0
VERTEX
  5
532
  8
Layer_0
  10
193.57263
  20
185.49516
  0
VERTEX
  5
533
  8
Layer_0
  10
193.52781
  20
185.33865
  0
VERTEX
  5
534
  8
Layer_0
  10
193.51841
  20
185.26607
  42
0.19891237
  0
VERTEX
  5
535
  8
Layer_0
  10
193.74051
  20
185.17863
  0
VERTEX
  5
536
  8
Layer_0
  10
193.77922
  20
185.242
  0
VERTEX
  5
537
  8
Layer_0
  10
193.83778
  20
185.40095
  0
VERTEX
  5
538
  8
Layer_0
  10
193.9006
  20
185.60875
  0
VERTEX
  5
539
  8
Layer_0
  10
193.95211
  20
185.81869
  42
0.30568673
  0
VERTEX
  5
53a
  8
Layer_0
  10
192.38344
  20
189.58734
  42
0.12231045
  0
VERTEX
  5
53b
  8
Layer_0
  10
190.79379
  20
190.1627
  42
0.051584883
  0
VERTEX
  5
53c
  8
Layer_0
  10
189.94913
  20
190.16095
  42
0.13515489
  0
VERTEX
  5
53d
  8
Layer_0
  10
188.19333
  20
189.45094
  42
0.065172182
  0
VERTEX
  5
53e
  8
Layer_0
  10
187.54279
  20
188.81613
  42
0.11272605
  0
VERTEX
  5
53f
  8
Layer_0
  10
186.84151
  20
187.38211
  42
0.10606036
  0
VERTEX
  5
540
  8
Layer_0
  10
186.81702
  20
185.85191
  0
VERTEX
  5
541
  8
Layer_0
  10
186.86654
  20
185.64329
  0
VERTEX
  5
542
  8
Layer_0
  10
186.92851
  20
185.42893
  0
VERTEX
  5
543
  8
Layer_0
  10
186.98721
  20
185.25949
  0
VERTEX
  5
544
  8
Layer_0
  10
187.02689
  20
185.18563
  0
VERTEX
  5
545
  8
Layer_0
  10
187.16657
  20
185.22432
  0
VERTEX
  5
546
  8
Layer_0
  10
187.27346
  20
185.29056
  0
SEQEND
  0
POLYLINE
  5
548
  8
Layer_0
  62
7
  70
1
  66
1
  10
0
  20
0
  30
0
  0
VERTEX
  5
548
  8
Layer_0
  10
188.5256
  20
188.42614
  0
VERTEX
  5
549
  8
Layer_0
  10
188.47401
  20
188.38068
  0
VERTEX
  5
54a
  8
Layer_0
  10
188.44341
  20
188.36144
  0
VERTEX
  5
54b
  8
Layer_0
  10
188.25563
  20
188.53195
  0
VERTEX
  5
54c
  8
Layer_0
  10
188.0849
  20
188.71819
  42
-0.19888087
  0
VERTEX
  5
54d
  8
Layer_0
  10
188.14087
  20
188.7934
  0
VERTEX
  5
54e
  8
Layer_0
  10
188.18633
  20
188.83405
  0
VERTEX
  5
54f
  8
Layer_0
  10
188.21606
  20
188.8511
  0
VERTEX
  5
550
  8
Layer_0
  10
188.23735
  20
188.83697
  0
VERTEX
  5
551
  8
Layer_0
  10
188.28142
  20
188.79842
  0
VERTEX
  5
552
  8
Layer_0
  10
188.34222
  20
188.74117
  0
VERTEX
  5
553
  8
Layer_0
  10
188.41367
  20
188.67097
  0
VERTEX
  5
554
  8
Layer_0
  10
188.59206
  20
188.49084
  0
VERTEX
  5
555
  8
Layer_0
  10
188.5256
  20
188.42615
  0
SEQEND
  0
POLYLINE
  5
557
  8
Layer_0
  62
7
  70
1
  66
1
  10
0
  20
0
  30
0
  0
VERTEX
  5
557
  8
Layer_0
  10
187.96774
  20
187.66192
  0
VERTEX
  5
558
  8
Layer_0
  10
187.73799
  20
187.76401
  0
VERTEX
  5
559
  8
Layer_0
  10
187.5043
  20
187.85429
  0
VERTEX
  5
55a
  8
Layer_0
  10
187.48769
  20
187.83724
  0
VERTEX
  5
55b
  8
Layer_0
  10
187.46583
  20
187.79658
  0
VERTEX
  5
55c
  8
Layer_0
  10
187.43539
  20
187.71859
  0
VERTEX
  5
55d
  8
Layer_0
  10
187.44135
  20
187.67241
  0
VERTEX
  5
55e
  8
Layer_0
  10
187.5037
  20
187.63279
  0
VERTEX
  5
55f
  8
Layer_0
  10
187.64246
  20
187.57448
  42
-0.018899388
  0
VERTEX
  5
560
  8
Layer_0
  10
187.88554
  20
187.47479
  0
VERTEX
  5
561
  8
Layer_0
  10
187.94369
  20
187.55787
  0
SEQEND
  0
POLYLINE
  5
563
  8
Layer_0
  62
7
  70
1
  66
1
  10
0
  20
0
  30
0
  0
VERTEX
  5
563
  8
Layer_0
  10
189.80573
  20
186.51122
  42
0.28983353
  0
VERTEX
  5
564
  8
Layer_0
  10
190.16772
  20
186.06177
  42
0.19731939
  0
VERTEX
  5
565
  8
Layer_0
  10
190.58743
  20
186.07576
  42
0.28471766
  0
VERTEX
  5
566
  8
Layer_0
  10
190.9057
  20
186.56367
  42
0.28811824
  0
VERTEX
  5
567
  8
Layer_0
  10
190.60841
  20
187.07083
  42
0.11303738
  0
VERTEX
  5
568
  8
Layer_0
  10
190.34784
  20
187.12854
  42
0.11804336
  0
VERTEX
  5
569
  8
Layer_0
  10
190.08377
  20
187.06558
  0
VERTEX
  5
56a
  8
Layer_0
  10
189.9631
  20
187.00262
  0
VERTEX
  5
56b
  8
Layer_0
  10
189.77249
  20
187.07083
  0
VERTEX
  5
56c
  8
Layer_0
  10
189.25895
  20
187.25503
  0
VERTEX
  5
56d
  8
Layer_0
  10
188.80278
  20
187.41643
  0
VERTEX
  5
56e
  8
Layer_0
  10
188.61764
  20
187.48106
  0
VERTEX
  5
56f
  8
Layer_0
  10
188.47253
  20
187.53095
  0
VERTEX
  5
570
  8
Layer_0
  10
188.37604
  20
187.5631
  0
VERTEX
  5
571
  8
Layer_0
  10
188.33673
  20
187.57448
  42
0.19893814
  0
VERTEX
  5
572
  8
Layer_0
  10
188.29477
  20
187.53951
  0
VERTEX
  5
573
  8
Layer_0
  10
188.26112
  20
187.48756
  0
VERTEX
  5
574
  8
Layer_0
  10
188.29192
  20
187.43217
  0
VERTEX
  5
575
  8
Layer_0
  10
188.33911
  20
187.39617
  0
VERTEX
  5
576
  8
Layer_0
  10
188.41157
  20
187.35088
  0
VERTEX
  5
577
  8
Layer_0
  10
188.51236
  20
187.2935
  0
VERTEX
  5
578
  8
Layer_0
  10
188.64452
  20
187.22123
  42
-0.00073105203
  0
VERTEX
  5
579
  8
Layer_0
  10
189.37201
  20
186.82599
  0
VERTEX
  5
57a
  8
Layer_0
  10
189.79347
  20
186.59515
  0
SEQEND
  0
POLYLINE
  5
57c
  8
Layer_0
  62
7
  70
1
  66
1
  10
0
  20
0
  30
0
  0
VERTEX
  5
57c
  8
Layer_0
  10
187.48157
  20
186.45526
  0
VERTEX
  5
57d
  8
Layer_0
  10
187.75262
  20
186.45526
  0
VERTEX
  5
57e
  8
Layer_0
  10
187.75262
  20
186.54968
  0
VERTEX
  5
57f
  8
Layer_0
  10
187.74651
  20
186.6251
  0
VERTEX
  5
580
  8
Layer_0
  10
187.72466
  20
186.65462
  0
VERTEX
  5
581
  8
Layer_0
  10
187.46518
  20
186.66489
  0
VERTEX
  5
582
  8
Layer_0
  10
187.22275
  20
186.65287
  0
VERTEX
  5
583
  8
Layer_0
  10
187.214
  20
186.61811
  0
VERTEX
  5
584
  8
Layer_0
  10
187.2105
  20
186.54794
  0
VERTEX
  5
585
  8
Layer_0
  10
187.21051
  20
186.45526
  0
SEQEND
  0
POLYLINE
  5
587
  8
Layer_0
  62
7
  70
1
  66
1
  10
0
  20
0
  30
0
  0
VERTEX
  5
587
  8
Layer_0
  10
284.22629
  20
195.60685
  0
VERTEX
  5
588
  8
Layer_0
  10
284.1734
  20
195.55224
  0
VERTEX
  5
589
  8
Layer_0
  10
284.06953
  20
195.4913
  0
VERTEX
  5
58a
  8
Layer_0
  10
283.92073
  20
195.42613
  0
VERTEX
  5
58b
  8
Layer_0
  10
283.7331
  20
195.35884
  0
VERTEX
  5
58c
  8
Layer_0
  10
283.26562
  20
195.22638
  0
VERTEX
  5
58d
  8
Layer_0
  10
282.71571
  20
195.11083
  0
VERTEX
  5
58e
  8
Layer_0
  10
282.35771
  20
195.03545
  0
VERTEX
  5
58f
  8
Layer_0
  10
282.05836
  20
194.96006
  0
VERTEX
  5
590
  8
Layer_0
  10
281.81291
  20
194.88256
  0
VERTEX
  5
591
  8
Layer_0
  10
281.6166
  20
194.80083
  0
VERTEX
  5
592
  8
Layer_0
  10
281.46467
  20
194.71276
  0
VERTEX
  5
593
  8
Layer_0
  10
281.35238
  20
194.61623
  0
VERTEX
  5
594
  8
Layer_0
  10
281.27497
  20
194.50914
  0
VERTEX
  5
595
  8
Layer_0
  10
281.22768
  20
194.38936
  0
VERTEX
  5
596
  8
Layer_0
  10
281.15532
  20
194.14942
  0
VERTEX
  5
597
  8
Layer_0
  10
281.05039
  20
193.86482
  0
VERTEX
  5
598
  8
Layer_0
  10
280.91627
  20
193.54164
  0
VERTEX
  5
599
  8
Layer_0
  10
280.75633
  20
193.18597
  0
VERTEX
  5
59a
  8
Layer_0
  10
280.37243
  20
192.40144
  0
VERTEX
  5
59b
  8
Layer_0
  10
279.92565
  20
191.55985
  0
VERTEX
  5
59c
  8
Layer_0
  10
279.44293
  20
190.70979
  0
VERTEX
  5
59d
  8
Layer_0
  10
278.95124
  20
189.8999
  0
VERTEX
  5
59e
  8
Layer_0
  10
278.71044
  20
189.5252
  0
VERTEX
  5
59f
  8
Layer_0
  10
278.47751
  20
189.17878
  0
VERTEX
  5
5a0
  8
Layer_0
  10
278.2558
  20
188.8667
  0
VERTEX
  5
5a1
  8
Layer_0
  10
278.04869
  20
188.59505
  0
VERTEX
  5
5a2
  8
Layer_0
  10
277.4828
  20
187.90917
  0
VERTEX
  5
5a3
  8
Layer_0
  10
276.89291
  20
187.25506
  0
VERTEX
  5
5a4
  8
Layer_0
  10
276.2793
  20
186.63279
  0
VERTEX
  5
5a5
  8
Layer_0
  10
275.64227
  20
186.04243
  0
VERTEX
  5
5a6
  8
Layer_0
  10
274.98212
  20
185.48403
  0
VERTEX
  5
5a7
  8
Layer_0
  10
274.29916
  20
184.95767
  0
VERTEX
  5
5a8
  8
Layer_0
  10
273.59366
  20
184.4634
  0
VERTEX
  5
5a9
  8
Layer_0
  10
272.86595
  20
184.00131
  0
VERTEX
  5
5aa
  8
Layer_0
  10
272.1163
  20
183.57145
  0
VERTEX
  5
5ab
  8
Layer_0
  10
271.34502
  20
183.17389
  0
VERTEX
  5
5ac
  8
Layer_0
  10
270.5524
  20
182.8087
  0
VERTEX
  5
5ad
  8
Layer_0
  10
269.73875
  20
182.47594
  0
VERTEX
  5
5ae
  8
Layer_0
  10
268.90436
  20
182.17567
  0
VERTEX
  5
5af
  8
Layer_0
  10
268.04952
  20
181.90797
  0
VERTEX
  5
5b0
  8
Layer_0
  10
267.17454
  20
181.6729
  0
VERTEX
  5
5b1
  8
Layer_0
  10
266.27971
  20
181.47053
  0
VERTEX
  5
5b2
  8
Layer_0
  10
265.8193
  20
181.38886
  0
VERTEX
  5
5b3
  8
Layer_0
  10
265.32097
  20
181.32134
  0
VERTEX
  5
5b4
  8
Layer_0
  10
264.79015
  20
181.26781
  0
VERTEX
  5
5b5
  8
Layer_0
  10
264.23225
  20
181.22816
  0
VERTEX
  5
5b6
  8
Layer_0
  10
263.05687
  20
181.18994
  0
VERTEX
  5
5b7
  8
Layer_0
  10
261.83815
  20
181.20561
  0
VERTEX
  5
5b8
  8
Layer_0
  10
260.61943
  20
181.27413
  0
VERTEX
  5
5b9
  8
Layer_0
  10
259.44405
  20
181.39444
  0
VERTEX
  5
5ba
  8
Layer_0
  10
258.88615
  20
181.47368
  0
VERTEX
  5
5bb
  8
Layer_0
  10
258.35533
  20
181.56547
  0
VERTEX
  5
5bc
  8
Layer_0
  10
257.857
  20
181.66968
  0
VERTEX
  5
5bd
  8
Layer_0
  10
257.39659
  20
181.78617
  0
VERTEX
  5
5be
  8
Layer_0
  10
256.29464
  20
182.11985
  0
VERTEX
  5
5bf
  8
Layer_0
  10
255.22214
  20
182.51099
  0
VERTEX
  5
5c0
  8
Layer_0
  10
254.18108
  20
182.95788
  0
VERTEX
  5
5c1
  8
Layer_0
  10
253.17345
  20
183.4588
  0
VERTEX
  5
5c2
  8
Layer_0
  10
252.20122
  20
184.01203
  0
VERTEX
  5
5c3
  8
Layer_0
  10
251.26638
  20
184.61587
  0
VERTEX
  5
5c4
  8
Layer_0
  10
250.37091
  20
185.26858
  0
VERTEX
  5
5c5
  8
Layer_0
  10
249.51678
  20
185.96845
  0
VERTEX
  5
5c6
  8
Layer_0
  10
248.70599
  20
186.71376
  0
VERTEX
  5
5c7
  8
Layer_0
  10
247.9405
  20
187.50281
  0
VERTEX
  5
5c8
  8
Layer_0
  10
247.22231
  20
188.33386
  0
VERTEX
  5
5c9
  8
Layer_0
  10
246.5534
  20
189.2052
  0
VERTEX
  5
5ca
  8
Layer_0
  10
245.93574
  20
190.11512
  0
VERTEX
  5
5cb
  8
Layer_0
  10
245.37132
  20
191.0619
  0
VERTEX
  5
5cc
  8
Layer_0
  10
244.86212
  20
192.04381
  0
VERTEX
  5
5cd
  8
Layer_0
  10
244.41013
  20
193.05915
  0
VERTEX
  5
5ce
  8
Layer_0
  10
243.68866
  20
194.86282
  0
VERTEX
  5
5cf
  8
Layer_0
  10
242.35844
  20
195.13338
  0
VERTEX
  5
5d0
  8
Layer_0
  10
241.98833
  20
195.20802
  0
VERTEX
  5
5d1
  8
Layer_0
  10
241.68453
  20
195.2824
  0
VERTEX
  5
5d2
  8
Layer_0
  10
241.43938
  20
195.36047
  0
VERTEX
  5
5d3
  8
Layer_0
  10
241.24523
  20
195.44621
  0
VERTEX
  5
5d4
  8
Layer_0
  10
241.09441
  20
195.54357
  0
VERTEX
  5
5d5
  8
Layer_0
  10
240.97926
  20
195.65652
  0
VERTEX
  5
5d6
  8
Layer_0
  10
240.89212
  20
195.78902
  0
VERTEX
  5
5d7
  8
Layer_0
  10
240.82532
  20
195.94504
  0
VERTEX
  5
5d8
  8
Layer_0
  10
240.72381
  20
196.28224
  0
VERTEX
  5
5d9
  8
Layer_0
  10
240.63887
  20
196.7171
  0
VERTEX
  5
5da
  8
Layer_0
  10
240.57019
  20
197.2342
  0
VERTEX
  5
5db
  8
Layer_0
  10
240.51742
  20
197.81811
  0
VERTEX
  5
5dc
  8
Layer_0
  10
240.48024
  20
198.45341
  0
VERTEX
  5
5dd
  8
Layer_0
  10
240.45833
  20
199.12468
  0
VERTEX
  5
5de
  8
Layer_0
  10
240.45133
  20
199.81648
  0
VERTEX
  5
5df
  8
Layer_0
  10
240.45894
  20
200.51341
  0
VERTEX
  5
5e0
  8
Layer_0
  10
240.48081
  20
201.20003
  0
VERTEX
  5
5e1
  8
Layer_0
  10
240.51663
  20
201.86093
  0
VERTEX
  5
5e2
  8
Layer_0
  10
240.56604
  20
202.48067
  0
VERTEX
  5
5e3
  8
Layer_0
  10
240.62874
  20
203.04384
  0
VERTEX
  5
5e4
  8
Layer_0
  10
240.70438
  20
203.53502
  0
VERTEX
  5
5e5
  8
Layer_0
  10
240.79263
  20
203.93877
  0
VERTEX
  5
5e6
  8
Layer_0
  10
240.84139
  20
204.10304
  0
VERTEX
  5
5e7
  8
Layer_0
  10
240.89318
  20
204.23968
  0
VERTEX
  5
5e8
  8
Layer_0
  10
240.94795
  20
204.34674
  0
VERTEX
  5
5e9
  8
Layer_0
  10
241.00568
  20
204.42232
  0
VERTEX
  5
5ea
  8
Layer_0
  10
241.07129
  20
204.46948
  0
VERTEX
  5
5eb
  8
Layer_0
  10
241.1797
  20
204.52483
  0
VERTEX
  5
5ec
  8
Layer_0
  10
241.32511
  20
204.58599
  0
VERTEX
  5
5ed
  8
Layer_0
  10
241.50169
  20
204.65059
  0
VERTEX
  5
5ee
  8
Layer_0
  10
241.92513
  20
204.78059
  0
VERTEX
  5
5ef
  8
Layer_0
  10
242.40353
  20
204.89578
  0
VERTEX
  5
5f0
  8
Layer_0
  10
243.57593
  20
205.16634
  0
VERTEX
  5
5f1
  8
Layer_0
  10
244.45522
  20
207.17293
  0
VERTEX
  5
5f2
  8
Layer_0
  10
244.82004
  20
207.98031
  0
VERTEX
  5
5f3
  8
Layer_0
  10
245.21258
  20
208.76211
  0
VERTEX
  5
5f4
  8
Layer_0
  10
245.63252
  20
209.51807
  0
VERTEX
  5
5f5
  8
Layer_0
  10
246.07958
  20
210.24798
  0
VERTEX
  5
5f6
  8
Layer_0
  10
246.55346
  20
210.9516
  0
VERTEX
  5
5f7
  8
Layer_0
  10
247.05386
  20
211.6287
  0
VERTEX
  5
5f8
  8
Layer_0
  10
247.58048
  20
212.27905
  0
VERTEX
  5
5f9
  8
Layer_0
  10
248.13303
  20
212.90242
  0
VERTEX
  5
5fa
  8
Layer_0
  10
248.7112
  20
213.49857
  0
VERTEX
  5
5fb
  8
Layer_0
  10
249.31471
  20
214.06728
  0
VERTEX
  5
5fc
  8
Layer_0
  10
249.94325
  20
214.60831
  0
VERTEX
  5
5fd
  8
Layer_0
  10
250.59652
  20
215.12143
  0
VERTEX
  5
5fe
  8
Layer_0
  10
251.27424
  20
215.60642
  0
VERTEX
  5
5ff
  8
Layer_0
  10
251.9761
  20
216.06303
  0
VERTEX
  5
600
  8
Layer_0
  10
252.7018
  20
216.49105
  0
VERTEX
  5
601
  8
Layer_0
  10
253.45105
  20
216.89023
  0
VERTEX
  5
602
  8
Layer_0
  10
254.20475
  20
217.24686
  0
VERTEX
  5
603
  8
Layer_0
  10
254.97638
  20
217.57247
  0
VERTEX
  5
604
  8
Layer_0
  10
255.7638
  20
217.86671
  0
VERTEX
  5
605
  8
Layer_0
  10
256.56486
  20
218.1292
  0
VERTEX
  5
606
  8
Layer_0
  10
257.37741
  20
218.3596
  0
VERTEX
  5
607
  8
Layer_0
  10
258.19931
  20
218.55753
  0
VERTEX
  5
608
  8
Layer_0
  10
259.02841
  20
218.72264
  0
VERTEX
  5
609
  8
Layer_0
  10
259.86256
  20
218.85455
  0
VERTEX
  5
60a
  8
Layer_0
  10
260.69962
  20
218.95291
  0
VERTEX
  5
60b
  8
Layer_0
  10
261.53743
  20
219.01735
  0
VERTEX
  5
60c
  8
Layer_0
  10
262.37386
  20
219.04751
  0
VERTEX
  5
60d
  8
Layer_0
  10
263.20676
  20
219.04302
  0
VERTEX
  5
60e
  8
Layer_0
  10
264.03397
  20
219.00353
  0
VERTEX
  5
60f
  8
Layer_0
  10
264.85336
  20
218.92866
  0
VERTEX
  5
610
  8
Layer_0
  10
265.66277
  20
218.81806
  0
VERTEX
  5
611
  8
Layer_0
  10
266.46007
  20
218.67136
  0
VERTEX
  5
612
  8
Layer_0
  10
267.31815
  20
218.47748
  0
VERTEX
  5
613
  8
Layer_0
  10
268.15886
  20
218.25114
  0
VERTEX
  5
614
  8
Layer_0
  10
268.98173
  20
217.99262
  0
VERTEX
  5
615
  8
Layer_0
  10
269.78631
  20
217.70224
  0
VERTEX
  5
616
  8
Layer_0
  10
270.57213
  20
217.38028
  0
VERTEX
  5
617
  8
Layer_0
  10
271.33872
  20
217.02705
  0
VERTEX
  5
618
  8
Layer_0
  10
272.08563
  20
216.64284
  0
VERTEX
  5
619
  8
Layer_0
  10
272.8124
  20
216.22795
  0
VERTEX
  5
61a
  8
Layer_0
  10
273.51856
  20
215.78267
  0
VERTEX
  5
61b
  8
Layer_0
  10
274.20364
  20
215.3073
  0
VERTEX
  5
61c
  8
Layer_0
  10
274.8672
  20
214.80215
  0
VERTEX
  5
61d
  8
Layer_0
  10
275.50876
  20
214.2675
  0
VERTEX
  5
61e
  8
Layer_0
  10
276.12785
  20
213.70366
  0
VERTEX
  5
61f
  8
Layer_0
  10
276.72403
  20
213.11092
  0
VERTEX
  5
620
  8
Layer_0
  10
277.29683
  20
212.48958
  0
VERTEX
  5
621
  8
Layer_0
  10
277.84578
  20
211.83994
  0
VERTEX
  5
622
  8
Layer_0
  10
278.35329
  20
211.1721
  0
VERTEX
  5
623
  8
Layer_0
  10
278.85366
  20
210.44984
  0
VERTEX
  5
624
  8
Layer_0
  10
279.33554
  20
209.6927
  0
VERTEX
  5
625
  8
Layer_0
  10
279.78756
  20
208.92024
  0
VERTEX
  5
626
  8
Layer_0
  10
280.19836
  20
208.152
  0
VERTEX
  5
627
  8
Layer_0
  10
280.55658
  20
207.40754
  0
VERTEX
  5
628
  8
Layer_0
  10
280.85087
  20
206.70642
  0
VERTEX
  5
629
  8
Layer_0
  10
281.06985
  20
206.06817
  0
VERTEX
  5
62a
  8
Layer_0
  10
281.16352
  20
205.78296
  0
VERTEX
  5
62b
  8
Layer_0
  10
281.25269
  20
205.56194
  0
VERTEX
  5
62c
  8
Layer_0
  10
281.35401
  20
205.39325
  0
VERTEX
  5
62d
  8
Layer_0
  10
281.48414
  20
205.26497
  0
VERTEX
  5
62e
  8
Layer_0
  10
281.65971
  20
205.16523
  0
VERTEX
  5
62f
  8
Layer_0
  10
281.89737
  20
205.08214
  0
VERTEX
  5
630
  8
Layer_0
  10
282.21376
  20
205.0038
  0
VERTEX
  5
631
  8
Layer_0
  10
282.62553
  20
204.91833
  0
VERTEX
  5
632
  8
Layer_0
  10
283.15043
  20
204.80278
  0
VERTEX
  5
633
  8
Layer_0
  10
283.61192
  20
204.67032
  0
VERTEX
  5
634
  8
Layer_0
  10
283.80435
  20
204.60304
  0
VERTEX
  5
635
  8
Layer_0
  10
283.96349
  20
204.53787
  0
VERTEX
  5
636
  8
Layer_0
  10
284.08353
  20
204.47692
  0
VERTEX
  5
637
  8
Layer_0
  10
284.15866
  20
204.42232
  0
VERTEX
  5
638
  8
Layer_0
  10
284.21005
  20
204.34993
  0
VERTEX
  5
639
  8
Layer_0
  10
284.2585
  20
204.24009
  0
VERTEX
  5
63a
  8
Layer_0
  10
284.304
  20
204.09522
  0
VERTEX
  5
63b
  8
Layer_0
  10
284.34651
  20
203.91776
  0
VERTEX
  5
63c
  8
Layer_0
  10
284.38602
  20
203.71015
  0
VERTEX
  5
63d
  8
Layer_0
  10
284.42251
  20
203.47483
  0
VERTEX
  5
63e
  8
Layer_0
  10
284.45593
  20
203.21422
  0
VERTEX
  5
63f
  8
Layer_0
  10
284.48628
  20
202.93076
  0
VERTEX
  5
640
  8
Layer_0
  10
284.53764
  20
202.30505
  0
VERTEX
  5
641
  8
Layer_0
  10
284.57637
  20
201.61719
  0
VERTEX
  5
642
  8
Layer_0
  10
284.6023
  20
200.88666
  0
VERTEX
  5
643
  8
Layer_0
  10
284.61521
  20
200.13295
  0
VERTEX
  5
644
  8
Layer_0
  10
284.61492
  20
199.37553
  0
VERTEX
  5
645
  8
Layer_0
  10
284.60121
  20
198.6339
  0
VERTEX
  5
646
  8
Layer_0
  10
284.5739
  20
197.92755
  0
VERTEX
  5
647
  8
Layer_0
  10
284.53278
  20
197.27595
  0
VERTEX
  5
648
  8
Layer_0
  10
284.47766
  20
196.6986
  0
VERTEX
  5
649
  8
Layer_0
  10
284.40833
  20
196.21497
  0
VERTEX
  5
64a
  8
Layer_0
  10
284.36828
  20
196.01439
  0
VERTEX
  5
64b
  8
Layer_0
  10
284.32461
  20
195.84456
  0
VERTEX
  5
64c
  8
Layer_0
  10
284.27729
  20
195.7079
  0
SEQEND
  0
POLYLINE
  5
64e
  8
Layer_0
  62
7
  70
1
  66
1
  10
0
  20
0
  30
0
  0
VERTEX
  5
64e
  8
Layer_0
  10
252.66194
  20
205.95544
  0
VERTEX
  5
64f
  8
Layer_0
  10
253.48716
  20
205.99904
  0
VERTEX
  5
650
  8
Layer_0
  10
254.40115
  20
206.03686
  0
VERTEX
  5
651
  8
Layer_0
  10
255.39494
  20
206.06894
  0
VERTEX
  5
652
  8
Layer_0
  10
256.45953
  20
206.0953
  0
VERTEX
  5
653
  8
Layer_0
  10
257.58595
  20
206.11598
  0
VERTEX
  5
654
  8
Layer_0
  10
258.76521
  20
206.13101
  0
VERTEX
  5
655
  8
Layer_0
  10
259.98833
  20
206.14043
  0
VERTEX
  5
656
  8
Layer_0
  10
261.24632
  20
206.14426
  0
VERTEX
  5
657
  8
Layer_0
  10
263.83101
  20
206.13533
  0
VERTEX
  5
658
  8
Layer_0
  10
266.4474
  20
206.10446
  0
VERTEX
  5
659
  8
Layer_0
  10
267.74502
  20
206.08088
  0
VERTEX
  5
65a
  8
Layer_0
  10
269.02362
  20
206.05192
  0
VERTEX
  5
65b
  8
Layer_0
  10
270.27422
  20
206.01761
  0
VERTEX
  5
65c
  8
Layer_0
  10
271.48782
  20
205.97799
  0
VERTEX
  5
65d
  8
Layer_0
  10
272.37139
  20
205.94637
  0
VERTEX
  5
65e
  8
Layer_0
  10
273.20026
  20
205.91951
  0
VERTEX
  5
65f
  8
Layer_0
  10
273.95568
  20
205.89793
  0
VERTEX
  5
660
  8
Layer_0
  10
274.61889
  20
205.88217
  0
VERTEX
  5
661
  8
Layer_0
  10
274.91006
  20
205.87663
  0
VERTEX
  5
662
  8
Layer_0
  10
275.17114
  20
205.87274
  0
VERTEX
  5
663
  8
Layer_0
  10
275.39979
  20
205.87058
  0
VERTEX
  5
664
  8
Layer_0
  10
275.59366
  20
205.87019
  0
VERTEX
  5
665
  8
Layer_0
  10
275.75041
  20
205.87165
  0
VERTEX
  5
666
  8
Layer_0
  10
275.86769
  20
205.87503
  0
VERTEX
  5
667
  8
Layer_0
  10
275.94316
  20
205.8804
  0
VERTEX
  5
668
  8
Layer_0
  10
275.97447
  20
205.8878
  0
VERTEX
  5
669
  8
Layer_0
  10
275.99738
  20
205.92737
  0
VERTEX
  5
66a
  8
Layer_0
  10
275.99922
  20
205.99402
  0
VERTEX
  5
66b
  8
Layer_0
  10
275.98111
  20
206.08576
  0
VERTEX
  5
66c
  8
Layer_0
  10
275.94417
  20
206.20063
  0
VERTEX
  5
66d
  8
Layer_0
  10
275.81832
  20
206.49179
  0
VERTEX
  5
66e
  8
Layer_0
  10
275.63064
  20
206.85164
  0
VERTEX
  5
66f
  8
Layer_0
  10
275.39012
  20
207.26434
  0
VERTEX
  5
670
  8
Layer_0
  10
275.10575
  20
207.71403
  0
VERTEX
  5
671
  8
Layer_0
  10
274.78649
  20
208.18485
  0
VERTEX
  5
672
  8
Layer_0
  10
274.44135
  20
208.66096
  0
VERTEX
  5
673
  8
Layer_0
  10
273.78673
  20
209.46807
  0
VERTEX
  5
674
  8
Layer_0
  10
273.0693
  20
210.22253
  0
VERTEX
  5
675
  8
Layer_0
  10
272.2944
  20
210.92243
  0
VERTEX
  5
676
  8
Layer_0
  10
271.46739
  20
211.56586
  0
VERTEX
  5
677
  8
Layer_0
  10
270.59362
  20
212.1509
  0
VERTEX
  5
678
  8
Layer_0
  10
269.67842
  20
212.67564
  0
VERTEX
  5
679
  8
Layer_0
  10
268.72717
  20
213.13815
  0
VERTEX
  5
67a
  8
Layer_0
  10
267.7452
  20
213.53652
  0
VERTEX
  5
67b
  8
Layer_0
  10
266.73786
  20
213.86884
  0
VERTEX
  5
67c
  8
Layer_0
  10
265.71051
  20
214.1332
  0
VERTEX
  5
67d
  8
Layer_0
  10
264.6685
  20
214.32767
  0
VERTEX
  5
67e
  8
Layer_0
  10
263.61717
  20
214.45034
  0
VERTEX
  5
67f
  8
Layer_0
  10
262.56188
  20
214.49929
  0
VERTEX
  5
680
  8
Layer_0
  10
261.50798
  20
214.47262
  0
VERTEX
  5
681
  8
Layer_0
  10
260.46081
  20
214.3684
  0
VERTEX
  5
682
  8
Layer_0
  10
259.42574
  20
214.18472
  0
VERTEX
  5
683
  8
Layer_0
  10
258.65398
  20
213.99574
  0
VERTEX
  5
684
  8
Layer_0
  10
257.89547
  20
213.76775
  0
VERTEX
  5
685
  8
Layer_0
  10
257.15183
  20
213.50192
  0
VERTEX
  5
686
  8
Layer_0
  10
256.42466
  20
213.19939
  0
VERTEX
  5
687
  8
Layer_0
  10
255.71559
  20
212.86133
  0
VERTEX
  5
688
  8
Layer_0
  10
255.02624
  20
212.48888
  0
VERTEX
  5
689
  8
Layer_0
  10
254.35822
  20
212.08322
  0
VERTEX
  5
68a
  8
Layer_0
  10
253.71315
  20
211.64548
  0
VERTEX
  5
68b
  8
Layer_0
  10
253.09266
  20
211.17683
  0
VERTEX
  5
68c
  8
Layer_0
  10
252.49836
  20
210.67842
  0
VERTEX
  5
68d
  8
Layer_0
  10
251.93186
  20
210.15142
  0
VERTEX
  5
68e
  8
Layer_0
  10
251.39479
  20
209.59697
  0
VERTEX
  5
68f
  8
Layer_0
  10
250.88877
  20
209.01623
  0
VERTEX
  5
690
  8
Layer_0
  10
250.41541
  20
208.41035
  0
VERTEX
  5
691
  8
Layer_0
  10
249.97633
  20
207.7805
  0
VERTEX
  5
692
  8
Layer_0
  10
249.57315
  20
207.12783
  0
VERTEX
  5
693
  8
Layer_0
  10
249.32303
  20
206.65754
  0
VERTEX
  5
694
  8
Layer_0
  10
249.12787
  20
206.25699
  0
VERTEX
  5
695
  8
Layer_0
  10
249.0575
  20
206.09675
  0
VERTEX
  5
696
  8
Layer_0
  10
249.0088
  20
205.97059
  0
VERTEX
  5
697
  8
Layer_0
  10
248.9844
  20
205.88406
  0
VERTEX
  5
698
  8
Layer_0
  10
248.98695
  20
205.84271
  0
VERTEX
  5
699
  8
Layer_0
  10
249.01411
  20
205.83531
  0
VERTEX
  5
69a
  8
Layer_0
  10
249.07736
  20
205.82999
  0
VERTEX
  5
69b
  8
Layer_0
  10
249.17476
  20
205.82671
  0
VERTEX
  5
69c
  8
Layer_0
  10
249.30436
  20
205.82545
  0
VERTEX
  5
69d
  8
Layer_0
  10
249.46421
  20
205.82617
  0
VERTEX
  5
69e
  8
Layer_0
  10
249.65237
  20
205.82884
  0
VERTEX
  5
69f
  8
Layer_0
  10
249.86688
  20
205.83343
  0
VERTEX
  5
6a0
  8
Layer_0
  10
250.1058
  20
205.83989
  0
VERTEX
  5
6a1
  8
Layer_0
  10
250.64906
  20
205.85834
  0
VERTEX
  5
6a2
  8
Layer_0
  10
251.26656
  20
205.88393
  0
VERTEX
  5
6a3
  8
Layer_0
  10
251.94272
  20
205.91638
  0
SEQEND
  0
POLYLINE
  5
6a5
  8
Layer_0
  62
7
  70
1
  66
1
  10
0
  20
0
  30
0
  0
VERTEX
  5
6a5
  8
Layer_0
  10
247.58911
  20
199.34947
  0
VERTEX
  5
6a6
  8
Layer_0
  10
248.69386
  20
197.61343
  0
VERTEX
  5
6a7
  8
Layer_0
  10
249.95644
  20
197.61343
  0
VERTEX
  5
6a8
  8
Layer_0
  10
251.21901
  20
197.61343
  0
VERTEX
  5
6a9
  8
Layer_0
  10
251.15137
  20
200.0484
  0
VERTEX
  5
6aa
  8
Layer_0
  10
251.08372
  20
202.46082
  0
VERTEX
  5
6ab
  8
Layer_0
  10
250.47499
  20
202.52846
  0
VERTEX
  5
6ac
  8
Layer_0
  10
249.8437
  20
202.5961
  0
VERTEX
  5
6ad
  8
Layer_0
  10
249.8437
  20
200.90515
  0
VERTEX
  5
6ae
  8
Layer_0
  10
249.84062
  20
200.55965
  0
VERTEX
  5
6af
  8
Layer_0
  10
249.83173
  20
200.23793
  0
VERTEX
  5
6b0
  8
Layer_0
  10
249.81755
  20
199.94686
  0
VERTEX
  5
6b1
  8
Layer_0
  10
249.79861
  20
199.6933
  0
VERTEX
  5
6b2
  8
Layer_0
  10
249.77545
  20
199.48413
  0
VERTEX
  5
6b3
  8
Layer_0
  10
249.74859
  20
199.32623
  0
VERTEX
  5
6b4
  8
Layer_0
  10
249.71856
  20
199.22644
  0
VERTEX
  5
6b5
  8
Layer_0
  10
249.68588
  20
199.19165
  0
VERTEX
  5
6b6
  8
Layer_0
  10
249.62423
  20
199.2264
  0
VERTEX
  5
6b7
  8
Layer_0
  10
249.52665
  20
199.32587
  0
VERTEX
  5
6b8
  8
Layer_0
  10
249.39736
  20
199.48295
  0
VERTEX
  5
6b9
  8
Layer_0
  10
249.2406
  20
199.69048
  0
VERTEX
  5
6ba
  8
Layer_0
  10
249.06058
  20
199.94135
  0
VERTEX
  5
6bb
  8
Layer_0
  10
248.86154
  20
200.22842
  0
VERTEX
  5
6bc
  8
Layer_0
  10
248.64771
  20
200.54454
  0
VERTEX
  5
6bd
  8
Layer_0
  10
248.42331
  20
200.8826
  0
VERTEX
  5
6be
  8
Layer_0
  10
247.34109
  20
202.57355
  0
VERTEX
  5
6bf
  8
Layer_0
  10
246.2589
  20
202.57355
  0
VERTEX
  5
6c0
  8
Layer_0
  10
245.82171
  20
202.55734
  0
VERTEX
  5
6c1
  8
Layer_0
  10
245.45006
  20
202.51155
  0
VERTEX
  5
6c2
  8
Layer_0
  10
245.30135
  20
202.47887
  0
VERTEX
  5
6c3
  8
Layer_0
  10
245.18408
  20
202.44039
  0
VERTEX
  5
6c4
  8
Layer_0
  10
245.10328
  20
202.39661
  0
VERTEX
  5
6c5
  8
Layer_0
  10
245.06395
  20
202.34809
  0
VERTEX
  5
6c6
  8
Layer_0
  10
245.05563
  20
202.26002
  0
VERTEX
  5
6c7
  8
Layer_0
  10
245.0481
  20
202.0874
  0
VERTEX
  5
6c8
  8
Layer_0
  10
245.04216
  20
201.8408
  0
VERTEX
  5
6c9
  8
Layer_0
  10
245.03859
  20
201.5308
  0
VERTEX
  5
6ca
  8
Layer_0
  10
245.03819
  20
201.16795
  0
VERTEX
  5
6cb
  8
Layer_0
  10
245.04176
  20
200.76283
  0
VERTEX
  5
6cc
  8
Layer_0
  10
245.05008
  20
200.326
  0
VERTEX
  5
6cd
  8
Layer_0
  10
245.06395
  20
199.86803
  0
VERTEX
  5
6ce
  8
Layer_0
  10
245.13159
  20
197.5909
  0
VERTEX
  5
6cf
  8
Layer_0
  10
245.74034
  20
197.65852
  0
VERTEX
  5
6d0
  8
Layer_0
  10
245.93493
  20
197.68596
  0
VERTEX
  5
6d1
  8
Layer_0
  10
246.08381
  20
197.73004
  0
VERTEX
  5
6d2
  8
Layer_0
  10
246.19412
  20
197.80952
  0
VERTEX
  5
6d3
  8
Layer_0
  10
246.27299
  20
197.94317
  0
VERTEX
  5
6d4
  8
Layer_0
  10
246.32755
  20
198.14974
  0
VERTEX
  5
6d5
  8
Layer_0
  10
246.36493
  20
198.44799
  0
VERTEX
  5
6d6
  8
Layer_0
  10
246.37941
  20
198.63736
  0
VERTEX
  5
6d7
  8
Layer_0
  10
246.39228
  20
198.85668
  0
VERTEX
  5
6d8
  8
Layer_0
  10
246.40441
  20
199.1083
  0
VERTEX
  5
6d9
  8
Layer_0
  10
246.41672
  20
199.39457
  0
VERTEX
  5
6da
  8
Layer_0
  10
246.48436
  20
201.08551
  0
SEQEND
  0
POLYLINE
  5
6dc
  8
Layer_0
  62
7
  70
1
  66
1
  10
0
  20
0
  30
0
  0
VERTEX
  5
6dc
  8
Layer_0
  10
251.87283
  20
200.09349
  0
VERTEX
  5
6dd
  8
Layer_0
  10
251.87283
  20
197.61343
  0
VERTEX
  5
6de
  8
Layer_0
  10
252.66194
  20
197.61343
  0
VERTEX
  5
6df
  8
Layer_0
  10
253.45105
  20
197.61343
  0
VERTEX
  5
6e0
  8
Layer_0
  10
253.45105
  20
200.09349
  0
VERTEX
  5
6e1
  8
Layer_0
  10
253.45105
  20
202.57355
  0
VERTEX
  5
6e2
  8
Layer_0
  10
252.66194
  20
202.57355
  0
VERTEX
  5
6e3
  8
Layer_0
  10
251.87283
  20
202.57355
  0
SEQEND
  0
POLYLINE
  5
6e5
  8
Layer_0
  62
7
  70
1
  66
1
  10
0
  20
0
  30
0
  0
VERTEX
  5
6e5
  8
Layer_0
  10
259.76392
  20
202.0099
  0
VERTEX
  5
6e6
  8
Layer_0
  10
259.75925
  20
201.82385
  0
VERTEX
  5
6e7
  8
Layer_0
  10
259.7308
  20
201.68404
  0
VERTEX
  5
6e8
  8
Layer_0
  10
259.65691
  20
201.58386
  0
VERTEX
  5
6e9
  8
Layer_0
  10
259.51591
  20
201.51671
  0
VERTEX
  5
6ea
  8
Layer_0
  10
259.41348
  20
201.49345
  0
VERTEX
  5
6eb
  8
Layer_0
  10
259.28614
  20
201.47597
  0
VERTEX
  5
6ec
  8
Layer_0
  10
259.13119
  20
201.46345
  0
VERTEX
  5
6ed
  8
Layer_0
  10
258.94593
  20
201.45506
  0
VERTEX
  5
6ee
  8
Layer_0
  10
258.72764
  20
201.44996
  0
VERTEX
  5
6ef
  8
Layer_0
  10
258.47361
  20
201.44735
  0
VERTEX
  5
6f0
  8
Layer_0
  10
258.18114
  20
201.44639
  0
VERTEX
  5
6f1
  8
Layer_0
  10
257.84752
  20
201.44625
  0
VERTEX
  5
6f2
  8
Layer_0
  10
257.44799
  20
201.44211
  0
VERTEX
  5
6f3
  8
Layer_0
  10
257.08201
  20
201.43004
  0
VERTEX
  5
6f4
  8
Layer_0
  10
256.75567
  20
201.41058
  0
VERTEX
  5
6f5
  8
Layer_0
  10
256.47503
  20
201.38425
  0
VERTEX
  5
6f6
  8
Layer_0
  10
256.24618
  20
201.35157
  0
VERTEX
  5
6f7
  8
Layer_0
  10
256.07519
  20
201.31309
  0
VERTEX
  5
6f8
  8
Layer_0
  10
255.96814
  20
201.26932
  0
VERTEX
  5
6f9
  8
Layer_0
  10
255.93111
  20
201.22079
  0
VERTEX
  5
6fa
  8
Layer_0
  10
255.95471
  20
201.13373
  0
VERTEX
  5
6fb
  8
Layer_0
  10
256.03115
  20
201.05698
  0
VERTEX
  5
6fc
  8
Layer_0
  10
256.1689
  20
200.98815
  0
VERTEX
  5
6fd
  8
Layer_0
  10
256.37639
  20
200.92487
  0
VERTEX
  5
6fe
  8
Layer_0
  10
256.66209
  20
200.86477
  0
VERTEX
  5
6ff
  8
Layer_0
  10
257.03445
  20
200.80545
  0
VERTEX
  5
700
  8
Layer_0
  10
257.25578
  20
200.77535
  0
VERTEX
  5
701
  8
Layer_0
  10
257.50193
  20
200.74455
  0
VERTEX
  5
702
  8
Layer_0
  10
257.77398
  20
200.71276
  0
VERTEX
  5
703
  8
Layer_0
  10
258.07298
  20
200.67969
  0
VERTEX
  5
704
  8
Layer_0
  10
258.56666
  20
200.59827
  0
VERTEX
  5
705
  8
Layer_0
  10
258.98292
  20
200.47219
  0
VERTEX
  5
706
  8
Layer_0
  10
259.32256
  20
200.30121
  0
VERTEX
  5
707
  8
Layer_0
  10
259.58637
  20
200.08504
  0
VERTEX
  5
708
  8
Layer_0
  10
259.77515
  20
199.82343
  0
VERTEX
  5
709
  8
Layer_0
  10
259.88969
  20
199.5161
  0
VERTEX
  5
70a
  8
Layer_0
  10
259.93077
  20
199.16281
  0
VERTEX
  5
70b
  8
Layer_0
  10
259.8992
  20
198.76328
  0
VERTEX
  5
70c
  8
Layer_0
  10
259.82945
  20
198.44693
  0
VERTEX
  5
70d
  8
Layer_0
  10
259.73011
  20
198.16018
  0
VERTEX
  5
70e
  8
Layer_0
  10
259.61386
  20
197.9326
  0
VERTEX
  5
70f
  8
Layer_0
  10
259.49338
  20
197.7938
  0
VERTEX
  5
710
  8
Layer_0
  10
259.3854
  20
197.76016
  0
VERTEX
  5
711
  8
Layer_0
  10
259.1876
  20
197.72758
  0
VERTEX
  5
712
  8
Layer_0
  10
258.91158
  20
197.6971
  0
VERTEX
  5
713
  8
Layer_0
  10
258.56899
  20
197.6698
  0
VERTEX
  5
714
  8
Layer_0
  10
258.17144
  20
197.64673
  0
VERTEX
  5
715
  8
Layer_0
  10
257.73056
  20
197.62894
  0
VERTEX
  5
716
  8
Layer_0
  10
257.25797
  20
197.61749
  0
VERTEX
  5
717
  8
Layer_0
  10
256.7653
  20
197.61344
  0
VERTEX
  5
718
  8
Layer_0
  10
256.34042
  20
197.61356
  0
VERTEX
  5
719
  8
Layer_0
  10
255.96818
  20
197.61445
  0
VERTEX
  5
71a
  8
Layer_0
  10
255.64522
  20
197.61685
  0
VERTEX
  5
71b
  8
Layer_0
  10
255.36816
  20
197.62154
  0
VERTEX
  5
71c
  8
Layer_0
  10
255.13364
  20
197.62926
  0
VERTEX
  5
71d
  8
Layer_0
  10
254.93829
  20
197.64078
  0
VERTEX
  5
71e
  8
Layer_0
  10
254.77874
  20
197.65686
  0
VERTEX
  5
71f
  8
Layer_0
  10
254.65163
  20
197.67826
  0
VERTEX
  5
720
  8
Layer_0
  10
254.48121
  20
197.74004
  0
VERTEX
  5
721
  8
Layer_0
  10
254.4001
  20
197.8322
  0
VERTEX
  5
722
  8
Layer_0
  10
254.38134
  20
197.96083
  0
VERTEX
  5
723
  8
Layer_0
  10
254.39798
  20
198.13199
  0
VERTEX
  5
724
  8
Layer_0
  10
254.42881
  20
198.28938
  0
VERTEX
  5
725
  8
Layer_0
  10
254.48394
  20
198.4103
  0
VERTEX
  5
726
  8
Layer_0
  10
254.58346
  20
198.50057
  0
VERTEX
  5
727
  8
Layer_0
  10
254.74745
  20
198.566
  0
VERTEX
  5
728
  8
Layer_0
  10
254.85989
  20
198.59122
  0
VERTEX
  5
729
  8
Layer_0
  10
254.99598
  20
198.61242
  0
VERTEX
  5
72a
  8
Layer_0
  10
255.15823
  20
198.63031
  0
VERTEX
  5
72b
  8
Layer_0
  10
255.34914
  20
198.64562
  0
VERTEX
  5
72c
  8
Layer_0
  10
255.57123
  20
198.65908
  0
VERTEX
  5
72d
  8
Layer_0
  10
255.82701
  20
198.67142
  0
VERTEX
  5
72e
  8
Layer_0
  10
256.11898
  20
198.68337
  0
VERTEX
  5
72f
  8
Layer_0
  10
256.44966
  20
198.69564
  0
VERTEX
  5
730
  8
Layer_0
  10
256.88319
  20
198.71268
  0
VERTEX
  5
731
  8
Layer_0
  10
257.26207
  20
198.73787
  0
VERTEX
  5
732
  8
Layer_0
  10
257.58605
  20
198.7704
  0
VERTEX
  5
733
  8
Layer_0
  10
257.85491
  20
198.80943
  0
VERTEX
  5
734
  8
Layer_0
  10
258.06842
  20
198.85414
  0
VERTEX
  5
735
  8
Layer_0
  10
258.22635
  20
198.90371
  0
VERTEX
  5
736
  8
Layer_0
  10
258.32846
  20
198.9573
  0
VERTEX
  5
737
  8
Layer_0
  10
258.37453
  20
199.0141
  0
VERTEX
  5
738
  8
Layer_0
  10
258.36432
  20
199.07328
  0
VERTEX
  5
739
  8
Layer_0
  10
258.2976
  20
199.13401
  0
VERTEX
  5
73a
  8
Layer_0
  10
258.17414
  20
199.19547
  0
VERTEX
  5
73b
  8
Layer_0
  10
257.99371
  20
199.25683
  0
VERTEX
  5
73c
  8
Layer_0
  10
257.75609
  20
199.31726
  0
VERTEX
  5
73d
  8
Layer_0
  10
257.46102
  20
199.37594
  0
VERTEX
  5
73e
  8
Layer_0
  10
257.1083
  20
199.43205
  0
VERTEX
  5
73f
  8
Layer_0
  10
256.69768
  20
199.48475
  0
VERTEX
  5
740
  8
Layer_0
  10
256.28326
  20
199.52949
  0
VERTEX
  5
741
  8
Layer_0
  10
255.93146
  20
199.58057
  0
VERTEX
  5
742
  8
Layer_0
  10
255.63515
  20
199.64011
  0
VERTEX
  5
743
  8
Layer_0
  10
255.38719
  20
199.71021
  0
VERTEX
  5
744
  8
Layer_0
  10
255.18044
  20
199.793
  0
VERTEX
  5
745
  8
Layer_0
  10
255.00778
  20
199.89058
  0
VERTEX
  5
746
  8
Layer_0
  10
254.86207
  20
200.00507
  0
VERTEX
  5
747
  8
Layer_0
  10
254.73618
  20
200.13858
  0
VERTEX
  5
748
  8
Layer_0
  10
254.59117
  20
200.35453
  0
VERTEX
  5
749
  8
Layer_0
  10
254.49345
  20
200.60641
  0
VERTEX
  5
74a
  8
Layer_0
  10
254.44171
  20
200.88366
  0
VERTEX
  5
74b
  8
Layer_0
  10
254.43462
  20
201.1757
  0
VERTEX
  5
74c
  8
Layer_0
  10
254.47086
  20
201.47197
  0
VERTEX
  5
74d
  8
Layer_0
  10
254.54911
  20
201.76189
  0
VERTEX
  5
74e
  8
Layer_0
  10
254.66805
  20
202.03491
  0
VERTEX
  5
74f
  8
Layer_0
  10
254.82635
  20
202.28045
  0
VERTEX
  5
750
  8
Layer_0
  10
254.9202
  20
202.3513
  0
VERTEX
  5
751
  8
Layer_0
  10
255.06978
  20
202.41185
  0
VERTEX
  5
752
  8
Layer_0
  10
255.28014
  20
202.46236
  0
VERTEX
  5
753
  8
Layer_0
  10
255.55628
  20
202.50309
  0
VERTEX
  5
754
  8
Layer_0
  10
255.90324
  20
202.53431
  0
VERTEX
  5
755
  8
Layer_0
  10
256.32602
  20
202.55629
  0
VERTEX
  5
756
  8
Layer_0
  10
256.82965
  20
202.56928
  0
VERTEX
  5
757
  8
Layer_0
  10
257.41914
  20
202.57355
  0
VERTEX
  5
758
  8
Layer_0
  10
259.76392
  20
202.57355
  0
VERTEX
  5
759
  8
Layer_0
  10
259.76392
  20
202.0099
  0
SEQEND
  0
POLYLINE
  5
75b
  8
Layer_0
  62
7
  70
1
  66
1
  10
0
  20
0
  30
0
  0
VERTEX
  5
75b
  8
Layer_0
  10
260.77849
  20
198.06436
  0
VERTEX
  5
75c
  8
Layer_0
  10
260.78421
  20
198.25054
  0
VERTEX
  5
75d
  8
Layer_0
  10
260.81583
  20
198.39127
  0
VERTEX
  5
75e
  8
Layer_0
  10
260.895
  20
198.49396
  0
VERTEX
  5
75f
  8
Layer_0
  10
261.0434
  20
198.566
  0
VERTEX
  5
760
  8
Layer_0
  10
261.15033
  20
198.59284
  0
VERTEX
  5
761
  8
Layer_0
  10
261.28269
  20
198.61479
  0
VERTEX
  5
762
  8
Layer_0
  10
261.44319
  20
198.63278
  0
VERTEX
  5
763
  8
Layer_0
  10
261.63453
  20
198.64773
  0
VERTEX
  5
764
  8
Layer_0
  10
261.85943
  20
198.66057
  0
VERTEX
  5
765
  8
Layer_0
  10
262.1206
  20
198.67222
  0
VERTEX
  5
766
  8
Layer_0
  10
262.42073
  20
198.6836
  0
VERTEX
  5
767
  8
Layer_0
  10
262.76254
  20
198.69564
  0
VERTEX
  5
768
  8
Layer_0
  10
263.20296
  20
198.71616
  0
VERTEX
  5
769
  8
Layer_0
  10
263.58569
  20
198.74351
  0
VERTEX
  5
76a
  8
Layer_0
  10
263.91062
  20
198.77713
  0
VERTEX
  5
76b
  8
Layer_0
  10
264.17765
  20
198.81647
  0
VERTEX
  5
76c
  8
Layer_0
  10
264.38669
  20
198.86097
  0
VERTEX
  5
76d
  8
Layer_0
  10
264.53763
  20
198.91005
  0
VERTEX
  5
76e
  8
Layer_0
  10
264.63039
  20
198.96316
  0
VERTEX
  5
76f
  8
Layer_0
  10
264.66485
  20
199.01974
  0
VERTEX
  5
770
  8
Layer_0
  10
264.64092
  20
199.07923
  0
VERTEX
  5
771
  8
Layer_0
  10
264.5585
  20
199.14106
  0
VERTEX
  5
772
  8
Layer_0
  10
264.4175
  20
199.20467
  0
VERTEX
  5
773
  8
Layer_0
  10
264.2178
  20
199.26951
  0
VERTEX
  5
774
  8
Layer_0
  10
263.95932
  20
199.335
  0
VERTEX
  5
775
  8
Layer_0
  10
263.64196
  20
199.4006
  0
VERTEX
  5
776
  8
Layer_0
  10
263.26561
  20
199.46573
  0
VERTEX
  5
777
  8
Layer_0
  10
262.83017
  20
199.52984
  0
VERTEX
  5
778
  8
Layer_0
  10
262.44724
  20
199.59198
  0
VERTEX
  5
779
  8
Layer_0
  10
262.09602
  20
199.65913
  0
VERTEX
  5
77a
  8
Layer_0
  10
261.78073
  20
199.72998
  0
VERTEX
  5
77b
  8
Layer_0
  10
261.5056
  20
199.80321
  0
VERTEX
  5
77c
  8
Layer_0
  10
261.27485
  20
199.8775
  0
VERTEX
  5
77d
  8
Layer_0
  10
261.09272
  20
199.95152
  0
VERTEX
  5
77e
  8
Layer_0
  10
260.96344
  20
200.02396
  0
VERTEX
  5
77f
  8
Layer_0
  10
260.89122
  20
200.09349
  0
VERTEX
  5
780
  8
Layer_0
  10
260.78426
  20
200.31948
  0
VERTEX
  5
781
  8
Layer_0
  10
260.71614
  20
200.58246
  0
VERTEX
  5
782
  8
Layer_0
  10
260.68554
  20
200.86869
  0
VERTEX
  5
783
  8
Layer_0
  10
260.69113
  20
201.16443
  0
VERTEX
  5
784
  8
Layer_0
  10
260.7316
  20
201.45594
  0
VERTEX
  5
785
  8
Layer_0
  10
260.80562
  20
201.72948
  0
VERTEX
  5
786
  8
Layer_0
  10
260.91187
  20
201.97132
  0
VERTEX
  5
787
  8
Layer_0
  10
261.04904
  20
202.16772
  0
VERTEX
  5
788
  8
Layer_0
  10
261.16776
  20
202.28226
  0
VERTEX
  5
789
  8
Layer_0
  10
261.31396
  20
202.37381
  0
VERTEX
  5
78a
  8
Layer_0
  10
261.50243
  20
202.44475
  0
VERTEX
  5
78b
  8
Layer_0
  10
261.74797
  20
202.49746
  0
VERTEX
  5
78c
  8
Layer_0
  10
262.06537
  20
202.53431
  0
VERTEX
  5
78d
  8
Layer_0
  10
262.46944
  20
202.55769
  0
VERTEX
  5
78e
  8
Layer_0
  10
262.70859
  20
202.56508
  0
VERTEX
  5
78f
  8
Layer_0
  10
262.97496
  20
202.56998
  0
VERTEX
  5
790
  8
Layer_0
  10
263.2704
  20
202.57271
  0
VERTEX
  5
791
  8
Layer_0
  10
263.59674
  20
202.57355
  0
VERTEX
  5
792
  8
Layer_0
  10
264.03586
  20
202.57051
  0
VERTEX
  5
793
  8
Layer_0
  10
264.45067
  20
202.56192
  0
VERTEX
  5
794
  8
Layer_0
  10
264.83166
  20
202.54858
  0
VERTEX
  5
795
  8
Layer_0
  10
265.16932
  20
202.53127
  0
VERTEX
  5
796
  8
Layer_0
  10
265.45413
  20
202.5108
  0
VERTEX
  5
797
  8
Layer_0
  10
265.6766
  20
202.48794
  0
VERTEX
  5
798
  8
Layer_0
  10
265.8272
  20
202.4635
  0
VERTEX
  5
799
  8
Layer_0
  10
265.89642
  20
202.43827
  0
VERTEX
  5
79a
  8
Layer_0
  10
265.93799
  20
202.3569
  0
VERTEX
  5
79b
  8
Layer_0
  10
265.95843
  20
202.2269
  0
VERTEX
  5
79c
  8
Layer_0
  10
265.95349
  20
202.06732
  0
VERTEX
  5
79d
  8
Layer_0
  10
265.91898
  20
201.89717
  0
VERTEX
  5
79e
  8
Layer_0
  10
265.87445
  20
201.76766
  0
VERTEX
  5
79f
  8
Layer_0
  10
265.79955
  20
201.66431
  0
VERTEX
  5
7a0
  8
Layer_0
  10
265.68079
  20
201.58368
  0
VERTEX
  5
7a1
  8
Layer_0
  10
265.50469
  20
201.52234
  0
VERTEX
  5
7a2
  8
Layer_0
  10
265.25779
  20
201.47685
  0
VERTEX
  5
7a3
  8
Layer_0
  10
264.9266
  20
201.44378
  0
VERTEX
  5
7a4
  8
Layer_0
  10
264.72519
  20
201.43083
  0
VERTEX
  5
7a5
  8
Layer_0
  10
264.49765
  20
201.4197
  0
VERTEX
  5
7a6
  8
Layer_0
  10
264.24231
  20
201.40995
  0
VERTEX
  5
7a7
  8
Layer_0
  10
263.95747
  20
201.40116
  0
VERTEX
  5
7a8
  8
Layer_0
  10
263.56754
  20
201.38117
  0
VERTEX
  5
7a9
  8
Layer_0
  10
263.22645
  20
201.35541
  0
VERTEX
  5
7aa
  8
Layer_0
  10
262.93443
  20
201.32442
  0
VERTEX
  5
7ab
  8
Layer_0
  10
262.69173
  20
201.28878
  0
VERTEX
  5
7ac
  8
Layer_0
  10
262.49856
  20
201.24904
  0
VERTEX
  5
7ad
  8
Layer_0
  10
262.35517
  20
201.20577
  0
VERTEX
  5
7ae
  8
Layer_0
  10
262.26177
  20
201.15953
  0
VERTEX
  5
7af
  8
Layer_0
  10
262.21861
  20
201.11088
  0
VERTEX
  5
7b0
  8
Layer_0
  10
262.22592
  20
201.06038
  0
VERTEX
  5
7b1
  8
Layer_0
  10
262.28392
  20
201.00859
  0
VERTEX
  5
7b2
  8
Layer_0
  10
262.39285
  20
200.95607
  0
VERTEX
  5
7b3
  8
Layer_0
  10
262.55293
  20
200.90339
  0
VERTEX
  5
7b4
  8
Layer_0
  10
262.7644
  20
200.8511
  0
VERTEX
  5
7b5
  8
Layer_0
  10
263.0275
  20
200.79977
  0
VERTEX
  5
7b6
  8
Layer_0
  10
263.34244
  20
200.74996
  0
VERTEX
  5
7b7
  8
Layer_0
  10
263.70947
  20
200.70223
  0
VERTEX
  5
7b8
  8
Layer_0
  10
264.0816
  20
200.66023
  0
VERTEX
  5
7b9
  8
Layer_0
  10
264.4132
  20
200.61773
  0
VERTEX
  5
7ba
  8
Layer_0
  10
264.70655
  20
200.57318
  0
VERTEX
  5
7bb
  8
Layer_0
  10
264.96394
  20
200.52504
  0
VERTEX
  5
7bc
  8
Layer_0
  10
265.18765
  20
200.47174
  0
VERTEX
  5
7bd
  8
Layer_0
  10
265.37994
  20
200.41173
  0
VERTEX
  5
7be
  8
Layer_0
  10
265.54311
  20
200.34347
  0
VERTEX
  5
7bf
  8
Layer_0
  10
265.67942
  20
200.26541
  0
VERTEX
  5
7c0
  8
Layer_0
  10
265.88062
  20
200.07363
  0
VERTEX
  5
7c1
  8
Layer_0
  10
266.00176
  20
199.824
  0
VERTEX
  5
7c2
  8
Layer_0
  10
266.06108
  20
199.50408
  0
VERTEX
  5
7c3
  8
Layer_0
  10
266.0768
  20
199.10147
  0
VERTEX
  5
7c4
  8
Layer_0
  10
266.05355
  20
198.70198
  0
VERTEX
  5
7c5
  8
Layer_0
  10
265.99225
  20
198.34054
  0
VERTEX
  5
7c6
  8
Layer_0
  10
265.95129
  20
198.18598
  0
VERTEX
  5
7c7
  8
Layer_0
  10
265.90558
  20
198.0552
  0
VERTEX
  5
7c8
  8
Layer_0
  10
265.85671
  20
197.95295
  0
VERTEX
  5
7c9
  8
Layer_0
  10
265.80624
  20
197.88399
  0
VERTEX
  5
7ca
  8
Layer_0
  10
265.70025
  20
197.84088
  0
VERTEX
  5
7cb
  8
Layer_0
  10
265.50786
  20
197.79697
  0
VERTEX
  5
7cc
  8
Layer_0
  10
265.23991
  20
197.7536
  0
VERTEX
  5
7cd
  8
Layer_0
  10
264.90722
  20
197.71207
  0
VERTEX
  5
7ce
  8
Layer_0
  10
264.52063
  20
197.67372
  0
VERTEX
  5
7cf
  8
Layer_0
  10
264.09098
  20
197.63986
  0
VERTEX
  5
7d0
  8
Layer_0
  10
263.6291
  20
197.61181
  0
VERTEX
  5
7d1
  8
Layer_0
  10
263.14581
  20
197.59089
  0
VERTEX
  5
7d2
  8
Layer_0
  10
260.7785
  20
197.5007
  0
VERTEX
  5
7d3
  8
Layer_0
  10
260.7785
  20
198.06436
  0
SEQEND
  0
POLYLINE
  5
7d5
  8
Layer_0
  62
7
  70
1
  66
1
  10
0
  20
0
  30
0
  0
VERTEX
  5
7d5
  8
Layer_0
  10
267.81284
  20
197.59089
  0
VERTEX
  5
7d6
  8
Layer_0
  10
267.9238
  20
197.62999
  0
VERTEX
  5
7d7
  8
Layer_0
  10
268.04111
  20
197.73462
  0
VERTEX
  5
7d8
  8
Layer_0
  10
268.14573
  20
197.88575
  0
VERTEX
  5
7d9
  8
Layer_0
  10
268.21866
  20
198.06436
  0
VERTEX
  5
7da
  8
Layer_0
  10
268.26807
  20
198.19378
  0
VERTEX
  5
7db
  8
Layer_0
  10
268.33914
  20
198.29651
  0
VERTEX
  5
7dc
  8
Layer_0
  10
268.44298
  20
198.37546
  0
VERTEX
  5
7dd
  8
Layer_0
  10
268.59067
  20
198.43355
  0
VERTEX
  5
7de
  8
Layer_0
  10
268.79332
  20
198.47366
  0
VERTEX
  5
7df
  8
Layer_0
  10
269.06202
  20
198.49872
  0
VERTEX
  5
7e0
  8
Layer_0
  10
269.40787
  20
198.51162
  0
VERTEX
  5
7e1
  8
Layer_0
  10
269.84196
  20
198.51527
  0
VERTEX
  5
7e2
  8
Layer_0
  10
270.26858
  20
198.51162
  0
VERTEX
  5
7e3
  8
Layer_0
  10
270.60853
  20
198.49872
  0
VERTEX
  5
7e4
  8
Layer_0
  10
270.87239
  20
198.47366
  0
VERTEX
  5
7e5
  8
Layer_0
  10
271.07072
  20
198.43355
  0
VERTEX
  5
7e6
  8
Layer_0
  10
271.2141
  20
198.37546
  0
VERTEX
  5
7e7
  8
Layer_0
  10
271.31309
  20
198.29651
  0
VERTEX
  5
7e8
  8
Layer_0
  10
271.37826
  20
198.19378
  0
VERTEX
  5
7e9
  8
Layer_0
  10
271.42018
  20
198.06436
  0
VERTEX
  5
7ea
  8
Layer_0
  10
271.49769
  20
197.88575
  0
VERTEX
  5
7eb
  8
Layer_0
  10
271.61746
  20
197.73462
  0
VERTEX
  5
7ec
  8
Layer_0
  10
271.7626
  20
197.62999
  0
VERTEX
  5
7ed
  8
Layer_0
  10
271.9162
  20
197.59089
  0
VERTEX
  5
7ee
  8
Layer_0
  10
272.25686
  20
197.58032
  0
VERTEX
  5
7ef
  8
Layer_0
  10
272.5954
  20
197.6078
  0
VERTEX
  5
7f0
  8
Layer_0
  10
272.74472
  20
197.63184
  0
VERTEX
  5
7f1
  8
Layer_0
  10
272.87053
  20
197.66064
  0
VERTEX
  5
7f2
  8
Layer_0
  10
272.96516
  20
197.69261
  0
VERTEX
  5
7f3
  8
Layer_0
  10
273.02095
  20
197.72617
  0
VERTEX
  5
7f4
  8
Layer_0
  10
273.01531
  20
197.79107
  0
VERTEX
  5
7f5
  8
Layer_0
  10
272.9674
  20
197.94528
  0
VERTEX
  5
7f6
  8
Layer_0
  10
272.88145
  20
198.17876
  0
VERTEX
  5
7f7
  8
Layer_0
  10
272.76167
  20
198.48146
  0
VERTEX
  5
7f8
  8
Layer_0
  10
272.61231
  20
198.84334
  0
VERTEX
  5
7f9
  8
Layer_0
  10
272.43758
  20
199.25436
  0
VERTEX
  5
7fa
  8
Layer_0
  10
272.24171
  20
199.70449
  0
VERTEX
  5
7fb
  8
Layer_0
  10
272.02893
  20
200.18368
  0
VERTEX
  5
7fc
  8
Layer_0
  10
270.96927
  20
202.57355
  0
VERTEX
  5
7fd
  8
Layer_0
  10
269.88705
  20
202.57355
  0
VERTEX
  5
7fe
  8
Layer_0
  10
269.44882
  20
202.55347
  0
VERTEX
  5
7ff
  8
Layer_0
  10
269.06977
  20
202.49745
  0
VERTEX
  5
800
  8
Layer_0
  10
268.913
  20
202.45796
  0
VERTEX
  5
801
  8
Layer_0
  10
268.78371
  20
202.41185
  0
VERTEX
  5
802
  8
Layer_0
  10
268.68613
  20
202.35993
  0
VERTEX
  5
803
  8
Layer_0
  10
268.62448
  20
202.303
  0
VERTEX
  5
804
  8
Layer_0
  10
268.55264
  20
202.17406
  0
VERTEX
  5
805
  8
Layer_0
  10
268.45032
  20
201.9722
  0
VERTEX
  5
806
  8
Layer_0
  10
268.32244
  20
201.70852
  0
VERTEX
  5
807
  8
Layer_0
  10
268.17392
  20
201.39411
  0
VERTEX
  5
808
  8
Layer_0
  10
267.83463
  20
200.65749
  0
VERTEX
  5
809
  8
Layer_0
  10
267.47182
  20
199.85112
  0
VERTEX
  5
80a
  8
Layer_0
  10
267.2939
  20
199.44952
  0
VERTEX
  5
80b
  8
Layer_0
  10
267.12487
  20
199.06378
  0
VERTEX
  5
80c
  8
Layer_0
  10
266.96964
  20
198.70498
  0
VERTEX
  5
80d
  8
Layer_0
  10
266.83314
  20
198.38423
  0
VERTEX
  5
80e
  8
Layer_0
  10
266.72028
  20
198.11262
  0
VERTEX
  5
80f
  8
Layer_0
  10
266.63599
  20
197.90125
  0
VERTEX
  5
810
  8
Layer_0
  10
266.58519
  20
197.76122
  0
VERTEX
  5
811
  8
Layer_0
  10
266.5728
  20
197.70362
  0
VERTEX
  5
812
  8
Layer_0
  10
266.63811
  20
197.67751
  0
VERTEX
  5
813
  8
Layer_0
  10
266.75705
  20
197.65113
  0
VERTEX
  5
814
  8
Layer_0
  10
266.91562
  20
197.62634
  0
VERTEX
  5
815
  8
Layer_0
  10
267.09982
  20
197.60498
  0
VERTEX
  5
816
  8
Layer_0
  10
267.48909
  20
197.57997
  0
SEQEND
  0
POLYLINE
  5
818
  8
Layer_0
  62
7
  70
1
  66
1
  10
0
  20
0
  30
0
  0
VERTEX
  5
818
  8
Layer_0
  10
269.97725
  20
199.68766
  0
VERTEX
  5
819
  8
Layer_0
  10
269.6616
  20
199.66618
  0
VERTEX
  5
81a
  8
Layer_0
  10
269.37978
  20
199.66794
  0
VERTEX
  5
81b
  8
Layer_0
  10
269.26212
  20
199.67688
  0
VERTEX
  5
81c
  8
Layer_0
  10
269.16559
  20
199.69084
  0
VERTEX
  5
81d
  8
Layer_0
  10
269.09443
  20
199.70955
  0
VERTEX
  5
81e
  8
Layer_0
  10
269.05286
  20
199.73276
  0
VERTEX
  5
81f
  8
Layer_0
  10
269.02953
  20
199.78172
  0
VERTEX
  5
820
  8
Layer_0
  10
269.02582
  20
199.85817
  0
VERTEX
  5
821
  8
Layer_0
  10
269.03968
  20
199.95786
  0
VERTEX
  5
822
  8
Layer_0
  10
269.06906
  20
200.07658
  0
VERTEX
  5
823
  8
Layer_0
  10
269.16621
  20
200.35418
  0
VERTEX
  5
824
  8
Layer_0
  10
269.30086
  20
200.65714
  0
VERTEX
  5
825
  8
Layer_0
  10
269.45666
  20
200.95165
  0
VERTEX
  5
826
  8
Layer_0
  10
269.61721
  20
201.20388
  0
VERTEX
  5
827
  8
Layer_0
  10
269.69415
  20
201.30358
  0
VERTEX
  5
828
  8
Layer_0
  10
269.76613
  20
201.38002
  0
VERTEX
  5
829
  8
Layer_0
  10
269.83112
  20
201.42899
  0
VERTEX
  5
82a
  8
Layer_0
  10
269.88705
  20
201.44625
  0
VERTEX
  5
82b
  8
Layer_0
  10
269.93527
  20
201.4289
  0
VERTEX
  5
82c
  8
Layer_0
  10
269.9938
  20
201.37932
  0
VERTEX
  5
82d
  8
Layer_0
  10
270.06025
  20
201.3012
  0
VERTEX
  5
82e
  8
Layer_0
  10
270.13225
  20
201.19824
  0
VERTEX
  5
82f
  8
Layer_0
  10
270.28338
  20
200.93262
  0
VERTEX
  5
830
  8
Layer_0
  10
270.42816
  20
200.61205
  0
VERTEX
  5
831
  8
Layer_0
  10
270.76636
  20
199.75531
  0
VERTEX
  5
832
  8
Layer_0
  10
269.97723
  20
199.68767
  0
SEQEND
  0
POLYLINE
  5
834
  8
Layer_0
  62
7
  70
1
  66
1
  10
0
  20
0
  30
0
  0
VERTEX
  5
834
  8
Layer_0
  10
274.53152
  20
197.61344
  0
VERTEX
  5
835
  8
Layer_0
  10
274.7111
  20
197.61859
  0
VERTEX
  5
836
  8
Layer_0
  10
274.84788
  20
197.6462
  0
VERTEX
  5
837
  8
Layer_0
  10
274.94766
  20
197.7145
  0
VERTEX
  5
838
  8
Layer_0
  10
275.01627
  20
197.84171
  0
VERTEX
  5
839
  8
Layer_0
  10
275.05951
  20
198.04608
  0
VERTEX
  5
83a
  8
Layer_0
  10
275.08321
  20
198.34583
  0
VERTEX
  5
83b
  8
Layer_0
  10
275.08954
  20
198.53717
  0
VERTEX
  5
83c
  8
Layer_0
  10
275.09316
  20
198.75919
  0
VERTEX
  5
83d
  8
Layer_0
  10
275.0948
  20
199.01417
  0
VERTEX
  5
83e
  8
Layer_0
  10
275.09518
  20
199.30438
  0
VERTEX
  5
83f
  8
Layer_0
  10
275.09831
  20
199.64244
  0
VERTEX
  5
840
  8
Layer_0
  10
275.10751
  20
199.95857
  0
VERTEX
  5
841
  8
Layer_0
  10
275.12253
  20
200.24563
  0
VERTEX
  5
842
  8
Layer_0
  10
275.14309
  20
200.4965
  0
VERTEX
  5
843
  8
Layer_0
  10
275.16894
  20
200.70404
  0
VERTEX
  5
844
  8
Layer_0
  10
275.1998
  20
200.86111
  0
VERTEX
  5
845
  8
Layer_0
  10
275.23543
  20
200.96059
  0
VERTEX
  5
846
  8
Layer_0
  10
275.27554
  20
200.99533
  0
VERTEX
  5
847
  8
Layer_0
  10
275.32971
  20
200.96059
  0
VERTEX
  5
848
  8
Layer_0
  10
275.42139
  20
200.86111
  0
VERTEX
  5
849
  8
Layer_0
  10
275.54583
  20
200.70404
  0
VERTEX
  5
84a
  8
Layer_0
  10
275.69828
  20
200.4965
  0
VERTEX
  5
84b
  8
Layer_0
  10
275.87398
  20
200.24563
  0
VERTEX
  5
84c
  8
Layer_0
  10
276.06817
  20
199.95857
  0
VERTEX
  5
84d
  8
Layer_0
  10
276.27611
  20
199.64244
  0
VERTEX
  5
84e
  8
Layer_0
  10
276.49303
  20
199.30438
  0
VERTEX
  5
84f
  8
Layer_0
  10
277.55267
  20
197.61343
  0
VERTEX
  5
850
  8
Layer_0
  10
278.70251
  20
197.61343
  0
VERTEX
  5
851
  8
Layer_0
  10
279.82983
  20
197.61343
  0
VERTEX
  5
852
  8
Layer_0
  10
279.82983
  20
200.09349
  0
VERTEX
  5
853
  8
Layer_0
  10
279.82983
  20
202.57355
  0
VERTEX
  5
854
  8
Layer_0
  10
279.26617
  20
202.57355
  0
VERTEX
  5
855
  8
Layer_0
  10
279.08013
  20
202.5691
  0
VERTEX
  5
856
  8
Layer_0
  10
278.94032
  20
202.54219
  0
VERTEX
  5
857
  8
Layer_0
  10
278.84014
  20
202.47249
  0
VERTEX
  5
858
  8
Layer_0
  10
278.77299
  20
202.33963
  0
VERTEX
  5
859
  8
Layer_0
  10
278.74973
  20
202.24317
  0
VERTEX
  5
85a
  8
Layer_0
  10
278.73225
  20
202.12329
  0
VERTEX
  5
85b
  8
Layer_0
  10
278.71973
  20
201.97745
  0
VERTEX
  5
85c
  8
Layer_0
  10
278.71134
  20
201.80311
  0
VERTEX
  5
85d
  8
Layer_0
  10
278.70625
  20
201.59773
  0
VERTEX
  5
85e
  8
Layer_0
  10
278.70363
  20
201.35875
  0
VERTEX
  5
85f
  8
Layer_0
  10
278.70267
  20
201.08365
  0
VERTEX
  5
860
  8
Layer_0
  10
278.70253
  20
200.76987
  0
VERTEX
  5
861
  8
Layer_0
  10
278.69945
  20
200.40755
  0
VERTEX
  5
862
  8
Layer_0
  10
278.69055
  20
200.06954
  0
VERTEX
  5
863
  8
Layer_0
  10
278.67637
  20
199.76323
  0
VERTEX
  5
864
  8
Layer_0
  10
278.65744
  20
199.49602
  0
VERTEX
  5
865
  8
Layer_0
  10
278.63427
  20
199.27532
  0
VERTEX
  5
866
  8
Layer_0
  10
278.60741
  20
199.10852
  0
VERTEX
  5
867
  8
Layer_0
  10
278.57738
  20
199.00301
  0
VERTEX
  5
868
  8
Layer_0
  10
278.54471
  20
198.96619
  0
VERTEX
  5
869
  8
Layer_0
  10
278.48213
  20
199.00301
  0
VERTEX
  5
86a
  8
Layer_0
  10
278.38231
  20
199.10852
  0
VERTEX
  5
86b
  8
Layer_0
  10
278.25025
  20
199.27532
  0
VERTEX
  5
86c
  8
Layer_0
  10
278.09097
  20
199.49602
  0
VERTEX
  5
86d
  8
Layer_0
  10
277.9095
  20
199.76323
  0
VERTEX
  5
86e
  8
Layer_0
  10
277.71086
  20
200.06954
  0
VERTEX
  5
86f
  8
Layer_0
  10
277.50007
  20
200.40755
  0
VERTEX
  5
870
  8
Layer_0
  10
277.28214
  20
200.76987
  0
VERTEX
  5
871
  8
Layer_0
  10
276.17737
  20
202.57355
  0
VERTEX
  5
872
  8
Layer_0
  10
275.07263
  20
202.57355
  0
VERTEX
  5
873
  8
Layer_0
  10
273.9679
  20
202.57355
  0
VERTEX
  5
874
  8
Layer_0
  10
273.9679
  20
200.09349
  0
VERTEX
  5
875
  8
Layer_0
  10
273.9679
  20
197.61343
  0
VERTEX
  5
876
  8
Layer_0
  10
274.53152
  20
197.61343
  0
SEQEND
  0
POLYLINE
  5
878
  8
Layer_0
  62
7
  70
1
  66
1
  10
0
  20
0
  30
0
  0
VERTEX
  5
878
  8
Layer_0
  10
262.55962
  20
194.34427
  0
VERTEX
  5
879
  8
Layer_0
  10
261.17315
  20
194.34376
  0
VERTEX
  5
87a
  8
Layer_0
  10
259.82539
  20
194.34225
  0
VERTEX
  5
87b
  8
Layer_0
  10
258.52334
  20
194.33981
  0
VERTEX
  5
87c
  8
Layer_0
  10
257.274
  20
194.33652
  0
VERTEX
  5
87d
  8
Layer_0
  10
256.08437
  20
194.33244
  0
VERTEX
  5
87e
  8
Layer_0
  10
254.96145
  20
194.32763
  0
VERTEX
  5
87f
  8
Layer_0
  10
253.91225
  20
194.32216
  0
VERTEX
  5
880
  8
Layer_0
  10
252.94377
  20
194.31609
  0
VERTEX
  5
881
  8
Layer_0
  10
252.063
  20
194.3095
  0
VERTEX
  5
882
  8
Layer_0
  10
251.27695
  20
194.30244
  0
VERTEX
  5
883
  8
Layer_0
  10
250.92164
  20
194.29876
  0
VERTEX
  5
884
  8
Layer_0
  10
250.59263
  20
194.29499
  0
VERTEX
  5
885
  8
Layer_0
  10
250.2908
  20
194.29113
  0
VERTEX
  5
886
  8
Layer_0
  10
250.01702
  20
194.2872
  0
VERTEX
  5
887
  8
Layer_0
  10
249.77218
  20
194.28321
  0
VERTEX
  5
888
  8
Layer_0
  10
249.55714
  20
194.27916
  0
VERTEX
  5
889
  8
Layer_0
  10
249.37279
  20
194.27505
  0
VERTEX
  5
88a
  8
Layer_0
  10
249.21999
  20
194.27091
  0
VERTEX
  5
88b
  8
Layer_0
  10
249.09962
  20
194.26673
  0
VERTEX
  5
88c
  8
Layer_0
  10
249.01256
  20
194.26253
  0
VERTEX
  5
88d
  8
Layer_0
  10
248.95968
  20
194.25831
  0
VERTEX
  5
88e
  8
Layer_0
  10
248.94186
  20
194.25409
  0
VERTEX
  5
88f
  8
Layer_0
  10
248.95931
  20
194.16873
  0
VERTEX
  5
890
  8
Layer_0
  10
249.00959
  20
194.04254
  0
VERTEX
  5
891
  8
Layer_0
  10
249.08959
  20
193.88016
  0
VERTEX
  5
892
  8
Layer_0
  10
249.19621
  20
193.68621
  0
VERTEX
  5
893
  8
Layer_0
  10
249.47689
  20
193.22208
  0
VERTEX
  5
894
  8
Layer_0
  10
249.82679
  20
192.68714
  0
VERTEX
  5
895
  8
Layer_0
  10
250.22108
  20
192.11839
  0
VERTEX
  5
896
  8
Layer_0
  10
250.63493
  20
191.5528
  0
VERTEX
  5
897
  8
Layer_0
  10
251.04348
  20
191.02737
  0
VERTEX
  5
898
  8
Layer_0
  10
251.42192
  20
190.5791
  0
VERTEX
  5
899
  8
Layer_0
  10
252.07603
  20
189.89631
  0
VERTEX
  5
89a
  8
Layer_0
  10
252.77622
  20
189.26069
  0
VERTEX
  5
89b
  8
Layer_0
  10
253.51888
  20
188.67341
  0
VERTEX
  5
89c
  8
Layer_0
  10
254.3004
  20
188.13568
  0
VERTEX
  5
89d
  8
Layer_0
  10
255.1172
  20
187.64867
  0
VERTEX
  5
89e
  8
Layer_0
  10
255.96568
  20
187.21358
  0
VERTEX
  5
89f
  8
Layer_0
  10
256.84222
  20
186.8316
  0
VERTEX
  5
8a0
  8
Layer_0
  10
257.74324
  20
186.50391
  0
VERTEX
  5
8a1
  8
Layer_0
  10
258.66513
  20
186.23171
  0
VERTEX
  5
8a2
  8
Layer_0
  10
259.6043
  20
186.01618
  0
VERTEX
  5
8a3
  8
Layer_0
  10
260.55713
  20
185.85851
  0
VERTEX
  5
8a4
  8
Layer_0
  10
261.52005
  20
185.7599
  0
VERTEX
  5
8a5
  8
Layer_0
  10
262.48943
  20
185.72152
  0
VERTEX
  5
8a6
  8
Layer_0
  10
263.46169
  20
185.74457
  0
VERTEX
  5
8a7
  8
Layer_0
  10
264.43322
  20
185.83024
  0
VERTEX
  5
8a8
  8
Layer_0
  10
265.40042
  20
185.97972
  0
VERTEX
  5
8a9
  8
Layer_0
  10
266.20202
  20
186.15397
  0
VERTEX
  5
8aa
  8
Layer_0
  10
266.99827
  20
186.37921
  0
VERTEX
  5
8ab
  8
Layer_0
  10
267.78594
  20
186.65306
  0
VERTEX
  5
8ac
  8
Layer_0
  10
268.56178
  20
186.97315
  0
VERTEX
  5
8ad
  8
Layer_0
  10
269.32257
  20
187.3371
  0
VERTEX
  5
8ae
  8
Layer_0
  10
270.06505
  20
187.74253
  0
VERTEX
  5
8af
  8
Layer_0
  10
270.78601
  20
188.18707
  0
VERTEX
  5
8b0
  8
Layer_0
  10
271.48219
  20
188.66833
  0
VERTEX
  5
8b1
  8
Layer_0
  10
272.15037
  20
189.18393
  0
VERTEX
  5
8b2
  8
Layer_0
  10
272.7873
  20
189.73151
  0
VERTEX
  5
8b3
  8
Layer_0
  10
273.38976
  20
190.30868
  0
VERTEX
  5
8b4
  8
Layer_0
  10
273.9545
  20
190.91306
  0
VERTEX
  5
8b5
  8
Layer_0
  10
274.47828
  20
191.54228
  0
VERTEX
  5
8b6
  8
Layer_0
  10
274.95788
  20
192.19395
  0
VERTEX
  5
8b7
  8
Layer_0
  10
275.39005
  20
192.86571
  0
VERTEX
  5
8b8
  8
Layer_0
  10
275.77156
  20
193.55516
  0
VERTEX
  5
8b9
  8
Layer_0
  10
276.17737
  20
194.34427
  0
VERTEX
  5
8ba
  8
Layer_0
  10
262.55963
  20
194.34427
  0
SEQEND
  0
POLYLINE
  5
8bc
  8
Layer_0
  62
7
  70
1
  66
1
  10
0
  20
0
  30
0
  0
VERTEX
  5
8bc
  8
Layer_0
  10
129.54446
  20
198.38402
  42
0.19276155
  0
VERTEX
  5
8bd
  8
Layer_0
  10
129.35477
  20
198.8334
  42
0.20599885
  0
VERTEX
  5
8be
  8
Layer_0
  10
128.74332
  20
199.07651
  42
0.10959285
  0
VERTEX
  5
8bf
  8
Layer_0
  10
128.34088
  20
198.99271
  42
0.13409611
  0
VERTEX
  5
8c0
  8
Layer_0
  10
128.06094
  20
198.7625
  42
0.10050047
  0
VERTEX
  5
8c1
  8
Layer_0
  10
127.91084
  20
198.37112
  0
VERTEX
  5
8c2
  8
Layer_0
  10
128.38785
  20
198.29008
  42
-0.1719705
  0
VERTEX
  5
8c3
  8
Layer_0
  10
128.50204
  20
198.55898
  42
-0.1963395
  0
VERTEX
  5
8c4
  8
Layer_0
  10
128.72858
  20
198.65106
  42
-0.19891696
  0
VERTEX
  5
8c5
  8
Layer_0
  10
128.94406
  20
198.57004
  42
-0.19891696
  0
VERTEX
  5
8c6
  8
Layer_0
  10
129.0251
  20
198.35271
  42
-0.21627194
  0
VERTEX
  5
8c7
  8
Layer_0
  10
128.9146
  20
198.09578
  42
-0.18846982
  0
VERTEX
  5
8c8
  8
Layer_0
  10
128.59413
  20
198.00461
  0
VERTEX
  5
8c9
  8
Layer_0
  10
128.53703
  20
197.58286
  42
-0.068359898
  0
VERTEX
  5
8ca
  8
Layer_0
  10
128.77463
  20
197.62154
  42
-0.20984677
  0
VERTEX
  5
8cb
  8
Layer_0
  10
129.03062
  20
197.50734
  42
-0.1880203
  0
VERTEX
  5
8cc
  8
Layer_0
  10
129.1356
  20
197.19794
  42
-0.18549537
  0
VERTEX
  5
8cd
  8
Layer_0
  10
129.02602
  20
196.8701
  42
-0.21239215
  0
VERTEX
  5
8ce
  8
Layer_0
  10
128.7562
  20
196.74855
  42
-0.19427776
  0
VERTEX
  5
8cf
  8
Layer_0
  10
128.50204
  20
196.84984
  42
-0.1713776
  0
VERTEX
  5
8d0
  8
Layer_0
  10
128.37312
  20
197.14268
  0
VERTEX
  5
8d1
  8
Layer_0
  10
127.87216
  20
197.08191
  42
0.18700603
  0
VERTEX
  5
8d2
  8
Layer_0
  10
128.15211
  20
196.5303
  42
0.18152724
  0
VERTEX
  5
8d3
  8
Layer_0
  10
128.75989
  20
196.31941
  42
0.19422689
  0
VERTEX
  5
8d4
  8
Layer_0
  10
129.40634
  20
196.5699
  42
0.20360775
  0
VERTEX
  5
8d5
  8
Layer_0
  10
129.66603
  20
197.17583
  42
0.17080629
  0
VERTEX
  5
8d6
  8
Layer_0
  10
129.52698
  20
197.5939
  42
0.17243654
  0
VERTEX
  5
8d7
  8
Layer_0
  10
129.15585
  20
197.81676
  0
VERTEX
  5
8d8
  8
Layer_0
  10
129.32588
  20
197.93164
  0
VERTEX
  5
8d9
  8
Layer_0
  10
129.44732
  20
198.06447
  0
VERTEX
  5
8da
  8
Layer_0
  10
129.52018
  20
198.21527
  0
VERTEX
  5
8db
  8
Layer_0
  10
129.54447
  20
198.38402
  0
SEQEND
  0
POLYLINE
  5
8dd
  8
Layer_0
  62
7
  70
1
  66
1
  10
0
  20
0
  30
0
  0
VERTEX
  5
8dd
  8
Layer_0
  10
130.61636
  20
196.36546
  0
VERTEX
  5
8de
  8
Layer_0
  10
130.61636
  20
196.883
  0
VERTEX
  5
8df
  8
Layer_0
  10
130.09883
  20
196.883
  0
VERTEX
  5
8e0
  8
Layer_0
  10
130.09883
  20
196.36546
  0
SEQEND
  0
POLYLINE
  5
8e2
  8
Layer_0
  62
7
  70
1
  66
1
  10
0
  20
0
  30
0
  0
VERTEX
  5
8e2
  8
Layer_0
  10
131.76378
  20
198.54425
  0
VERTEX
  5
8e3
  8
Layer_0
  10
132.7399
  20
198.54425
  0
VERTEX
  5
8e4
  8
Layer_0
  10
132.7399
  20
199.02863
  0
VERTEX
  5
8e5
  8
Layer_0
  10
131.37148
  20
199.02863
  0
VERTEX
  5
8e6
  8
Layer_0
  10
131.10626
  20
197.62338
  0
VERTEX
  5
8e7
  8
Layer_0
  10
131.52618
  20
197.56259
  42
-0.21301998
  0
VERTEX
  5
8e8
  8
Layer_0
  10
131.92584
  20
197.75966
  42
-0.21314683
  0
VERTEX
  5
8e9
  8
Layer_0
  10
132.21593
  20
197.63535
  0
VERTEX
  5
8ea
  8
Layer_0
  10
132.29949
  20
197.47995
  0
VERTEX
  5
8eb
  8
Layer_0
  10
132.32735
  20
197.26239
  0
VERTEX
  5
8ec
  8
Layer_0
  10
132.29926
  20
197.03056
  0
VERTEX
  5
8ed
  8
Layer_0
  10
132.215
  20
196.8655
  42
-0.21954774
  0
VERTEX
  5
8ee
  8
Layer_0
  10
131.94058
  20
196.73381
  42
-0.19098285
  0
VERTEX
  5
8ef
  8
Layer_0
  10
131.69011
  20
196.83603
  42
-0.17430958
  0
VERTEX
  5
8f0
  8
Layer_0
  10
131.55934
  20
197.1132
  0
VERTEX
  5
8f1
  8
Layer_0
  10
131.04366
  20
197.0598
  42
0.1846441
  0
VERTEX
  5
8f2
  8
Layer_0
  10
131.32544
  20
196.52017
  42
0.17819965
  0
VERTEX
  5
8f3
  8
Layer_0
  10
131.93506
  20
196.31941
  42
0.23825987
  0
VERTEX
  5
8f4
  8
Layer_0
  10
132.66623
  20
196.67671
  42
0.16053486
  0
VERTEX
  5
8f5
  8
Layer_0
  10
132.85962
  20
197.27161
  42
0.19305829
  0
VERTEX
  5
8f6
  8
Layer_0
  10
132.62018
  20
197.92174
  42
0.20477959
  0
VERTEX
  5
8f7
  8
Layer_0
  10
132.03635
  20
198.17221
  42
0.11643215
  0
VERTEX
  5
8f8
  8
Layer_0
  10
131.68274
  20
198.08565
  0
SEQEND
  0
POLYLINE
  5
8fa
  8
Layer_0
  62
7
  70
1
  66
1
  10
0
  20
0
  30
0
  0
VERTEX
  5
8fa
  8
Layer_0
  10
135.16364
  20
196.36546
  0
VERTEX
  5
8fb
  8
Layer_0
  10
135.16364
  20
196.82037
  0
VERTEX
  5
8fc
  8
Layer_0
  10
133.80811
  20
196.82037
  0
VERTEX
  5
8fd
  8
Layer_0
  10
133.80811
  20
199.04337
  0
VERTEX
  5
8fe
  8
Layer_0
  10
133.26295
  20
199.04337
  0
VERTEX
  5
8ff
  8
Layer_0
  10
133.26295
  20
196.36546
  0
SEQEND
  0
POLYLINE
  5
901
  8
Layer_0
  62
7
  70
1
  66
1
  10
0
  20
0
  30
0
  0
VERTEX
  5
901
  8
Layer_0
  10
138.19147
  20
199.06546
  0
VERTEX
  5
902
  8
Layer_0
  10
138.76978
  20
199.06546
  0
VERTEX
  5
903
  8
Layer_0
  10
137.80286
  20
196.36546
  0
VERTEX
  5
904
  8
Layer_0
  10
137.22087
  20
196.36546
  0
VERTEX
  5
905
  8
Layer_0
  10
136.2558
  20
199.06546
  0
VERTEX
  5
906
  8
Layer_0
  10
136.847
  20
199.06546
  0
VERTEX
  5
907
  8
Layer_0
  10
137.53027
  20
197.06717
  0
SEQEND
  0
POLYLINE
  5
909
  8
Layer_0
  62
7
  70
1
  66
1
  10
0
  20
0
  30
0
  0
VERTEX
  5
909
  8
Layer_0
  10
139.95033
  20
198.1188
  42
-0.20743507
  0
VERTEX
  5
90a
  8
Layer_0
  10
140.50562
  20
197.87201
  42
-0.19041588
  0
VERTEX
  5
90b
  8
Layer_0
  10
140.73676
  20
197.23477
  0
VERTEX
  5
90c
  8
Layer_0
  10
140.72157
  20
197.03781
  0
VERTEX
  5
90d
  8
Layer_0
  10
140.67598
  20
196.86135
  0
VERTEX
  5
90e
  8
Layer_0
  10
140.60001
  20
196.70538
  0
VERTEX
  5
90f
  8
Layer_0
  10
140.49365
  20
196.5699
  42
-0.202794
  0
VERTEX
  5
910
  8
Layer_0
  10
139.86929
  20
196.31941
  42
-0.2232595
  0
VERTEX
  5
911
  8
Layer_0
  10
139.19707
  20
196.63712
  0
VERTEX
  5
912
  8
Layer_0
  10
139.08184
  20
196.82135
  0
VERTEX
  5
913
  8
Layer_0
  10
138.99953
  20
197.05635
  0
VERTEX
  5
914
  8
Layer_0
  10
138.95015
  20
197.34211
  0
VERTEX
  5
915
  8
Layer_0
  10
138.93369
  20
197.67863
  0
VERTEX
  5
916
  8
Layer_0
  10
138.95084
  20
198.02384
  0
VERTEX
  5
917
  8
Layer_0
  10
139.0023
  20
198.31725
  0
VERTEX
  5
918
  8
Layer_0
  10
139.08805
  20
198.55887
  0
VERTEX
  5
919
  8
Layer_0
  10
139.20811
  20
198.74868
  42
-0.22200425
  0
VERTEX
  5
91a
  8
Layer_0
  10
139.92087
  20
199.07651
  42
-0.17854709
  0
VERTEX
  5
91b
  8
Layer_0
  10
140.43011
  20
198.90431
  42
-0.17605526
  0
VERTEX
  5
91c
  8
Layer_0
  10
140.68704
  20
198.40428
  0
VERTEX
  5
91d
  8
Layer_0
  10
140.18608
  20
198.34903
  42
0.17456901
  0
VERTEX
  5
91e
  8
Layer_0
  10
140.0903
  20
198.57739
  42
0.19258456
  0
VERTEX
  5
91f
  8
Layer_0
  10
139.88956
  20
198.65106
  42
0.23293092
  0
VERTEX
  5
920
  8
Layer_0
  10
139.61238
  20
198.50372
  0
VERTEX
  5
921
  8
Layer_0
  10
139.56098
  20
198.41015
  0
VERTEX
  5
922
  8
Layer_0
  10
139.52006
  20
198.27673
  0
VERTEX
  5
923
  8
Layer_0
  10
139.48961
  20
198.1035
  0
VERTEX
  5
924
  8
Layer_0
  10
139.46964
  20
197.89043
  42
-0.22051828
  0
SEQEND
  0
POLYLINE
  5
926
  8
Layer_0
  62
7
  70
1
  66
1
  10
0
  20
0
  30
0
  0
VERTEX
  5
926
  8
Layer_0
  10
139.89508
  20
196.74855
  42
0.21965419
  0
VERTEX
  5
927
  8
Layer_0
  10
140.13451
  20
196.86089
  0
VERTEX
  5
928
  8
Layer_0
  10
140.20634
  20
197.00915
  0
VERTEX
  5
929
  8
Layer_0
  10
140.23028
  20
197.22924
  0
VERTEX
  5
92a
  8
Layer_0
  10
140.2045
  20
197.45739
  0
VERTEX
  5
92b
  8
Layer_0
  10
140.12714
  20
197.61509
  42
0.22122863
  0
VERTEX
  5
92c
  8
Layer_0
  10
139.86929
  20
197.73756
  42
0.21525766
  0
VERTEX
  5
92d
  8
Layer_0
  10
139.61697
  20
197.62061
  0
VERTEX
  5
92e
  8
Layer_0
  10
139.53963
  20
197.4758
  0
VERTEX
  5
92f
  8
Layer_0
  10
139.51384
  20
197.27528
  0
VERTEX
  5
930
  8
Layer_0
  10
139.54285
  20
197.05174
  0
VERTEX
  5
931
  8
Layer_0
  10
139.62987
  20
196.88576
  42
0.2206916
  0
SEQEND
  0
POLYLINE
  5
933
  8
Layer_0
  62
7
  70
1
  66
1
  10
0
  20
0
  30
0
  0
VERTEX
  5
933
  8
Layer_0
  10
196.13219
  20
197.01704
  42
-0.025672399
  0
VERTEX
  5
934
  8
Layer_0
  10
196.44252
  20
197.3154
  42
0.040820896
  0
VERTEX
  5
935
  8
Layer_0
  10
196.7814
  20
197.65982
  42
0.072218452
  0
VERTEX
  5
936
  8
Layer_0
  10
196.98859
  20
198.00514
  42
0.094698114
  0
VERTEX
  5
937
  8
Layer_0
  10
197.05399
  20
198.35231
  42
0.20646967
  0
VERTEX
  5
938
  8
Layer_0
  10
196.82559
  20
198.88826
  0
VERTEX
  5
939
  8
Layer_0
  10
196.70071
  20
198.98253
  0
VERTEX
  5
93a
  8
Layer_0
  10
196.55441
  20
199.04987
  0
VERTEX
  5
93b
  8
Layer_0
  10
196.38669
  20
199.09028
  0
VERTEX
  5
93c
  8
Layer_0
  10
196.19757
  20
199.10374
  42
0.16475162
  0
VERTEX
  5
93d
  8
Layer_0
  10
195.58978
  20
198.91772
  0
VERTEX
  5
93e
  8
Layer_0
  10
195.48055
  20
198.80964
  0
VERTEX
  5
93f
  8
Layer_0
  10
195.39595
  20
198.67139
  0
VERTEX
  5
940
  8
Layer_0
  10
195.33597
  20
198.50299
  0
VERTEX
  5
941
  8
Layer_0
  10
195.30064
  20
198.30443
  0
VERTEX
  5
942
  8
Layer_0
  10
195.81633
  20
198.25285
  0
VERTEX
  5
943
  8
Layer_0
  10
195.85132
  20
198.44716
  0
VERTEX
  5
944
  8
Layer_0
  10
195.92683
  20
198.577
  42
-0.20139742
  0
VERTEX
  5
945
  8
Layer_0
  10
196.18468
  20
198.67462
  42
-0.19891636
  0
VERTEX
  5
946
  8
Layer_0
  10
196.44159
  20
198.5816
  42
-0.19891237
  0
VERTEX
  5
947
  8
Layer_0
  10
196.53461
  20
198.31548
  42
-0.14806663
  0
VERTEX
  5
948
  8
Layer_0
  10
196.4278
  20
197.99869
  0
VERTEX
  5
949
  8
Layer_0
  10
196.37127
  20
197.92756
  0
VERTEX
  5
94a
  8
Layer_0
  10
196.28091
  20
197.83018
  0
VERTEX
  5
94b
  8
Layer_0
  10
196.1567
  20
197.70655
  0
VERTEX
  5
94c
  8
Layer_0
  10
195.99866
  20
197.55668
  0
VERTEX
  5
94d
  8
Layer_0
  10
195.79929
  20
197.36496
  0
VERTEX
  5
94e
  8
Layer_0
  10
195.63583
  20
197.19316
  0
VERTEX
  5
94f
  8
Layer_0
  10
195.50829
  20
197.04128
  0
VERTEX
  5
950
  8
Layer_0
  10
195.41666
  20
196.9093
  42
0.10930037
  0
VERTEX
  5
951
  8
Layer_0
  10
195.23987
  20
196.3927
  0
VERTEX
  5
952
  8
Layer_0
  10
197.05399
  20
196.3927
  0
VERTEX
  5
953
  8
Layer_0
  10
197.05399
  20
196.87338
  0
VERTEX
  5
954
  8
Layer_0
  10
196.02628
  20
196.87338
  42
-0.0502949
  0
SEQEND
  0
POLYLINE
  5
956
  8
Layer_0
  62
7
  70
1
  66
1
  10
0
  20
0
  30
0
  0
VERTEX
  5
956
  8
Layer_0
  10
199.05504
  20
197.58615
  42
-0.14962747
  0
VERTEX
  5
957
  8
Layer_0
  10
199.172
  20
197.18649
  42
-0.20144603
  0
VERTEX
  5
958
  8
Layer_0
  10
198.93347
  20
196.5787
  0
VERTEX
  5
959
  8
Layer_0
  10
198.80438
  20
196.47638
  0
VERTEX
  5
95a
  8
Layer_0
  10
198.65561
  20
196.40328
  0
VERTEX
  5
95b
  8
Layer_0
  10
198.48715
  20
196.35943
  0
VERTEX
  5
95c
  8
Layer_0
  10
198.299
  20
196.34481
  42
-0.16864519
  0
VERTEX
  5
95d
  8
Layer_0
  10
197.6857
  20
196.53819
  42
-0.22948294
  0
VERTEX
  5
95e
  8
Layer_0
  10
197.39655
  20
197.16438
  42
-0.13462202
  0
VERTEX
  5
95f
  8
Layer_0
  10
197.50522
  20
197.5668
  42
-0.15971637
  0
VERTEX
  5
960
  8
Layer_0
  10
197.84778
  20
197.84952
  42
-0.15629507
  0
VERTEX
  5
961
  8
Layer_0
  10
197.55585
  20
198.08249
  42
-0.13870263
  0
VERTEX
  5
962
  8
Layer_0
  10
197.46469
  20
198.40756
  42
-0.20772392
  0
VERTEX
  5
963
  8
Layer_0
  10
197.67557
  20
198.90668
  0
VERTEX
  5
964
  8
Layer_0
  10
197.79212
  20
198.99289
  0
VERTEX
  5
965
  8
Layer_0
  10
197.93088
  20
199.05448
  0
VERTEX
  5
966
  8
Layer_0
  10
198.09186
  20
199.09143
  0
VERTEX
  5
967
  8
Layer_0
  10
198.27505
  20
199.10374
  0
VERTEX
  5
968
  8
Layer_0
  10
198.45676
  20
199.09143
  0
VERTEX
  5
969
  8
Layer_0
  10
198.61693
  20
199.05448
  0
VERTEX
  5
96a
  8
Layer_0
  10
198.75558
  20
198.99289
  0
VERTEX
  5
96b
  8
Layer_0
  10
198.8727
  20
198.90668
  42
-0.20885556
  0
VERTEX
  5
96c
  8
Layer_0
  10
199.08542
  20
198.40756
  42
-0.14806183
  0
VERTEX
  5
96d
  8
Layer_0
  10
198.98782
  20
198.07329
  42
-0.14356507
  0
VERTEX
  5
96e
  8
Layer_0
  10
198.71339
  20
197.84952
  42
-0.1497902
  0
SEQEND
  0
POLYLINE
  5
970
  8
Layer_0
  62
7
  70
1
  66
1
  10
0
  20
0
  30
0
  0
VERTEX
  5
970
  8
Layer_0
  10
198.27505
  20
198.04289
  42
0.19755151
  0
VERTEX
  5
971
  8
Layer_0
  10
198.5108
  20
198.13039
  42
0.20027818
  0
VERTEX
  5
972
  8
Layer_0
  10
198.59921
  20
198.37257
  42
0.19892512
  0
VERTEX
  5
973
  8
Layer_0
  10
198.51172
  20
198.60555
  42
0.19892087
  0
VERTEX
  5
974
  8
Layer_0
  10
198.28058
  20
198.69304
  42
0.19891237
  0
VERTEX
  5
975
  8
Layer_0
  10
198.043
  20
198.60463
  42
0.19891657
  0
VERTEX
  5
976
  8
Layer_0
  10
197.95459
  20
198.37073
  42
0.20027984
  0
VERTEX
  5
977
  8
Layer_0
  10
198.04208
  20
198.12946
  42
0.19754561
  0
SEQEND
  0
POLYLINE
  5
979
  8
Layer_0
  62
7
  70
1
  66
1
  10
0
  20
0
  30
0
  0
VERTEX
  5
979
  8
Layer_0
  10
198.28979
  20
196.76105
  42
0.21089839
  0
VERTEX
  5
97a
  8
Layer_0
  10
198.55499
  20
196.87616
  42
0.18699832
  0
VERTEX
  5
97b
  8
Layer_0
  10
198.65997
  20
197.20859
  42
0.1892283
  0
VERTEX
  5
97c
  8
Layer_0
  10
198.55316
  20
197.5134
  42
0.20863569
  0
VERTEX
  5
97d
  8
Layer_0
  10
198.28242
  20
197.62851
  42
0.24274768
  0
VERTEX
  5
97e
  8
Layer_0
  10
197.99973
  20
197.49774
  42
0.15580291
  0
VERTEX
  5
97f
  8
Layer_0
  10
197.90671
  20
197.21411
  42
0.18745514
  0
VERTEX
  5
980
  8
Layer_0
  10
198.0163
  20
196.88075
  42
0.21040647
  0
SEQEND
  0
POLYLINE
  5
982
  8
Layer_0
  62
7
  70
1
  66
1
  10
0
  20
0
  30
0
  0
VERTEX
  5
982
  8
Layer_0
  10
201.25316
  20
197.72428
  0
VERTEX
  5
983
  8
Layer_0
  10
201.23658
  20
197.36813
  0
VERTEX
  5
984
  8
Layer_0
  10
201.18686
  20
197.06585
  0
VERTEX
  5
985
  8
Layer_0
  10
201.10398
  20
196.81745
  0
VERTEX
  5
986
  8
Layer_0
  10
200.98795
  20
196.62291
  42
-0.22890562
  0
VERTEX
  5
987
  8
Layer_0
  10
200.3765
  20
196.34665
  42
-0.22842645
  0
VERTEX
  5
988
  8
Layer_0
  10
199.74109
  20
196.64961
  0
VERTEX
  5
989
  8
Layer_0
  10
199.63553
  20
196.83074
  0
VERTEX
  5
98a
  8
Layer_0
  10
199.56013
  20
197.07115
  0
VERTEX
  5
98b
  8
Layer_0
  10
199.5149
  20
197.37083
  0
VERTEX
  5
98c
  8
Layer_0
  10
199.49982
  20
197.7298
  0
VERTEX
  5
98d
  8
Layer_0
  10
199.51639
  20
198.08434
  0
VERTEX
  5
98e
  8
Layer_0
  10
199.56612
  20
198.38546
  0
VERTEX
  5
98f
  8
Layer_0
  10
199.649
  20
198.63318
  0
VERTEX
  5
990
  8
Layer_0
  10
199.76503
  20
198.82748
  42
-0.22891098
  0
VERTEX
  5
991
  8
Layer_0
  10
200.3765
  20
199.10374
  42
-0.22953572
  0
VERTEX
  5
992
  8
Layer_0
  10
200.98979
  20
198.82379
  0
VERTEX
  5
993
  8
Layer_0
  10
201.10502
  20
198.63076
  0
VERTEX
  5
994
  8
Layer_0
  10
201.18732
  20
198.38316
  0
VERTEX
  5
995
  8
Layer_0
  10
201.2367
  20
198.081
  0
SEQEND
  0
POLYLINE
  5
997
  8
Layer_0
  62
7
  70
1
  66
1
  10
0
  20
0
  30
0
  0
VERTEX
  5
997
  8
Layer_0
  10
200.0947
  20
198.4002
  0
VERTEX
  5
998
  8
Layer_0
  10
200.07134
  20
198.28267
  0
VERTEX
  5
999
  8
Layer_0
  10
200.05464
  20
198.13084
  0
VERTEX
  5
99a
  8
Layer_0
  10
200.04463
  20
197.94471
  0
VERTEX
  5
99b
  8
Layer_0
  10
200.04129
  20
197.72428
  0
VERTEX
  5
99c
  8
Layer_0
  10
200.04428
  20
197.50528
  0
VERTEX
  5
99d
  8
Layer_0
  10
200.05326
  20
197.32347
  0
VERTEX
  5
99e
  8
Layer_0
  10
200.06823
  20
197.17883
  0
VERTEX
  5
99f
  8
Layer_0
  10
200.08918
  20
197.07138
  0
VERTEX
  5
9a0
  8
Layer_0
  10
200.14328
  20
196.92335
  0
VERTEX
  5
9a1
  8
Layer_0
  10
200.20981
  20
196.83471
  42
0.17187917
  0
VERTEX
  5
9a2
  8
Layer_0
  10
200.3765
  20
196.77577
  42
0.17223803
  0
VERTEX
  5
9a3
  8
Layer_0
  10
200.5441
  20
196.83563
  42
0.1593939
  0
VERTEX
  5
9a4
  8
Layer_0
  10
200.65828
  20
197.0502
  0
VERTEX
  5
9a5
  8
Layer_0
  10
200.68165
  20
197.16692
  0
VERTEX
  5
9a6
  8
Layer_0
  10
200.69833
  20
197.31817
  0
VERTEX
  5
9a7
  8
Layer_0
  10
200.70835
  20
197.50396
  0
VERTEX
  5
9a8
  8
Layer_0
  10
200.71169
  20
197.72428
  0
VERTEX
  5
9a9
  8
Layer_0
  10
200.70869
  20
197.94327
  0
VERTEX
  5
9aa
  8
Layer_0
  10
200.69971
  20
198.12509
  0
VERTEX
  5
9ab
  8
Layer_0
  10
200.68475
  20
198.26972
  0
VERTEX
  5
9ac
  8
Layer_0
  10
200.6638
  20
198.37717
  0
VERTEX
  5
9ad
  8
Layer_0
  10
200.6097
  20
198.52544
  0
VERTEX
  5
9ae
  8
Layer_0
  10
200.54317
  20
198.61476
  42
0.1738416
  0
VERTEX
  5
9af
  8
Layer_0
  10
200.3765
  20
198.67462
  42
0.17226362
  0
VERTEX
  5
9b0
  8
Layer_0
  10
200.20889
  20
198.61476
  42
0.15943714
  0
VERTEX
  5
9b1
  8
Layer_0
  10
200.0947
  20
198.40019
  0
SEQEND
  0
POLYLINE
  5
9b3
  8
Layer_0
  62
7
  70
1
  66
1
  10
0
  20
0
  30
0
  0
VERTEX
  5
9b3
  8
Layer_0
  10
128.66147
  20
186.80652
  42
-0.025657186
  0
VERTEX
  5
9b4
  8
Layer_0
  10
128.9718
  20
187.10489
  42
0.040828964
  0
VERTEX
  5
9b5
  8
Layer_0
  10
129.3107
  20
187.44928
  42
0.072216957
  0
VERTEX
  5
9b6
  8
Layer_0
  10
129.51788
  20
187.79462
  42
0.094683765
  0
VERTEX
  5
9b7
  8
Layer_0
  10
129.58327
  20
188.14178
  42
0.20647313
  0
VERTEX
  5
9b8
  8
Layer_0
  10
129.35489
  20
188.67773
  0
VERTEX
  5
9b9
  8
Layer_0
  10
129.23
  20
188.77201
  0
VERTEX
  5
9ba
  8
Layer_0
  10
129.0837
  20
188.83934
  0
VERTEX
  5
9bb
  8
Layer_0
  10
128.91598
  20
188.87975
  0
VERTEX
  5
9bc
  8
Layer_0
  10
128.72686
  20
188.89322
  42
0.16475016
  0
VERTEX
  5
9bd
  8
Layer_0
  10
128.11908
  20
188.7072
  0
VERTEX
  5
9be
  8
Layer_0
  10
128.00984
  20
188.59911
  0
VERTEX
  5
9bf
  8
Layer_0
  10
127.92524
  20
188.46087
  0
VERTEX
  5
9c0
  8
Layer_0
  10
127.86527
  20
188.29246
  0
VERTEX
  5
9c1
  8
Layer_0
  10
127.82993
  20
188.0939
  0
VERTEX
  5
9c2
  8
Layer_0
  10
128.34561
  20
188.04233
  0
VERTEX
  5
9c3
  8
Layer_0
  10
128.38061
  20
188.23663
  0
VERTEX
  5
9c4
  8
Layer_0
  10
128.45612
  20
188.36648
  42
-0.20138965
  0
VERTEX
  5
9c5
  8
Layer_0
  10
128.71396
  20
188.46408
  42
-0.19890837
  0
VERTEX
  5
9c6
  8
Layer_0
  10
128.97089
  20
188.37108
  42
-0.19890437
  0
VERTEX
  5
9c7
  8
Layer_0
  10
129.0639
  20
188.10495
  42
-0.14806453
  0
VERTEX
  5
9c8
  8
Layer_0
  10
128.95708
  20
187.78816
  0
VERTEX
  5
9c9
  8
Layer_0
  10
128.90056
  20
187.71703
  0
VERTEX
  5
9ca
  8
Layer_0
  10
128.8102
  20
187.61965
  0
VERTEX
  5
9cb
  8
Layer_0
  10
128.68599
  20
187.49602
  0
VERTEX
  5
9cc
  8
Layer_0
  10
128.52795
  20
187.34615
  0
VERTEX
  5
9cd
  8
Layer_0
  10
128.32858
  20
187.15444
  0
VERTEX
  5
9ce
  8
Layer_0
  10
128.16513
  20
186.98263
  0
VERTEX
  5
9cf
  8
Layer_0
  10
128.03758
  20
186.83075
  0
VERTEX
  5
9d0
  8
Layer_0
  10
127.94596
  20
186.69878
  42
0.10930586
  0
VERTEX
  5
9d1
  8
Layer_0
  10
127.76915
  20
186.18216
  0
VERTEX
  5
9d2
  8
Layer_0
  10
129.58327
  20
186.18216
  0
VERTEX
  5
9d3
  8
Layer_0
  10
129.58327
  20
186.66286
  0
VERTEX
  5
9d4
  8
Layer_0
  10
128.55557
  20
186.66286
  42
-0.05031086
  0
SEQEND
  0
POLYLINE
  5
9d6
  8
Layer_0
  62
7
  70
1
  66
1
  10
0
  20
0
  30
0
  0
VERTEX
  5
9d6
  8
Layer_0
  10
130.66069
  20
188.36095
  0
VERTEX
  5
9d7
  8
Layer_0
  10
131.63681
  20
188.36095
  0
VERTEX
  5
9d8
  8
Layer_0
  10
131.63681
  20
188.84534
  0
VERTEX
  5
9d9
  8
Layer_0
  10
130.2684
  20
188.84534
  0
VERTEX
  5
9da
  8
Layer_0
  10
130.00319
  20
187.44008
  0
VERTEX
  5
9db
  8
Layer_0
  10
130.42311
  20
187.3793
  42
-0.21301998
  0
VERTEX
  5
9dc
  8
Layer_0
  10
130.82277
  20
187.57637
  42
-0.21315017
  0
VERTEX
  5
9dd
  8
Layer_0
  10
131.11284
  20
187.45206
  0
VERTEX
  5
9de
  8
Layer_0
  10
131.19641
  20
187.29665
  0
VERTEX
  5
9df
  8
Layer_0
  10
131.22427
  20
187.07909
  0
VERTEX
  5
9e0
  8
Layer_0
  10
131.19618
  20
186.84726
  0
VERTEX
  5
9e1
  8
Layer_0
  10
131.11192
  20
186.6822
  42
-0.21954493
  0
VERTEX
  5
9e2
  8
Layer_0
  10
130.83749
  20
186.55051
  42
-0.19098285
  0
VERTEX
  5
9e3
  8
Layer_0
  10
130.58702
  20
186.65274
  42
-0.17431266
  0
VERTEX
  5
9e4
  8
Layer_0
  10
130.45625
  20
186.92992
  0
VERTEX
  5
9e5
  8
Layer_0
  10
129.94057
  20
186.8765
  42
0.18464565
  0
VERTEX
  5
9e6
  8
Layer_0
  10
130.22235
  20
186.33687
  42
0.17820301
  0
VERTEX
  5
9e7
  8
Layer_0
  10
130.83197
  20
186.13612
  42
0.23825886
  0
VERTEX
  5
9e8
  8
Layer_0
  10
131.56314
  20
186.49342
  42
0.16053667
  0
VERTEX
  5
9e9
  8
Layer_0
  10
131.75653
  20
187.0883
  42
0.19305829
  0
VERTEX
  5
9ea
  8
Layer_0
  10
131.51711
  20
187.73843
  42
0.20477959
  0
VERTEX
  5
9eb
  8
Layer_0
  10
130.93327
  20
187.98892
  42
0.1164355
  0
VERTEX
  5
9ec
  8
Layer_0
  10
130.57965
  20
187.90236
  0
SEQEND
  0
POLYLINE
  5
9ee
  8
Layer_0
  62
7
  70
1
  66
1
  10
0
  20
0
  30
0
  0
VERTEX
  5
9ee
  8
Layer_0
  10
133.78245
  20
187.51375
  0
VERTEX
  5
9ef
  8
Layer_0
  10
133.76588
  20
187.1576
  0
VERTEX
  5
9f0
  8
Layer_0
  10
133.71615
  20
186.85532
  0
VERTEX
  5
9f1
  8
Layer_0
  10
133.63327
  20
186.60692
  0
VERTEX
  5
9f2
  8
Layer_0
  10
133.51724
  20
186.41238
  42
-0.22890931
  0
VERTEX
  5
9f3
  8
Layer_0
  10
132.90578
  20
186.13612
  42
-0.22842372
  0
VERTEX
  5
9f4
  8
Layer_0
  10
132.27039
  20
186.43909
  0
VERTEX
  5
9f5
  8
Layer_0
  10
132.16482
  20
186.62021
  0
VERTEX
  5
9f6
  8
Layer_0
  10
132.08943
  20
186.86062
  0
VERTEX
  5
9f7
  8
Layer_0
  10
132.04419
  20
187.16031
  0
VERTEX
  5
9f8
  8
Layer_0
  10
132.02911
  20
187.51927
  0
VERTEX
  5
9f9
  8
Layer_0
  10
132.04568
  20
187.87381
  0
VERTEX
  5
9fa
  8
Layer_0
  10
132.09541
  20
188.17494
  0
VERTEX
  5
9fb
  8
Layer_0
  10
132.17829
  20
188.42265
  0
VERTEX
  5
9fc
  8
Layer_0
  10
132.29432
  20
188.61695
  42
-0.22891098
  0
VERTEX
  5
9fd
  8
Layer_0
  10
132.90578
  20
188.89322
  42
-0.22953572
  0
VERTEX
  5
9fe
  8
Layer_0
  10
133.51907
  20
188.61327
  0
VERTEX
  5
9ff
  8
Layer_0
  10
133.63431
  20
188.42023
  0
VERTEX
  5
a00
  8
Layer_0
  10
133.71661
  20
188.17263
  0
VERTEX
  5
a01
  8
Layer_0
  10
133.76599
  20
187.87047
  0
SEQEND
  0
POLYLINE
  5
a03
  8
Layer_0
  62
7
  70
1
  66
1
  10
0
  20
0
  30
0
  0
VERTEX
  5
a03
  8
Layer_0
  10
132.62399
  20
188.18967
  0
VERTEX
  5
a04
  8
Layer_0
  10
132.60063
  20
188.07214
  0
VERTEX
  5
a05
  8
Layer_0
  10
132.58393
  20
187.92031
  0
VERTEX
  5
a06
  8
Layer_0
  10
132.57392
  20
187.73418
  0
VERTEX
  5
a07
  8
Layer_0
  10
132.57058
  20
187.51375
  0
VERTEX
  5
a08
  8
Layer_0
  10
132.57357
  20
187.29475
  0
VERTEX
  5
a09
  8
Layer_0
  10
132.58255
  20
187.11294
  0
VERTEX
  5
a0a
  8
Layer_0
  10
132.59752
  20
186.9683
  0
VERTEX
  5
a0b
  8
Layer_0
  10
132.61847
  20
186.86085
  0
VERTEX
  5
a0c
  8
Layer_0
  10
132.67257
  20
186.71282
  0
VERTEX
  5
a0d
  8
Layer_0
  10
132.7391
  20
186.62418
  42
0.17188529
  0
VERTEX
  5
a0e
  8
Layer_0
  10
132.90578
  20
186.56525
  42
0.17225384
  0
VERTEX
  5
a0f
  8
Layer_0
  10
133.07338
  20
186.62511
  42
0.15941964
  0
VERTEX
  5
a10
  8
Layer_0
  10
133.18756
  20
186.83966
  0
VERTEX
  5
a11
  8
Layer_0
  10
133.21093
  20
186.95639
  0
VERTEX
  5
a12
  8
Layer_0
  10
133.22763
  20
187.10764
  0
VERTEX
  5
a13
  8
Layer_0
  10
133.23764
  20
187.29343
  0
VERTEX
  5
a14
  8
Layer_0
  10
133.24098
  20
187.51375
  0
VERTEX
  5
a15
  8
Layer_0
  10
133.23799
  20
187.73274
  0
VERTEX
  5
a16
  8
Layer_0
  10
133.22901
  20
187.91456
  0
VERTEX
  5
a17
  8
Layer_0
  10
133.21404
  20
188.05919
  0
VERTEX
  5
a18
  8
Layer_0
  10
133.19309
  20
188.16665
  0
VERTEX
  5
a19
  8
Layer_0
  10
133.13899
  20
188.31491
  0
VERTEX
  5
a1a
  8
Layer_0
  10
133.07246
  20
188.40423
  42
0.1738416
  0
VERTEX
  5
a1b
  8
Layer_0
  10
132.90578
  20
188.46408
  42
0.17225873
  0
VERTEX
  5
a1c
  8
Layer_0
  10
132.73819
  20
188.40424
  42
0.15941252
  0
SEQEND
  0
POLYLINE
  5
a1e
  8
Layer_0
  62
7
  70
1
  66
1
  10
0
  20
0
  30
0
  0
VERTEX
  5
a1e
  8
Layer_0
  10
136.39221
  20
188.13809
  0
VERTEX
  5
a1f
  8
Layer_0
  10
137.02945
  20
188.13809
  0
VERTEX
  5
a20
  8
Layer_0
  10
136.3609
  20
187.42351
  0
VERTEX
  5
a21
  8
Layer_0
  10
137.07733
  20
186.18216
  0
VERTEX
  5
a22
  8
Layer_0
  10
136.51929
  20
186.18216
  0
VERTEX
  5
a23
  8
Layer_0
  10
136.02754
  20
187.06067
  0
VERTEX
  5
a24
  8
Layer_0
  10
135.78627
  20
186.80835
  0
VERTEX
  5
a25
  8
Layer_0
  10
135.78627
  20
186.18216
  0
VERTEX
  5
a26
  8
Layer_0
  10
135.26874
  20
186.18216
  0
VERTEX
  5
a27
  8
Layer_0
  10
135.26874
  20
188.88217
  0
VERTEX
  5
a28
  8
Layer_0
  10
135.78627
  20
188.88217
  0
VERTEX
  5
a29
  8
Layer_0
  10
135.78627
  20
187.44928
  0
SEQEND
  0
POLYLINE
  5
a2b
  8
Layer_0
  62
7
  70
1
  66
1
  10
0
  20
0
  30
0
  0
VERTEX
  5
a2b
  8
Layer_0
  10
138.43286
  20
188.1823
  42
-0.1283163
  0
VERTEX
  5
a2c
  8
Layer_0
  10
138.75885
  20
188.10495
  42
-0.13740963
  0
VERTEX
  5
a2d
  8
Layer_0
  10
138.98538
  20
187.87105
  42
-0.10121524
  0
VERTEX
  5
a2e
  8
Layer_0
  10
139.26349
  20
188.10495
  42
-0.12015722
  0
VERTEX
  5
a2f
  8
Layer_0
  10
139.58211
  20
188.1823
  42
-0.13337724
  0
VERTEX
  5
a30
  8
Layer_0
  10
139.94678
  20
188.09482
  42
-0.15888606
  0
VERTEX
  5
a31
  8
Layer_0
  10
140.16963
  20
187.83789
  0
VERTEX
  5
a32
  8
Layer_0
  10
140.20969
  20
187.67398
  0
VERTEX
  5
a33
  8
Layer_0
  10
140.22304
  20
187.43271
  0
VERTEX
  5
a34
  8
Layer_0
  10
140.22304
  20
186.18216
  0
VERTEX
  5
a35
  8
Layer_0
  10
139.70551
  20
186.18216
  0
VERTEX
  5
a36
  8
Layer_0
  10
139.70551
  20
187.30011
  0
VERTEX
  5
a37
  8
Layer_0
  10
139.70217
  20
187.43271
  0
VERTEX
  5
a38
  8
Layer_0
  10
139.69215
  20
187.53953
  0
VERTEX
  5
a39
  8
Layer_0
  10
139.67546
  20
187.62057
  0
VERTEX
  5
a3a
  8
Layer_0
  10
139.6521
  20
187.67582
  42
0.25386115
  0
VERTEX
  5
a3b
  8
Layer_0
  10
139.43109
  20
187.78633
  42
0.15255175
  0
VERTEX
  5
a3c
  8
Layer_0
  10
139.22665
  20
187.72003
  42
0.16282334
  0
VERTEX
  5
a3d
  8
Layer_0
  10
139.08853
  20
187.52573
  42
0.08007298
  0
VERTEX
  5
a3e
  8
Layer_0
  10
139.04616
  20
187.12146
  0
VERTEX
  5
a3f
  8
Layer_0
  10
139.04616
  20
186.18216
  0
VERTEX
  5
a40
  8
Layer_0
  10
138.52863
  20
186.18216
  0
VERTEX
  5
a41
  8
Layer_0
  10
138.52863
  20
187.25406
  0
VERTEX
  5
a42
  8
Layer_0
  10
138.5269
  20
187.38413
  0
VERTEX
  5
a43
  8
Layer_0
  10
138.52172
  20
187.48888
  0
VERTEX
  5
a44
  8
Layer_0
  10
138.51309
  20
187.56831
  0
VERTEX
  5
a45
  8
Layer_0
  10
138.50101
  20
187.62241
  42
0.16122545
  0
VERTEX
  5
a46
  8
Layer_0
  10
138.41536
  20
187.7458
  42
0.15360868
  0
VERTEX
  5
a47
  8
Layer_0
  10
138.25789
  20
187.78633
  42
0.1491928
  0
VERTEX
  5
a48
  8
Layer_0
  10
138.0424
  20
187.72186
  42
0.16389376
  0
VERTEX
  5
a49
  8
Layer_0
  10
137.9052
  20
187.53584
  0
VERTEX
  5
a4a
  8
Layer_0
  10
137.87412
  20
187.37424
  0
VERTEX
  5
a4b
  8
Layer_0
  10
137.86376
  20
187.13251
  0
VERTEX
  5
a4c
  8
Layer_0
  10
137.86377
  20
186.18216
  0
VERTEX
  5
a4d
  8
Layer_0
  10
137.34624
  20
186.18216
  0
VERTEX
  5
a4e
  8
Layer_0
  10
137.34624
  20
188.13809
  0
VERTEX
  5
a4f
  8
Layer_0
  10
137.82324
  20
188.13809
  0
VERTEX
  5
a50
  8
Layer_0
  10
137.82324
  20
187.87105
  42
-0.22427168
  0
SEQEND
  0
POLYLINE
  5
a52
  8
Layer_0
  62
7
  70
1
  66
1
  10
0
  20
0
  30
0
  0
VERTEX
  5
a52
  8
Layer_0
  10
140.8437
  20
186.13612
  0
VERTEX
  5
a53
  8
Layer_0
  10
140.46246
  20
186.13612
  0
VERTEX
  5
a54
  8
Layer_0
  10
141.13101
  20
188.92821
  0
VERTEX
  5
a55
  8
Layer_0
  10
141.51962
  20
188.92821
  0
SEQEND
  0
POLYLINE
  5
a57
  8
Layer_0
  62
7
  70
1
  66
1
  10
0
  20
0
  30
0
  0
VERTEX
  5
a57
  8
Layer_0
  10
142.90094
  20
188.1823
  42
-0.10853013
  0
VERTEX
  5
a58
  8
Layer_0
  10
143.22324
  20
188.116
  42
-0.13177388
  0
VERTEX
  5
a59
  8
Layer_0
  10
143.43965
  20
187.94656
  42
-0.1014082
  0
VERTEX
  5
a5a
  8
Layer_0
  10
143.53909
  20
187.71819
  42
-0.052569666
  0
VERTEX
  5
a5b
  8
Layer_0
  10
143.56581
  20
187.32957
  0
VERTEX
  5
a5c
  8
Layer_0
  10
143.56581
  20
186.18216
  0
VERTEX
  5
a5d
  8
Layer_0
  10
143.04828
  20
186.18216
  0
VERTEX
  5
a5e
  8
Layer_0
  10
143.04828
  20
187.21539
  0
VERTEX
  5
a5f
  8
Layer_0
  10
143.04643
  20
187.35513
  0
VERTEX
  5
a60
  8
Layer_0
  10
143.04091
  20
187.46678
  0
VERTEX
  5
a61
  8
Layer_0
  10
143.0317
  20
187.55035
  0
VERTEX
  5
a62
  8
Layer_0
  10
143.01881
  20
187.60583
  42
0.16391128
  0
VERTEX
  5
a63
  8
Layer_0
  10
142.91475
  20
187.73752
  42
0.1458771
  0
VERTEX
  5
a64
  8
Layer_0
  10
142.72781
  20
187.78633
  42
0.13931462
  0
VERTEX
  5
a65
  8
Layer_0
  10
142.49759
  20
187.72371
  42
0.16671283
  0
VERTEX
  5
a66
  8
Layer_0
  10
142.34933
  20
187.53493
  42
0.089332177
  0
VERTEX
  5
a67
  8
Layer_0
  10
142.30237
  20
187.16197
  0
VERTEX
  5
a68
  8
Layer_0
  10
142.30237
  20
186.18216
  0
VERTEX
  5
a69
  8
Layer_0
  10
141.78484
  20
186.18216
  0
VERTEX
  5
a6a
  8
Layer_0
  10
141.78484
  20
188.88217
  0
VERTEX
  5
a6b
  8
Layer_0
  10
142.30237
  20
188.88217
  0
VERTEX
  5
a6c
  8
Layer_0
  10
142.30237
  20
187.88947
  42
-0.21921542
  0
SEQEND
  0
POLYLINE
  5
a6e
  8
Layer_0
  62
7
  70
1
  66
1
  10
0
  20
0
  30
0
  0
VERTEX
  5
a6e
  8
Layer_0
  10
145.77039
  20
185.92801
  42
-0.03851228
  0
VERTEX
  5
a6f
  8
Layer_0
  10
145.61659
  20
186.53026
  42
-0.043903054
  0
VERTEX
  5
a70
  8
Layer_0
  10
145.56042
  20
187.14908
  42
-0.059511513
  0
VERTEX
  5
a71
  8
Layer_0
  10
145.65527
  20
187.97879
  42
-0.046751908
  0
VERTEX
  5
a72
  8
Layer_0
  10
146.00244
  20
188.92821
  0
VERTEX
  5
a73
  8
Layer_0
  10
145.64882
  20
188.92821
  42
0.060845747
  0
VERTEX
  5
a74
  8
Layer_0
  10
145.24731
  20
188.16757
  42
0.091855769
  0
VERTEX
  5
a75
  8
Layer_0
  10
145.06499
  20
187.16013
  42
0.07787563
  0
VERTEX
  5
a76
  8
Layer_0
  10
145.21233
  20
186.27242
  42
0.068642709
  0
VERTEX
  5
a77
  8
Layer_0
  10
145.64145
  20
185.38837
  0
VERTEX
  5
a78
  8
Layer_0
  10
145.99692
  20
185.38837
  42
-0.025311252
  0
SEQEND
  0
POLYLINE
  5
a7a
  8
Layer_0
  62
7
  70
1
  66
1
  10
0
  20
0
  30
0
  0
VERTEX
  5
a7a
  8
Layer_0
  10
146.42236
  20
187.74028
  0
VERTEX
  5
a7b
  8
Layer_0
  10
146.42236
  20
188.20993
  42
0.086603132
  0
VERTEX
  5
a7c
  8
Layer_0
  10
146.86253
  20
188.46133
  42
0.14219368
  0
VERTEX
  5
a7d
  8
Layer_0
  10
147.18852
  20
188.89322
  0
VERTEX
  5
a7e
  8
Layer_0
  10
147.60844
  20
188.89322
  0
VERTEX
  5
a7f
  8
Layer_0
  10
147.60844
  20
186.18216
  0
VERTEX
  5
a80
  8
Layer_0
  10
147.09091
  20
186.18216
  0
VERTEX
  5
a81
  8
Layer_0
  10
147.09091
  20
188.13257
  42
-0.1086684
  0
SEQEND
  0
POLYLINE
  5
a83
  8
Layer_0
  62
7
  70
1
  66
1
  10
0
  20
0
  30
0
  0
VERTEX
  5
a83
  8
Layer_0
  10
149.10947
  20
188.36095
  0
VERTEX
  5
a84
  8
Layer_0
  10
150.08559
  20
188.36095
  0
VERTEX
  5
a85
  8
Layer_0
  10
150.08559
  20
188.84534
  0
VERTEX
  5
a86
  8
Layer_0
  10
148.71716
  20
188.84534
  0
VERTEX
  5
a87
  8
Layer_0
  10
148.45197
  20
187.44008
  0
VERTEX
  5
a88
  8
Layer_0
  10
148.87189
  20
187.3793
  42
-0.21302209
  0
VERTEX
  5
a89
  8
Layer_0
  10
149.27155
  20
187.57637
  42
-0.21315017
  0
VERTEX
  5
a8a
  8
Layer_0
  10
149.56161
  20
187.45206
  0
VERTEX
  5
a8b
  8
Layer_0
  10
149.64518
  20
187.29665
  0
VERTEX
  5
a8c
  8
Layer_0
  10
149.67304
  20
187.07909
  0
VERTEX
  5
a8d
  8
Layer_0
  10
149.64495
  20
186.84726
  0
VERTEX
  5
a8e
  8
Layer_0
  10
149.56069
  20
186.6822
  42
-0.21954493
  0
VERTEX
  5
a8f
  8
Layer_0
  10
149.28627
  20
186.55051
  42
-0.19097945
  0
VERTEX
  5
a90
  8
Layer_0
  10
149.0358
  20
186.65274
  42
-0.1743168
  0
VERTEX
  5
a91
  8
Layer_0
  10
148.90503
  20
186.92992
  0
VERTEX
  5
a92
  8
Layer_0
  10
148.38934
  20
186.8765
  42
0.18464624
  0
VERTEX
  5
a93
  8
Layer_0
  10
148.67113
  20
186.33687
  42
0.17819992
  0
VERTEX
  5
a94
  8
Layer_0
  10
149.28075
  20
186.13612
  42
0.23825886
  0
VERTEX
  5
a95
  8
Layer_0
  10
150.01192
  20
186.49342
  42
0.16053486
  0
VERTEX
  5
a96
  8
Layer_0
  10
150.20531
  20
187.0883
  42
0.19305829
  0
VERTEX
  5
a97
  8
Layer_0
  10
149.96588
  20
187.73843
  42
0.20477959
  0
VERTEX
  5
a98
  8
Layer_0
  10
149.38205
  20
187.98892
  42
0.11643382
  0
VERTEX
  5
a99
  8
Layer_0
  10
149.02843
  20
187.90236
  0
SEQEND
  0
POLYLINE
  5
a9b
  8
Layer_0
  62
7
  70
1
  66
1
  10
0
  20
0
  30
0
  0
VERTEX
  5
a9b
  8
Layer_0
  10
151.20721
  20
188.36095
  0
VERTEX
  5
a9c
  8
Layer_0
  10
152.18333
  20
188.36095
  0
VERTEX
  5
a9d
  8
Layer_0
  10
152.18333
  20
188.84534
  0
VERTEX
  5
a9e
  8
Layer_0
  10
150.81491
  20
188.84534
  0
VERTEX
  5
a9f
  8
Layer_0
  10
150.54971
  20
187.44008
  0
VERTEX
  5
aa0
  8
Layer_0
  10
150.96964
  20
187.3793
  42
-0.21302209
  0
VERTEX
  5
aa1
  8
Layer_0
  10
151.36929
  20
187.57637
  42
-0.21315017
  0
VERTEX
  5
aa2
  8
Layer_0
  10
151.65936
  20
187.45206
  0
VERTEX
  5
aa3
  8
Layer_0
  10
151.74293
  20
187.29665
  0
VERTEX
  5
aa4
  8
Layer_0
  10
151.77079
  20
187.07909
  0
VERTEX
  5
aa5
  8
Layer_0
  10
151.7427
  20
186.84726
  0
VERTEX
  5
aa6
  8
Layer_0
  10
151.65844
  20
186.6822
  42
-0.21954493
  0
VERTEX
  5
aa7
  8
Layer_0
  10
151.38402
  20
186.55051
  42
-0.19097945
  0
VERTEX
  5
aa8
  8
Layer_0
  10
151.13354
  20
186.65274
  42
-0.17430851
  0
VERTEX
  5
aa9
  8
Layer_0
  10
151.00278
  20
186.92992
  0
VERTEX
  5
aaa
  8
Layer_0
  10
150.48709
  20
186.8765
  42
0.18464195
  0
VERTEX
  5
aab
  8
Layer_0
  10
150.76888
  20
186.33687
  42
0.17820301
  0
VERTEX
  5
aac
  8
Layer_0
  10
151.37849
  20
186.13612
  42
0.23825612
  0
VERTEX
  5
aad
  8
Layer_0
  10
152.10966
  20
186.49342
  42
0.16053486
  0
VERTEX
  5
aae
  8
Layer_0
  10
152.30305
  20
187.0883
  42
0.19305829
  0
VERTEX
  5
aaf
  8
Layer_0
  10
152.06363
  20
187.73843
  42
0.20477959
  0
VERTEX
  5
ab0
  8
Layer_0
  10
151.4798
  20
187.98892
  42
0.11643382
  0
VERTEX
  5
ab1
  8
Layer_0
  10
151.12617
  20
187.90236
  0
SEQEND
  0
POLYLINE
  5
ab3
  8
Layer_0
  62
7
  70
1
  66
1
  10
0
  20
0
  30
0
  0
VERTEX
  5
ab3
  8
Layer_0
  10
154.78389
  20
188.1823
  42
-0.1283163
  0
VERTEX
  5
ab4
  8
Layer_0
  10
155.10988
  20
188.10495
  42
-0.13741316
  0
VERTEX
  5
ab5
  8
Layer_0
  10
155.33641
  20
187.87105
  42
-0.10121722
  0
VERTEX
  5
ab6
  8
Layer_0
  10
155.61452
  20
188.10495
  42
-0.12015921
  0
VERTEX
  5
ab7
  8
Layer_0
  10
155.93314
  20
188.1823
  42
-0.13337511
  0
VERTEX
  5
ab8
  8
Layer_0
  10
156.29781
  20
188.09482
  42
-0.15889334
  0
VERTEX
  5
ab9
  8
Layer_0
  10
156.52065
  20
187.83789
  0
VERTEX
  5
aba
  8
Layer_0
  10
156.56071
  20
187.67398
  0
VERTEX
  5
abb
  8
Layer_0
  10
156.57406
  20
187.43271
  0
VERTEX
  5
abc
  8
Layer_0
  10
156.57407
  20
186.18216
  0
VERTEX
  5
abd
  8
Layer_0
  10
156.05653
  20
186.18216
  0
VERTEX
  5
abe
  8
Layer_0
  10
156.05653
  20
187.30011
  0
VERTEX
  5
abf
  8
Layer_0
  10
156.05319
  20
187.43271
  0
VERTEX
  5
ac0
  8
Layer_0
  10
156.04318
  20
187.53953
  0
VERTEX
  5
ac1
  8
Layer_0
  10
156.02649
  20
187.62057
  0
VERTEX
  5
ac2
  8
Layer_0
  10
156.00312
  20
187.67582
  42
0.25386115
  0
VERTEX
  5
ac3
  8
Layer_0
  10
155.7821
  20
187.78633
  42
0.15255175
  0
VERTEX
  5
ac4
  8
Layer_0
  10
155.57768
  20
187.72003
  42
0.16283051
  0
VERTEX
  5
ac5
  8
Layer_0
  10
155.43954
  20
187.52573
  42
0.080067912
  0
VERTEX
  5
ac6
  8
Layer_0
  10
155.39719
  20
187.12146
  0
VERTEX
  5
ac7
  8
Layer_0
  10
155.39719
  20
186.18216
  0
VERTEX
  5
ac8
  8
Layer_0
  10
154.87965
  20
186.18216
  0
VERTEX
  5
ac9
  8
Layer_0
  10
154.87965
  20
187.25406
  0
VERTEX
  5
aca
  8
Layer_0
  10
154.87793
  20
187.38413
  0
VERTEX
  5
acb
  8
Layer_0
  10
154.87275
  20
187.48888
  0
VERTEX
  5
acc
  8
Layer_0
  10
154.86412
  20
187.56831
  0
VERTEX
  5
acd
  8
Layer_0
  10
154.85203
  20
187.62241
  42
0.16120951
  0
VERTEX
  5
ace
  8
Layer_0
  10
154.76639
  20
187.7458
  42
0.15360275
  0
VERTEX
  5
acf
  8
Layer_0
  10
154.60892
  20
187.78633
  42
0.14918926
  0
VERTEX
  5
ad0
  8
Layer_0
  10
154.39343
  20
187.72186
  42
0.16389376
  0
VERTEX
  5
ad1
  8
Layer_0
  10
154.25623
  20
187.53584
  0
VERTEX
  5
ad2
  8
Layer_0
  10
154.22515
  20
187.37424
  0
VERTEX
  5
ad3
  8
Layer_0
  10
154.21479
  20
187.13251
  0
VERTEX
  5
ad4
  8
Layer_0
  10
154.21478
  20
186.18216
  0
VERTEX
  5
ad5
  8
Layer_0
  10
153.69725
  20
186.18216
  0
VERTEX
  5
ad6
  8
Layer_0
  10
153.69725
  20
188.13809
  0
VERTEX
  5
ad7
  8
Layer_0
  10
154.17427
  20
188.13809
  0
VERTEX
  5
ad8
  8
Layer_0
  10
154.17427
  20
187.87105
  42
-0.22427168
  0
SEQEND
  0
POLYLINE
  5
ada
  8
Layer_0
  62
7
  70
1
  66
1
  10
0
  20
0
  30
0
  0
VERTEX
  5
ada
  8
Layer_0
  10
157.81171
  20
188.09021
  42
-0.13115103
  0
VERTEX
  5
adb
  8
Layer_0
  10
158.16718
  20
188.1823
  42
-0.21411678
  0
VERTEX
  5
adc
  8
Layer_0
  10
158.74548
  20
187.91525
  0
VERTEX
  5
add
  8
Layer_0
  10
158.84942
  20
187.7686
  0
VERTEX
  5
ade
  8
Layer_0
  10
158.92367
  20
187.59571
  0
VERTEX
  5
adf
  8
Layer_0
  10
158.96822
  20
187.39657
  0
VERTEX
  5
ae0
  8
Layer_0
  10
158.98307
  20
187.17118
  0
VERTEX
  5
ae1
  8
Layer_0
  10
158.9681
  20
186.93987
  0
VERTEX
  5
ae2
  8
Layer_0
  10
158.92321
  20
186.73584
  0
VERTEX
  5
ae3
  8
Layer_0
  10
158.84839
  20
186.55909
  0
VERTEX
  5
ae4
  8
Layer_0
  10
158.74364
  20
186.40962
  42
-0.21533692
  0
VERTEX
  5
ae5
  8
Layer_0
  10
158.16348
  20
186.13797
  42
-0.11429381
  0
VERTEX
  5
ae6
  8
Layer_0
  10
157.86972
  20
186.20242
  42
-0.091940309
  0
VERTEX
  5
ae7
  8
Layer_0
  10
157.59254
  20
186.42343
  0
VERTEX
  5
ae8
  8
Layer_0
  10
157.59254
  20
185.4381
  0
VERTEX
  5
ae9
  8
Layer_0
  10
157.07501
  20
185.4381
  0
VERTEX
  5
aea
  8
Layer_0
  10
157.07501
  20
188.13809
  0
VERTEX
  5
aeb
  8
Layer_0
  10
157.55756
  20
188.13809
  0
VERTEX
  5
aec
  8
Layer_0
  10
157.55756
  20
187.85078
  42
-0.12098903
  0
SEQEND
  0
POLYLINE
  5
aee
  8
Layer_0
  62
7
  70
1
  66
1
  10
0
  20
0
  30
0
  0
VERTEX
  5
aee
  8
Layer_0
  10
158.03641
  20
186.54868
  42
0.22340227
  0
VERTEX
  5
aef
  8
Layer_0
  10
158.33661
  20
186.69325
  0
VERTEX
  5
af0
  8
Layer_0
  10
158.38899
  20
186.77711
  0
VERTEX
  5
af1
  8
Layer_0
  10
158.4264
  20
186.8841
  0
VERTEX
  5
af2
  8
Layer_0
  10
158.44884
  20
187.01423
  0
VERTEX
  5
af3
  8
Layer_0
  10
158.45633
  20
187.1675
  0
VERTEX
  5
af4
  8
Layer_0
  10
158.44861
  20
187.31139
  0
VERTEX
  5
af5
  8
Layer_0
  10
158.42548
  20
187.43547
  0
VERTEX
  5
af6
  8
Layer_0
  10
158.38691
  20
187.53976
  0
VERTEX
  5
af7
  8
Layer_0
  10
158.33293
  20
187.62425
  42
0.22354326
  0
VERTEX
  5
af8
  8
Layer_0
  10
158.02719
  20
187.77344
  42
0.21921795
  0
VERTEX
  5
af9
  8
Layer_0
  10
157.71227
  20
187.62701
  0
VERTEX
  5
afa
  8
Layer_0
  10
157.65747
  20
187.545
  0
VERTEX
  5
afb
  8
Layer_0
  10
157.61833
  20
187.44537
  0
VERTEX
  5
afc
  8
Layer_0
  10
157.59485
  20
187.32813
  0
VERTEX
  5
afd
  8
Layer_0
  10
157.58702
  20
187.19328
  0
VERTEX
  5
afe
  8
Layer_0
  10
157.59519
  20
187.03921
  0
VERTEX
  5
aff
  8
Layer_0
  10
157.61971
  20
186.90666
  0
VERTEX
  5
b00
  8
Layer_0
  10
157.66058
  20
186.79564
  0
VERTEX
  5
b01
  8
Layer_0
  10
157.71778
  20
186.70614
  42
0.2230376
  0
SEQEND
  0
POLYLINE
  5
b03
  8
Layer_0
  62
7
  70
1
  66
1
  10
0
  20
0
  30
0
  0
VERTEX
  5
b03
  8
Layer_0
  10
160.50803
  20
188.1823
  42
-0.10853013
  0
VERTEX
  5
b04
  8
Layer_0
  10
160.83034
  20
188.116
  42
-0.13178716
  0
VERTEX
  5
b05
  8
Layer_0
  10
161.04674
  20
187.94656
  42
-0.1014082
  0
VERTEX
  5
b06
  8
Layer_0
  10
161.14619
  20
187.71819
  42
-0.052569666
  0
VERTEX
  5
b07
  8
Layer_0
  10
161.1729
  20
187.32957
  0
VERTEX
  5
b08
  8
Layer_0
  10
161.1729
  20
186.18216
  0
VERTEX
  5
b09
  8
Layer_0
  10
160.65536
  20
186.18216
  0
VERTEX
  5
b0a
  8
Layer_0
  10
160.65536
  20
187.21539
  0
VERTEX
  5
b0b
  8
Layer_0
  10
160.65353
  20
187.35513
  0
VERTEX
  5
b0c
  8
Layer_0
  10
160.64801
  20
187.46678
  0
VERTEX
  5
b0d
  8
Layer_0
  10
160.6388
  20
187.55035
  0
VERTEX
  5
b0e
  8
Layer_0
  10
160.6259
  20
187.60583
  42
0.16389554
  0
VERTEX
  5
b0f
  8
Layer_0
  10
160.52185
  20
187.73752
  42
0.1458771
  0
VERTEX
  5
b10
  8
Layer_0
  10
160.3349
  20
187.78633
  42
0.13931462
  0
VERTEX
  5
b11
  8
Layer_0
  10
160.10469
  20
187.72371
  42
0.16670908
  0
VERTEX
  5
b12
  8
Layer_0
  10
159.95642
  20
187.53493
  42
0.089322139
  0
VERTEX
  5
b13
  8
Layer_0
  10
159.90947
  20
187.16197
  0
VERTEX
  5
b14
  8
Layer_0
  10
159.90947
  20
186.18216
  0
VERTEX
  5
b15
  8
Layer_0
  10
159.39194
  20
186.18216
  0
VERTEX
  5
b16
  8
Layer_0
  10
159.39194
  20
188.88217
  0
VERTEX
  5
b17
  8
Layer_0
  10
159.90947
  20
188.88217
  0
VERTEX
  5
b18
  8
Layer_0
  10
159.90947
  20
187.88947
  42
-0.21921542
  0
SEQEND
  0
POLYLINE
  5
b1a
  8
Layer_0
  62
7
  70
1
  66
1
  10
0
  20
0
  30
0
  0
VERTEX
  5
b1a
  8
Layer_0
  10
161.90224
  20
188.92821
  42
-0.069803616
  0
VERTEX
  5
b1b
  8
Layer_0
  10
162.33412
  20
188.08838
  42
-0.083576359
  0
VERTEX
  5
b1c
  8
Layer_0
  10
162.48792
  20
187.18776
  42
-0.067459633
  0
VERTEX
  5
b1d
  8
Layer_0
  10
162.36636
  20
186.36266
  42
-0.077605356
  0
VERTEX
  5
b1e
  8
Layer_0
  10
161.91144
  20
185.38837
  0
VERTEX
  5
b1f
  8
Layer_0
  10
161.55414
  20
185.38837
  42
0.023167178
  0
VERTEX
  5
b20
  8
Layer_0
  10
161.76962
  20
185.89117
  42
0.028499801
  0
VERTEX
  5
b21
  8
Layer_0
  10
161.88565
  20
186.29451
  42
0.026213988
  0
VERTEX
  5
b22
  8
Layer_0
  10
161.96484
  20
186.72824
  42
0.031242074
  0
VERTEX
  5
b23
  8
Layer_0
  10
161.99063
  20
187.14908
  42
0.058953433
  0
VERTEX
  5
b24
  8
Layer_0
  10
161.89671
  20
187.97879
  42
0.047305803
  0
VERTEX
  5
b25
  8
Layer_0
  10
161.55046
  20
188.92821
  0
SEQEND
  0
POLYLINE
  5
b27
  8
Layer_0
  62
7
  70
1
  66
1
  10
0
  20
0
  30
0
  0
VERTEX
  5
b27
  8
Layer_0
  10
196.95122
  20
186.97677
  0
VERTEX
  5
b28
  8
Layer_0
  10
196.93464
  20
186.62062
  0
VERTEX
  5
b29
  8
Layer_0
  10
196.88492
  20
186.31834
  0
VERTEX
  5
b2a
  8
Layer_0
  10
196.80204
  20
186.06994
  0
VERTEX
  5
b2b
  8
Layer_0
  10
196.686
  20
185.8754
  42
-0.22891098
  0
VERTEX
  5
b2c
  8
Layer_0
  10
196.07455
  20
185.59915
  42
-0.22842524
  0
VERTEX
  5
b2d
  8
Layer_0
  10
195.43915
  20
185.90211
  0
VERTEX
  5
b2e
  8
Layer_0
  10
195.33359
  20
186.08323
  0
VERTEX
  5
b2f
  8
Layer_0
  10
195.25819
  20
186.32364
  0
VERTEX
  5
b30
  8
Layer_0
  10
195.21296
  20
186.62333
  0
VERTEX
  5
b31
  8
Layer_0
  10
195.19788
  20
186.9823
  0
VERTEX
  5
b32
  8
Layer_0
  10
195.21445
  20
187.33683
  0
VERTEX
  5
b33
  8
Layer_0
  10
195.26418
  20
187.63796
  0
VERTEX
  5
b34
  8
Layer_0
  10
195.34706
  20
187.88567
  0
VERTEX
  5
b35
  8
Layer_0
  10
195.46309
  20
188.07998
  42
-0.22891098
  0
VERTEX
  5
b36
  8
Layer_0
  10
196.07455
  20
188.35623
  42
-0.22953572
  0
VERTEX
  5
b37
  8
Layer_0
  10
196.68785
  20
188.07629
  0
VERTEX
  5
b38
  8
Layer_0
  10
196.80307
  20
187.88325
  0
VERTEX
  5
b39
  8
Layer_0
  10
196.88538
  20
187.63565
  0
VERTEX
  5
b3a
  8
Layer_0
  10
196.93476
  20
187.33349
  0
SEQEND
  0
POLYLINE
  5
b3c
  8
Layer_0
  62
7
  70
1
  66
1
  10
0
  20
0
  30
0
  0
VERTEX
  5
b3c
  8
Layer_0
  10
195.79276
  20
187.65269
  0
VERTEX
  5
b3d
  8
Layer_0
  10
195.7694
  20
187.53516
  0
VERTEX
  5
b3e
  8
Layer_0
  10
195.7527
  20
187.38333
  0
VERTEX
  5
b3f
  8
Layer_0
  10
195.74269
  20
187.1972
  0
VERTEX
  5
b40
  8
Layer_0
  10
195.73935
  20
186.97677
  0
VERTEX
  5
b41
  8
Layer_0
  10
195.74234
  20
186.75777
  0
VERTEX
  5
b42
  8
Layer_0
  10
195.75132
  20
186.57596
  0
VERTEX
  5
b43
  8
Layer_0
  10
195.76629
  20
186.43133
  0
VERTEX
  5
b44
  8
Layer_0
  10
195.78724
  20
186.32387
  0
VERTEX
  5
b45
  8
Layer_0
  10
195.84134
  20
186.17584
  0
VERTEX
  5
b46
  8
Layer_0
  10
195.90787
  20
186.08721
  42
0.17188529
  0
VERTEX
  5
b47
  8
Layer_0
  10
196.07455
  20
186.02827
  42
0.17224405
  0
VERTEX
  5
b48
  8
Layer_0
  10
196.24216
  20
186.08813
  42
0.1593939
  0
VERTEX
  5
b49
  8
Layer_0
  10
196.35634
  20
186.30269
  0
VERTEX
  5
b4a
  8
Layer_0
  10
196.3797
  20
186.41941
  0
VERTEX
  5
b4b
  8
Layer_0
  10
196.39639
  20
186.57066
  0
VERTEX
  5
b4c
  8
Layer_0
  10
196.40641
  20
186.75645
  0
VERTEX
  5
b4d
  8
Layer_0
  10
196.40974
  20
186.97677
  0
VERTEX
  5
b4e
  8
Layer_0
  10
196.40675
  20
187.19576
  0
VERTEX
  5
b4f
  8
Layer_0
  10
196.39777
  20
187.37758
  0
VERTEX
  5
b50
  8
Layer_0
  10
196.38281
  20
187.52222
  0
VERTEX
  5
b51
  8
Layer_0
  10
196.36186
  20
187.62967
  0
VERTEX
  5
b52
  8
Layer_0
  10
196.30776
  20
187.77793
  0
VERTEX
  5
b53
  8
Layer_0
  10
196.24123
  20
187.86725
  42
0.1738416
  0
VERTEX
  5
b54
  8
Layer_0
  10
196.07455
  20
187.92711
  42
0.17226362
  0
VERTEX
  5
b55
  8
Layer_0
  10
195.90695
  20
187.86725
  42
0.15944313
  0
VERTEX
  5
b56
  8
Layer_0
  10
195.79276
  20
187.65269
  0
SEQEND
  0
POLYLINE
  5
b58
  8
Layer_0
  62
7
  70
1
  66
1
  10
0
  20
0
  30
0
  0
VERTEX
  5
b58
  8
Layer_0
  10
198.36569
  20
186.36531
  0
VERTEX
  5
b59
  8
Layer_0
  10
198.36569
  20
186.88284
  0
VERTEX
  5
b5a
  8
Layer_0
  10
197.34903
  20
186.88284
  0
VERTEX
  5
b5b
  8
Layer_0
  10
197.34903
  20
186.36531
  0
SEQEND
  0
POLYLINE
  5
b5d
  8
Layer_0
  62
7
  70
1
  66
1
  10
0
  20
0
  30
0
  0
VERTEX
  5
b5d
  8
Layer_0
  10
198.69168
  20
187.20331
  0
VERTEX
  5
b5e
  8
Layer_0
  10
198.69168
  20
187.67294
  42
0.086604518
  0
VERTEX
  5
b5f
  8
Layer_0
  10
199.13184
  20
187.92435
  42
0.1421933
  0
VERTEX
  5
b60
  8
Layer_0
  10
199.45784
  20
188.35623
  0
VERTEX
  5
b61
  8
Layer_0
  10
199.87775
  20
188.35623
  0
VERTEX
  5
b62
  8
Layer_0
  10
199.87775
  20
185.64519
  0
VERTEX
  5
b63
  8
Layer_0
  10
199.36023
  20
185.64519
  0
VERTEX
  5
b64
  8
Layer_0
  10
199.36023
  20
187.5956
  42
-0.10866728
  0
SEQEND
  0
POLYLINE
  5
b66
  8
Layer_0
  62
7
  70
1
  66
1
  10
0
  20
0
  30
0
  0
VERTEX
  5
b66
  8
Layer_0
  10
202.40279
  20
186.97677
  0
VERTEX
  5
b67
  8
Layer_0
  10
202.38621
  20
186.62062
  0
VERTEX
  5
b68
  8
Layer_0
  10
202.33648
  20
186.31834
  0
VERTEX
  5
b69
  8
Layer_0
  10
202.25361
  20
186.06994
  0
VERTEX
  5
b6a
  8
Layer_0
  10
202.13758
  20
185.8754
  42
-0.22890429
  0
VERTEX
  5
b6b
  8
Layer_0
  10
201.52612
  20
185.59915
  42
-0.22842524
  0
VERTEX
  5
b6c
  8
Layer_0
  10
200.89072
  20
185.90211
  0
VERTEX
  5
b6d
  8
Layer_0
  10
200.78516
  20
186.08323
  0
VERTEX
  5
b6e
  8
Layer_0
  10
200.70976
  20
186.32364
  0
VERTEX
  5
b6f
  8
Layer_0
  10
200.66452
  20
186.62333
  0
VERTEX
  5
b70
  8
Layer_0
  10
200.64944
  20
186.9823
  0
VERTEX
  5
b71
  8
Layer_0
  10
200.66602
  20
187.33683
  0
VERTEX
  5
b72
  8
Layer_0
  10
200.71575
  20
187.63796
  0
VERTEX
  5
b73
  8
Layer_0
  10
200.79863
  20
187.88567
  0
VERTEX
  5
b74
  8
Layer_0
  10
200.91466
  20
188.07998
  42
-0.22891098
  0
VERTEX
  5
b75
  8
Layer_0
  10
201.52612
  20
188.35623
  42
-0.22953572
  0
VERTEX
  5
b76
  8
Layer_0
  10
202.13942
  20
188.07629
  0
VERTEX
  5
b77
  8
Layer_0
  10
202.25464
  20
187.88325
  0
VERTEX
  5
b78
  8
Layer_0
  10
202.33695
  20
187.63565
  0
VERTEX
  5
b79
  8
Layer_0
  10
202.38633
  20
187.33349
  0
SEQEND
  0
POLYLINE
  5
b7b
  8
Layer_0
  62
7
  70
1
  66
1
  10
0
  20
0
  30
0
  0
VERTEX
  5
b7b
  8
Layer_0
  10
201.24433
  20
187.65269
  0
VERTEX
  5
b7c
  8
Layer_0
  10
201.22096
  20
187.53516
  0
VERTEX
  5
b7d
  8
Layer_0
  10
201.20427
  20
187.38333
  0
VERTEX
  5
b7e
  8
Layer_0
  10
201.19426
  20
187.1972
  0
VERTEX
  5
b7f
  8
Layer_0
  10
201.19092
  20
186.97677
  0
VERTEX
  5
b80
  8
Layer_0
  10
201.19391
  20
186.75777
  0
VERTEX
  5
b81
  8
Layer_0
  10
201.20289
  20
186.57596
  0
VERTEX
  5
b82
  8
Layer_0
  10
201.21785
  20
186.43133
  0
VERTEX
  5
b83
  8
Layer_0
  10
201.23881
  20
186.32387
  0
VERTEX
  5
b84
  8
Layer_0
  10
201.29291
  20
186.17584
  0
VERTEX
  5
b85
  8
Layer_0
  10
201.35944
  20
186.08721
  42
0.17188529
  0
VERTEX
  5
b86
  8
Layer_0
  10
201.52612
  20
186.02827
  42
0.17224405
  0
VERTEX
  5
b87
  8
Layer_0
  10
201.69373
  20
186.08813
  42
0.1593939
  0
VERTEX
  5
b88
  8
Layer_0
  10
201.80791
  20
186.30269
  0
VERTEX
  5
b89
  8
Layer_0
  10
201.83127
  20
186.41941
  0
VERTEX
  5
b8a
  8
Layer_0
  10
201.84796
  20
186.57066
  0
VERTEX
  5
b8b
  8
Layer_0
  10
201.85798
  20
186.75645
  0
VERTEX
  5
b8c
  8
Layer_0
  10
201.86131
  20
186.97677
  0
VERTEX
  5
b8d
  8
Layer_0
  10
201.85832
  20
187.19576
  0
VERTEX
  5
b8e
  8
Layer_0
  10
201.84934
  20
187.37758
  0
VERTEX
  5
b8f
  8
Layer_0
  10
201.83438
  20
187.52222
  0
VERTEX
  5
b90
  8
Layer_0
  10
201.81343
  20
187.62967
  0
VERTEX
  5
b91
  8
Layer_0
  10
201.75933
  20
187.77793
  0
VERTEX
  5
b92
  8
Layer_0
  10
201.69279
  20
187.86725
  42
0.1738416
  0
VERTEX
  5
b93
  8
Layer_0
  10
201.52612
  20
187.92711
  42
0.17226362
  0
VERTEX
  5
b94
  8
Layer_0
  10
201.35852
  20
187.86725
  42
0.15944313
  0
VERTEX
  5
b95
  8
Layer_0
  10
201.24432
  20
187.65269
  0
SEQEND
  0
POLYLINE
  5
b97
  8
Layer_0
  62
7
  70
1
  66
1
  10
0
  20
0
  30
0
  0
VERTEX
  5
b97
  8
Layer_0
  10
204.50054
  20
186.97677
  0
VERTEX
  5
b98
  8
Layer_0
  10
204.48397
  20
186.62062
  0
VERTEX
  5
b99
  8
Layer_0
  10
204.43424
  20
186.31834
  0
VERTEX
  5
b9a
  8
Layer_0
  10
204.35136
  20
186.06994
  0
VERTEX
  5
b9b
  8
Layer_0
  10
204.23533
  20
185.8754
  42
-0.22891098
  0
VERTEX
  5
b9c
  8
Layer_0
  10
203.62387
  20
185.59915
  42
-0.22842524
  0
VERTEX
  5
b9d
  8
Layer_0
  10
202.98846
  20
185.90211
  0
VERTEX
  5
b9e
  8
Layer_0
  10
202.88291
  20
186.08323
  0
VERTEX
  5
b9f
  8
Layer_0
  10
202.80751
  20
186.32364
  0
VERTEX
  5
ba0
  8
Layer_0
  10
202.76227
  20
186.62333
  0
VERTEX
  5
ba1
  8
Layer_0
  10
202.74719
  20
186.9823
  0
VERTEX
  5
ba2
  8
Layer_0
  10
202.76377
  20
187.33683
  0
VERTEX
  5
ba3
  8
Layer_0
  10
202.8135
  20
187.63796
  0
VERTEX
  5
ba4
  8
Layer_0
  10
202.89638
  20
187.88567
  0
VERTEX
  5
ba5
  8
Layer_0
  10
203.01241
  20
188.07998
  42
-0.22891098
  0
VERTEX
  5
ba6
  8
Layer_0
  10
203.62387
  20
188.35623
  42
-0.22953572
  0
VERTEX
  5
ba7
  8
Layer_0
  10
204.23717
  20
188.07629
  0
VERTEX
  5
ba8
  8
Layer_0
  10
204.35239
  20
187.88325
  0
VERTEX
  5
ba9
  8
Layer_0
  10
204.4347
  20
187.63565
  0
VERTEX
  5
baa
  8
Layer_0
  10
204.48408
  20
187.33349
  0
SEQEND
  0
POLYLINE
  5
bac
  8
Layer_0
  62
7
  70
1
  66
1
  10
0
  20
0
  30
0
  0
VERTEX
  5
bac
  8
Layer_0
  10
203.34208
  20
187.65269
  0
VERTEX
  5
bad
  8
Layer_0
  10
203.31871
  20
187.53516
  0
VERTEX
  5
bae
  8
Layer_0
  10
203.30202
  20
187.38333
  0
VERTEX
  5
baf
  8
Layer_0
  10
203.292
  20
187.1972
  0
VERTEX
  5
bb0
  8
Layer_0
  10
203.28867
  20
186.97677
  0
VERTEX
  5
bb1
  8
Layer_0
  10
203.29166
  20
186.75777
  0
VERTEX
  5
bb2
  8
Layer_0
  10
203.30064
  20
186.57596
  0
VERTEX
  5
bb3
  8
Layer_0
  10
203.31561
  20
186.43133
  0
VERTEX
  5
bb4
  8
Layer_0
  10
203.33656
  20
186.32387
  0
VERTEX
  5
bb5
  8
Layer_0
  10
203.39066
  20
186.17584
  0
VERTEX
  5
bb6
  8
Layer_0
  10
203.45719
  20
186.08721
  42
0.17188529
  0
VERTEX
  5
bb7
  8
Layer_0
  10
203.62387
  20
186.02827
  42
0.17226362
  0
VERTEX
  5
bb8
  8
Layer_0
  10
203.79147
  20
186.08813
  42
0.1593939
  0
VERTEX
  5
bb9
  8
Layer_0
  10
203.90565
  20
186.30269
  0
VERTEX
  5
bba
  8
Layer_0
  10
203.92902
  20
186.41941
  0
VERTEX
  5
bbb
  8
Layer_0
  10
203.94571
  20
186.57066
  0
VERTEX
  5
bbc
  8
Layer_0
  10
203.95573
  20
186.75645
  0
VERTEX
  5
bbd
  8
Layer_0
  10
203.95907
  20
186.97677
  0
VERTEX
  5
bbe
  8
Layer_0
  10
203.95607
  20
187.19576
  0
VERTEX
  5
bbf
  8
Layer_0
  10
203.94709
  20
187.37758
  0
VERTEX
  5
bc0
  8
Layer_0
  10
203.93213
  20
187.52222
  0
VERTEX
  5
bc1
  8
Layer_0
  10
203.91118
  20
187.62967
  0
VERTEX
  5
bc2
  8
Layer_0
  10
203.85708
  20
187.77793
  0
VERTEX
  5
bc3
  8
Layer_0
  10
203.79054
  20
187.86725
  42
0.1738416
  0
VERTEX
  5
bc4
  8
Layer_0
  10
203.62387
  20
187.92711
  42
0.17226362
  0
VERTEX
  5
bc5
  8
Layer_0
  10
203.45627
  20
187.86725
  42
0.1594059
  0
VERTEX
  5
bc6
  8
Layer_0
  10
203.34207
  20
187.65269
  0
SEQEND
  0
POLYLINE
  5
bc8
  8
Layer_0
  62
7
  70
1
  66
1
  10
0
  20
0
  30
0
  0
VERTEX
  5
bc8
  8
Layer_0
  10
207.11029
  20
187.60112
  0
VERTEX
  5
bc9
  8
Layer_0
  10
207.74753
  20
187.60112
  0
VERTEX
  5
bca
  8
Layer_0
  10
207.07898
  20
186.88652
  0
VERTEX
  5
bcb
  8
Layer_0
  10
207.79543
  20
185.64519
  0
VERTEX
  5
bcc
  8
Layer_0
  10
207.23737
  20
185.64519
  0
VERTEX
  5
bcd
  8
Layer_0
  10
206.74564
  20
186.5237
  0
VERTEX
  5
bce
  8
Layer_0
  10
206.50436
  20
186.27138
  0
VERTEX
  5
bcf
  8
Layer_0
  10
206.50436
  20
185.64519
  0
VERTEX
  5
bd0
  8
Layer_0
  10
205.98682
  20
185.64519
  0
VERTEX
  5
bd1
  8
Layer_0
  10
205.98682
  20
188.34518
  0
VERTEX
  5
bd2
  8
Layer_0
  10
206.50436
  20
188.34518
  0
VERTEX
  5
bd3
  8
Layer_0
  10
206.50436
  20
186.91231
  0
SEQEND
  0
POLYLINE
  5
bd5
  8
Layer_0
  62
7
  70
1
  66
1
  10
0
  20
0
  30
0
  0
VERTEX
  5
bd5
  8
Layer_0
  10
209.15094
  20
187.64532
  42
-0.1283163
  0
VERTEX
  5
bd6
  8
Layer_0
  10
209.47693
  20
187.56796
  42
-0.1374242
  0
VERTEX
  5
bd7
  8
Layer_0
  10
209.70346
  20
187.33408
  42
-0.10121625
  0
VERTEX
  5
bd8
  8
Layer_0
  10
209.98157
  20
187.56796
  42
-0.12015523
  0
VERTEX
  5
bd9
  8
Layer_0
  10
210.3002
  20
187.64532
  42
-0.13336784
  0
VERTEX
  5
bda
  8
Layer_0
  10
210.66486
  20
187.55785
  42
-0.15888589
  0
VERTEX
  5
bdb
  8
Layer_0
  10
210.88771
  20
187.30092
  0
VERTEX
  5
bdc
  8
Layer_0
  10
210.92777
  20
187.137
  0
VERTEX
  5
bdd
  8
Layer_0
  10
210.94112
  20
186.89573
  0
VERTEX
  5
bde
  8
Layer_0
  10
210.94113
  20
185.64519
  0
VERTEX
  5
bdf
  8
Layer_0
  10
210.42358
  20
185.64519
  0
VERTEX
  5
be0
  8
Layer_0
  10
210.42358
  20
186.76312
  0
VERTEX
  5
be1
  8
Layer_0
  10
210.42025
  20
186.89573
  0
VERTEX
  5
be2
  8
Layer_0
  10
210.41024
  20
187.00255
  0
VERTEX
  5
be3
  8
Layer_0
  10
210.39355
  20
187.08359
  0
VERTEX
  5
be4
  8
Layer_0
  10
210.37019
  20
187.13884
  42
0.25384517
  0
VERTEX
  5
be5
  8
Layer_0
  10
210.14917
  20
187.24934
  42
0.15255891
  0
VERTEX
  5
be6
  8
Layer_0
  10
209.94473
  20
187.18304
  42
0.1628478
  0
VERTEX
  5
be7
  8
Layer_0
  10
209.80661
  20
186.98874
  42
0.080078049
  0
VERTEX
  5
be8
  8
Layer_0
  10
209.76425
  20
186.58447
  0
VERTEX
  5
be9
  8
Layer_0
  10
209.76425
  20
185.64519
  0
VERTEX
  5
bea
  8
Layer_0
  10
209.24672
  20
185.64519
  0
VERTEX
  5
beb
  8
Layer_0
  10
209.24672
  20
186.71709
  0
VERTEX
  5
bec
  8
Layer_0
  10
209.24499
  20
186.84716
  0
VERTEX
  5
bed
  8
Layer_0
  10
209.23981
  20
186.95191
  0
VERTEX
  5
bee
  8
Layer_0
  10
209.23118
  20
187.03133
  0
VERTEX
  5
bef
  8
Layer_0
  10
209.21909
  20
187.08543
  42
0.16121358
  0
VERTEX
  5
bf0
  8
Layer_0
  10
209.13345
  20
187.20883
  42
0.15360787
  0
VERTEX
  5
bf1
  8
Layer_0
  10
208.97598
  20
187.24934
  42
0.14920341
  0
VERTEX
  5
bf2
  8
Layer_0
  10
208.7605
  20
187.18489
  42
0.16390773
  0
VERTEX
  5
bf3
  8
Layer_0
  10
208.62329
  20
186.99887
  0
VERTEX
  5
bf4
  8
Layer_0
  10
208.59221
  20
186.83726
  0
VERTEX
  5
bf5
  8
Layer_0
  10
208.58185
  20
186.59553
  0
VERTEX
  5
bf6
  8
Layer_0
  10
208.58185
  20
185.64519
  0
VERTEX
  5
bf7
  8
Layer_0
  10
208.06432
  20
185.64519
  0
VERTEX
  5
bf8
  8
Layer_0
  10
208.06432
  20
187.60112
  0
VERTEX
  5
bf9
  8
Layer_0
  10
208.54132
  20
187.60112
  0
VERTEX
  5
bfa
  8
Layer_0
  10
208.54132
  20
187.33408
  42
-0.22427404
  0
SEQEND
  0
POLYLINE
  5
bfc
  8
Layer_0
  62
7
  70
1
  66
1
  10
0
  20
0
  30
0
  0
VERTEX
  5
bfc
  8
Layer_0
  10
211.5618
  20
185.59915
  0
VERTEX
  5
bfd
  8
Layer_0
  10
211.18054
  20
185.59915
  0
VERTEX
  5
bfe
  8
Layer_0
  10
211.84911
  20
188.39124
  0
VERTEX
  5
bff
  8
Layer_0
  10
212.23772
  20
188.39124
  0
SEQEND
  0
POLYLINE
  5
c01
  8
Layer_0
  62
7
  70
1
  66
1
  10
0
  20
0
  30
0
  0
VERTEX
  5
c01
  8
Layer_0
  10
213.61902
  20
187.64532
  42
-0.10852182
  0
VERTEX
  5
c02
  8
Layer_0
  10
213.94133
  20
187.57903
  42
-0.13176938
  0
VERTEX
  5
c03
  8
Layer_0
  10
214.15773
  20
187.40958
  42
-0.10141264
  0
VERTEX
  5
c04
  8
Layer_0
  10
214.25719
  20
187.1812
  42
-0.052580622
  0
VERTEX
  5
c05
  8
Layer_0
  10
214.28389
  20
186.7926
  0
VERTEX
  5
c06
  8
Layer_0
  10
214.28389
  20
185.64519
  0
VERTEX
  5
c07
  8
Layer_0
  10
213.76636
  20
185.64519
  0
VERTEX
  5
c08
  8
Layer_0
  10
213.76636
  20
186.67841
  0
VERTEX
  5
c09
  8
Layer_0
  10
213.76452
  20
186.81815
  0
VERTEX
  5
c0a
  8
Layer_0
  10
213.759
  20
186.9298
  0
VERTEX
  5
c0b
  8
Layer_0
  10
213.74979
  20
187.01337
  0
VERTEX
  5
c0c
  8
Layer_0
  10
213.73689
  20
187.06886
  42
0.16388735
  0
VERTEX
  5
c0d
  8
Layer_0
  10
213.63284
  20
187.20055
  42
0.14586339
  0
VERTEX
  5
c0e
  8
Layer_0
  10
213.44589
  20
187.24934
  42
0.13931064
  0
VERTEX
  5
c0f
  8
Layer_0
  10
213.21568
  20
187.18674
  42
0.16670507
  0
VERTEX
  5
c10
  8
Layer_0
  10
213.06741
  20
186.99796
  42
0.089335914
  0
VERTEX
  5
c11
  8
Layer_0
  10
213.02045
  20
186.625
  0
VERTEX
  5
c12
  8
Layer_0
  10
213.02045
  20
185.64519
  0
VERTEX
  5
c13
  8
Layer_0
  10
212.50293
  20
185.64519
  0
VERTEX
  5
c14
  8
Layer_0
  10
212.50293
  20
188.34518
  0
VERTEX
  5
c15
  8
Layer_0
  10
213.02045
  20
188.34518
  0
VERTEX
  5
c16
  8
Layer_0
  10
213.02045
  20
187.35248
  42
-0.21921542
  0
SEQEND
  0
POLYLINE
  5
c18
  8
Layer_0
  62
7
  70
1
  66
1
  10
0
  20
0
  30
0
  0
VERTEX
  5
c18
  8
Layer_0
  10
216.47372
  20
187.08359
  0
VERTEX
  5
c19
  8
Layer_0
  10
216.47372
  20
187.60112
  0
VERTEX
  5
c1a
  8
Layer_0
  10
215.95621
  20
187.60112
  0
VERTEX
  5
c1b
  8
Layer_0
  10
215.95621
  20
187.08359
  0
SEQEND
  0
POLYLINE
  5
c1d
  8
Layer_0
  62
7
  70
1
  66
1
  10
0
  20
0
  30
0
  0
VERTEX
  5
c1d
  8
Layer_0
  10
216.47372
  20
185.64519
  0
VERTEX
  5
c1e
  8
Layer_0
  10
216.47372
  20
186.16272
  0
VERTEX
  5
c1f
  8
Layer_0
  10
215.95621
  20
186.16272
  0
VERTEX
  5
c20
  8
Layer_0
  10
215.95621
  20
185.64519
  0
SEQEND
  0
POLYLINE
  5
c22
  8
Layer_0
  62
7
  70
1
  66
1
  10
0
  20
0
  30
0
  0
VERTEX
  5
c22
  8
Layer_0
  10
218.77776
  20
187.82397
  0
VERTEX
  5
c23
  8
Layer_0
  10
219.75388
  20
187.82397
  0
VERTEX
  5
c24
  8
Layer_0
  10
219.75388
  20
188.30835
  0
VERTEX
  5
c25
  8
Layer_0
  10
218.38547
  20
188.30835
  0
VERTEX
  5
c26
  8
Layer_0
  10
218.12025
  20
186.90311
  0
VERTEX
  5
c27
  8
Layer_0
  10
218.54016
  20
186.84232
  42
-0.21301788
  0
VERTEX
  5
c28
  8
Layer_0
  10
218.93982
  20
187.0394
  42
-0.21314349
  0
VERTEX
  5
c29
  8
Layer_0
  10
219.2299
  20
186.91507
  0
VERTEX
  5
c2a
  8
Layer_0
  10
219.31348
  20
186.75967
  0
VERTEX
  5
c2b
  8
Layer_0
  10
219.34133
  20
186.54212
  0
VERTEX
  5
c2c
  8
Layer_0
  10
219.31324
  20
186.31029
  0
VERTEX
  5
c2d
  8
Layer_0
  10
219.22898
  20
186.14522
  42
-0.21955056
  0
VERTEX
  5
c2e
  8
Layer_0
  10
218.95456
  20
186.01353
  42
-0.19098626
  0
VERTEX
  5
c2f
  8
Layer_0
  10
218.70409
  20
186.11575
  42
-0.17431066
  0
VERTEX
  5
c30
  8
Layer_0
  10
218.57333
  20
186.39294
  0
VERTEX
  5
c31
  8
Layer_0
  10
218.05763
  20
186.33952
  42
0.18464314
  0
VERTEX
  5
c32
  8
Layer_0
  10
218.33942
  20
185.7999
  42
0.17819629
  0
VERTEX
  5
c33
  8
Layer_0
  10
218.94904
  20
185.59915
  42
0.23825814
  0
VERTEX
  5
c34
  8
Layer_0
  10
219.68021
  20
185.95645
  42
0.16053486
  0
VERTEX
  5
c35
  8
Layer_0
  10
219.8736
  20
186.55133
  42
0.19305519
  0
VERTEX
  5
c36
  8
Layer_0
  10
219.63417
  20
187.20146
  42
0.20477648
  0
VERTEX
  5
c37
  8
Layer_0
  10
219.05032
  20
187.45193
  42
0.11642712
  0
VERTEX
  5
c38
  8
Layer_0
  10
218.69672
  20
187.36539
  0
SEQEND
  0
POLYLINE
  5
c3a
  8
Layer_0
  62
7
  70
1
  66
1
  10
0
  20
0
  30
0
  0
VERTEX
  5
c3a
  8
Layer_0
  10
220.77605
  20
185.64519
  0
VERTEX
  5
c3b
  8
Layer_0
  10
220.77605
  20
186.16272
  0
VERTEX
  5
c3c
  8
Layer_0
  10
220.25851
  20
186.16272
  0
VERTEX
  5
c3d
  8
Layer_0
  10
220.25851
  20
185.64519
  0
SEQEND
  0
POLYLINE
  5
c3f
  8
Layer_0
  62
7
  70
1
  66
1
  10
0
  20
0
  30
0
  0
VERTEX
  5
c3f
  8
Layer_0
  10
221.78993
  20
186.78708
  42
0.084138376
  0
VERTEX
  5
c40
  8
Layer_0
  10
221.55879
  20
185.64519
  0
VERTEX
  5
c41
  8
Layer_0
  10
222.05791
  20
185.64519
  42
-0.065367448
  0
VERTEX
  5
c42
  8
Layer_0
  10
222.17487
  20
186.45648
  42
-0.064037141
  0
VERTEX
  5
c43
  8
Layer_0
  10
222.52017
  20
187.31381
  42
-0.070647406
  0
VERTEX
  5
c44
  8
Layer_0
  10
222.96588
  20
187.93263
  0
VERTEX
  5
c45
  8
Layer_0
  10
222.96588
  20
188.30835
  0
VERTEX
  5
c46
  8
Layer_0
  10
221.19597
  20
188.30835
  0
VERTEX
  5
c47
  8
Layer_0
  10
221.19597
  20
187.82765
  0
VERTEX
  5
c48
  8
Layer_0
  10
222.37283
  20
187.82765
  42
0.07841517
  0
SEQEND
  0
POLYLINE
  5
c4a
  8
Layer_0
  62
7
  70
1
  66
1
  10
0
  20
0
  30
0
  0
VERTEX
  5
c4a
  8
Layer_0
  10
224.57465
  20
185.76306
  0
VERTEX
  5
c4b
  8
Layer_0
  10
224.70156
  20
185.69215
  0
VERTEX
  5
c4c
  8
Layer_0
  10
224.8493
  20
185.6415
  0
VERTEX
  5
c4d
  8
Layer_0
  10
225.01788
  20
185.61112
  0
VERTEX
  5
c4e
  8
Layer_0
  10
225.20729
  20
185.60099
  0
VERTEX
  5
c4f
  8
Layer_0
  10
225.41391
  20
185.61307
  0
VERTEX
  5
c50
  8
Layer_0
  10
225.5936
  20
185.64933
  0
VERTEX
  5
c51
  8
Layer_0
  10
225.74635
  20
185.70976
  0
VERTEX
  5
c52
  8
Layer_0
  10
225.87216
  20
185.79437
  42
0.21841499
  0
VERTEX
  5
c53
  8
Layer_0
  10
226.09686
  20
186.25665
  42
0.21968899
  0
VERTEX
  5
c54
  8
Layer_0
  10
225.93478
  20
186.64157
  0
VERTEX
  5
c55
  8
Layer_0
  10
225.83722
  20
186.70707
  0
VERTEX
  5
c56
  8
Layer_0
  10
225.70847
  20
186.76727
  0
VERTEX
  5
c57
  8
Layer_0
  10
225.54853
  20
186.82218
  0
VERTEX
  5
c58
  8
Layer_0
  10
225.35739
  20
186.87179
  0
VERTEX
  5
c59
  8
Layer_0
  10
225.17212
  20
186.91611
  0
VERTEX
  5
c5a
  8
Layer_0
  10
225.02979
  20
186.95513
  0
VERTEX
  5
c5b
  8
Layer_0
  10
224.93039
  20
186.98886
  0
VERTEX
  5
c5c
  8
Layer_0
  10
224.87393
  20
187.01729
  42
-0.23606798
  0
VERTEX
  5
c5d
  8
Layer_0
  10
224.82236
  20
187.11122
  42
-0.24697689
  0
VERTEX
  5
c5e
  8
Layer_0
  10
224.8813
  20
187.2162
  0
VERTEX
  5
c5f
  8
Layer_0
  10
224.99871
  20
187.25902
  0
VERTEX
  5
c60
  8
Layer_0
  10
225.17414
  20
187.27329
  42
-0.15298272
  0
VERTEX
  5
c61
  8
Layer_0
  10
225.42369
  20
187.21251
  42
-0.17577994
  0
VERTEX
  5
c62
  8
Layer_0
  10
225.54248
  20
187.03755
  0
VERTEX
  5
c63
  8
Layer_0
  10
226.03055
  20
187.12779
  42
0.17691951
  0
VERTEX
  5
c64
  8
Layer_0
  10
225.76166
  20
187.51456
  0
VERTEX
  5
c65
  8
Layer_0
  10
225.65115
  20
187.57177
  0
VERTEX
  5
c66
  8
Layer_0
  10
225.51486
  20
187.61263
  0
VERTEX
  5
c67
  8
Layer_0
  10
225.35279
  20
187.63715
  0
VERTEX
  5
c68
  8
Layer_0
  10
225.16493
  20
187.64532
  0
VERTEX
  5
c69
  8
Layer_0
  10
224.96786
  20
187.6345
  0
VERTEX
  5
c6a
  8
Layer_0
  10
224.79842
  20
187.60204
  0
VERTEX
  5
c6b
  8
Layer_0
  10
224.65661
  20
187.54794
  0
VERTEX
  5
c6c
  8
Layer_0
  10
224.54242
  20
187.4722
  42
0.21815806
  0
VERTEX
  5
c6d
  8
Layer_0
  10
224.34167
  20
187.04492
  42
0.24786856
  0
VERTEX
  5
c6e
  8
Layer_0
  10
224.57373
  20
186.60474
  0
VERTEX
  5
c6f
  8
Layer_0
  10
224.68619
  20
186.54615
  0
VERTEX
  5
c70
  8
Layer_0
  10
224.85598
  20
186.48456
  0
VERTEX
  5
c71
  8
Layer_0
  10
225.08309
  20
186.41999
  0
VERTEX
  5
c72
  8
Layer_0
  10
225.36752
  20
186.35242
  42
-0.13387658
  0
VERTEX
  5
c73
  8
Layer_0
  10
225.54065
  20
186.28427
  42
-0.19259964
  0
VERTEX
  5
c74
  8
Layer_0
  10
225.57748
  20
186.18666
  42
-0.23492302
  0
VERTEX
  5
c75
  8
Layer_0
  10
225.50934
  20
186.04852
  42
-0.15850085
  0
VERTEX
  5
c76
  8
Layer_0
  10
225.20729
  20
185.97485
  42
-0.16596812
  0
VERTEX
  5
c77
  8
Layer_0
  10
224.92366
  20
186.05313
  42
-0.17598611
  0
VERTEX
  5
c78
  8
Layer_0
  10
224.78922
  20
186.28244
  0
VERTEX
  5
c79
  8
Layer_0
  10
224.26984
  20
186.20323
  42
0.17945041
  0
VERTEX
  5
c7a
  8
Layer_0
  10
224.57465
  20
185.76306
  0
SEQEND
  0
POLYLINE
  5
c7c
  8
Layer_0
  62
7
  70
1
  66
1
  10
0
  20
0
  30
0
  0
VERTEX
  5
c7c
  8
Layer_0
  10
227.88428
  20
185.74924
  42
-0.15232191
  0
VERTEX
  5
c7d
  8
Layer_0
  10
227.3474
  20
185.60098
  0
VERTEX
  5
c7e
  8
Layer_0
  10
227.10889
  20
185.62182
  0
VERTEX
  5
c7f
  8
Layer_0
  10
226.90354
  20
185.68433
  0
VERTEX
  5
c80
  8
Layer_0
  10
226.73134
  20
185.7885
  0
VERTEX
  5
c81
  8
Layer_0
  10
226.59229
  20
185.93434
  0
VERTEX
  5
c82
  8
Layer_0
  10
226.50768
  20
186.07662
  0
VERTEX
  5
c83
  8
Layer_0
  10
226.44725
  20
186.23639
  0
VERTEX
  5
c84
  8
Layer_0
  10
226.41099
  20
186.41366
  0
VERTEX
  5
c85
  8
Layer_0
  10
226.3989
  20
186.60842
  0
VERTEX
  5
c86
  8
Layer_0
  10
226.41479
  20
186.83835
  0
VERTEX
  5
c87
  8
Layer_0
  10
226.46244
  20
187.04192
  0
VERTEX
  5
c88
  8
Layer_0
  10
226.54187
  20
187.21913
  0
VERTEX
  5
c89
  8
Layer_0
  10
226.65306
  20
187.36998
  42
-0.20932218
  0
VERTEX
  5
c8a
  8
Layer_0
  10
227.29584
  20
187.64532
  42
-0.21621163
  0
VERTEX
  5
c8b
  8
Layer_0
  10
227.98465
  20
187.35709
  0
VERTEX
  5
c8c
  8
Layer_0
  10
228.09434
  20
187.19381
  0
VERTEX
  5
c8d
  8
Layer_0
  10
228.17112
  20
186.9922
  0
VERTEX
  5
c8e
  8
Layer_0
  10
228.21498
  20
186.75225
  0
VERTEX
  5
c8f
  8
Layer_0
  10
228.22591
  20
186.47397
  0
VERTEX
  5
c90
  8
Layer_0
  10
226.92932
  20
186.47397
  42
0.18401328
  0
VERTEX
  5
c91
  8
Layer_0
  10
227.05457
  20
186.11575
  42
0.20761647
  0
VERTEX
  5
c92
  8
Layer_0
  10
227.35294
  20
185.98775
  42
0.17030146
  0
VERTEX
  5
c93
  8
Layer_0
  10
227.55736
  20
186.05405
  42
0.15526596
  0
VERTEX
  5
c94
  8
Layer_0
  10
227.68259
  20
186.2677
  0
VERTEX
  5
c95
  8
Layer_0
  10
228.19829
  20
186.18114
  42
-0.15852499
  0
SEQEND
  0
POLYLINE
  5
c97
  8
Layer_0
  62
7
  70
1
  66
1
  10
0
  20
0
  30
0
  0
VERTEX
  5
c97
  8
Layer_0
  10
226.93854
  20
186.79076
  42
-0.18689048
  0
VERTEX
  5
c98
  8
Layer_0
  10
227.0472
  20
187.12595
  42
-0.21326242
  0
VERTEX
  5
c99
  8
Layer_0
  10
227.32715
  20
187.24934
  42
-0.20627575
  0
VERTEX
  5
c9a
  8
Layer_0
  10
227.59604
  20
187.1324
  42
-0.18518926
  0
VERTEX
  5
c9b
  8
Layer_0
  10
227.71207
  20
186.79076
  0
SEQEND
  0
POLYLINE
  5
c9d
  8
Layer_0
  62
7
  70
1
  66
1
  10
0
  20
0
  30
0
  0
VERTEX
  5
c9d
  8
Layer_0
  10
230.07503
  20
185.77964
  0
VERTEX
  5
c9e
  8
Layer_0
  10
229.95313
  20
185.70148
  0
VERTEX
  5
c9f
  8
Layer_0
  10
229.81212
  20
185.64565
  0
VERTEX
  5
ca0
  8
Layer_0
  10
229.652
  20
185.61215
  0
VERTEX
  5
ca1
  8
Layer_0
  10
229.47278
  20
185.60099
  42
-0.20666247
  0
VERTEX
  5
ca2
  8
Layer_0
  10
228.78857
  20
185.87172
  0
VERTEX
  5
ca3
  8
Layer_0
  10
228.67697
  20
186.0201
  0
VERTEX
  5
ca4
  8
Layer_0
  10
228.59726
  20
186.19449
  0
VERTEX
  5
ca5
  8
Layer_0
  10
228.54943
  20
186.39489
  0
VERTEX
  5
ca6
  8
Layer_0
  10
228.53349
  20
186.62131
  0
VERTEX
  5
ca7
  8
Layer_0
  10
228.54949
  20
186.85009
  0
VERTEX
  5
ca8
  8
Layer_0
  10
228.59749
  20
187.05205
  0
VERTEX
  5
ca9
  8
Layer_0
  10
228.67749
  20
187.22719
  0
VERTEX
  5
caa
  8
Layer_0
  10
228.78949
  20
187.37551
  0
VERTEX
  5
cab
  8
Layer_0
  10
228.92877
  20
187.49355
  0
VERTEX
  5
cac
  8
Layer_0
  10
229.09061
  20
187.57787
  0
VERTEX
  5
cad
  8
Layer_0
  10
229.27502
  20
187.62846
  0
VERTEX
  5
cae
  8
Layer_0
  10
229.48199
  20
187.64532
  0
VERTEX
  5
caf
  8
Layer_0
  10
229.65148
  20
187.63571
  0
VERTEX
  5
cb0
  8
Layer_0
  10
229.80268
  20
187.60688
  0
VERTEX
  5
cb1
  8
Layer_0
  10
229.93557
  20
187.55882
  0
VERTEX
  5
cb2
  8
Layer_0
  10
230.05016
  20
187.49154
  42
-0.16554518
  0
VERTEX
  5
cb3
  8
Layer_0
  10
230.35313
  20
187.02281
  0
VERTEX
  5
cb4
  8
Layer_0
  10
229.84296
  20
186.93073
  42
0.17683792
  0
VERTEX
  5
cb5
  8
Layer_0
  10
229.72601
  20
187.16095
  42
0.17773988
  0
VERTEX
  5
cb6
  8
Layer_0
  10
229.48935
  20
187.2383
  42
0.21819673
  0
VERTEX
  5
cb7
  8
Layer_0
  10
229.18085
  20
187.10477
  0
VERTEX
  5
cb8
  8
Layer_0
  10
229.1305
  20
187.02678
  0
VERTEX
  5
cb9
  8
Layer_0
  10
229.09453
  20
186.92635
  0
VERTEX
  5
cba
  8
Layer_0
  10
229.07294
  20
186.80347
  0
VERTEX
  5
cbb
  8
Layer_0
  10
229.06575
  20
186.65815
  0
VERTEX
  5
cbc
  8
Layer_0
  10
229.07306
  20
186.49688
  0
VERTEX
  5
cbd
  8
Layer_0
  10
229.09499
  20
186.36117
  0
VERTEX
  5
cbe
  8
Layer_0
  10
229.13154
  20
186.25101
  0
VERTEX
  5
cbf
  8
Layer_0
  10
229.1827
  20
186.1664
  42
0.22559841
  0
VERTEX
  5
cc0
  8
Layer_0
  10
229.49672
  20
186.02274
  42
0.18415101
  0
VERTEX
  5
cc1
  8
Layer_0
  10
229.73799
  20
186.10654
  0
VERTEX
  5
cc2
  8
Layer_0
  10
229.8181
  20
186.2205
  0
VERTEX
  5
cc3
  8
Layer_0
  10
229.87059
  20
186.39478
  0
VERTEX
  5
cc4
  8
Layer_0
  10
230.37891
  20
186.30821
  0
VERTEX
  5
cc5
  8
Layer_0
  10
230.33022
  20
186.14396
  0
VERTEX
  5
cc6
  8
Layer_0
  10
230.26335
  20
186.00111
  0
VERTEX
  5
cc7
  8
Layer_0
  10
230.17828
  20
185.87967
  0
SEQEND
  0
ENDSEC
  0
EOF
