  0
SECTION
  2
HEADER
  9
$ACADVER
  1
AC1009
  0
ENDSEC
  0
SECTION
  2
TABLES
  0
TABLE
  2
LAYER
  70
1
  0
LAYER
  2
Layer_0
  70
0
  62
7
  6
CONTINUOUS
  0
ENDTAB
  0
ENDSEC
  0
SECTION
  2
ENTITIES
  0
POLYLINE
  5
90
  8
Layer_0
  62
7
  70
1
  66
1
  10
0
  20
0
  30
0
  0
VERTEX
  5
90
  8
Layer_0
  10
120.3
  20
221.323
  0
VERTEX
  5
91
  8
Layer_0
  10
279.70001
  20
221.323
  42
-0.41421356
  0
VERTEX
  5
92
  8
Layer_0
  10
289.70001
  20
211.323
  0
VERTEX
  5
93
  8
Layer_0
  10
289.70001
  20
188.677
  42
-0.41421356
  0
VERTEX
  5
94
  8
Layer_0
  10
279.70001
  20
178.677
  0
VERTEX
  5
95
  8
Layer_0
  10
120.3
  20
178.677
  42
-0.41421366
  0
VERTEX
  5
96
  8
Layer_0
  10
110.3
  20
188.677
  0
VERTEX
  5
97
  8
Layer_0
  10
110.3
  20
211.323
  42
-0.41421356
  0
SEQEND
  0
POLYLINE
  5
99
  8
Layer_0
  62
7
  70
1
  66
1
  10
0
  20
0
  30
0
  0
VERTEX
  5
99
  8
Layer_0
  10
165.08919
  20
214.94046
  0
VERTEX
  5
9a
  8
Layer_0
  10
165.5286
  20
215.06014
  0
VERTEX
  5
9b
  8
Layer_0
  10
165.94048
  20
215.18231
  0
VERTEX
  5
9c
  8
Layer_0
  10
166.32471
  20
215.30692
  0
VERTEX
  5
9d
  8
Layer_0
  10
166.68118
  20
215.43389
  0
VERTEX
  5
9e
  8
Layer_0
  10
167.00978
  20
215.56316
  0
VERTEX
  5
9f
  8
Layer_0
  10
167.3104
  20
215.69467
  0
VERTEX
  5
a0
  8
Layer_0
  10
167.58292
  20
215.82835
  0
VERTEX
  5
a1
  8
Layer_0
  10
167.82724
  20
215.96413
  0
VERTEX
  5
a2
  8
Layer_0
  10
168.04323
  20
216.10195
  0
VERTEX
  5
a3
  8
Layer_0
  10
168.2308
  20
216.24175
  0
VERTEX
  5
a4
  8
Layer_0
  10
168.38981
  20
216.38346
  0
VERTEX
  5
a5
  8
Layer_0
  10
168.52017
  20
216.52701
  0
VERTEX
  5
a6
  8
Layer_0
  10
168.62175
  20
216.67234
  0
VERTEX
  5
a7
  8
Layer_0
  10
168.69445
  20
216.81938
  0
VERTEX
  5
a8
  8
Layer_0
  10
168.73815
  20
216.96808
  0
VERTEX
  5
a9
  8
Layer_0
  10
168.75274
  20
217.11835
  42
0.13880102
  0
VERTEX
  5
aa
  8
Layer_0
  10
168.69202
  20
217.40576
  0
VERTEX
  5
ab
  8
Layer_0
  10
168.60345
  20
217.49818
  0
VERTEX
  5
ac
  8
Layer_0
  10
168.47456
  20
217.58414
  0
VERTEX
  5
ad
  8
Layer_0
  10
168.30563
  20
217.66365
  0
VERTEX
  5
ae
  8
Layer_0
  10
168.09695
  20
217.7367
  0
VERTEX
  5
af
  8
Layer_0
  10
167.84879
  20
217.80331
  0
VERTEX
  5
b0
  8
Layer_0
  10
167.56146
  20
217.86346
  0
VERTEX
  5
b1
  8
Layer_0
  10
167.23522
  20
217.91716
  0
VERTEX
  5
b2
  8
Layer_0
  10
166.87037
  20
217.96441
  0
VERTEX
  5
b3
  8
Layer_0
  10
166.47675
  20
218.00141
  0
VERTEX
  5
b4
  8
Layer_0
  10
166.01975
  20
218.02361
  0
VERTEX
  5
b5
  8
Layer_0
  10
165.73677
  20
218.03023
  0
VERTEX
  5
b6
  8
Layer_0
  10
165.40109
  20
218.03443
  0
VERTEX
  5
b7
  8
Layer_0
  10
165.00041
  20
218.03664
  0
VERTEX
  5
b8
  8
Layer_0
  10
164.52245
  20
218.03728
  42
0.017997349
  0
VERTEX
  5
b9
  8
Layer_0
  10
160.00879
  20
217.85512
  0
VERTEX
  5
ba
  8
Layer_0
  10
158.85913
  20
217.77415
  0
VERTEX
  5
bb
  8
Layer_0
  10
158.38954
  20
217.52721
  0
VERTEX
  5
bc
  8
Layer_0
  10
158.20776
  20
217.43145
  0
VERTEX
  5
bd
  8
Layer_0
  10
158.05557
  20
217.35011
  0
VERTEX
  5
be
  8
Layer_0
  10
157.94893
  20
217.29154
  0
VERTEX
  5
bf
  8
Layer_0
  10
157.90377
  20
217.26408
  0
VERTEX
  5
c0
  8
Layer_0
  10
157.93109
  20
217.25498
  0
VERTEX
  5
c1
  8
Layer_0
  10
158.02521
  20
217.26408
  0
VERTEX
  5
c2
  8
Layer_0
  10
158.07082
  20
217.2716
  0
VERTEX
  5
c3
  8
Layer_0
  10
158.14716
  20
217.28167
  0
VERTEX
  5
c4
  8
Layer_0
  10
158.25007
  20
217.29383
  0
VERTEX
  5
c5
  8
Layer_0
  10
158.37537
  20
217.3076
  0
VERTEX
  5
c6
  8
Layer_0
  10
158.67645
  20
217.33809
  0
VERTEX
  5
c7
  8
Layer_0
  10
159.017
  20
217.36934
  0
VERTEX
  5
c8
  8
Layer_0
  10
159.8744
  20
217.4468
  0
VERTEX
  5
c9
  8
Layer_0
  10
160.68519
  20
217.51223
  0
VERTEX
  5
ca
  8
Layer_0
  10
161.44872
  20
217.56562
  0
VERTEX
  5
cb
  8
Layer_0
  10
162.16429
  20
217.60697
  0
VERTEX
  5
cc
  8
Layer_0
  10
162.83124
  20
217.6363
  0
VERTEX
  5
cd
  8
Layer_0
  10
163.44889
  20
217.65361
  0
VERTEX
  5
ce
  8
Layer_0
  10
164.01657
  20
217.65891
  0
VERTEX
  5
cf
  8
Layer_0
  10
164.53359
  20
217.6522
  0
VERTEX
  5
d0
  8
Layer_0
  10
164.99928
  20
217.63349
  0
VERTEX
  5
d1
  8
Layer_0
  10
165.41296
  20
217.60278
  0
VERTEX
  5
d2
  8
Layer_0
  10
165.77397
  20
217.56008
  0
VERTEX
  5
d3
  8
Layer_0
  10
166.08161
  20
217.50539
  0
VERTEX
  5
d4
  8
Layer_0
  10
166.33523
  20
217.43873
  0
VERTEX
  5
d5
  8
Layer_0
  10
166.53413
  20
217.36009
  0
VERTEX
  5
d6
  8
Layer_0
  10
166.67765
  20
217.26949
  0
VERTEX
  5
d7
  8
Layer_0
  10
166.76511
  20
217.16693
  0
VERTEX
  5
d8
  8
Layer_0
  10
166.79377
  20
217.10646
  0
VERTEX
  5
d9
  8
Layer_0
  10
166.80003
  20
217.05358
  0
VERTEX
  5
da
  8
Layer_0
  10
166.78276
  20
216.9916
  0
VERTEX
  5
db
  8
Layer_0
  10
166.74083
  20
216.9038
  0
VERTEX
  5
dc
  8
Layer_0
  10
166.60205
  20
216.71702
  0
VERTEX
  5
dd
  8
Layer_0
  10
166.37143
  20
216.51771
  0
VERTEX
  5
de
  8
Layer_0
  10
166.05429
  20
216.31006
  0
VERTEX
  5
df
  8
Layer_0
  10
165.65593
  20
216.09822
  0
VERTEX
  5
e0
  8
Layer_0
  10
165.2775
  20
215.92593
  0
VERTEX
  5
e1
  8
Layer_0
  10
164.85927
  20
215.76046
  0
VERTEX
  5
e2
  8
Layer_0
  10
164.39749
  20
215.60068
  0
VERTEX
  5
e3
  8
Layer_0
  10
163.88842
  20
215.44546
  0
VERTEX
  5
e4
  8
Layer_0
  10
163.3283
  20
215.29366
  0
VERTEX
  5
e5
  8
Layer_0
  10
162.71339
  20
215.14413
  0
VERTEX
  5
e6
  8
Layer_0
  10
162.03993
  20
214.99574
  0
VERTEX
  5
e7
  8
Layer_0
  10
161.3042
  20
214.84735
  0
VERTEX
  5
e8
  8
Layer_0
  10
161.0102
  20
214.79043
  0
VERTEX
  5
e9
  8
Layer_0
  10
160.75871
  20
214.74413
  0
VERTEX
  5
ea
  8
Layer_0
  10
160.57553
  20
214.71301
  0
VERTEX
  5
eb
  8
Layer_0
  10
160.48647
  20
214.70162
  0
VERTEX
  5
ec
  8
Layer_0
  10
160.47985
  20
214.71019
  0
VERTEX
  5
ed
  8
Layer_0
  10
160.49577
  20
214.73527
  0
VERTEX
  5
ee
  8
Layer_0
  10
160.53322
  20
214.77591
  0
VERTEX
  5
ef
  8
Layer_0
  10
160.59122
  20
214.83116
  0
VERTEX
  5
f0
  8
Layer_0
  10
160.76484
  20
214.9817
  0
VERTEX
  5
f1
  8
Layer_0
  10
161.00868
  20
215.1793
  0
VERTEX
  5
f2
  8
Layer_0
  10
161.51412
  20
215.58156
  0
VERTEX
  5
f3
  8
Layer_0
  10
161.97511
  20
215.94952
  0
VERTEX
  5
f4
  8
Layer_0
  10
162.38439
  20
216.27735
  0
VERTEX
  5
f5
  8
Layer_0
  10
162.7347
  20
216.55921
  0
VERTEX
  5
f6
  8
Layer_0
  10
163.01879
  20
216.78926
  0
VERTEX
  5
f7
  8
Layer_0
  10
163.22939
  20
216.96168
  0
VERTEX
  5
f8
  8
Layer_0
  10
163.30487
  20
217.02445
  0
VERTEX
  5
f9
  8
Layer_0
  10
163.35926
  20
217.07062
  0
VERTEX
  5
fa
  8
Layer_0
  10
163.39164
  20
217.09947
  0
VERTEX
  5
fb
  8
Layer_0
  10
163.40112
  20
217.11026
  0
VERTEX
  5
fc
  8
Layer_0
  10
163.35678
  20
217.10981
  0
VERTEX
  5
fd
  8
Layer_0
  10
163.24679
  20
217.09761
  0
VERTEX
  5
fe
  8
Layer_0
  10
163.08746
  20
217.07553
  0
VERTEX
  5
ff
  8
Layer_0
  10
162.89511
  20
217.04549
  0
VERTEX
  5
100
  8
Layer_0
  10
162.39719
  20
216.97263
  0
VERTEX
  5
101
  8
Layer_0
  10
160.62816
  20
215.70555
  0
VERTEX
  5
102
  8
Layer_0
  10
158.85507
  20
214.44254
  0
VERTEX
  5
103
  8
Layer_0
  10
158.1507
  20
214.34538
  0
VERTEX
  5
104
  8
Layer_0
  10
157.44229
  20
214.24823
  0
VERTEX
  5
105
  8
Layer_0
  10
156.84315
  20
213.83937
  0
VERTEX
  5
106
  8
Layer_0
  10
156.61261
  20
213.6808
  0
VERTEX
  5
107
  8
Layer_0
  10
156.4257
  20
213.54841
  0
VERTEX
  5
108
  8
Layer_0
  10
156.30179
  20
213.45625
  0
VERTEX
  5
109
  8
Layer_0
  10
156.26023
  20
213.41837
  0
VERTEX
  5
10a
  8
Layer_0
  10
156.3014
  20
213.41935
  0
VERTEX
  5
10b
  8
Layer_0
  10
156.40818
  20
213.43007
  0
VERTEX
  5
10c
  8
Layer_0
  10
156.56458
  20
213.44847
  0
VERTEX
  5
10d
  8
Layer_0
  10
156.75461
  20
213.47251
  0
VERTEX
  5
10e
  8
Layer_0
  10
157.17163
  20
213.52937
  0
VERTEX
  5
10f
  8
Layer_0
  10
157.53134
  20
213.58434
  0
VERTEX
  5
110
  8
Layer_0
  10
157.59409
  20
213.59041
  0
VERTEX
  5
111
  8
Layer_0
  10
157.6204
  20
213.58434
  0
VERTEX
  5
112
  8
Layer_0
  10
157.58626
  20
213.55725
  0
VERTEX
  5
113
  8
Layer_0
  10
157.48846
  20
213.48529
  0
VERTEX
  5
114
  8
Layer_0
  10
157.33392
  20
213.37328
  0
VERTEX
  5
115
  8
Layer_0
  10
157.12956
  20
213.22608
  0
VERTEX
  5
116
  8
Layer_0
  10
156.88233
  20
213.04852
  0
VERTEX
  5
117
  8
Layer_0
  10
156.59913
  20
212.84543
  0
VERTEX
  5
118
  8
Layer_0
  10
156.28691
  20
212.62166
  0
VERTEX
  5
119
  8
Layer_0
  10
155.95257
  20
212.38205
  42
-0.00035305615
  0
VERTEX
  5
11a
  8
Layer_0
  10
148.7793
  20
207.2814
  0
VERTEX
  5
11b
  8
Layer_0
  10
148.39586
  20
207.0038
  0
VERTEX
  5
11c
  8
Layer_0
  10
148.09212
  20
206.7759
  0
VERTEX
  5
11d
  8
Layer_0
  10
147.97987
  20
206.68807
  0
VERTEX
  5
11e
  8
Layer_0
  10
147.89921
  20
206.62163
  0
VERTEX
  5
11f
  8
Layer_0
  10
147.85403
  20
206.57957
  0
VERTEX
  5
120
  8
Layer_0
  10
147.84822
  20
206.56489
  0
VERTEX
  5
121
  8
Layer_0
  10
148.60219
  20
206.63067
  0
VERTEX
  5
122
  8
Layer_0
  10
149.36222
  20
206.72682
  0
VERTEX
  5
123
  8
Layer_0
  10
149.94813
  20
206.89001
  0
VERTEX
  5
124
  8
Layer_0
  10
150.55794
  20
207.13972
  0
VERTEX
  5
125
  8
Layer_0
  10
151.18217
  20
207.47142
  0
VERTEX
  5
126
  8
Layer_0
  10
151.81134
  20
207.88053
  0
VERTEX
  5
127
  8
Layer_0
  10
151.9641
  20
207.99271
  0
VERTEX
  5
128
  8
Layer_0
  10
152.18181
  20
208.15707
  0
VERTEX
  5
129
  8
Layer_0
  10
152.45426
  20
208.36583
  0
VERTEX
  5
12a
  8
Layer_0
  10
152.77125
  20
208.61122
  0
VERTEX
  5
12b
  8
Layer_0
  10
153.49808
  20
209.18074
  0
VERTEX
  5
12c
  8
Layer_0
  10
154.2807
  20
209.80339
  0
VERTEX
  5
12d
  8
Layer_0
  10
154.83801
  20
210.24887
  0
VERTEX
  5
12e
  8
Layer_0
  10
155.36627
  20
210.67099
  0
VERTEX
  5
12f
  8
Layer_0
  10
155.86463
  20
211.06905
  0
VERTEX
  5
130
  8
Layer_0
  10
156.33221
  20
211.44237
  0
VERTEX
  5
131
  8
Layer_0
  10
156.76815
  20
211.79027
  0
VERTEX
  5
132
  8
Layer_0
  10
157.17158
  20
212.11205
  0
VERTEX
  5
133
  8
Layer_0
  10
157.54164
  20
212.40703
  0
VERTEX
  5
134
  8
Layer_0
  10
157.87746
  20
212.67452
  0
VERTEX
  5
135
  8
Layer_0
  10
158.17817
  20
212.91383
  0
VERTEX
  5
136
  8
Layer_0
  10
158.44291
  20
213.12428
  0
VERTEX
  5
137
  8
Layer_0
  10
158.67082
  20
213.30516
  0
VERTEX
  5
138
  8
Layer_0
  10
158.86102
  20
213.45581
  0
VERTEX
  5
139
  8
Layer_0
  10
159.01266
  20
213.57553
  0
VERTEX
  5
13a
  8
Layer_0
  10
159.12486
  20
213.66363
  0
VERTEX
  5
13b
  8
Layer_0
  10
159.19677
  20
213.71942
  0
VERTEX
  5
13c
  8
Layer_0
  10
159.2275
  20
213.74222
  0
VERTEX
  5
13d
  8
Layer_0
  10
159.26415
  20
213.75466
  0
VERTEX
  5
13e
  8
Layer_0
  10
159.33265
  20
213.7676
  0
VERTEX
  5
13f
  8
Layer_0
  10
159.43003
  20
213.78086
  0
VERTEX
  5
140
  8
Layer_0
  10
159.55332
  20
213.79427
  0
VERTEX
  5
141
  8
Layer_0
  10
159.86572
  20
213.82085
  0
VERTEX
  5
142
  8
Layer_0
  10
160.24611
  20
213.84595
  0
VERTEX
  5
143
  8
Layer_0
  10
161.11576
  20
213.88624
  0
VERTEX
  5
144
  8
Layer_0
  10
161.97213
  20
213.90414
  0
VERTEX
  5
145
  8
Layer_0
  10
162.38986
  20
213.90326
  0
VERTEX
  5
146
  8
Layer_0
  10
162.75905
  20
213.89712
  0
VERTEX
  5
147
  8
Layer_0
  10
163.08811
  20
213.885
  0
VERTEX
  5
148
  8
Layer_0
  10
163.38544
  20
213.86619
  0
VERTEX
  5
149
  8
Layer_0
  10
163.91846
  20
213.80566
  0
VERTEX
  5
14a
  8
Layer_0
  10
164.4253
  20
213.70983
  0
VERTEX
  5
14b
  8
Layer_0
  10
164.87656
  20
213.58494
  0
VERTEX
  5
14c
  8
Layer_0
  10
165.23461
  20
213.42874
  0
VERTEX
  5
14d
  8
Layer_0
  10
165.49958
  20
213.24104
  0
VERTEX
  5
14e
  8
Layer_0
  10
165.67161
  20
213.02165
  0
VERTEX
  5
14f
  8
Layer_0
  10
165.75086
  20
212.77038
  0
VERTEX
  5
150
  8
Layer_0
  10
165.73746
  20
212.48704
  0
VERTEX
  5
151
  8
Layer_0
  10
165.63155
  20
212.17145
  0
VERTEX
  5
152
  8
Layer_0
  10
165.43328
  20
211.82341
  0
VERTEX
  5
153
  8
Layer_0
  10
165.31342
  20
211.66556
  0
VERTEX
  5
154
  8
Layer_0
  10
165.14688
  20
211.47299
  0
VERTEX
  5
155
  8
Layer_0
  10
164.94542
  20
211.25727
  0
VERTEX
  5
156
  8
Layer_0
  10
164.72081
  20
211.02997
  0
VERTEX
  5
157
  8
Layer_0
  10
164.48482
  20
210.80268
  0
VERTEX
  5
158
  8
Layer_0
  10
164.2492
  20
210.58696
  0
VERTEX
  5
159
  8
Layer_0
  10
164.02574
  20
210.39439
  0
VERTEX
  5
15a
  8
Layer_0
  10
163.82618
  20
210.23654
  0
VERTEX
  5
15b
  8
Layer_0
  10
163.32254
  20
209.88485
  0
VERTEX
  5
15c
  8
Layer_0
  10
162.78046
  20
209.5449
  0
VERTEX
  5
15d
  8
Layer_0
  10
162.20038
  20
209.21682
  0
VERTEX
  5
15e
  8
Layer_0
  10
161.58276
  20
208.90079
  0
VERTEX
  5
15f
  8
Layer_0
  10
160.92803
  20
208.59694
  0
VERTEX
  5
160
  8
Layer_0
  10
160.23666
  20
208.30544
  0
VERTEX
  5
161
  8
Layer_0
  10
159.50909
  20
208.02644
  0
VERTEX
  5
162
  8
Layer_0
  10
158.74578
  20
207.7601
  0
VERTEX
  5
163
  8
Layer_0
  10
157.94717
  20
207.50656
  0
VERTEX
  5
164
  8
Layer_0
  10
157.11372
  20
207.26599
  0
VERTEX
  5
165
  8
Layer_0
  10
156.24588
  20
207.03853
  0
VERTEX
  5
166
  8
Layer_0
  10
155.34409
  20
206.82435
  0
VERTEX
  5
167
  8
Layer_0
  10
154.40881
  20
206.62359
  0
VERTEX
  5
168
  8
Layer_0
  10
153.44049
  20
206.43641
  0
VERTEX
  5
169
  8
Layer_0
  10
152.43958
  20
206.26296
  0
VERTEX
  5
16a
  8
Layer_0
  10
151.40653
  20
206.1034
  42
-0.028639291
  0
VERTEX
  5
16b
  8
Layer_0
  10
143.9175
  20
205.45166
  42
0.0063017012
  0
VERTEX
  5
16c
  8
Layer_0
  10
142.79211
  20
205.40712
  0
VERTEX
  5
16d
  8
Layer_0
  10
142.39944
  20
205.38689
  0
VERTEX
  5
16e
  8
Layer_0
  10
142.39944
  20
205.05899
  0
VERTEX
  5
16f
  8
Layer_0
  10
142.52493
  20
205.08328
  0
VERTEX
  5
170
  8
Layer_0
  10
142.61122
  20
205.0922
  0
VERTEX
  5
171
  8
Layer_0
  10
142.75366
  20
205.09997
  0
VERTEX
  5
172
  8
Layer_0
  10
142.93254
  20
205.10548
  0
VERTEX
  5
173
  8
Layer_0
  10
143.12811
  20
205.10756
  0
VERTEX
  5
174
  8
Layer_0
  10
143.32955
  20
205.10946
  0
VERTEX
  5
175
  8
Layer_0
  10
143.57812
  20
205.11497
  0
VERTEX
  5
176
  8
Layer_0
  10
143.86848
  20
205.12379
  0
VERTEX
  5
177
  8
Layer_0
  10
144.1953
  20
205.13565
  0
VERTEX
  5
178
  8
Layer_0
  10
144.93696
  20
205.16734
  0
VERTEX
  5
179
  8
Layer_0
  10
145.76041
  20
205.20776
  0
VERTEX
  5
17a
  8
Layer_0
  10
146.62294
  20
205.25463
  0
VERTEX
  5
17b
  8
Layer_0
  10
147.48187
  20
205.30567
  0
VERTEX
  5
17c
  8
Layer_0
  10
148.2945
  20
205.35861
  0
VERTEX
  5
17d
  8
Layer_0
  10
149.01814
  20
205.41117
  0
VERTEX
  5
17e
  8
Layer_0
  10
150.55998
  20
205.54457
  0
VERTEX
  5
17f
  8
Layer_0
  10
152.04003
  20
205.69577
  0
VERTEX
  5
180
  8
Layer_0
  10
153.45817
  20
205.86475
  0
VERTEX
  5
181
  8
Layer_0
  10
154.81429
  20
206.05147
  0
VERTEX
  5
182
  8
Layer_0
  10
156.10826
  20
206.25592
  0
VERTEX
  5
183
  8
Layer_0
  10
157.33997
  20
206.47805
  0
VERTEX
  5
184
  8
Layer_0
  10
158.5093
  20
206.71785
  0
VERTEX
  5
185
  8
Layer_0
  10
159.61613
  20
206.97527
  0
VERTEX
  5
186
  8
Layer_0
  10
160.66033
  20
207.25029
  0
VERTEX
  5
187
  8
Layer_0
  10
161.6418
  20
207.54288
  0
VERTEX
  5
188
  8
Layer_0
  10
162.56041
  20
207.85302
  0
VERTEX
  5
189
  8
Layer_0
  10
163.41605
  20
208.18066
  0
VERTEX
  5
18a
  8
Layer_0
  10
164.20859
  20
208.52579
  0
VERTEX
  5
18b
  8
Layer_0
  10
164.93792
  20
208.88836
  0
VERTEX
  5
18c
  8
Layer_0
  10
165.60392
  20
209.26836
  0
VERTEX
  5
18d
  8
Layer_0
  10
166.20647
  20
209.66575
  0
VERTEX
  5
18e
  8
Layer_0
  10
166.4065
  20
209.81832
  0
VERTEX
  5
18f
  8
Layer_0
  10
166.6264
  20
210.00504
  0
VERTEX
  5
190
  8
Layer_0
  10
166.85608
  20
210.21567
  0
VERTEX
  5
191
  8
Layer_0
  10
167.08542
  20
210.43996
  0
VERTEX
  5
192
  8
Layer_0
  10
167.30433
  20
210.66767
  0
VERTEX
  5
193
  8
Layer_0
  10
167.5027
  20
210.88854
  0
VERTEX
  5
194
  8
Layer_0
  10
167.67042
  20
211.09234
  0
VERTEX
  5
195
  8
Layer_0
  10
167.79739
  20
211.26881
  42
0.1039695
  0
VERTEX
  5
196
  8
Layer_0
  10
168.186
  20
212.21608
  42
0.23275975
  0
VERTEX
  5
197
  8
Layer_0
  10
167.76904
  20
213.60863
  0
VERTEX
  5
198
  8
Layer_0
  10
167.53819
  20
213.82998
  0
VERTEX
  5
199
  8
Layer_0
  10
167.28005
  20
214.02761
  0
VERTEX
  5
19a
  8
Layer_0
  10
166.99051
  20
214.20323
  0
VERTEX
  5
19b
  8
Layer_0
  10
166.66543
  20
214.35854
  0
VERTEX
  5
19c
  8
Layer_0
  10
166.3007
  20
214.49526
  0
VERTEX
  5
19d
  8
Layer_0
  10
165.89217
  20
214.61509
  0
VERTEX
  5
19e
  8
Layer_0
  10
165.43574
  20
214.71974
  0
VERTEX
  5
19f
  8
Layer_0
  10
164.92727
  20
214.81092
  0
VERTEX
  5
1a0
  8
Layer_0
  10
164.72485
  20
214.84331
  0
VERTEX
  5
1a1
  8
Layer_0
  10
165.08919
  20
214.94046
  0
SEQEND
  0
POLYLINE
  5
1a3
  8
Layer_0
  62
7
  70
1
  66
1
  10
0
  20
0
  30
0
  0
VERTEX
  5
1a3
  8
Layer_0
  10
178.39538
  20
210.77899
  0
VERTEX
  5
1a4
  8
Layer_0
  10
178.37444
  20
210.6454
  0
VERTEX
  5
1a5
  8
Layer_0
  10
178.32808
  20
210.41769
  0
VERTEX
  5
1a6
  8
Layer_0
  10
178.26274
  20
210.12775
  0
VERTEX
  5
1a7
  8
Layer_0
  10
178.18488
  20
209.80744
  0
VERTEX
  5
1a8
  8
Layer_0
  10
178.09902
  20
209.45858
  0
VERTEX
  5
1a9
  8
Layer_0
  10
178.03161
  20
209.17751
  0
VERTEX
  5
1aa
  8
Layer_0
  10
177.981
  20
208.95574
  0
VERTEX
  5
1ab
  8
Layer_0
  10
177.94553
  20
208.78478
  0
VERTEX
  5
1ac
  8
Layer_0
  10
177.92352
  20
208.65613
  0
VERTEX
  5
1ad
  8
Layer_0
  10
177.91333
  20
208.56131
  0
VERTEX
  5
1ae
  8
Layer_0
  10
177.91329
  20
208.49182
  0
VERTEX
  5
1af
  8
Layer_0
  10
177.92175
  20
208.43917
  42
0.4151852
  0
VERTEX
  5
1b0
  8
Layer_0
  10
178.06747
  20
208.36226
  0
VERTEX
  5
1b1
  8
Layer_0
  10
178.25009
  20
208.41507
  0
VERTEX
  5
1b2
  8
Layer_0
  10
178.48469
  20
208.50919
  0
VERTEX
  5
1b3
  8
Layer_0
  10
178.76142
  20
208.63928
  0
VERTEX
  5
1b4
  8
Layer_0
  10
179.0704
  20
208.79996
  0
VERTEX
  5
1b5
  8
Layer_0
  10
179.74568
  20
209.19168
  0
VERTEX
  5
1b6
  8
Layer_0
  10
180.43159
  20
209.64147
  0
VERTEX
  5
1b7
  8
Layer_0
  10
180.74791
  20
209.85858
  0
VERTEX
  5
1b8
  8
Layer_0
  10
181.04757
  20
210.05619
  0
VERTEX
  5
1b9
  8
Layer_0
  10
181.33114
  20
210.23452
  0
VERTEX
  5
1ba
  8
Layer_0
  10
181.59922
  20
210.39378
  0
VERTEX
  5
1bb
  8
Layer_0
  10
182.09129
  20
210.65604
  0
VERTEX
  5
1bc
  8
Layer_0
  10
182.52851
  20
210.84477
  0
VERTEX
  5
1bd
  8
Layer_0
  10
182.91565
  20
210.96177
  0
VERTEX
  5
1be
  8
Layer_0
  10
183.25743
  20
211.00885
  0
VERTEX
  5
1bf
  8
Layer_0
  10
183.5586
  20
210.9878
  0
VERTEX
  5
1c0
  8
Layer_0
  10
183.82391
  20
210.90043
  0
VERTEX
  5
1c1
  8
Layer_0
  10
183.9656
  20
210.83971
  0
VERTEX
  5
1c2
  8
Layer_0
  10
184.0587
  20
210.81542
  0
VERTEX
  5
1c3
  8
Layer_0
  10
184.09729
  20
210.82497
  0
VERTEX
  5
1c4
  8
Layer_0
  10
184.14801
  20
210.85919
  0
VERTEX
  5
1c5
  8
Layer_0
  10
184.2181
  20
210.92643
  0
VERTEX
  5
1c6
  8
Layer_0
  10
184.31475
  20
211.03503
  0
VERTEX
  5
1c7
  8
Layer_0
  10
184.44517
  20
211.19335
  0
VERTEX
  5
1c8
  8
Layer_0
  10
184.61659
  20
211.40974
  0
VERTEX
  5
1c9
  8
Layer_0
  10
184.8362
  20
211.69254
  0
VERTEX
  5
1ca
  8
Layer_0
  10
185.11121
  20
212.0501
  0
VERTEX
  5
1cb
  8
Layer_0
  10
185.45585
  20
212.499
  0
VERTEX
  5
1cc
  8
Layer_0
  10
185.78403
  20
212.92323
  0
VERTEX
  5
1cd
  8
Layer_0
  10
186.08915
  20
213.31444
  0
VERTEX
  5
1ce
  8
Layer_0
  10
186.36462
  20
213.66429
  0
VERTEX
  5
1cf
  8
Layer_0
  10
186.60384
  20
213.96442
  0
VERTEX
  5
1d0
  8
Layer_0
  10
186.80023
  20
214.20649
  0
VERTEX
  5
1d1
  8
Layer_0
  10
186.94719
  20
214.38214
  0
VERTEX
  5
1d2
  8
Layer_0
  10
187.03812
  20
214.48302
  0
VERTEX
  5
1d3
  8
Layer_0
  10
187.175
  20
214.58144
  0
VERTEX
  5
1d4
  8
Layer_0
  10
187.38019
  20
214.68442
  0
VERTEX
  5
1d5
  8
Layer_0
  10
187.61878
  20
214.77676
  0
VERTEX
  5
1d6
  8
Layer_0
  10
187.85584
  20
214.84331
  0
VERTEX
  5
1d7
  8
Layer_0
  10
187.90913
  20
214.85556
  0
VERTEX
  5
1d8
  8
Layer_0
  10
187.94516
  20
214.86013
  0
VERTEX
  5
1d9
  8
Layer_0
  10
187.96031
  20
214.84971
  0
VERTEX
  5
1da
  8
Layer_0
  10
187.95098
  20
214.81699
  0
VERTEX
  5
1db
  8
Layer_0
  10
187.91356
  20
214.75467
  0
VERTEX
  5
1dc
  8
Layer_0
  10
187.84446
  20
214.65545
  0
VERTEX
  5
1dd
  8
Layer_0
  10
187.74006
  20
214.51201
  0
VERTEX
  5
1de
  8
Layer_0
  10
187.59676
  20
214.31705
  42
0.011540659
  0
VERTEX
  5
1df
  8
Layer_0
  10
184.87643
  20
210.4511
  0
VERTEX
  5
1e0
  8
Layer_0
  10
184.54975
  20
209.9545
  0
VERTEX
  5
1e1
  8
Layer_0
  10
184.26763
  20
209.51446
  0
VERTEX
  5
1e2
  8
Layer_0
  10
184.02943
  20
209.12982
  0
VERTEX
  5
1e3
  8
Layer_0
  10
183.83454
  20
208.79946
  0
VERTEX
  5
1e4
  8
Layer_0
  10
183.68235
  20
208.52222
  0
VERTEX
  5
1e5
  8
Layer_0
  10
183.57224
  20
208.29698
  0
VERTEX
  5
1e6
  8
Layer_0
  10
183.50358
  20
208.1226
  0
VERTEX
  5
1e7
  8
Layer_0
  10
183.47578
  20
207.99793
  0
VERTEX
  5
1e8
  8
Layer_0
  10
183.47482
  20
207.93018
  0
VERTEX
  5
1e9
  8
Layer_0
  10
183.49551
  20
207.89622
  0
VERTEX
  5
1ea
  8
Layer_0
  10
183.5549
  20
207.88578
  0
VERTEX
  5
1eb
  8
Layer_0
  10
183.67008
  20
207.88863
  0
VERTEX
  5
1ec
  8
Layer_0
  10
183.77488
  20
207.90053
  0
VERTEX
  5
1ed
  8
Layer_0
  10
183.91031
  20
207.92924
  0
VERTEX
  5
1ee
  8
Layer_0
  10
184.07213
  20
207.97331
  0
VERTEX
  5
1ef
  8
Layer_0
  10
184.25605
  20
208.03132
  0
VERTEX
  5
1f0
  8
Layer_0
  10
184.67313
  20
208.18351
  0
VERTEX
  5
1f1
  8
Layer_0
  10
185.12741
  20
208.3744
  0
VERTEX
  5
1f2
  8
Layer_0
  10
185.55246
  20
208.56467
  0
VERTEX
  5
1f3
  8
Layer_0
  10
185.55246
  20
208.72659
  0
VERTEX
  5
1f4
  8
Layer_0
  10
185.5763
  20
208.9838
  0
VERTEX
  5
1f5
  8
Layer_0
  10
185.64449
  20
209.23893
  0
VERTEX
  5
1f6
  8
Layer_0
  10
185.75662
  20
209.4914
  0
VERTEX
  5
1f7
  8
Layer_0
  10
185.91224
  20
209.74064
  0
VERTEX
  5
1f8
  8
Layer_0
  10
186.11094
  20
209.98609
  0
VERTEX
  5
1f9
  8
Layer_0
  10
186.35228
  20
210.22718
  0
VERTEX
  5
1fa
  8
Layer_0
  10
186.63585
  20
210.46333
  0
VERTEX
  5
1fb
  8
Layer_0
  10
186.96121
  20
210.69398
  0
VERTEX
  5
1fc
  8
Layer_0
  10
187.21226
  20
210.8461
  0
VERTEX
  5
1fd
  8
Layer_0
  10
187.44243
  20
210.9485
  0
VERTEX
  5
1fe
  8
Layer_0
  10
187.66881
  20
211.00764
  0
VERTEX
  5
1ff
  8
Layer_0
  10
187.90847
  20
211.02997
  0
VERTEX
  5
200
  8
Layer_0
  10
188.11999
  20
211.02428
  0
VERTEX
  5
201
  8
Layer_0
  10
188.2556
  20
210.99354
  0
VERTEX
  5
202
  8
Layer_0
  10
188.34111
  20
210.92637
  0
VERTEX
  5
203
  8
Layer_0
  10
188.40234
  20
210.81137
  0
VERTEX
  5
204
  8
Layer_0
  10
188.46047
  20
210.54723
  0
VERTEX
  5
205
  8
Layer_0
  10
188.43017
  20
210.27095
  0
VERTEX
  5
206
  8
Layer_0
  10
188.31411
  20
209.99163
  0
VERTEX
  5
207
  8
Layer_0
  10
188.11493
  20
209.71838
  0
VERTEX
  5
208
  8
Layer_0
  10
187.91714
  20
209.52926
  0
VERTEX
  5
209
  8
Layer_0
  10
187.64079
  20
209.31053
  0
VERTEX
  5
20a
  8
Layer_0
  10
187.31511
  20
209.08422
  0
VERTEX
  5
20b
  8
Layer_0
  10
186.96931
  20
208.87232
  0
VERTEX
  5
20c
  8
Layer_0
  10
186.83478
  20
208.79076
  0
VERTEX
  5
20d
  8
Layer_0
  10
186.73338
  20
208.72229
  0
VERTEX
  5
20e
  8
Layer_0
  10
186.6629
  20
208.66255
  0
VERTEX
  5
20f
  8
Layer_0
  10
186.62117
  20
208.60717
  0
VERTEX
  5
210
  8
Layer_0
  10
186.61522
  20
208.49205
  0
VERTEX
  5
211
  8
Layer_0
  10
186.69808
  20
208.34202
  0
VERTEX
  5
212
  8
Layer_0
  10
186.85324
  20
208.17168
  0
VERTEX
  5
213
  8
Layer_0
  10
187.06798
  20
208.03891
  0
VERTEX
  5
214
  8
Layer_0
  10
187.35786
  20
207.93727
  0
VERTEX
  5
215
  8
Layer_0
  10
187.73845
  20
207.86029
  0
VERTEX
  5
216
  8
Layer_0
  10
187.78222
  20
207.85631
  0
VERTEX
  5
217
  8
Layer_0
  10
187.8577
  20
207.852
  0
VERTEX
  5
218
  8
Layer_0
  10
187.96308
  20
207.84738
  0
VERTEX
  5
219
  8
Layer_0
  10
188.09658
  20
207.84252
  0
VERTEX
  5
21a
  8
Layer_0
  10
188.44078
  20
207.83218
  0
VERTEX
  5
21b
  8
Layer_0
  10
188.87597
  20
207.82133
  0
VERTEX
  5
21c
  8
Layer_0
  10
189.38782
  20
207.81028
  0
VERTEX
  5
21d
  8
Layer_0
  10
189.96201
  20
207.79938
  0
VERTEX
  5
21e
  8
Layer_0
  10
190.5842
  20
207.78895
  0
VERTEX
  5
21f
  8
Layer_0
  10
191.24007
  20
207.77933
  42
-0.00273459
  0
VERTEX
  5
220
  8
Layer_0
  10
196.46216
  20
207.69836
  42
0.0046291659
  0
VERTEX
  5
221
  8
Layer_0
  10
198.76151
  20
207.65788
  0
VERTEX
  5
222
  8
Layer_0
  10
199.0732
  20
207.65788
  0
VERTEX
  5
223
  8
Layer_0
  10
199.0732
  20
207.42714
  0
VERTEX
  5
224
  8
Layer_0
  10
197.52682
  20
207.3988
  42
0.0030812551
  0
VERTEX
  5
225
  8
Layer_0
  10
194.31665
  20
207.32999
  0
VERTEX
  5
226
  8
Layer_0
  10
192.17013
  20
207.29128
  0
VERTEX
  5
227
  8
Layer_0
  10
189.93253
  20
207.27837
  0
VERTEX
  5
228
  8
Layer_0
  10
189.41654
  20
207.27918
  0
VERTEX
  5
229
  8
Layer_0
  10
188.93328
  20
207.2816
  0
VERTEX
  5
22a
  8
Layer_0
  10
188.49044
  20
207.28563
  0
VERTEX
  5
22b
  8
Layer_0
  10
188.0957
  20
207.29128
  0
VERTEX
  5
22c
  8
Layer_0
  10
187.75675
  20
207.29853
  0
VERTEX
  5
22d
  8
Layer_0
  10
187.48127
  20
207.3074
  0
VERTEX
  5
22e
  8
Layer_0
  10
187.27695
  20
207.31789
  0
VERTEX
  5
22f
  8
Layer_0
  10
187.15147
  20
207.32999
  0
VERTEX
  5
230
  8
Layer_0
  10
186.88686
  20
207.37604
  0
VERTEX
  5
231
  8
Layer_0
  10
186.65355
  20
207.42973
  0
VERTEX
  5
232
  8
Layer_0
  10
186.44985
  20
207.49187
  0
VERTEX
  5
233
  8
Layer_0
  10
186.27404
  20
207.56326
  0
VERTEX
  5
234
  8
Layer_0
  10
186.12442
  20
207.6447
  0
VERTEX
  5
235
  8
Layer_0
  10
185.99927
  20
207.73701
  0
VERTEX
  5
236
  8
Layer_0
  10
185.8969
  20
207.84099
  0
VERTEX
  5
237
  8
Layer_0
  10
185.81559
  20
207.95745
  0
VERTEX
  5
238
  8
Layer_0
  10
185.71034
  20
208.13556
  0
VERTEX
  5
239
  8
Layer_0
  10
185.50388
  20
208.03436
  0
VERTEX
  5
23a
  8
Layer_0
  10
184.87529
  20
207.75618
  0
VERTEX
  5
23b
  8
Layer_0
  10
184.16396
  20
207.47572
  0
VERTEX
  5
23c
  8
Layer_0
  10
183.83253
  20
207.35527
  0
VERTEX
  5
23d
  8
Layer_0
  10
183.54674
  20
207.25902
  0
VERTEX
  5
23e
  8
Layer_0
  10
183.3287
  20
207.19521
  0
VERTEX
  5
23f
  8
Layer_0
  10
183.2005
  20
207.17211
  0
VERTEX
  5
240
  8
Layer_0
  10
183.07994
  20
207.19608
  0
VERTEX
  5
241
  8
Layer_0
  10
182.95863
  20
207.26977
  0
VERTEX
  5
242
  8
Layer_0
  10
182.83275
  20
207.39583
  0
VERTEX
  5
243
  8
Layer_0
  10
182.69853
  20
207.57692
  0
VERTEX
  5
244
  8
Layer_0
  10
182.58303
  20
207.74587
  0
VERTEX
  5
245
  8
Layer_0
  10
182.50928
  20
207.83246
  0
VERTEX
  5
246
  8
Layer_0
  10
182.4583
  20
207.85302
  0
VERTEX
  5
247
  8
Layer_0
  10
182.41112
  20
207.82386
  0
VERTEX
  5
248
  8
Layer_0
  10
182.36215
  20
207.78911
  0
VERTEX
  5
249
  8
Layer_0
  10
182.27139
  20
207.73714
  0
VERTEX
  5
24a
  8
Layer_0
  10
182.15018
  20
207.6735
  0
VERTEX
  5
24b
  8
Layer_0
  10
182.00984
  20
207.60374
  0
VERTEX
  5
24c
  8
Layer_0
  10
181.71718
  20
207.46806
  0
VERTEX
  5
24d
  8
Layer_0
  10
181.4841
  20
207.37452
  0
VERTEX
  5
24e
  8
Layer_0
  10
181.24706
  20
207.30616
  0
VERTEX
  5
24f
  8
Layer_0
  10
181.02843
  20
207.27091
  0
VERTEX
  5
250
  8
Layer_0
  10
180.82916
  20
207.26849
  0
VERTEX
  5
251
  8
Layer_0
  10
180.65018
  20
207.29861
  0
VERTEX
  5
252
  8
Layer_0
  10
180.49246
  20
207.361
  0
VERTEX
  5
253
  8
Layer_0
  10
180.35695
  20
207.45535
  0
VERTEX
  5
254
  8
Layer_0
  10
180.24458
  20
207.5814
  0
VERTEX
  5
255
  8
Layer_0
  10
180.15631
  20
207.73885
  0
VERTEX
  5
256
  8
Layer_0
  10
180.11659
  20
207.84498
  0
VERTEX
  5
257
  8
Layer_0
  10
180.08749
  20
207.97465
  0
VERTEX
  5
258
  8
Layer_0
  10
180.06751
  20
208.1362
  0
VERTEX
  5
259
  8
Layer_0
  10
180.05511
  20
208.33797
  0
VERTEX
  5
25a
  8
Layer_0
  10
180.04467
  20
208.49812
  0
VERTEX
  5
25b
  8
Layer_0
  10
180.03234
  20
208.62943
  0
VERTEX
  5
25c
  8
Layer_0
  10
180.01924
  20
208.71824
  0
VERTEX
  5
25d
  8
Layer_0
  10
180.00653
  20
208.75088
  0
VERTEX
  5
25e
  8
Layer_0
  10
179.96833
  20
208.73671
  0
VERTEX
  5
25f
  8
Layer_0
  10
179.8861
  20
208.69825
  0
VERTEX
  5
260
  8
Layer_0
  10
179.77199
  20
208.64158
  0
VERTEX
  5
261
  8
Layer_0
  10
179.63815
  20
208.57276
  42
-0.032008649
  0
VERTEX
  5
262
  8
Layer_0
  10
177.3793
  20
207.55263
  0
VERTEX
  5
263
  8
Layer_0
  10
177.16082
  20
207.4722
  0
VERTEX
  5
264
  8
Layer_0
  10
176.97347
  20
207.40633
  0
VERTEX
  5
265
  8
Layer_0
  10
176.81344
  20
207.35403
  0
VERTEX
  5
266
  8
Layer_0
  10
176.67695
  20
207.3143
  0
VERTEX
  5
267
  8
Layer_0
  10
176.45936
  20
207.26857
  0
VERTEX
  5
268
  8
Layer_0
  10
176.29035
  20
207.26117
  0
VERTEX
  5
269
  8
Layer_0
  10
176.1001
  20
207.27332
  0
VERTEX
  5
26a
  8
Layer_0
  10
176.10414
  20
207.47572
  0
VERTEX
  5
26b
  8
Layer_0
  10
176.11989
  20
207.61095
  0
VERTEX
  5
26c
  8
Layer_0
  10
176.16334
  20
207.82892
  0
VERTEX
  5
26d
  8
Layer_0
  10
176.22881
  20
208.10305
  0
VERTEX
  5
26e
  8
Layer_0
  10
176.31059
  20
208.40679
  0
VERTEX
  5
26f
  8
Layer_0
  10
176.39533
  20
208.7053
  0
VERTEX
  5
270
  8
Layer_0
  10
176.45943
  20
208.93905
  0
VERTEX
  5
271
  8
Layer_0
  10
176.50464
  20
209.1173
  0
VERTEX
  5
272
  8
Layer_0
  10
176.53273
  20
209.2493
  0
VERTEX
  5
273
  8
Layer_0
  10
176.54456
  20
209.41154
  0
VERTEX
  5
274
  8
Layer_0
  10
176.50895
  20
209.49978
  0
VERTEX
  5
275
  8
Layer_0
  10
176.46474
  20
209.53103
  0
VERTEX
  5
276
  8
Layer_0
  10
176.36777
  20
209.50383
  0
VERTEX
  5
277
  8
Layer_0
  10
176.28207
  20
209.46001
  0
VERTEX
  5
278
  8
Layer_0
  10
176.16227
  20
209.39162
  0
VERTEX
  5
279
  8
Layer_0
  10
176.00138
  20
209.29534
  0
VERTEX
  5
27a
  8
Layer_0
  10
175.79243
  20
209.16784
  0
VERTEX
  5
27b
  8
Layer_0
  10
175.30224
  20
208.87248
  0
VERTEX
  5
27c
  8
Layer_0
  10
174.84018
  20
208.60009
  0
VERTEX
  5
27d
  8
Layer_0
  10
174.40705
  20
208.35122
  0
VERTEX
  5
27e
  8
Layer_0
  10
174.00367
  20
208.12645
  0
VERTEX
  5
27f
  8
Layer_0
  10
173.63084
  20
207.92636
  0
VERTEX
  5
280
  8
Layer_0
  10
173.28936
  20
207.7515
  0
VERTEX
  5
281
  8
Layer_0
  10
172.98005
  20
207.60244
  0
VERTEX
  5
282
  8
Layer_0
  10
172.70371
  20
207.47977
  0
VERTEX
  5
283
  8
Layer_0
  10
172.51441
  20
207.40095
  0
VERTEX
  5
284
  8
Layer_0
  10
172.34906
  20
207.33726
  0
VERTEX
  5
285
  8
Layer_0
  10
172.20582
  20
207.28828
  0
VERTEX
  5
286
  8
Layer_0
  10
172.08283
  20
207.25358
  0
VERTEX
  5
287
  8
Layer_0
  10
171.89023
  20
207.2253
  0
VERTEX
  5
288
  8
Layer_0
  10
171.75645
  20
207.24902
  0
VERTEX
  5
289
  8
Layer_0
  10
171.70231
  20
207.28078
  0
VERTEX
  5
28a
  8
Layer_0
  10
171.67549
  20
207.32391
  0
VERTEX
  5
28b
  8
Layer_0
  10
171.66992
  20
207.40045
  0
VERTEX
  5
28c
  8
Layer_0
  10
171.67954
  20
207.53239
  0
VERTEX
  5
28d
  8
Layer_0
  10
171.71377
  20
207.71528
  0
VERTEX
  5
28e
  8
Layer_0
  10
171.78941
  20
207.9336
  0
VERTEX
  5
28f
  8
Layer_0
  10
171.90689
  20
208.18826
  0
VERTEX
  5
290
  8
Layer_0
  10
172.06664
  20
208.48016
  0
VERTEX
  5
291
  8
Layer_0
  10
172.26909
  20
208.8102
  0
VERTEX
  5
292
  8
Layer_0
  10
172.51465
  20
209.17928
  0
VERTEX
  5
293
  8
Layer_0
  10
172.80377
  20
209.58831
  0
VERTEX
  5
294
  8
Layer_0
  10
173.13686
  20
210.03818
  0
VERTEX
  5
295
  8
Layer_0
  10
173.30688
  20
210.265
  0
VERTEX
  5
296
  8
Layer_0
  10
173.44351
  20
210.45311
  0
VERTEX
  5
297
  8
Layer_0
  10
173.53307
  20
210.58354
  0
VERTEX
  5
298
  8
Layer_0
  10
173.56192
  20
210.6373
  0
VERTEX
  5
299
  8
Layer_0
  10
173.53016
  20
210.63401
  0
VERTEX
  5
29a
  8
Layer_0
  10
173.4597
  20
210.61403
  0
VERTEX
  5
29b
  8
Layer_0
  10
173.3604
  20
210.58038
  0
VERTEX
  5
29c
  8
Layer_0
  10
173.24212
  20
210.5361
  42
-0.0054835171
  0
VERTEX
  5
29d
  8
Layer_0
  10
172.31509
  20
210.21225
  0
VERTEX
  5
29e
  8
Layer_0
  10
172.06266
  20
210.12585
  0
VERTEX
  5
29f
  8
Layer_0
  10
171.83792
  20
210.04324
  0
VERTEX
  5
2a0
  8
Layer_0
  10
171.66556
  20
209.9743
  0
VERTEX
  5
2a1
  8
Layer_0
  10
171.57024
  20
209.92888
  0
VERTEX
  5
2a2
  8
Layer_0
  10
171.45689
  20
209.80137
  0
VERTEX
  5
2a3
  8
Layer_0
  10
171.34354
  20
209.5767
  0
VERTEX
  5
2a4
  8
Layer_0
  10
171.1388
  20
209.15253
  0
VERTEX
  5
2a5
  8
Layer_0
  10
170.88358
  20
208.75796
  0
VERTEX
  5
2a6
  8
Layer_0
  10
170.58813
  20
208.40742
  0
VERTEX
  5
2a7
  8
Layer_0
  10
170.2627
  20
208.11532
  0
VERTEX
  5
2a8
  8
Layer_0
  10
170.12083
  20
208.01761
  0
VERTEX
  5
2a9
  8
Layer_0
  10
169.93688
  20
207.90741
  0
VERTEX
  5
2aa
  8
Layer_0
  10
169.72267
  20
207.79048
  0
VERTEX
  5
2ab
  8
Layer_0
  10
169.49001
  20
207.67256
  0
VERTEX
  5
2ac
  8
Layer_0
  10
169.01657
  20
207.45668
  0
VERTEX
  5
2ad
  8
Layer_0
  10
168.61106
  20
207.3057
  0
VERTEX
  5
2ae
  8
Layer_0
  10
168.22237
  20
207.22107
  0
VERTEX
  5
2af
  8
Layer_0
  10
167.83028
  20
207.18729
  0
VERTEX
  5
2b0
  8
Layer_0
  10
167.64848
  20
207.19018
  0
VERTEX
  5
2b1
  8
Layer_0
  10
167.48448
  20
207.20664
  0
VERTEX
  5
2b2
  8
Layer_0
  10
167.34448
  20
207.23696
  0
VERTEX
  5
2b3
  8
Layer_0
  10
167.2347
  20
207.28141
  0
VERTEX
  5
2b4
  8
Layer_0
  10
167.0404
  20
207.40766
  0
VERTEX
  5
2b5
  8
Layer_0
  10
166.88871
  20
207.55516
  0
VERTEX
  5
2b6
  8
Layer_0
  10
166.77971
  20
207.72316
  0
VERTEX
  5
2b7
  8
Layer_0
  10
166.7135
  20
207.91089
  0
VERTEX
  5
2b8
  8
Layer_0
  10
166.69018
  20
208.1176
  0
VERTEX
  5
2b9
  8
Layer_0
  10
166.70983
  20
208.34252
  0
VERTEX
  5
2ba
  8
Layer_0
  10
166.77256
  20
208.5849
  0
VERTEX
  5
2bb
  8
Layer_0
  10
166.87846
  20
208.84398
  42
-0.091927741
  0
VERTEX
  5
2bc
  8
Layer_0
  10
167.6638
  20
209.90865
  42
-0.10643079
  0
VERTEX
  5
2bd
  8
Layer_0
  10
169.52594
  20
210.99355
  0
VERTEX
  5
2be
  8
Layer_0
  10
170.02645
  20
211.13155
  0
VERTEX
  5
2bf
  8
Layer_0
  10
170.46662
  20
211.19291
  0
VERTEX
  5
2c0
  8
Layer_0
  10
170.66182
  20
211.1946
  0
VERTEX
  5
2c1
  8
Layer_0
  10
170.83924
  20
211.17684
  0
VERTEX
  5
2c2
  8
Layer_0
  10
170.99796
  20
211.13954
  0
VERTEX
  5
2c3
  8
Layer_0
  10
171.13709
  20
211.0826
  42
-0.22413274
  0
VERTEX
  5
2c4
  8
Layer_0
  10
171.49738
  20
210.58873
  0
VERTEX
  5
2c5
  8
Layer_0
  10
171.51837
  20
210.50239
  0
VERTEX
  5
2c6
  8
Layer_0
  10
171.54696
  20
210.45362
  0
VERTEX
  5
2c7
  8
Layer_0
  10
171.59529
  20
210.4299
  0
VERTEX
  5
2c8
  8
Layer_0
  10
171.67549
  20
210.4187
  0
VERTEX
  5
2c9
  8
Layer_0
  10
171.78381
  20
210.4233
  0
VERTEX
  5
2ca
  8
Layer_0
  10
171.92799
  20
210.45166
  0
VERTEX
  5
2cb
  8
Layer_0
  10
172.10557
  20
210.50289
  0
VERTEX
  5
2cc
  8
Layer_0
  10
172.31408
  20
210.57608
  0
VERTEX
  5
2cd
  8
Layer_0
  10
172.55106
  20
210.67033
  0
VERTEX
  5
2ce
  8
Layer_0
  10
172.81403
  20
210.78474
  0
VERTEX
  5
2cf
  8
Layer_0
  10
173.10053
  20
210.91842
  0
VERTEX
  5
2d0
  8
Layer_0
  10
173.40809
  20
211.07045
  0
VERTEX
  5
2d1
  8
Layer_0
  10
173.71992
  20
211.23029
  0
VERTEX
  5
2d2
  8
Layer_0
  10
173.98697
  20
211.37153
  0
VERTEX
  5
2d3
  8
Layer_0
  10
174.09493
  20
211.43032
  0
VERTEX
  5
2d4
  8
Layer_0
  10
174.18115
  20
211.47862
  0
VERTEX
  5
2d5
  8
Layer_0
  10
174.24214
  20
211.51449
  0
VERTEX
  5
2d6
  8
Layer_0
  10
174.27439
  20
211.53599
  0
VERTEX
  5
2d7
  8
Layer_0
  10
174.3195
  20
211.58334
  0
VERTEX
  5
2d8
  8
Layer_0
  10
174.39238
  20
211.66848
  0
VERTEX
  5
2d9
  8
Layer_0
  10
174.49046
  20
211.78805
  0
VERTEX
  5
2da
  8
Layer_0
  10
174.61114
  20
211.93865
  0
VERTEX
  5
2db
  8
Layer_0
  10
174.75184
  20
212.11691
  0
VERTEX
  5
2dc
  8
Layer_0
  10
174.90997
  20
212.31944
  0
VERTEX
  5
2dd
  8
Layer_0
  10
175.08296
  20
212.54287
  0
VERTEX
  5
2de
  8
Layer_0
  10
175.2682
  20
212.78382
  0
VERTEX
  5
2df
  8
Layer_0
  10
176.0801
  20
213.85518
  0
VERTEX
  5
2e0
  8
Layer_0
  10
176.88138
  20
214.93641
  0
VERTEX
  5
2e1
  8
Layer_0
  10
177.18803
  20
215.32314
  0
VERTEX
  5
2e2
  8
Layer_0
  10
177.54021
  20
215.72276
  0
VERTEX
  5
2e3
  8
Layer_0
  10
177.70919
  20
215.90108
  0
VERTEX
  5
2e4
  8
Layer_0
  10
177.86052
  20
216.05104
  0
VERTEX
  5
2e5
  8
Layer_0
  10
177.98452
  20
216.16209
  0
VERTEX
  5
2e6
  8
Layer_0
  10
178.07153
  20
216.22372
  0
VERTEX
  5
2e7
  8
Layer_0
  10
178.18355
  20
216.26217
  0
VERTEX
  5
2e8
  8
Layer_0
  10
178.27849
  20
216.24902
  0
VERTEX
  5
2e9
  8
Layer_0
  10
178.35901
  20
216.18273
  0
VERTEX
  5
2ea
  8
Layer_0
  10
178.42776
  20
216.06179
  0
VERTEX
  5
2eb
  8
Layer_0
  10
178.48096
  20
215.90988
  0
VERTEX
  5
2ec
  8
Layer_0
  10
178.52466
  20
215.71941
  0
VERTEX
  5
2ed
  8
Layer_0
  10
178.55812
  20
215.50113
  0
VERTEX
  5
2ee
  8
Layer_0
  10
178.58058
  20
215.26583
  0
VERTEX
  5
2ef
  8
Layer_0
  10
178.58943
  20
214.7872
  0
VERTEX
  5
2f0
  8
Layer_0
  10
178.54516
  20
214.36968
  0
VERTEX
  5
2f1
  8
Layer_0
  10
178.50891
  20
214.23368
  0
VERTEX
  5
2f2
  8
Layer_0
  10
178.44041
  20
214.10452
  0
VERTEX
  5
2f3
  8
Layer_0
  10
178.38446
  20
214.02804
  0
VERTEX
  5
2f4
  8
Layer_0
  10
178.30891
  20
213.93589
  0
VERTEX
  5
2f5
  8
Layer_0
  10
178.20993
  20
213.82231
  0
VERTEX
  5
2f6
  8
Layer_0
  10
178.08367
  20
213.68149
  0
VERTEX
  5
2f7
  8
Layer_0
  10
177.46614
  20
213.05157
  0
VERTEX
  5
2f8
  8
Layer_0
  10
176.78676
  20
212.45542
  0
VERTEX
  5
2f9
  8
Layer_0
  10
176.44153
  20
212.18436
  0
VERTEX
  5
2fa
  8
Layer_0
  10
176.10205
  20
211.93897
  0
VERTEX
  5
2fb
  8
Layer_0
  10
175.77538
  20
211.72498
  0
VERTEX
  5
2fc
  8
Layer_0
  10
175.46858
  20
211.54813
  0
VERTEX
  5
2fd
  8
Layer_0
  10
175.34113
  20
211.46774
  0
VERTEX
  5
2fe
  8
Layer_0
  10
175.18673
  20
211.29968
  0
VERTEX
  5
2ff
  8
Layer_0
  10
175.06966
  20
211.14589
  0
VERTEX
  5
300
  8
Layer_0
  10
174.91013
  20
210.92592
  0
VERTEX
  5
301
  8
Layer_0
  10
174.81072
  20
210.78651
  0
VERTEX
  5
302
  8
Layer_0
  10
174.69624
  20
210.62503
  0
VERTEX
  5
303
  8
Layer_0
  10
174.56518
  20
210.43962
  0
VERTEX
  5
304
  8
Layer_0
  10
174.41607
  20
210.22844
  0
VERTEX
  5
305
  8
Layer_0
  10
174.20044
  20
209.9178
  0
VERTEX
  5
306
  8
Layer_0
  10
174.00942
  20
209.63634
  0
VERTEX
  5
307
  8
Layer_0
  10
173.84374
  20
209.38514
  0
VERTEX
  5
308
  8
Layer_0
  10
173.70411
  20
209.1653
  0
VERTEX
  5
309
  8
Layer_0
  10
173.59123
  20
208.97791
  0
VERTEX
  5
30a
  8
Layer_0
  10
173.50581
  20
208.82406
  0
VERTEX
  5
30b
  8
Layer_0
  10
173.44858
  20
208.70484
  0
VERTEX
  5
30c
  8
Layer_0
  10
173.42023
  20
208.62134
  0
VERTEX
  5
30d
  8
Layer_0
  10
173.40834
  20
208.54923
  0
VERTEX
  5
30e
  8
Layer_0
  10
173.41618
  20
208.51507
  0
VERTEX
  5
30f
  8
Layer_0
  10
173.45439
  20
208.50976
  0
VERTEX
  5
310
  8
Layer_0
  10
173.53358
  20
208.52418
  0
VERTEX
  5
311
  8
Layer_0
  10
173.62561
  20
208.54798
  0
VERTEX
  5
312
  8
Layer_0
  10
173.74003
  20
208.59009
  0
VERTEX
  5
313
  8
Layer_0
  10
173.88026
  20
208.65213
  0
VERTEX
  5
314
  8
Layer_0
  10
174.04972
  20
208.7357
  0
VERTEX
  5
315
  8
Layer_0
  10
174.25181
  20
208.84242
  0
VERTEX
  5
316
  8
Layer_0
  10
174.48995
  20
208.9739
  0
VERTEX
  5
317
  8
Layer_0
  10
174.76756
  20
209.13177
  0
VERTEX
  5
318
  8
Layer_0
  10
175.08806
  20
209.31762
  0
VERTEX
  5
319
  8
Layer_0
  10
175.39789
  20
209.49981
  0
VERTEX
  5
31a
  8
Layer_0
  10
175.67621
  20
209.66323
  0
VERTEX
  5
31b
  8
Layer_0
  10
175.92534
  20
209.8092
  0
VERTEX
  5
31c
  8
Layer_0
  10
176.14765
  20
209.93907
  0
VERTEX
  5
31d
  8
Layer_0
  10
176.52119
  20
210.15579
  0
VERTEX
  5
31e
  8
Layer_0
  10
176.8156
  20
210.32408
  0
VERTEX
  5
31f
  8
Layer_0
  10
177.04966
  20
210.45461
  0
VERTEX
  5
320
  8
Layer_0
  10
177.24217
  20
210.55805
  0
VERTEX
  5
321
  8
Layer_0
  10
177.41191
  20
210.64508
  0
VERTEX
  5
322
  8
Layer_0
  10
177.57766
  20
210.72636
  0
VERTEX
  5
323
  8
Layer_0
  10
177.80638
  20
210.83358
  0
VERTEX
  5
324
  8
Layer_0
  10
177.98045
  20
210.90397
  0
VERTEX
  5
325
  8
Layer_0
  10
178.11505
  20
210.94325
  0
VERTEX
  5
326
  8
Layer_0
  10
178.22536
  20
210.95711
  0
VERTEX
  5
327
  8
Layer_0
  10
178.40753
  20
210.95711
  0
VERTEX
  5
328
  8
Layer_0
  10
178.39539
  20
210.77899
  0
SEQEND
  0
POLYLINE
  5
32a
  8
Layer_0
  62
7
  70
1
  66
1
  10
0
  20
0
  30
0
  0
VERTEX
  5
32a
  8
Layer_0
  10
178.93783
  20
211.66553
  0
VERTEX
  5
32b
  8
Layer_0
  10
178.832
  20
211.67831
  0
VERTEX
  5
32c
  8
Layer_0
  10
178.73188
  20
211.73131
  0
VERTEX
  5
32d
  8
Layer_0
  10
178.60822
  20
211.84656
  0
VERTEX
  5
32e
  8
Layer_0
  10
178.43181
  20
212.04605
  0
VERTEX
  5
32f
  8
Layer_0
  10
178.30701
  20
212.2038
  0
VERTEX
  5
330
  8
Layer_0
  10
178.24104
  20
212.32132
  0
VERTEX
  5
331
  8
Layer_0
  10
178.232
  20
212.40241
  0
VERTEX
  5
332
  8
Layer_0
  10
178.27798
  20
212.45086
  0
VERTEX
  5
333
  8
Layer_0
  10
179.96554
  20
212.45188
  0
VERTEX
  5
334
  8
Layer_0
  10
181.67436
  20
212.39824
  0
VERTEX
  5
335
  8
Layer_0
  10
181.72395
  20
212.3699
  0
VERTEX
  5
336
  8
Layer_0
  10
181.71889
  20
212.34157
  0
VERTEX
  5
337
  8
Layer_0
  10
180.34657
  20
211.98381
  0
SEQEND
  0
POLYLINE
  5
339
  8
Layer_0
  62
7
  70
1
  66
1
  10
0
  20
0
  30
0
  0
VERTEX
  5
339
  8
Layer_0
  10
176.58587
  20
212.88401
  0
VERTEX
  5
33a
  8
Layer_0
  10
176.98701
  20
213.21265
  0
VERTEX
  5
33b
  8
Layer_0
  10
177.30922
  20
213.48807
  0
VERTEX
  5
33c
  8
Layer_0
  10
177.56045
  20
213.71927
  0
VERTEX
  5
33d
  8
Layer_0
  10
177.74869
  20
213.91527
  0
VERTEX
  5
33e
  8
Layer_0
  10
177.8819
  20
214.08509
  0
VERTEX
  5
33f
  8
Layer_0
  10
177.96805
  20
214.23773
  0
VERTEX
  5
340
  8
Layer_0
  10
178.01511
  20
214.38222
  0
VERTEX
  5
341
  8
Layer_0
  10
178.03104
  20
214.52755
  0
VERTEX
  5
342
  8
Layer_0
  10
178.02687
  20
214.67347
  0
VERTEX
  5
343
  8
Layer_0
  10
178.0098
  20
214.79321
  0
VERTEX
  5
344
  8
Layer_0
  10
177.98209
  20
214.87424
  0
VERTEX
  5
345
  8
Layer_0
  10
177.94604
  20
214.90403
  0
VERTEX
  5
346
  8
Layer_0
  10
177.89442
  20
214.87215
  0
VERTEX
  5
347
  8
Layer_0
  10
177.81245
  20
214.79473
  0
VERTEX
  5
348
  8
Layer_0
  10
177.77623
  20
214.75069
  0
VERTEX
  5
349
  8
Layer_0
  10
177.71245
  20
214.67012
  0
VERTEX
  5
34a
  8
Layer_0
  10
177.62466
  20
214.55749
  0
VERTEX
  5
34b
  8
Layer_0
  10
177.51643
  20
214.41724
  0
VERTEX
  5
34c
  8
Layer_0
  10
177.25286
  20
214.07176
  0
VERTEX
  5
34d
  8
Layer_0
  10
176.9502
  20
213.66935
  0
VERTEX
  5
34e
  8
Layer_0
  10
176.65019
  20
213.27308
  0
VERTEX
  5
34f
  8
Layer_0
  10
176.39914
  20
212.94018
  0
VERTEX
  5
350
  8
Layer_0
  10
176.30016
  20
212.80877
  0
VERTEX
  5
351
  8
Layer_0
  10
176.22324
  20
212.70672
  0
VERTEX
  5
352
  8
Layer_0
  10
176.17165
  20
212.63854
  0
VERTEX
  5
353
  8
Layer_0
  10
176.14867
  20
212.60874
  0
VERTEX
  5
354
  8
Layer_0
  10
176.12428
  20
212.57109
  0
VERTEX
  5
355
  8
Layer_0
  10
176.12362
  20
212.55498
  0
VERTEX
  5
356
  8
Layer_0
  10
176.14611
  20
212.55993
  0
VERTEX
  5
357
  8
Layer_0
  10
176.19117
  20
212.58546
  0
VERTEX
  5
358
  8
Layer_0
  10
176.25825
  20
212.63112
  0
VERTEX
  5
359
  8
Layer_0
  10
176.34678
  20
212.69641
  0
VERTEX
  5
35a
  8
Layer_0
  10
176.45617
  20
212.78087
  0
SEQEND
  0
POLYLINE
  5
35c
  8
Layer_0
  62
7
  70
1
  66
1
  10
0
  20
0
  30
0
  0
VERTEX
  5
35c
  8
Layer_0
  10
169.76073
  20
209.03829
  0
VERTEX
  5
35d
  8
Layer_0
  10
169.9456
  20
209.20429
  0
VERTEX
  5
35e
  8
Layer_0
  10
170.10343
  20
209.36056
  0
VERTEX
  5
35f
  8
Layer_0
  10
170.23564
  20
209.50915
  0
VERTEX
  5
360
  8
Layer_0
  10
170.34366
  20
209.65209
  0
VERTEX
  5
361
  8
Layer_0
  10
170.49281
  20
209.9292
  0
VERTEX
  5
362
  8
Layer_0
  10
170.56226
  20
210.2082
  0
VERTEX
  5
363
  8
Layer_0
  10
170.56542
  20
210.33989
  0
VERTEX
  5
364
  8
Layer_0
  10
170.52683
  20
210.40859
  0
VERTEX
  5
365
  8
Layer_0
  10
170.42905
  20
210.42566
  0
VERTEX
  5
366
  8
Layer_0
  10
170.2546
  20
210.40251
  0
VERTEX
  5
367
  8
Layer_0
  10
169.96887
  20
210.32727
  0
VERTEX
  5
368
  8
Layer_0
  10
169.66142
  20
210.20207
  0
VERTEX
  5
369
  8
Layer_0
  10
169.34619
  20
210.03654
  0
VERTEX
  5
36a
  8
Layer_0
  10
169.03712
  20
209.84033
  0
VERTEX
  5
36b
  8
Layer_0
  10
168.74817
  20
209.62305
  0
VERTEX
  5
36c
  8
Layer_0
  10
168.49328
  20
209.39434
  0
VERTEX
  5
36d
  8
Layer_0
  10
168.2864
  20
209.16383
  0
VERTEX
  5
36e
  8
Layer_0
  10
168.14148
  20
208.94114
  0
VERTEX
  5
36f
  8
Layer_0
  10
168.07569
  20
208.75663
  0
VERTEX
  5
370
  8
Layer_0
  10
168.04938
  20
208.55809
  0
VERTEX
  5
371
  8
Layer_0
  10
168.06406
  20
208.3861
  0
VERTEX
  5
372
  8
Layer_0
  10
168.12123
  20
208.2813
  0
VERTEX
  5
373
  8
Layer_0
  10
168.23767
  20
208.22831
  0
VERTEX
  5
374
  8
Layer_0
  10
168.38025
  20
208.21798
  0
VERTEX
  5
375
  8
Layer_0
  10
168.54854
  20
208.25006
  0
VERTEX
  5
376
  8
Layer_0
  10
168.74212
  20
208.32431
  0
VERTEX
  5
377
  8
Layer_0
  10
168.96055
  20
208.44049
  0
VERTEX
  5
378
  8
Layer_0
  10
169.20341
  20
208.59838
  0
VERTEX
  5
379
  8
Layer_0
  10
169.47028
  20
208.79772
  0
SEQEND
  0
POLYLINE
  5
37b
  8
Layer_0
  62
7
  70
1
  66
1
  10
0
  20
0
  30
0
  0
VERTEX
  5
37b
  8
Layer_0
  10
181.61364
  20
208.14366
  0
VERTEX
  5
37c
  8
Layer_0
  10
181.85702
  20
208.23368
  0
VERTEX
  5
37d
  8
Layer_0
  10
182.1292
  20
208.39781
  0
VERTEX
  5
37e
  8
Layer_0
  10
182.41267
  20
208.61829
  0
VERTEX
  5
37f
  8
Layer_0
  10
182.68993
  20
208.87738
  0
VERTEX
  5
380
  8
Layer_0
  10
182.94347
  20
209.15735
  0
VERTEX
  5
381
  8
Layer_0
  10
183.15578
  20
209.44045
  0
VERTEX
  5
382
  8
Layer_0
  10
183.30937
  20
209.70894
  0
VERTEX
  5
383
  8
Layer_0
  10
183.38672
  20
209.94508
  42
0.20839436
  0
VERTEX
  5
384
  8
Layer_0
  10
183.32599
  20
210.22035
  0
VERTEX
  5
385
  8
Layer_0
  10
183.24256
  20
210.29404
  0
VERTEX
  5
386
  8
Layer_0
  10
183.13522
  20
210.32712
  0
VERTEX
  5
387
  8
Layer_0
  10
182.9998
  20
210.31997
  0
VERTEX
  5
388
  8
Layer_0
  10
182.83212
  20
210.27297
  0
VERTEX
  5
389
  8
Layer_0
  10
182.60511
  20
210.1638
  0
VERTEX
  5
38a
  8
Layer_0
  10
182.33977
  20
209.98859
  0
VERTEX
  5
38b
  8
Layer_0
  10
182.04938
  20
209.75722
  0
VERTEX
  5
38c
  8
Layer_0
  10
181.74722
  20
209.47954
  0
VERTEX
  5
38d
  8
Layer_0
  10
181.4841
  20
209.20806
  0
VERTEX
  5
38e
  8
Layer_0
  10
181.30902
  20
208.98365
  0
VERTEX
  5
38f
  8
Layer_0
  10
181.20528
  20
208.78048
  0
VERTEX
  5
390
  8
Layer_0
  10
181.1562
  20
208.57276
  0
VERTEX
  5
391
  8
Layer_0
  10
181.14381
  20
208.43959
  0
VERTEX
  5
392
  8
Layer_0
  10
181.14968
  20
208.33095
  0
VERTEX
  5
393
  8
Layer_0
  10
181.17463
  20
208.24593
  0
VERTEX
  5
394
  8
Layer_0
  10
181.21945
  20
208.18363
  0
VERTEX
  5
395
  8
Layer_0
  10
181.28496
  20
208.14316
  0
VERTEX
  5
396
  8
Layer_0
  10
181.37195
  20
208.12361
  0
VERTEX
  5
397
  8
Layer_0
  10
181.48124
  20
208.12408
  0
SEQEND
  0
POLYLINE
  5
399
  8
Layer_0
  62
7
  70
1
  66
1
  10
0
  20
0
  30
0
  0
VERTEX
  5
399
  8
Layer_0
  10
187.80322
  20
210.15153
  0
VERTEX
  5
39a
  8
Layer_0
  10
187.81336
  20
210.22058
  0
VERTEX
  5
39b
  8
Layer_0
  10
187.80461
  20
210.27278
  0
VERTEX
  5
39c
  8
Layer_0
  10
187.77746
  20
210.30801
  0
VERTEX
  5
39d
  8
Layer_0
  10
187.73238
  20
210.3261
  0
VERTEX
  5
39e
  8
Layer_0
  10
187.59032
  20
210.31035
  0
VERTEX
  5
39f
  8
Layer_0
  10
187.38222
  20
210.2244
  0
VERTEX
  5
3a0
  8
Layer_0
  10
187.21295
  20
210.1182
  0
VERTEX
  5
3a1
  8
Layer_0
  10
187.04521
  20
209.96987
  0
VERTEX
  5
3a2
  8
Layer_0
  10
186.88809
  20
209.78891
  0
VERTEX
  5
3a3
  8
Layer_0
  10
186.75071
  20
209.58479
  0
VERTEX
  5
3a4
  8
Layer_0
  10
186.67658
  20
209.4421
  0
VERTEX
  5
3a5
  8
Layer_0
  10
186.62825
  20
209.31762
  0
VERTEX
  5
3a6
  8
Layer_0
  10
186.6118
  20
209.22957
  0
VERTEX
  5
3a7
  8
Layer_0
  10
186.63331
  20
209.19617
  0
VERTEX
  5
3a8
  8
Layer_0
  10
186.72509
  20
209.23091
  0
VERTEX
  5
3a9
  8
Layer_0
  10
186.87417
  20
209.32381
  0
VERTEX
  5
3aa
  8
Layer_0
  10
187.05969
  20
209.45789
  0
VERTEX
  5
3ab
  8
Layer_0
  10
187.26077
  20
209.61616
  0
VERTEX
  5
3ac
  8
Layer_0
  10
187.45653
  20
209.78165
  0
VERTEX
  5
3ad
  8
Layer_0
  10
187.62611
  20
209.93736
  0
VERTEX
  5
3ae
  8
Layer_0
  10
187.74863
  20
210.06631
  0
SEQEND
  0
POLYLINE
  5
3b0
  8
Layer_0
  62
7
  70
1
  66
1
  10
0
  20
0
  30
0
  0
VERTEX
  5
3b0
  8
Layer_0
  10
275.98889
  20
207.52005
  42
-0.025421711
  0
VERTEX
  5
3b1
  8
Layer_0
  10
277.37793
  20
206.35721
  0
VERTEX
  5
3b2
  8
Layer_0
  10
278.02591
  20
205.71632
  0
VERTEX
  5
3b3
  8
Layer_0
  10
278.60142
  20
205.06916
  0
VERTEX
  5
3b4
  8
Layer_0
  10
279.10569
  20
204.41353
  0
VERTEX
  5
3b5
  8
Layer_0
  10
279.53991
  20
203.74726
  0
VERTEX
  5
3b6
  8
Layer_0
  10
279.9053
  20
203.06814
  0
VERTEX
  5
3b7
  8
Layer_0
  10
280.20306
  20
202.37401
  0
VERTEX
  5
3b8
  8
Layer_0
  10
280.43441
  20
201.66266
  0
VERTEX
  5
3b9
  8
Layer_0
  10
280.60056
  20
200.93192
  0
VERTEX
  5
3ba
  8
Layer_0
  10
280.63051
  20
200.70409
  0
VERTEX
  5
3bb
  8
Layer_0
  10
280.6519
  20
200.42492
  0
VERTEX
  5
3bc
  8
Layer_0
  10
280.66474
  20
200.11151
  0
VERTEX
  5
3bd
  8
Layer_0
  10
280.66901
  20
199.78099
  0
VERTEX
  5
3be
  8
Layer_0
  10
280.66474
  20
199.45046
  0
VERTEX
  5
3bf
  8
Layer_0
  10
280.6519
  20
199.13706
  0
VERTEX
  5
3c0
  8
Layer_0
  10
280.63051
  20
198.85788
  0
VERTEX
  5
3c1
  8
Layer_0
  10
280.60056
  20
198.63005
  0
VERTEX
  5
3c2
  8
Layer_0
  10
280.465
  20
198.02187
  0
VERTEX
  5
3c3
  8
Layer_0
  10
280.28182
  20
197.42132
  0
VERTEX
  5
3c4
  8
Layer_0
  10
280.05138
  20
196.82932
  0
VERTEX
  5
3c5
  8
Layer_0
  10
279.77406
  20
196.24682
  0
VERTEX
  5
3c6
  8
Layer_0
  10
279.45024
  20
195.67473
  0
VERTEX
  5
3c7
  8
Layer_0
  10
279.08028
  20
195.11398
  0
VERTEX
  5
3c8
  8
Layer_0
  10
278.66455
  20
194.56552
  0
VERTEX
  5
3c9
  8
Layer_0
  10
278.20343
  20
194.03027
  0
VERTEX
  5
3ca
  8
Layer_0
  10
277.44306
  20
193.2622
  0
VERTEX
  5
3cb
  8
Layer_0
  10
276.59348
  20
192.51948
  0
VERTEX
  5
3cc
  8
Layer_0
  10
275.65889
  20
191.80475
  0
VERTEX
  5
3cd
  8
Layer_0
  10
274.64346
  20
191.12068
  0
VERTEX
  5
3ce
  8
Layer_0
  10
273.55139
  20
190.4699
  0
VERTEX
  5
3cf
  8
Layer_0
  10
272.38686
  20
189.85508
  0
VERTEX
  5
3d0
  8
Layer_0
  10
271.15405
  20
189.27886
  0
VERTEX
  5
3d1
  8
Layer_0
  10
269.85715
  20
188.74389
  42
0.0070444966
  0
VERTEX
  5
3d2
  8
Layer_0
  10
269.10309
  20
188.45021
  0
VERTEX
  5
3d3
  8
Layer_0
  10
268.87076
  20
188.36021
  0
VERTEX
  5
3d4
  8
Layer_0
  10
268.60886
  20
188.26492
  0
VERTEX
  5
3d5
  8
Layer_0
  10
268.32037
  20
188.16518
  0
VERTEX
  5
3d6
  8
Layer_0
  10
268.00827
  20
188.06183
  0
VERTEX
  5
3d7
  8
Layer_0
  10
267.32518
  20
187.84766
  0
VERTEX
  5
3d8
  8
Layer_0
  10
266.58343
  20
187.62917
  0
VERTEX
  5
3d9
  8
Layer_0
  10
265.01944
  20
187.20619
  0
VERTEX
  5
3da
  8
Layer_0
  10
263.50716
  20
186.84683
  42
-0.028630062
  0
VERTEX
  5
3db
  8
Layer_0
  10
258.06995
  20
185.97371
  42
-0.0024850979
  0
VERTEX
  5
3dc
  8
Layer_0
  10
256.87933
  20
185.85068
  0
VERTEX
  5
3dd
  8
Layer_0
  10
255.87462
  20
185.76082
  0
VERTEX
  5
3de
  8
Layer_0
  10
254.83642
  20
185.70631
  0
VERTEX
  5
3df
  8
Layer_0
  10
254.23756
  20
185.68987
  0
VERTEX
  5
3e0
  8
Layer_0
  10
253.54968
  20
185.67934
  0
VERTEX
  5
3e1
  8
Layer_0
  10
253.16396
  20
185.67598
  0
VERTEX
  5
3e2
  8
Layer_0
  10
252.7459
  20
185.67373
  0
VERTEX
  5
3e3
  8
Layer_0
  10
252.29214
  20
185.67247
  0
VERTEX
  5
3e4
  8
Layer_0
  10
251.79933
  20
185.67208
  0
VERTEX
  5
3e5
  8
Layer_0
  10
251.2365
  20
185.6725
  0
VERTEX
  5
3e6
  8
Layer_0
  10
250.72682
  20
185.67397
  0
VERTEX
  5
3e7
  8
Layer_0
  10
250.2637
  20
185.67679
  0
VERTEX
  5
3e8
  8
Layer_0
  10
249.84057
  20
185.68126
  0
VERTEX
  5
3e9
  8
Layer_0
  10
249.08799
  20
185.69636
  0
VERTEX
  5
3ea
  8
Layer_0
  10
248.41647
  20
185.72169
  0
VERTEX
  5
3eb
  8
Layer_0
  10
247.77342
  20
185.75967
  0
VERTEX
  5
3ec
  8
Layer_0
  10
247.10623
  20
185.81272
  0
VERTEX
  5
3ed
  8
Layer_0
  10
246.74714
  20
185.84566
  0
VERTEX
  5
3ee
  8
Layer_0
  10
246.3623
  20
185.88326
  0
VERTEX
  5
3ef
  8
Layer_0
  10
245.94512
  20
185.92584
  0
VERTEX
  5
3f0
  8
Layer_0
  10
245.48903
  20
185.97371
  0
VERTEX
  5
3f1
  8
Layer_0
  10
243.98481
  20
186.15825
  0
VERTEX
  5
3f2
  8
Layer_0
  10
242.44748
  20
186.39042
  0
VERTEX
  5
3f3
  8
Layer_0
  10
241.6993
  20
186.51879
  0
VERTEX
  5
3f4
  8
Layer_0
  10
240.98233
  20
186.65236
  0
VERTEX
  5
3f5
  8
Layer_0
  10
240.30972
  20
186.78891
  0
VERTEX
  5
3f6
  8
Layer_0
  10
239.69466
  20
186.9262
  0
VERTEX
  5
3f7
  8
Layer_0
  10
238.70435
  20
187.16816
  0
VERTEX
  5
3f8
  8
Layer_0
  10
237.7752
  20
187.41076
  0
VERTEX
  5
3f9
  8
Layer_0
  10
236.89805
  20
187.65691
  0
VERTEX
  5
3fa
  8
Layer_0
  10
236.06374
  20
187.90946
  0
VERTEX
  5
3fb
  8
Layer_0
  10
234.48697
  20
188.44537
  0
VERTEX
  5
3fc
  8
Layer_0
  10
232.97159
  20
189.04155
  42
-0.033046199
  0
VERTEX
  5
3fd
  8
Layer_0
  10
229.5148
  20
190.76399
  0
VERTEX
  5
3fe
  8
Layer_0
  10
228.59255
  20
191.33653
  0
VERTEX
  5
3ff
  8
Layer_0
  10
227.72744
  20
191.93843
  0
VERTEX
  5
400
  8
Layer_0
  10
226.92345
  20
192.5659
  0
VERTEX
  5
401
  8
Layer_0
  10
226.18453
  20
193.21519
  0
VERTEX
  5
402
  8
Layer_0
  10
225.51462
  20
193.88252
  0
VERTEX
  5
403
  8
Layer_0
  10
224.91769
  20
194.56413
  0
VERTEX
  5
404
  8
Layer_0
  10
224.39768
  20
195.25625
  0
VERTEX
  5
405
  8
Layer_0
  10
223.95856
  20
195.95511
  42
-0.082479456
  0
VERTEX
  5
406
  8
Layer_0
  10
222.99812
  20
198.51099
  0
VERTEX
  5
407
  8
Layer_0
  10
222.96426
  20
198.75198
  0
VERTEX
  5
408
  8
Layer_0
  10
222.94008
  20
199.05855
  0
VERTEX
  5
409
  8
Layer_0
  10
222.92557
  20
199.40884
  0
VERTEX
  5
40a
  8
Layer_0
  10
222.92073
  20
199.78099
  0
VERTEX
  5
40b
  8
Layer_0
  10
222.92557
  20
200.15313
  0
VERTEX
  5
40c
  8
Layer_0
  10
222.94008
  20
200.50342
  0
VERTEX
  5
40d
  8
Layer_0
  10
222.96426
  20
200.80999
  0
VERTEX
  5
40e
  8
Layer_0
  10
222.99812
  20
201.05099
  0
VERTEX
  5
40f
  8
Layer_0
  10
223.0956
  20
201.49402
  0
VERTEX
  5
410
  8
Layer_0
  10
223.21983
  20
201.93311
  0
VERTEX
  5
411
  8
Layer_0
  10
223.37078
  20
202.36821
  0
VERTEX
  5
412
  8
Layer_0
  10
223.54841
  20
202.79928
  0
VERTEX
  5
413
  8
Layer_0
  10
223.7527
  20
203.22629
  0
VERTEX
  5
414
  8
Layer_0
  10
223.98359
  20
203.64918
  0
VERTEX
  5
415
  8
Layer_0
  10
224.24107
  20
204.06792
  0
VERTEX
  5
416
  8
Layer_0
  10
224.52509
  20
204.48247
  0
VERTEX
  5
417
  8
Layer_0
  10
224.83563
  20
204.89278
  0
VERTEX
  5
418
  8
Layer_0
  10
225.17264
  20
205.29883
  0
VERTEX
  5
419
  8
Layer_0
  10
225.53608
  20
205.70056
  0
VERTEX
  5
41a
  8
Layer_0
  10
225.92594
  20
206.09793
  0
VERTEX
  5
41b
  8
Layer_0
  10
226.34216
  20
206.49092
  0
VERTEX
  5
41c
  8
Layer_0
  10
226.78472
  20
206.87946
  0
VERTEX
  5
41d
  8
Layer_0
  10
227.25358
  20
207.26353
  0
VERTEX
  5
41e
  8
Layer_0
  10
227.74871
  20
207.64308
  0
VERTEX
  5
41f
  8
Layer_0
  10
228.15946
  20
207.93643
  0
VERTEX
  5
420
  8
Layer_0
  10
228.61253
  20
208.23895
  0
VERTEX
  5
421
  8
Layer_0
  10
229.10002
  20
208.54603
  0
VERTEX
  5
422
  8
Layer_0
  10
229.61402
  20
208.85305
  0
VERTEX
  5
423
  8
Layer_0
  10
230.68993
  20
209.44855
  0
VERTEX
  5
424
  8
Layer_0
  10
231.77699
  20
209.98861
  0
VERTEX
  5
425
  8
Layer_0
  10
233.30926
  20
210.65629
  0
VERTEX
  5
426
  8
Layer_0
  10
234.92384
  20
211.26779
  0
VERTEX
  5
427
  8
Layer_0
  10
236.61228
  20
211.82087
  0
VERTEX
  5
428
  8
Layer_0
  10
238.36611
  20
212.31331
  0
VERTEX
  5
429
  8
Layer_0
  10
240.17687
  20
212.74286
  0
VERTEX
  5
42a
  8
Layer_0
  10
242.03609
  20
213.10731
  0
VERTEX
  5
42b
  8
Layer_0
  10
243.93531
  20
213.4044
  0
VERTEX
  5
42c
  8
Layer_0
  10
245.86606
  20
213.63192
  42
-0.00054632101
  0
VERTEX
  5
42d
  8
Layer_0
  10
246.67966
  20
213.7113
  42
-0.011175862
  0
VERTEX
  5
42e
  8
Layer_0
  10
249.31886
  20
213.88593
  0
VERTEX
  5
42f
  8
Layer_0
  10
249.42797
  20
213.88853
  0
VERTEX
  5
430
  8
Layer_0
  10
249.6314
  20
213.89039
  0
VERTEX
  5
431
  8
Layer_0
  10
249.91743
  20
213.89151
  0
VERTEX
  5
432
  8
Layer_0
  10
250.27434
  20
213.89188
  0
VERTEX
  5
433
  8
Layer_0
  10
250.69041
  20
213.89151
  0
VERTEX
  5
434
  8
Layer_0
  10
251.15392
  20
213.89039
  0
VERTEX
  5
435
  8
Layer_0
  10
251.65315
  20
213.88853
  0
VERTEX
  5
436
  8
Layer_0
  10
252.17638
  20
213.88592
  0
VERTEX
  5
437
  8
Layer_0
  10
252.82619
  20
213.88351
  0
VERTEX
  5
438
  8
Layer_0
  10
253.40117
  20
213.87923
  0
VERTEX
  5
439
  8
Layer_0
  10
253.90685
  20
213.87309
  0
VERTEX
  5
43a
  8
Layer_0
  10
254.34877
  20
213.86509
  0
VERTEX
  5
43b
  8
Layer_0
  10
254.73246
  20
213.85523
  0
VERTEX
  5
43c
  8
Layer_0
  10
255.06345
  20
213.84351
  0
VERTEX
  5
43d
  8
Layer_0
  10
255.34728
  20
213.82993
  0
VERTEX
  5
43e
  8
Layer_0
  10
255.58949
  20
213.81449
  0
VERTEX
  5
43f
  8
Layer_0
  10
256.68599
  20
213.72688
  0
VERTEX
  5
440
  8
Layer_0
  10
257.73634
  20
213.62709
  0
VERTEX
  5
441
  8
Layer_0
  10
258.74837
  20
213.51409
  0
VERTEX
  5
442
  8
Layer_0
  10
259.7299
  20
213.38685
  0
VERTEX
  5
443
  8
Layer_0
  10
261.63266
  20
213.0856
  0
VERTEX
  5
444
  8
Layer_0
  10
263.50716
  20
212.71514
  0
VERTEX
  5
445
  8
Layer_0
  10
265.37747
  20
212.26793
  0
VERTEX
  5
446
  8
Layer_0
  10
267.17583
  20
211.75607
  0
VERTEX
  5
447
  8
Layer_0
  10
268.04542
  20
211.47697
  0
VERTEX
  5
448
  8
Layer_0
  10
268.89391
  20
211.183
  0
VERTEX
  5
449
  8
Layer_0
  10
269.72026
  20
210.87459
  0
VERTEX
  5
44a
  8
Layer_0
  10
270.52341
  20
210.55217
  0
VERTEX
  5
44b
  8
Layer_0
  10
271.30232
  20
210.21617
  0
VERTEX
  5
44c
  8
Layer_0
  10
272.05597
  20
209.86702
  0
VERTEX
  5
44d
  8
Layer_0
  10
272.78331
  20
209.50515
  0
VERTEX
  5
44e
  8
Layer_0
  10
273.48329
  20
209.13099
  0
VERTEX
  5
44f
  8
Layer_0
  10
274.15488
  20
208.74497
  0
VERTEX
  5
450
  8
Layer_0
  10
274.79703
  20
208.34752
  0
VERTEX
  5
451
  8
Layer_0
  10
275.40871
  20
207.93907
  0
VERTEX
  5
452
  8
Layer_0
  10
275.98888
  20
207.52005
  0
SEQEND
  0
POLYLINE
  5
454
  8
Layer_0
  62
7
  70
1
  66
1
  10
0
  20
0
  30
0
  0
VERTEX
  5
454
  8
Layer_0
  10
249.54509
  20
211.81821
  0
VERTEX
  5
455
  8
Layer_0
  10
249.7889
  20
211.77353
  0
VERTEX
  5
456
  8
Layer_0
  10
250.01619
  20
211.80909
  0
VERTEX
  5
457
  8
Layer_0
  10
250.21642
  20
211.91134
  0
VERTEX
  5
458
  8
Layer_0
  10
250.37902
  20
212.06675
  0
VERTEX
  5
459
  8
Layer_0
  10
250.49344
  20
212.26178
  0
VERTEX
  5
45a
  8
Layer_0
  10
250.54912
  20
212.48291
  0
VERTEX
  5
45b
  8
Layer_0
  10
250.5355
  20
212.71659
  0
VERTEX
  5
45c
  8
Layer_0
  10
250.44203
  20
212.9493
  42
0.34980376
  0
VERTEX
  5
45d
  8
Layer_0
  10
249.56493
  20
213.27473
  0
VERTEX
  5
45e
  8
Layer_0
  10
249.35998
  20
213.16684
  0
VERTEX
  5
45f
  8
Layer_0
  10
249.1874
  20
212.99792
  0
VERTEX
  5
460
  8
Layer_0
  10
249.06766
  20
212.79477
  0
VERTEX
  5
461
  8
Layer_0
  10
249.02121
  20
212.58417
  42
0.31263422
  0
VERTEX
  5
462
  8
Layer_0
  10
249.54509
  20
211.81821
  0
SEQEND
  0
POLYLINE
  5
464
  8
Layer_0
  62
7
  70
1
  66
1
  10
0
  20
0
  30
0
  0
VERTEX
  5
464
  8
Layer_0
  10
252.44624
  20
212.93739
  42
0.13960587
  0
VERTEX
  5
465
  8
Layer_0
  10
252.08112
  20
213.2549
  0
VERTEX
  5
466
  8
Layer_0
  10
251.93353
  20
213.30115
  0
VERTEX
  5
467
  8
Layer_0
  10
251.78148
  20
213.30946
  0
VERTEX
  5
468
  8
Layer_0
  10
251.62348
  20
213.28057
  0
VERTEX
  5
469
  8
Layer_0
  10
251.45802
  20
213.21521
  42
0.41667536
  0
VERTEX
  5
46a
  8
Layer_0
  10
251.12465
  20
212.20317
  0
VERTEX
  5
46b
  8
Layer_0
  10
251.26213
  20
212.01571
  0
VERTEX
  5
46c
  8
Layer_0
  10
251.45059
  20
211.87327
  0
VERTEX
  5
46d
  8
Layer_0
  10
251.66658
  20
211.78962
  0
VERTEX
  5
46e
  8
Layer_0
  10
251.88666
  20
211.77852
  0
VERTEX
  5
46f
  8
Layer_0
  10
252.07527
  20
211.83124
  0
VERTEX
  5
470
  8
Layer_0
  10
252.23919
  20
211.92945
  0
VERTEX
  5
471
  8
Layer_0
  10
252.37381
  20
212.06357
  0
VERTEX
  5
472
  8
Layer_0
  10
252.47452
  20
212.22401
  0
VERTEX
  5
473
  8
Layer_0
  10
252.53673
  20
212.40119
  0
VERTEX
  5
474
  8
Layer_0
  10
252.55582
  20
212.58554
  0
VERTEX
  5
475
  8
Layer_0
  10
252.52719
  20
212.76747
  0
SEQEND
  0
POLYLINE
  5
477
  8
Layer_0
  62
7
  70
1
  66
1
  10
0
  20
0
  30
0
  0
VERTEX
  5
477
  8
Layer_0
  10
254.29568
  20
213.10011
  42
-0.47665546
  0
VERTEX
  5
478
  8
Layer_0
  10
254.21631
  20
211.92934
  42
-0.24245068
  0
VERTEX
  5
479
  8
Layer_0
  10
253.54559
  20
211.82614
  42
-0.6678985
  0
VERTEX
  5
47a
  8
Layer_0
  10
253.4424
  20
213.21521
  42
-0.30606003
  0
SEQEND
  0
POLYLINE
  5
47c
  8
Layer_0
  62
7
  70
1
  66
1
  10
0
  20
0
  30
0
  0
VERTEX
  5
47c
  8
Layer_0
  10
247.91393
  20
211.67136
  42
0.23913536
  0
VERTEX
  5
47d
  8
Layer_0
  10
248.50925
  20
212.14365
  0
VERTEX
  5
47e
  8
Layer_0
  10
248.57464
  20
212.37637
  0
VERTEX
  5
47f
  8
Layer_0
  10
248.56134
  20
212.5998
  0
VERTEX
  5
480
  8
Layer_0
  10
248.48106
  20
212.80277
  0
VERTEX
  5
481
  8
Layer_0
  10
248.34554
  20
212.9741
  0
VERTEX
  5
482
  8
Layer_0
  10
248.16648
  20
213.10265
  0
VERTEX
  5
483
  8
Layer_0
  10
247.95561
  20
213.17725
  0
VERTEX
  5
484
  8
Layer_0
  10
247.72464
  20
213.18674
  0
VERTEX
  5
485
  8
Layer_0
  10
247.48531
  20
213.11996
  42
0.24856294
  0
VERTEX
  5
486
  8
Layer_0
  10
247.05669
  20
212.56433
  0
VERTEX
  5
487
  8
Layer_0
  10
247.05201
  20
212.3845
  0
VERTEX
  5
488
  8
Layer_0
  10
247.09296
  20
212.20993
  0
VERTEX
  5
489
  8
Layer_0
  10
247.1727
  20
212.04773
  0
VERTEX
  5
48a
  8
Layer_0
  10
247.28439
  20
211.90502
  0
VERTEX
  5
48b
  8
Layer_0
  10
247.42119
  20
211.78891
  0
VERTEX
  5
48c
  8
Layer_0
  10
247.57627
  20
211.70652
  0
VERTEX
  5
48d
  8
Layer_0
  10
247.7428
  20
211.66497
  0
VERTEX
  5
48e
  8
Layer_0
  10
247.91393
  20
211.67136
  0
SEQEND
  0
POLYLINE
  5
490
  8
Layer_0
  62
7
  70
1
  66
1
  10
0
  20
0
  30
0
  0
VERTEX
  5
490
  8
Layer_0
  10
256.43484
  20
212.08411
  0
VERTEX
  5
491
  8
Layer_0
  10
256.51478
  20
212.34251
  0
VERTEX
  5
492
  8
Layer_0
  10
256.49983
  20
212.59757
  0
VERTEX
  5
493
  8
Layer_0
  10
256.39187
  20
212.837
  0
VERTEX
  5
494
  8
Layer_0
  10
256.19275
  20
213.04852
  0
VERTEX
  5
495
  8
Layer_0
  10
256.0216
  20
213.14662
  0
VERTEX
  5
496
  8
Layer_0
  10
255.82365
  20
213.1904
  0
VERTEX
  5
497
  8
Layer_0
  10
255.61678
  20
213.17912
  0
VERTEX
  5
498
  8
Layer_0
  10
255.41884
  20
213.11202
  42
0.26640144
  0
VERTEX
  5
499
  8
Layer_0
  10
255.02196
  20
212.49686
  0
VERTEX
  5
49a
  8
Layer_0
  10
255.02426
  20
212.29142
  0
VERTEX
  5
49b
  8
Layer_0
  10
255.06413
  20
212.1243
  0
VERTEX
  5
49c
  8
Layer_0
  10
255.14643
  20
211.98173
  0
VERTEX
  5
49d
  8
Layer_0
  10
255.27597
  20
211.84996
  42
0.47949815
  0
VERTEX
  5
49e
  8
Layer_0
  10
256.43484
  20
212.08411
  0
SEQEND
  0
POLYLINE
  5
4a0
  8
Layer_0
  62
7
  70
1
  66
1
  10
0
  20
0
  30
0
  0
VERTEX
  5
4a0
  8
Layer_0
  10
246.50105
  20
212.51274
  42
0.43802897
  0
VERTEX
  5
4a1
  8
Layer_0
  10
245.44537
  20
212.90564
  42
0.27388942
  0
VERTEX
  5
4a2
  8
Layer_0
  10
245.04056
  20
212.25874
  42
0.20495942
  0
VERTEX
  5
4a3
  8
Layer_0
  10
245.27869
  20
211.67931
  42
0.19171249
  0
VERTEX
  5
4a4
  8
Layer_0
  10
245.81844
  20
211.4888
  42
0.53462739
  0
SEQEND
  0
POLYLINE
  5
4a6
  8
Layer_0
  62
7
  70
1
  66
1
  10
0
  20
0
  30
0
  0
VERTEX
  5
4a6
  8
Layer_0
  10
257.58975
  20
211.50467
  42
0.46387664
  0
VERTEX
  5
4a7
  8
Layer_0
  10
258.53827
  20
212.17937
  42
0.59119084
  0
VERTEX
  5
4a8
  8
Layer_0
  10
257.431
  20
212.90564
  42
0.11188491
  0
VERTEX
  5
4a9
  8
Layer_0
  10
257.1413
  20
212.65164
  42
0.14826322
  0
VERTEX
  5
4aa
  8
Layer_0
  10
257.02618
  20
212.25079
  42
0.34197671
  0
SEQEND
  0
POLYLINE
  5
4ac
  8
Layer_0
  62
7
  70
1
  66
1
  10
0
  20
0
  30
0
  0
VERTEX
  5
4ac
  8
Layer_0
  10
244.09599
  20
211.35783
  42
0.73683667
  0
VERTEX
  5
4ad
  8
Layer_0
  10
243.75072
  20
212.74689
  0
VERTEX
  5
4ae
  8
Layer_0
  10
243.56319
  20
212.74193
  0
VERTEX
  5
4af
  8
Layer_0
  10
243.42924
  20
212.71911
  42
0.3012864
  0
VERTEX
  5
4b0
  8
Layer_0
  10
242.94902
  20
211.98489
  0
VERTEX
  5
4b1
  8
Layer_0
  10
242.97779
  20
211.77905
  0
VERTEX
  5
4b2
  8
Layer_0
  10
243.05791
  20
211.59949
  0
VERTEX
  5
4b3
  8
Layer_0
  10
243.18008
  20
211.45127
  0
VERTEX
  5
4b4
  8
Layer_0
  10
243.33498
  20
211.33948
  0
VERTEX
  5
4b5
  8
Layer_0
  10
243.51333
  20
211.26916
  0
VERTEX
  5
4b6
  8
Layer_0
  10
243.70582
  20
211.2454
  0
VERTEX
  5
4b7
  8
Layer_0
  10
243.90314
  20
211.27327
  0
VERTEX
  5
4b8
  8
Layer_0
  10
244.09599
  20
211.35783
  0
SEQEND
  0
POLYLINE
  5
4ba
  8
Layer_0
  62
7
  70
1
  66
1
  10
0
  20
0
  30
0
  0
VERTEX
  5
4ba
  8
Layer_0
  10
260.06624
  20
211.26655
  0
VERTEX
  5
4bb
  8
Layer_0
  10
260.22797
  20
211.32937
  0
VERTEX
  5
4bc
  8
Layer_0
  10
260.38077
  20
211.44762
  0
VERTEX
  5
4bd
  8
Layer_0
  10
260.50826
  20
211.60532
  0
VERTEX
  5
4be
  8
Layer_0
  10
260.59409
  20
211.78646
  42
0.14535412
  0
VERTEX
  5
4bf
  8
Layer_0
  10
260.60999
  20
212.18333
  42
0.21056763
  0
VERTEX
  5
4c0
  8
Layer_0
  10
260.20911
  20
212.67943
  42
0.24561335
  0
VERTEX
  5
4c1
  8
Layer_0
  10
259.55823
  20
212.69133
  42
0.16735204
  0
VERTEX
  5
4c2
  8
Layer_0
  10
259.17725
  20
212.3024
  0
VERTEX
  5
4c3
  8
Layer_0
  10
259.11387
  20
212.08989
  0
VERTEX
  5
4c4
  8
Layer_0
  10
259.11524
  20
211.88381
  0
VERTEX
  5
4c5
  8
Layer_0
  10
259.1739
  20
211.6928
  0
VERTEX
  5
4c6
  8
Layer_0
  10
259.28242
  20
211.52551
  0
VERTEX
  5
4c7
  8
Layer_0
  10
259.43335
  20
211.39059
  0
VERTEX
  5
4c8
  8
Layer_0
  10
259.61926
  20
211.29669
  0
VERTEX
  5
4c9
  8
Layer_0
  10
259.83271
  20
211.25246
  0
SEQEND
  0
POLYLINE
  5
4cb
  8
Layer_0
  62
7
  70
1
  66
1
  10
0
  20
0
  30
0
  0
VERTEX
  5
4cb
  8
Layer_0
  10
241.11546
  20
211.08398
  42
0.64207968
  0
VERTEX
  5
4cc
  8
Layer_0
  10
242.36958
  20
211.66739
  42
0.31127001
  0
VERTEX
  5
4cd
  8
Layer_0
  10
241.84175
  20
212.38177
  42
0.17135373
  0
VERTEX
  5
4ce
  8
Layer_0
  10
241.38535
  20
212.38177
  42
0.19072891
  0
VERTEX
  5
4cf
  8
Layer_0
  10
240.93687
  20
212.00473
  42
0.35274111
  0
SEQEND
  0
POLYLINE
  5
4d1
  8
Layer_0
  62
7
  70
1
  66
1
  10
0
  20
0
  30
0
  0
VERTEX
  5
4d1
  8
Layer_0
  10
262.49115
  20
212.20714
  0
VERTEX
  5
4d2
  8
Layer_0
  10
262.63849
  20
212.0079
  0
VERTEX
  5
4d3
  8
Layer_0
  10
262.70844
  20
211.75619
  0
VERTEX
  5
4d4
  8
Layer_0
  10
262.69653
  20
211.48886
  0
VERTEX
  5
4d5
  8
Layer_0
  10
262.59831
  20
211.24274
  0
VERTEX
  5
4d6
  8
Layer_0
  10
262.4997
  20
211.11847
  0
VERTEX
  5
4d7
  8
Layer_0
  10
262.38015
  20
211.02024
  0
VERTEX
  5
4d8
  8
Layer_0
  10
262.24517
  20
210.94917
  0
VERTEX
  5
4d9
  8
Layer_0
  10
262.10023
  20
210.90639
  0
VERTEX
  5
4da
  8
Layer_0
  10
261.95083
  20
210.89299
  0
VERTEX
  5
4db
  8
Layer_0
  10
261.80245
  20
210.91011
  0
VERTEX
  5
4dc
  8
Layer_0
  10
261.66058
  20
210.95885
  0
VERTEX
  5
4dd
  8
Layer_0
  10
261.53072
  20
211.04033
  0
VERTEX
  5
4de
  8
Layer_0
  10
261.36624
  20
211.20834
  0
VERTEX
  5
4df
  8
Layer_0
  10
261.25891
  20
211.39392
  0
VERTEX
  5
4e0
  8
Layer_0
  10
261.2075
  20
211.58825
  0
VERTEX
  5
4e1
  8
Layer_0
  10
261.21073
  20
211.78249
  0
VERTEX
  5
4e2
  8
Layer_0
  10
261.26736
  20
211.96779
  0
VERTEX
  5
4e3
  8
Layer_0
  10
261.37612
  20
212.13533
  0
VERTEX
  5
4e4
  8
Layer_0
  10
261.53576
  20
212.27627
  0
VERTEX
  5
4e5
  8
Layer_0
  10
261.74503
  20
212.38177
  0
VERTEX
  5
4e6
  8
Layer_0
  10
261.92691
  20
212.41811
  0
VERTEX
  5
4e7
  8
Layer_0
  10
262.12256
  20
212.39864
  0
VERTEX
  5
4e8
  8
Layer_0
  10
262.31597
  20
212.32707
  0
SEQEND
  0
POLYLINE
  5
4ea
  8
Layer_0
  62
7
  70
1
  66
1
  10
0
  20
0
  30
0
  0
VERTEX
  5
4ea
  8
Layer_0
  10
238.91281
  20
210.76649
  0
VERTEX
  5
4eb
  8
Layer_0
  10
239.04613
  20
210.61853
  0
VERTEX
  5
4ec
  8
Layer_0
  10
239.18764
  20
210.51745
  0
VERTEX
  5
4ed
  8
Layer_0
  10
239.34254
  20
210.45953
  0
VERTEX
  5
4ee
  8
Layer_0
  10
239.51605
  20
210.44105
  42
0.63777923
  0
VERTEX
  5
4ef
  8
Layer_0
  10
240.09946
  20
211.69518
  42
0.3220336
  0
VERTEX
  5
4f0
  8
Layer_0
  10
239.26205
  20
211.92139
  42
0.18995214
  0
VERTEX
  5
4f1
  8
Layer_0
  10
238.83344
  20
211.5007
  42
0.27900618
  0
VERTEX
  5
4f2
  8
Layer_0
  10
238.91281
  20
210.76648
  0
SEQEND
  0
POLYLINE
  5
4f4
  8
Layer_0
  62
7
  70
1
  66
1
  10
0
  20
0
  30
0
  0
VERTEX
  5
4f4
  8
Layer_0
  10
264.16595
  20
210.44106
  42
0.23564027
  0
VERTEX
  5
4f5
  8
Layer_0
  10
264.72952
  20
210.85381
  0
VERTEX
  5
4f6
  8
Layer_0
  10
264.80732
  20
211.08827
  0
VERTEX
  5
4f7
  8
Layer_0
  10
264.80202
  20
211.3187
  0
VERTEX
  5
4f8
  8
Layer_0
  10
264.72611
  20
211.53211
  0
VERTEX
  5
4f9
  8
Layer_0
  10
264.59211
  20
211.71551
  0
VERTEX
  5
4fa
  8
Layer_0
  10
264.41253
  20
211.85595
  0
VERTEX
  5
4fb
  8
Layer_0
  10
264.19989
  20
211.94043
  0
VERTEX
  5
4fc
  8
Layer_0
  10
263.96668
  20
211.95599
  0
VERTEX
  5
4fd
  8
Layer_0
  10
263.72543
  20
211.88964
  42
0.20605253
  0
VERTEX
  5
4fe
  8
Layer_0
  10
263.33252
  20
211.42926
  42
0.15536864
  0
VERTEX
  5
4ff
  8
Layer_0
  10
263.31268
  20
211.00064
  42
0.38246288
  0
SEQEND
  0
POLYLINE
  5
501
  8
Layer_0
  62
7
  70
1
  66
1
  10
0
  20
0
  30
0
  0
VERTEX
  5
501
  8
Layer_0
  10
238.11111
  20
210.88158
  42
0.46542513
  0
VERTEX
  5
502
  8
Layer_0
  10
237.05544
  20
211.3737
  0
VERTEX
  5
503
  8
Layer_0
  10
236.9264
  20
211.2986
  0
VERTEX
  5
504
  8
Layer_0
  10
236.81712
  20
211.20373
  0
VERTEX
  5
505
  8
Layer_0
  10
236.72915
  20
211.09277
  0
VERTEX
  5
506
  8
Layer_0
  10
236.66401
  20
210.96939
  0
VERTEX
  5
507
  8
Layer_0
  10
236.62325
  20
210.83727
  0
VERTEX
  5
508
  8
Layer_0
  10
236.60839
  20
210.70007
  0
VERTEX
  5
509
  8
Layer_0
  10
236.62097
  20
210.56148
  0
VERTEX
  5
50a
  8
Layer_0
  10
236.66253
  20
210.42517
  0
VERTEX
  5
50b
  8
Layer_0
  10
236.81111
  20
210.18432
  0
VERTEX
  5
50c
  8
Layer_0
  10
237.01773
  20
210.01639
  0
VERTEX
  5
50d
  8
Layer_0
  10
237.26305
  20
209.93181
  0
VERTEX
  5
50e
  8
Layer_0
  10
237.52772
  20
209.94099
  42
0.42642663
  0
SEQEND
  0
POLYLINE
  5
510
  8
Layer_0
  62
7
  70
1
  66
1
  10
0
  20
0
  30
0
  0
VERTEX
  5
510
  8
Layer_0
  10
266.5988
  20
210.03227
  0
VERTEX
  5
511
  8
Layer_0
  10
266.73054
  20
210.14125
  0
VERTEX
  5
512
  8
Layer_0
  10
266.8334
  20
210.27089
  0
VERTEX
  5
513
  8
Layer_0
  10
266.90639
  20
210.41541
  0
VERTEX
  5
514
  8
Layer_0
  10
266.94855
  20
210.56904
  0
VERTEX
  5
515
  8
Layer_0
  10
266.9589
  20
210.72602
  0
VERTEX
  5
516
  8
Layer_0
  10
266.93646
  20
210.88059
  0
VERTEX
  5
517
  8
Layer_0
  10
266.88025
  20
211.02697
  0
VERTEX
  5
518
  8
Layer_0
  10
266.78931
  20
211.15939
  0
VERTEX
  5
519
  8
Layer_0
  10
266.59304
  20
211.32261
  0
VERTEX
  5
51a
  8
Layer_0
  10
266.36514
  20
211.42034
  0
VERTEX
  5
51b
  8
Layer_0
  10
266.12907
  20
211.44514
  0
VERTEX
  5
51c
  8
Layer_0
  10
265.90825
  20
211.38958
  42
0.34889898
  0
VERTEX
  5
51d
  8
Layer_0
  10
265.45581
  20
210.52837
  42
0.22472773
  0
VERTEX
  5
51e
  8
Layer_0
  10
265.86459
  20
209.99258
  42
0.2769949
  0
VERTEX
  5
51f
  8
Layer_0
  10
266.59882
  20
210.03227
  0
SEQEND
  0
POLYLINE
  5
521
  8
Layer_0
  62
7
  70
1
  66
1
  10
0
  20
0
  30
0
  0
VERTEX
  5
521
  8
Layer_0
  10
226.94703
  20
203.30921
  0
VERTEX
  5
522
  8
Layer_0
  10
226.625
  20
202.83513
  0
VERTEX
  5
523
  8
Layer_0
  10
226.32939
  20
202.31751
  0
VERTEX
  5
524
  8
Layer_0
  10
226.08364
  20
201.80065
  0
VERTEX
  5
525
  8
Layer_0
  10
225.91119
  20
201.3288
  42
0.071882299
  0
VERTEX
  5
526
  8
Layer_0
  10
225.7048
  20
199.76114
  0
VERTEX
  5
527
  8
Layer_0
  10
225.70535
  20
199.51415
  0
VERTEX
  5
528
  8
Layer_0
  10
225.7076
  20
199.31664
  0
VERTEX
  5
529
  8
Layer_0
  10
225.71255
  20
199.15783
  0
VERTEX
  5
52a
  8
Layer_0
  10
225.72118
  20
199.02692
  0
VERTEX
  5
52b
  8
Layer_0
  10
225.75336
  20
198.80567
  0
VERTEX
  5
52c
  8
Layer_0
  10
225.81197
  20
198.56655
  42
0.054125278
  0
VERTEX
  5
52d
  8
Layer_0
  10
226.30011
  20
197.29655
  0
VERTEX
  5
52e
  8
Layer_0
  10
226.61799
  20
196.73354
  0
VERTEX
  5
52f
  8
Layer_0
  10
226.97381
  20
196.21854
  0
VERTEX
  5
530
  8
Layer_0
  10
227.17596
  20
195.96566
  0
VERTEX
  5
531
  8
Layer_0
  10
227.39959
  20
195.70874
  0
VERTEX
  5
532
  8
Layer_0
  10
227.6487
  20
195.44242
  0
VERTEX
  5
533
  8
Layer_0
  10
227.92731
  20
195.16136
  0
VERTEX
  5
534
  8
Layer_0
  10
228.55985
  20
194.58334
  0
VERTEX
  5
535
  8
Layer_0
  10
229.26487
  20
194.02427
  0
VERTEX
  5
536
  8
Layer_0
  10
230.03942
  20
193.48521
  0
VERTEX
  5
537
  8
Layer_0
  10
230.88055
  20
192.96726
  0
VERTEX
  5
538
  8
Layer_0
  10
231.78531
  20
192.4715
  0
VERTEX
  5
539
  8
Layer_0
  10
232.75073
  20
191.999
  0
VERTEX
  5
53a
  8
Layer_0
  10
233.77388
  20
191.55084
  0
VERTEX
  5
53b
  8
Layer_0
  10
234.85178
  20
191.12812
  0
VERTEX
  5
53c
  8
Layer_0
  10
235.9815
  20
190.73191
  0
VERTEX
  5
53d
  8
Layer_0
  10
237.16008
  20
190.36328
  0
VERTEX
  5
53e
  8
Layer_0
  10
238.38456
  20
190.02333
  0
VERTEX
  5
53f
  8
Layer_0
  10
239.65199
  20
189.71314
  0
VERTEX
  5
540
  8
Layer_0
  10
240.95941
  20
189.43378
  0
VERTEX
  5
541
  8
Layer_0
  10
242.30389
  20
189.18633
  0
VERTEX
  5
542
  8
Layer_0
  10
243.68245
  20
188.97189
  0
VERTEX
  5
543
  8
Layer_0
  10
245.09215
  20
188.79152
  42
0.0286776
  0
VERTEX
  5
544
  8
Layer_0
  10
251.79933
  20
188.42639
  0
VERTEX
  5
545
  8
Layer_0
  10
252.87407
  20
188.43307
  0
VERTEX
  5
546
  8
Layer_0
  10
253.8882
  20
188.4538
  0
VERTEX
  5
547
  8
Layer_0
  10
254.85741
  20
188.4896
  0
VERTEX
  5
548
  8
Layer_0
  10
255.79736
  20
188.54149
  0
VERTEX
  5
549
  8
Layer_0
  10
256.72373
  20
188.61049
  0
VERTEX
  5
54a
  8
Layer_0
  10
257.65219
  20
188.69763
  0
VERTEX
  5
54b
  8
Layer_0
  10
258.59842
  20
188.80394
  0
VERTEX
  5
54c
  8
Layer_0
  10
259.57809
  20
188.93042
  0
VERTEX
  5
54d
  8
Layer_0
  10
261.50432
  20
189.22918
  0
VERTEX
  5
54e
  8
Layer_0
  10
263.36366
  20
189.5911
  0
VERTEX
  5
54f
  8
Layer_0
  10
264.26584
  20
189.79501
  0
VERTEX
  5
550
  8
Layer_0
  10
265.1484
  20
190.01385
  0
VERTEX
  5
551
  8
Layer_0
  10
266.01039
  20
190.24731
  0
VERTEX
  5
552
  8
Layer_0
  10
266.85083
  20
190.4951
  0
VERTEX
  5
553
  8
Layer_0
  10
267.66876
  20
190.75695
  0
VERTEX
  5
554
  8
Layer_0
  10
268.46321
  20
191.03254
  0
VERTEX
  5
555
  8
Layer_0
  10
269.23322
  20
191.32161
  0
VERTEX
  5
556
  8
Layer_0
  10
269.97783
  20
191.62384
  0
VERTEX
  5
557
  8
Layer_0
  10
270.69607
  20
191.93896
  0
VERTEX
  5
558
  8
Layer_0
  10
271.38697
  20
192.26667
  0
VERTEX
  5
559
  8
Layer_0
  10
272.04957
  20
192.60668
  0
VERTEX
  5
55a
  8
Layer_0
  10
272.68291
  20
192.95871
  0
VERTEX
  5
55b
  8
Layer_0
  10
272.84439
  20
193.05586
  0
VERTEX
  5
55c
  8
Layer_0
  10
273.06917
  20
193.1972
  0
VERTEX
  5
55d
  8
Layer_0
  10
273.33386
  20
193.36738
  0
VERTEX
  5
55e
  8
Layer_0
  10
273.61506
  20
193.55104
  0
VERTEX
  5
55f
  8
Layer_0
  10
273.88938
  20
193.73284
  0
VERTEX
  5
560
  8
Layer_0
  10
274.13342
  20
193.89744
  0
VERTEX
  5
561
  8
Layer_0
  10
274.32379
  20
194.02948
  0
VERTEX
  5
562
  8
Layer_0
  10
274.43709
  20
194.11361
  0
VERTEX
  5
563
  8
Layer_0
  10
275.15358
  20
194.71323
  0
VERTEX
  5
564
  8
Layer_0
  10
275.77635
  20
195.29624
  0
VERTEX
  5
565
  8
Layer_0
  10
276.3103
  20
195.86948
  0
VERTEX
  5
566
  8
Layer_0
  10
276.76029
  20
196.4398
  0
VERTEX
  5
567
  8
Layer_0
  10
277.13122
  20
197.01402
  0
VERTEX
  5
568
  8
Layer_0
  10
277.42797
  20
197.59898
  0
VERTEX
  5
569
  8
Layer_0
  10
277.65543
  20
198.20153
  0
VERTEX
  5
56a
  8
Layer_0
  10
277.81847
  20
198.82849
  0
VERTEX
  5
56b
  8
Layer_0
  10
277.85102
  20
199.02462
  0
VERTEX
  5
56c
  8
Layer_0
  10
277.87427
  20
199.25674
  0
VERTEX
  5
56d
  8
Layer_0
  10
277.88823
  20
199.51286
  0
VERTEX
  5
56e
  8
Layer_0
  10
277.89288
  20
199.78099
  0
VERTEX
  5
56f
  8
Layer_0
  10
277.88823
  20
200.04911
  0
VERTEX
  5
570
  8
Layer_0
  10
277.87427
  20
200.30523
  0
VERTEX
  5
571
  8
Layer_0
  10
277.85102
  20
200.53736
  0
VERTEX
  5
572
  8
Layer_0
  10
277.81847
  20
200.73349
  0
VERTEX
  5
573
  8
Layer_0
  10
277.62071
  20
201.45977
  0
VERTEX
  5
574
  8
Layer_0
  10
277.32882
  20
202.16224
  0
VERTEX
  5
575
  8
Layer_0
  10
277.14653
  20
202.50733
  0
VERTEX
  5
576
  8
Layer_0
  10
276.93945
  20
202.84982
  0
VERTEX
  5
577
  8
Layer_0
  10
276.70716
  20
203.19083
  0
VERTEX
  5
578
  8
Layer_0
  10
276.44925
  20
203.53146
  42
0.055409704
  0
VERTEX
  5
579
  8
Layer_0
  10
274.89349
  20
205.08324
  42
-0.00058352134
  0
VERTEX
  5
57a
  8
Layer_0
  10
274.43707
  20
205.44836
  0
VERTEX
  5
57b
  8
Layer_0
  10
274.31195
  20
205.54128
  0
VERTEX
  5
57c
  8
Layer_0
  10
274.11165
  20
205.67973
  0
VERTEX
  5
57d
  8
Layer_0
  10
273.85778
  20
205.84971
  0
VERTEX
  5
57e
  8
Layer_0
  10
273.5719
  20
206.03723
  0
VERTEX
  5
57f
  8
Layer_0
  10
273.27561
  20
206.22828
  0
VERTEX
  5
580
  8
Layer_0
  10
272.99048
  20
206.40886
  0
VERTEX
  5
581
  8
Layer_0
  10
272.73809
  20
206.56498
  0
VERTEX
  5
582
  8
Layer_0
  10
272.54002
  20
206.68264
  0
VERTEX
  5
583
  8
Layer_0
  10
271.82869
  20
207.07435
  0
VERTEX
  5
584
  8
Layer_0
  10
271.07031
  20
207.45271
  0
VERTEX
  5
585
  8
Layer_0
  10
270.26778
  20
207.81695
  0
VERTEX
  5
586
  8
Layer_0
  10
269.424
  20
208.16627
  0
VERTEX
  5
587
  8
Layer_0
  10
268.54188
  20
208.4999
  0
VERTEX
  5
588
  8
Layer_0
  10
267.6243
  20
208.81705
  0
VERTEX
  5
589
  8
Layer_0
  10
266.67419
  20
209.11693
  0
VERTEX
  5
58a
  8
Layer_0
  10
265.69443
  20
209.39876
  0
VERTEX
  5
58b
  8
Layer_0
  10
264.68793
  20
209.66175
  0
VERTEX
  5
58c
  8
Layer_0
  10
263.65758
  20
209.90512
  0
VERTEX
  5
58d
  8
Layer_0
  10
262.6063
  20
210.12809
  0
VERTEX
  5
58e
  8
Layer_0
  10
261.53698
  20
210.32986
  0
VERTEX
  5
58f
  8
Layer_0
  10
260.45252
  20
210.50966
  0
VERTEX
  5
590
  8
Layer_0
  10
259.35582
  20
210.6667
  0
VERTEX
  5
591
  8
Layer_0
  10
258.24978
  20
210.8002
  0
VERTEX
  5
592
  8
Layer_0
  10
257.13731
  20
210.90936
  42
0.026900294
  0
VERTEX
  5
593
  8
Layer_0
  10
250.3309
  20
211.12367
  0
VERTEX
  5
594
  8
Layer_0
  10
248.39742
  20
211.05155
  0
VERTEX
  5
595
  8
Layer_0
  10
246.48134
  20
210.91358
  0
VERTEX
  5
596
  8
Layer_0
  10
244.59149
  20
210.71123
  0
VERTEX
  5
597
  8
Layer_0
  10
242.7367
  20
210.44601
  0
VERTEX
  5
598
  8
Layer_0
  10
240.92582
  20
210.11939
  0
VERTEX
  5
599
  8
Layer_0
  10
239.16768
  20
209.73288
  0
VERTEX
  5
59a
  8
Layer_0
  10
237.47111
  20
209.28794
  0
VERTEX
  5
59b
  8
Layer_0
  10
235.84496
  20
208.78608
  42
0.033186059
  0
VERTEX
  5
59c
  8
Layer_0
  10
232.25722
  20
207.32954
  0
VERTEX
  5
59d
  8
Layer_0
  10
231.41276
  20
206.89472
  0
VERTEX
  5
59e
  8
Layer_0
  10
230.60932
  20
206.43236
  0
VERTEX
  5
59f
  8
Layer_0
  10
229.8522
  20
205.94656
  0
VERTEX
  5
5a0
  8
Layer_0
  10
229.14671
  20
205.44142
  0
VERTEX
  5
5a1
  8
Layer_0
  10
228.49814
  20
204.92101
  0
VERTEX
  5
5a2
  8
Layer_0
  10
227.9118
  20
204.38945
  0
VERTEX
  5
5a3
  8
Layer_0
  10
227.393
  20
203.85082
  0
SEQEND
  0
POLYLINE
  5
5a5
  8
Layer_0
  62
7
  70
1
  66
1
  10
0
  20
0
  30
0
  0
VERTEX
  5
5a5
  8
Layer_0
  10
234.48764
  20
199.54286
  42
-0.23051801
  0
VERTEX
  5
5a6
  8
Layer_0
  10
235.51556
  20
198.53877
  0
VERTEX
  5
5a7
  8
Layer_0
  10
235.55351
  20
198.39465
  0
VERTEX
  5
5a8
  8
Layer_0
  10
235.57509
  20
198.18356
  0
VERTEX
  5
5a9
  8
Layer_0
  10
235.58114
  20
198.03105
  0
VERTEX
  5
5aa
  8
Layer_0
  10
235.58476
  20
197.83555
  0
VERTEX
  5
5ab
  8
Layer_0
  10
235.58653
  20
197.58835
  0
VERTEX
  5
5ac
  8
Layer_0
  10
235.587
  20
197.28067
  0
VERTEX
  5
5ad
  8
Layer_0
  10
235.58653
  20
196.973
  0
VERTEX
  5
5ae
  8
Layer_0
  10
235.58476
  20
196.72579
  0
VERTEX
  5
5af
  8
Layer_0
  10
235.58114
  20
196.5303
  0
VERTEX
  5
5b0
  8
Layer_0
  10
235.57509
  20
196.37778
  0
VERTEX
  5
5b1
  8
Layer_0
  10
235.55351
  20
196.1667
  0
VERTEX
  5
5b2
  8
Layer_0
  10
235.51556
  20
196.02258
  42
-0.16612835
  0
VERTEX
  5
5b3
  8
Layer_0
  10
234.88055
  20
195.21295
  0
VERTEX
  5
5b4
  8
Layer_0
  10
234.73539
  20
195.12143
  0
VERTEX
  5
5b5
  8
Layer_0
  10
234.59958
  20
195.05297
  0
VERTEX
  5
5b6
  8
Layer_0
  10
234.43596
  20
195.00422
  0
VERTEX
  5
5b7
  8
Layer_0
  10
234.20736
  20
194.97185
  0
VERTEX
  5
5b8
  8
Layer_0
  10
234.05708
  20
194.96076
  0
VERTEX
  5
5b9
  8
Layer_0
  10
233.87663
  20
194.95251
  0
VERTEX
  5
5ba
  8
Layer_0
  10
233.66135
  20
194.94667
  0
VERTEX
  5
5bb
  8
Layer_0
  10
233.4066
  20
194.94283
  0
VERTEX
  5
5bc
  8
Layer_0
  10
233.10774
  20
194.94058
  0
VERTEX
  5
5bd
  8
Layer_0
  10
232.76012
  20
194.93948
  0
VERTEX
  5
5be
  8
Layer_0
  10
232.3591
  20
194.93913
  0
VERTEX
  5
5bf
  8
Layer_0
  10
231.90002
  20
194.93911
  0
VERTEX
  5
5c0
  8
Layer_0
  10
229.5545
  20
194.93912
  0
VERTEX
  5
5c1
  8
Layer_0
  10
229.56244
  20
199.15393
  42
0.00085520398
  0
VERTEX
  5
5c2
  8
Layer_0
  10
229.57434
  20
203.58305
  0
VERTEX
  5
5c3
  8
Layer_0
  10
229.57434
  20
203.7934
  0
VERTEX
  5
5c4
  8
Layer_0
  10
232.04688
  20
203.78149
  0
VERTEX
  5
5c5
  8
Layer_0
  10
232.47751
  20
203.77937
  0
VERTEX
  5
5c6
  8
Layer_0
  10
232.85516
  20
203.77739
  0
VERTEX
  5
5c7
  8
Layer_0
  10
233.18356
  20
203.77539
  0
VERTEX
  5
5c8
  8
Layer_0
  10
233.46644
  20
203.77324
  0
VERTEX
  5
5c9
  8
Layer_0
  10
233.70756
  20
203.77079
  0
VERTEX
  5
5ca
  8
Layer_0
  10
233.91066
  20
203.76788
  0
VERTEX
  5
5cb
  8
Layer_0
  10
234.07949
  20
203.76439
  0
VERTEX
  5
5cc
  8
Layer_0
  10
234.21778
  20
203.76015
  0
VERTEX
  5
5cd
  8
Layer_0
  10
234.41773
  20
203.74889
  0
VERTEX
  5
5ce
  8
Layer_0
  10
234.54048
  20
203.73293
  0
VERTEX
  5
5cf
  8
Layer_0
  10
234.61598
  20
203.71111
  0
VERTEX
  5
5d0
  8
Layer_0
  10
234.67418
  20
203.68227
  42
-0.17868215
  0
VERTEX
  5
5d1
  8
Layer_0
  10
235.23378
  20
203.05124
  0
VERTEX
  5
5d2
  8
Layer_0
  10
235.27402
  20
202.9127
  0
VERTEX
  5
5d3
  8
Layer_0
  10
235.29678
  20
202.69901
  0
VERTEX
  5
5d4
  8
Layer_0
  10
235.30311
  20
202.53584
  0
VERTEX
  5
5d5
  8
Layer_0
  10
235.30689
  20
202.32012
  0
VERTEX
  5
5d6
  8
Layer_0
  10
235.30871
  20
202.04059
  0
VERTEX
  5
5d7
  8
Layer_0
  10
235.30918
  20
201.68599
  0
VERTEX
  5
5d8
  8
Layer_0
  10
235.30883
  20
201.30581
  0
VERTEX
  5
5d9
  8
Layer_0
  10
235.30714
  20
201.01539
  0
VERTEX
  5
5da
  8
Layer_0
  10
235.30311
  20
200.79958
  0
VERTEX
  5
5db
  8
Layer_0
  10
235.29579
  20
200.6432
  0
VERTEX
  5
5dc
  8
Layer_0
  10
235.26733
  20
200.44811
  0
VERTEX
  5
5dd
  8
Layer_0
  10
235.21394
  20
200.30883
  0
VERTEX
  5
5de
  8
Layer_0
  10
235.09506
  20
200.11015
  0
VERTEX
  5
5df
  8
Layer_0
  10
234.93265
  20
199.92783
  0
VERTEX
  5
5e0
  8
Layer_0
  10
234.75014
  20
199.78421
  0
VERTEX
  5
5e1
  8
Layer_0
  10
234.57099
  20
199.70161
  42
-0.0097244535
  0
VERTEX
  5
5e2
  8
Layer_0
  10
234.33684
  20
199.63414
  0
VERTEX
  5
5e3
  8
Layer_0
  10
234.33027
  20
199.62044
  0
VERTEX
  5
5e4
  8
Layer_0
  10
234.35569
  20
199.59892
  0
VERTEX
  5
5e5
  8
Layer_0
  10
234.40939
  20
199.57219
  0
VERTEX
  5
5e6
  8
Layer_0
  10
234.48765
  20
199.54286
  0
SEQEND
  0
POLYLINE
  5
5e8
  8
Layer_0
  62
7
  70
1
  66
1
  10
0
  20
0
  30
0
  0
VERTEX
  5
5e8
  8
Layer_0
  10
243.06015
  20
199.81274
  0
VERTEX
  5
5e9
  8
Layer_0
  10
243.04825
  20
195.83208
  0
VERTEX
  5
5ea
  8
Layer_0
  10
242.93712
  20
195.60587
  42
-0.10377912
  0
VERTEX
  5
5eb
  8
Layer_0
  10
242.65137
  20
195.22485
  0
VERTEX
  5
5ec
  8
Layer_0
  10
242.53986
  20
195.13168
  0
VERTEX
  5
5ed
  8
Layer_0
  10
242.42831
  20
195.06134
  0
VERTEX
  5
5ee
  8
Layer_0
  10
242.28951
  20
195.01062
  0
VERTEX
  5
5ef
  8
Layer_0
  10
242.09624
  20
194.97632
  0
VERTEX
  5
5f0
  8
Layer_0
  10
241.97068
  20
194.96432
  0
VERTEX
  5
5f1
  8
Layer_0
  10
241.82131
  20
194.95523
  0
VERTEX
  5
5f2
  8
Layer_0
  10
241.64471
  20
194.94863
  0
VERTEX
  5
5f3
  8
Layer_0
  10
241.43749
  20
194.94413
  0
VERTEX
  5
5f4
  8
Layer_0
  10
241.19626
  20
194.94134
  0
VERTEX
  5
5f5
  8
Layer_0
  10
240.9176
  20
194.93983
  0
VERTEX
  5
5f6
  8
Layer_0
  10
240.59811
  20
194.93923
  0
VERTEX
  5
5f7
  8
Layer_0
  10
240.23441
  20
194.93911
  0
VERTEX
  5
5f8
  8
Layer_0
  10
239.8604
  20
194.93911
  0
VERTEX
  5
5f9
  8
Layer_0
  10
239.53357
  20
194.93948
  0
VERTEX
  5
5fa
  8
Layer_0
  10
239.25012
  20
194.94079
  0
VERTEX
  5
5fb
  8
Layer_0
  10
239.00626
  20
194.94358
  0
VERTEX
  5
5fc
  8
Layer_0
  10
238.79819
  20
194.94841
  0
VERTEX
  5
5fd
  8
Layer_0
  10
238.62211
  20
194.95586
  0
VERTEX
  5
5fe
  8
Layer_0
  10
238.47422
  20
194.96646
  0
VERTEX
  5
5ff
  8
Layer_0
  10
238.35074
  20
194.98078
  0
VERTEX
  5
600
  8
Layer_0
  10
238.16178
  20
195.02283
  0
VERTEX
  5
601
  8
Layer_0
  10
238.02486
  20
195.08645
  0
VERTEX
  5
602
  8
Layer_0
  10
237.90962
  20
195.17612
  0
VERTEX
  5
603
  8
Layer_0
  10
237.78568
  20
195.2963
  0
VERTEX
  5
604
  8
Layer_0
  10
237.66112
  20
195.4149
  0
VERTEX
  5
605
  8
Layer_0
  10
237.56976
  20
195.53151
  0
VERTEX
  5
606
  8
Layer_0
  10
237.53493
  20
195.60948
  0
VERTEX
  5
607
  8
Layer_0
  10
237.50649
  20
195.71146
  0
VERTEX
  5
608
  8
Layer_0
  10
237.48379
  20
195.84561
  0
VERTEX
  5
609
  8
Layer_0
  10
237.4662
  20
196.0201
  0
VERTEX
  5
60a
  8
Layer_0
  10
237.45307
  20
196.2431
  0
VERTEX
  5
60b
  8
Layer_0
  10
237.44377
  20
196.52277
  0
VERTEX
  5
60c
  8
Layer_0
  10
237.43765
  20
196.8673
  0
VERTEX
  5
60d
  8
Layer_0
  10
237.43408
  20
197.28483
  0
VERTEX
  5
60e
  8
Layer_0
  10
237.43241
  20
197.78354
  0
VERTEX
  5
60f
  8
Layer_0
  10
237.43202
  20
198.37161
  0
VERTEX
  5
610
  8
Layer_0
  10
237.43209
  20
198.7017
  0
VERTEX
  5
611
  8
Layer_0
  10
237.43225
  20
199.05719
  0
VERTEX
  5
612
  8
Layer_0
  10
237.4324
  20
199.4391
  0
VERTEX
  5
613
  8
Layer_0
  10
237.43246
  20
199.84846
  0
VERTEX
  5
614
  8
Layer_0
  10
237.43246
  20
203.78943
  0
VERTEX
  5
615
  8
Layer_0
  10
238.38496
  20
203.78943
  0
VERTEX
  5
616
  8
Layer_0
  10
239.33746
  20
203.78943
  0
VERTEX
  5
617
  8
Layer_0
  10
239.33746
  20
200.25723
  0
VERTEX
  5
618
  8
Layer_0
  10
239.33743
  20
199.58257
  0
VERTEX
  5
619
  8
Layer_0
  10
239.33756
  20
198.9951
  0
VERTEX
  5
61a
  8
Layer_0
  10
239.33822
  20
198.48862
  0
VERTEX
  5
61b
  8
Layer_0
  10
239.33976
  20
198.05694
  0
VERTEX
  5
61c
  8
Layer_0
  10
239.34253
  20
197.69386
  0
VERTEX
  5
61d
  8
Layer_0
  10
239.34688
  20
197.39318
  0
VERTEX
  5
61e
  8
Layer_0
  10
239.35318
  20
197.14871
  0
VERTEX
  5
61f
  8
Layer_0
  10
239.36177
  20
196.95424
  0
VERTEX
  5
620
  8
Layer_0
  10
239.37302
  20
196.80359
  0
VERTEX
  5
621
  8
Layer_0
  10
239.38727
  20
196.69055
  0
VERTEX
  5
622
  8
Layer_0
  10
239.40488
  20
196.60893
  0
VERTEX
  5
623
  8
Layer_0
  10
239.4262
  20
196.55253
  0
VERTEX
  5
624
  8
Layer_0
  10
239.48141
  20
196.4906
  0
VERTEX
  5
625
  8
Layer_0
  10
239.55574
  20
196.45517
  0
VERTEX
  5
626
  8
Layer_0
  10
239.64132
  20
196.43434
  0
VERTEX
  5
627
  8
Layer_0
  10
239.79387
  20
196.41946
  0
VERTEX
  5
628
  8
Layer_0
  10
240.00893
  20
196.41053
  0
VERTEX
  5
629
  8
Layer_0
  10
240.28203
  20
196.40755
  0
VERTEX
  5
62a
  8
Layer_0
  10
240.46809
  20
196.40803
  0
VERTEX
  5
62b
  8
Layer_0
  10
240.61639
  20
196.40991
  0
VERTEX
  5
62c
  8
Layer_0
  10
240.73269
  20
196.41383
  0
VERTEX
  5
62d
  8
Layer_0
  10
240.82277
  20
196.42045
  0
VERTEX
  5
62e
  8
Layer_0
  10
240.94728
  20
196.44438
  0
VERTEX
  5
62f
  8
Layer_0
  10
241.03609
  20
196.48693
  42
0.17149653
  0
VERTEX
  5
630
  8
Layer_0
  10
241.20277
  20
196.66949
  0
VERTEX
  5
631
  8
Layer_0
  10
241.20715
  20
196.69649
  0
VERTEX
  5
632
  8
Layer_0
  10
241.21132
  20
196.75321
  0
VERTEX
  5
633
  8
Layer_0
  10
241.21528
  20
196.83897
  0
VERTEX
  5
634
  8
Layer_0
  10
241.21902
  20
196.95307
  0
VERTEX
  5
635
  8
Layer_0
  10
241.22253
  20
197.09481
  0
VERTEX
  5
636
  8
Layer_0
  10
241.2258
  20
197.26352
  0
VERTEX
  5
637
  8
Layer_0
  10
241.22881
  20
197.45849
  0
VERTEX
  5
638
  8
Layer_0
  10
241.23155
  20
197.67904
  0
VERTEX
  5
639
  8
Layer_0
  10
241.23618
  20
198.19408
  0
VERTEX
  5
63a
  8
Layer_0
  10
241.23961
  20
198.80312
  0
VERTEX
  5
63b
  8
Layer_0
  10
241.24173
  20
199.50062
  0
VERTEX
  5
63c
  8
Layer_0
  10
241.24246
  20
200.28105
  0
VERTEX
  5
63d
  8
Layer_0
  10
241.24246
  20
203.78943
  0
VERTEX
  5
63e
  8
Layer_0
  10
242.15527
  20
203.78943
  0
VERTEX
  5
63f
  8
Layer_0
  10
243.06808
  20
203.78943
  0
SEQEND
  0
POLYLINE
  5
641
  8
Layer_0
  62
7
  70
1
  66
1
  10
0
  20
0
  30
0
  0
VERTEX
  5
641
  8
Layer_0
  10
249.74353
  20
201.40817
  0
VERTEX
  5
642
  8
Layer_0
  10
248.83072
  20
201.40817
  0
VERTEX
  5
643
  8
Layer_0
  10
248.8188
  20
201.74551
  0
VERTEX
  5
644
  8
Layer_0
  10
248.80622
  20
201.92994
  0
VERTEX
  5
645
  8
Layer_0
  10
248.78656
  20
202.04516
  0
VERTEX
  5
646
  8
Layer_0
  10
248.75128
  20
202.12168
  0
VERTEX
  5
647
  8
Layer_0
  10
248.6918
  20
202.19002
  0
VERTEX
  5
648
  8
Layer_0
  10
248.58466
  20
202.30115
  0
VERTEX
  5
649
  8
Layer_0
  10
247.8663
  20
202.30115
  0
VERTEX
  5
64a
  8
Layer_0
  10
247.14796
  20
202.30115
  0
VERTEX
  5
64b
  8
Layer_0
  10
247.03287
  20
202.17017
  0
VERTEX
  5
64c
  8
Layer_0
  10
246.91777
  20
202.04318
  0
VERTEX
  5
64d
  8
Layer_0
  10
246.91777
  20
199.38014
  0
VERTEX
  5
64e
  8
Layer_0
  10
246.91778
  20
198.87291
  0
VERTEX
  5
64f
  8
Layer_0
  10
246.91803
  20
198.43014
  0
VERTEX
  5
650
  8
Layer_0
  10
246.91887
  20
198.0473
  0
VERTEX
  5
651
  8
Layer_0
  10
246.92062
  20
197.71984
  0
VERTEX
  5
652
  8
Layer_0
  10
246.92363
  20
197.44322
  0
VERTEX
  5
653
  8
Layer_0
  10
246.92824
  20
197.21288
  0
VERTEX
  5
654
  8
Layer_0
  10
246.93477
  20
197.02429
  0
VERTEX
  5
655
  8
Layer_0
  10
246.94357
  20
196.87289
  0
VERTEX
  5
656
  8
Layer_0
  10
246.96932
  20
196.66349
  0
VERTEX
  5
657
  8
Layer_0
  10
247.00819
  20
196.54832
  0
VERTEX
  5
658
  8
Layer_0
  10
247.06287
  20
196.491
  0
VERTEX
  5
659
  8
Layer_0
  10
247.13606
  20
196.45517
  0
VERTEX
  5
65a
  8
Layer_0
  10
247.21909
  20
196.43434
  0
VERTEX
  5
65b
  8
Layer_0
  10
247.36872
  20
196.41946
  0
VERTEX
  5
65c
  8
Layer_0
  10
247.57863
  20
196.41053
  0
VERTEX
  5
65d
  8
Layer_0
  10
247.8425
  20
196.40755
  0
VERTEX
  5
65e
  8
Layer_0
  10
248.0121
  20
196.40818
  0
VERTEX
  5
65f
  8
Layer_0
  10
248.15156
  20
196.41034
  0
VERTEX
  5
660
  8
Layer_0
  10
248.26498
  20
196.41446
  0
VERTEX
  5
661
  8
Layer_0
  10
248.35645
  20
196.42094
  0
VERTEX
  5
662
  8
Layer_0
  10
248.4899
  20
196.44271
  0
VERTEX
  5
663
  8
Layer_0
  10
248.58466
  20
196.47899
  0
VERTEX
  5
664
  8
Layer_0
  10
248.71729
  20
196.56822
  0
VERTEX
  5
665
  8
Layer_0
  10
248.78854
  20
196.73448
  0
VERTEX
  5
666
  8
Layer_0
  10
248.80707
  20
196.87706
  0
VERTEX
  5
667
  8
Layer_0
  10
248.81737
  20
197.0756
  0
VERTEX
  5
668
  8
Layer_0
  10
248.82182
  20
197.34232
  0
VERTEX
  5
669
  8
Layer_0
  10
248.82277
  20
197.68946
  0
VERTEX
  5
66a
  8
Layer_0
  10
248.82277
  20
198.63005
  0
VERTEX
  5
66b
  8
Layer_0
  10
248.48543
  20
198.63005
  0
VERTEX
  5
66c
  8
Layer_0
  10
248.14412
  20
198.63005
  0
VERTEX
  5
66d
  8
Layer_0
  10
248.15602
  20
199.23727
  0
VERTEX
  5
66e
  8
Layer_0
  10
248.16794
  20
199.84052
  0
VERTEX
  5
66f
  8
Layer_0
  10
249.41016
  20
199.85242
  0
VERTEX
  5
670
  8
Layer_0
  10
250.65237
  20
199.86037
  0
VERTEX
  5
671
  8
Layer_0
  10
250.64046
  20
197.84821
  0
VERTEX
  5
672
  8
Layer_0
  10
250.6383
  20
197.50369
  0
VERTEX
  5
673
  8
Layer_0
  10
250.6362
  20
197.20044
  0
VERTEX
  5
674
  8
Layer_0
  10
250.63405
  20
196.93552
  0
VERTEX
  5
675
  8
Layer_0
  10
250.63172
  20
196.70601
  0
VERTEX
  5
676
  8
Layer_0
  10
250.62908
  20
196.50899
  0
VERTEX
  5
677
  8
Layer_0
  10
250.62602
  20
196.34153
  0
VERTEX
  5
678
  8
Layer_0
  10
250.62241
  20
196.20071
  0
VERTEX
  5
679
  8
Layer_0
  10
250.61814
  20
196.0836
  0
VERTEX
  5
67a
  8
Layer_0
  10
250.60709
  20
195.90883
  0
VERTEX
  5
67b
  8
Layer_0
  10
250.59191
  20
195.79382
  0
VERTEX
  5
67c
  8
Layer_0
  10
250.57161
  20
195.71518
  0
VERTEX
  5
67d
  8
Layer_0
  10
250.54521
  20
195.64952
  42
-0.17304065
  0
VERTEX
  5
67e
  8
Layer_0
  10
249.95387
  20
195.05023
  0
VERTEX
  5
67f
  8
Layer_0
  10
249.71574
  20
194.93912
  0
VERTEX
  5
680
  8
Layer_0
  10
247.88615
  20
194.93912
  0
VERTEX
  5
681
  8
Layer_0
  10
247.52093
  20
194.93914
  0
VERTEX
  5
682
  8
Layer_0
  10
247.20121
  20
194.93955
  0
VERTEX
  5
683
  8
Layer_0
  10
246.92341
  20
194.94079
  0
VERTEX
  5
684
  8
Layer_0
  10
246.68393
  20
194.94333
  0
VERTEX
  5
685
  8
Layer_0
  10
246.47917
  20
194.94764
  0
VERTEX
  5
686
  8
Layer_0
  10
246.30553
  20
194.95418
  0
VERTEX
  5
687
  8
Layer_0
  10
246.15941
  20
194.96342
  0
VERTEX
  5
688
  8
Layer_0
  10
246.03721
  20
194.97582
  0
VERTEX
  5
689
  8
Layer_0
  10
245.85019
  20
195.01198
  0
VERTEX
  5
68a
  8
Layer_0
  10
245.71568
  20
195.06636
  0
VERTEX
  5
68b
  8
Layer_0
  10
245.60489
  20
195.1427
  0
VERTEX
  5
68c
  8
Layer_0
  10
245.48903
  20
195.24471
  42
-0.090521128
  0
VERTEX
  5
68d
  8
Layer_0
  10
245.19931
  20
195.58998
  0
VERTEX
  5
68e
  8
Layer_0
  10
245.112
  20
195.7527
  0
VERTEX
  5
68f
  8
Layer_0
  10
245.10008
  20
199.28093
  0
VERTEX
  5
690
  8
Layer_0
  10
245.09781
  20
199.99182
  0
VERTEX
  5
691
  8
Layer_0
  10
245.09588
  20
200.60837
  0
VERTEX
  5
692
  8
Layer_0
  10
245.09488
  20
201.13789
  0
VERTEX
  5
693
  8
Layer_0
  10
245.09544
  20
201.5877
  0
VERTEX
  5
694
  8
Layer_0
  10
245.09815
  20
201.96512
  0
VERTEX
  5
695
  8
Layer_0
  10
245.10365
  20
202.27746
  0
VERTEX
  5
696
  8
Layer_0
  10
245.11252
  20
202.53206
  0
VERTEX
  5
697
  8
Layer_0
  10
245.12539
  20
202.73622
  0
VERTEX
  5
698
  8
Layer_0
  10
245.14286
  20
202.89726
  0
VERTEX
  5
699
  8
Layer_0
  10
245.16555
  20
203.02252
  0
VERTEX
  5
69a
  8
Layer_0
  10
245.19407
  20
203.1193
  0
VERTEX
  5
69b
  8
Layer_0
  10
245.22902
  20
203.19492
  0
VERTEX
  5
69c
  8
Layer_0
  10
245.32066
  20
203.31197
  0
VERTEX
  5
69d
  8
Layer_0
  10
245.44537
  20
203.43224
  0
VERTEX
  5
69e
  8
Layer_0
  10
245.56685
  20
203.54997
  0
VERTEX
  5
69f
  8
Layer_0
  10
245.68046
  20
203.63812
  0
VERTEX
  5
6a0
  8
Layer_0
  10
245.8163
  20
203.70097
  0
VERTEX
  5
6a1
  8
Layer_0
  10
246.00447
  20
203.74279
  0
VERTEX
  5
6a2
  8
Layer_0
  10
246.12758
  20
203.75716
  0
VERTEX
  5
6a3
  8
Layer_0
  10
246.27505
  20
203.76788
  0
VERTEX
  5
6a4
  8
Layer_0
  10
246.45065
  20
203.77548
  0
VERTEX
  5
6a5
  8
Layer_0
  10
246.65813
  20
203.78049
  0
VERTEX
  5
6a6
  8
Layer_0
  10
246.90127
  20
203.78347
  0
VERTEX
  5
6a7
  8
Layer_0
  10
247.18382
  20
203.78493
  0
VERTEX
  5
6a8
  8
Layer_0
  10
247.50953
  20
203.78541
  0
VERTEX
  5
6a9
  8
Layer_0
  10
247.88219
  20
203.78546
  0
VERTEX
  5
6aa
  8
Layer_0
  10
249.69591
  20
203.78943
  0
VERTEX
  5
6ab
  8
Layer_0
  10
249.94594
  20
203.6783
  42
-0.17881199
  0
VERTEX
  5
6ac
  8
Layer_0
  10
250.54521
  20
203.07901
  0
VERTEX
  5
6ad
  8
Layer_0
  10
250.58856
  20
202.95909
  0
VERTEX
  5
6ae
  8
Layer_0
  10
250.61516
  20
202.80121
  0
VERTEX
  5
6af
  8
Layer_0
  10
250.62393
  20
202.69106
  0
VERTEX
  5
6b0
  8
Layer_0
  10
250.6306
  20
202.55105
  0
VERTEX
  5
6b1
  8
Layer_0
  10
250.63588
  20
202.37439
  0
VERTEX
  5
6b2
  8
Layer_0
  10
250.64046
  20
202.1543
  0
VERTEX
  5
6b3
  8
Layer_0
  10
250.65634
  20
201.40817
  0
SEQEND
  0
POLYLINE
  5
6b5
  8
Layer_0
  62
7
  70
1
  66
1
  10
0
  20
0
  30
0
  0
VERTEX
  5
6b5
  8
Layer_0
  10
252.3391
  20
194.93911
  0
VERTEX
  5
6b6
  8
Layer_0
  10
252.55086
  20
194.9397
  0
VERTEX
  5
6b7
  8
Layer_0
  10
252.72654
  20
194.94159
  0
VERTEX
  5
6b8
  8
Layer_0
  10
252.86873
  20
194.94497
  0
VERTEX
  5
6b9
  8
Layer_0
  10
252.98004
  20
194.95003
  0
VERTEX
  5
6ba
  8
Layer_0
  10
253.12044
  20
194.9659
  0
VERTEX
  5
6bb
  8
Layer_0
  10
253.16856
  20
194.99071
  42
0.013627496
  0
VERTEX
  5
6bc
  8
Layer_0
  10
253.37096
  20
195.72493
  0
VERTEX
  5
6bd
  8
Layer_0
  10
253.56146
  20
196.40755
  0
VERTEX
  5
6be
  8
Layer_0
  10
254.81956
  20
196.40755
  0
VERTEX
  5
6bf
  8
Layer_0
  10
256.07764
  20
196.40755
  0
VERTEX
  5
6c0
  8
Layer_0
  10
256.24036
  20
195.80431
  42
0.0047257655
  0
VERTEX
  5
6c1
  8
Layer_0
  10
256.44675
  20
195.07008
  0
VERTEX
  5
6c2
  8
Layer_0
  10
256.49042
  20
194.93912
  0
VERTEX
  5
6c3
  8
Layer_0
  10
257.29605
  20
194.93912
  0
VERTEX
  5
6c4
  8
Layer_0
  10
257.51182
  20
194.9397
  0
VERTEX
  5
6c5
  8
Layer_0
  10
257.68797
  20
194.94159
  0
VERTEX
  5
6c6
  8
Layer_0
  10
257.82765
  20
194.94497
  0
VERTEX
  5
6c7
  8
Layer_0
  10
257.93404
  20
194.95003
  0
VERTEX
  5
6c8
  8
Layer_0
  10
258.05955
  20
194.9659
  0
VERTEX
  5
6c9
  8
Layer_0
  10
258.08981
  20
194.99071
  0
VERTEX
  5
6ca
  8
Layer_0
  10
258.07659
  20
195.03649
  0
VERTEX
  5
6cb
  8
Layer_0
  10
258.04435
  20
195.15082
  0
VERTEX
  5
6cc
  8
Layer_0
  10
257.99528
  20
195.32599
  0
VERTEX
  5
6cd
  8
Layer_0
  10
257.93155
  20
195.55427
  0
VERTEX
  5
6ce
  8
Layer_0
  10
257.85536
  20
195.82794
  0
VERTEX
  5
6cf
  8
Layer_0
  10
257.7689
  20
196.13929
  0
VERTEX
  5
6d0
  8
Layer_0
  10
257.67434
  20
196.48058
  0
VERTEX
  5
6d1
  8
Layer_0
  10
257.57387
  20
196.84411
  42
0.0025467731
  0
VERTEX
  5
6d2
  8
Layer_0
  10
256.83966
  20
199.48334
  42
-0.00072628714
  0
VERTEX
  5
6d3
  8
Layer_0
  10
256.32373
  20
201.34865
  42
0.0043886421
  0
VERTEX
  5
6d4
  8
Layer_0
  10
255.6649
  20
203.72195
  0
VERTEX
  5
6d5
  8
Layer_0
  10
255.62986
  20
203.75761
  0
VERTEX
  5
6d6
  8
Layer_0
  10
255.51558
  20
203.77801
  0
VERTEX
  5
6d7
  8
Layer_0
  10
255.41046
  20
203.78377
  0
VERTEX
  5
6d8
  8
Layer_0
  10
255.26362
  20
203.78725
  0
VERTEX
  5
6d9
  8
Layer_0
  10
255.06776
  20
203.78897
  0
VERTEX
  5
6da
  8
Layer_0
  10
254.81558
  20
203.78942
  0
VERTEX
  5
6db
  8
Layer_0
  10
253.98611
  20
203.78943
  0
VERTEX
  5
6dc
  8
Layer_0
  10
253.94246
  20
203.62274
  42
-0.016212064
  0
VERTEX
  5
6dd
  8
Layer_0
  10
253.84325
  20
203.27348
  42
0.0077569167
  0
VERTEX
  5
6de
  8
Layer_0
  10
253.39081
  20
201.6463
  42
-0.0018173703
  0
VERTEX
  5
6df
  8
Layer_0
  10
252.69627
  20
199.12614
  42
0.0016115077
  0
VERTEX
  5
6e0
  8
Layer_0
  10
252.37083
  20
197.95537
  42
-0.0047922755
  0
VERTEX
  5
6e1
  8
Layer_0
  10
252.097
  20
196.98302
  42
0.0052799327
  0
VERTEX
  5
6e2
  8
Layer_0
  10
251.89459
  20
196.26865
  42
0.004571777
  0
VERTEX
  5
6e3
  8
Layer_0
  10
251.75966
  20
195.7527
  42
0.0096124098
  0
VERTEX
  5
6e4
  8
Layer_0
  10
251.62868
  20
195.28836
  0
VERTEX
  5
6e5
  8
Layer_0
  10
251.52946
  20
194.93912
  0
VERTEX
  5
6e6
  8
Layer_0
  10
252.3391
  20
194.93912
  0
SEQEND
  0
POLYLINE
  5
6e8
  8
Layer_0
  62
7
  70
1
  66
1
  10
0
  20
0
  30
0
  0
VERTEX
  5
6e8
  8
Layer_0
  10
263.50714
  20
202.87662
  0
VERTEX
  5
6e9
  8
Layer_0
  10
263.50714
  20
201.96381
  0
VERTEX
  5
6ea
  8
Layer_0
  10
262.47528
  20
201.96381
  0
VERTEX
  5
6eb
  8
Layer_0
  10
261.44342
  20
201.96381
  0
VERTEX
  5
6ec
  8
Layer_0
  10
261.44342
  20
198.45146
  0
VERTEX
  5
6ed
  8
Layer_0
  10
261.44342
  20
194.93912
  0
VERTEX
  5
6ee
  8
Layer_0
  10
260.50677
  20
194.93912
  0
VERTEX
  5
6ef
  8
Layer_0
  10
259.57413
  20
194.93912
  0
VERTEX
  5
6f0
  8
Layer_0
  10
259.58206
  20
198.44351
  0
VERTEX
  5
6f1
  8
Layer_0
  10
259.59
  20
201.94395
  0
VERTEX
  5
6f2
  8
Layer_0
  10
258.55414
  20
201.95586
  0
VERTEX
  5
6f3
  8
Layer_0
  10
257.51434
  20
201.96381
  0
VERTEX
  5
6f4
  8
Layer_0
  10
257.51434
  20
202.87662
  0
VERTEX
  5
6f5
  8
Layer_0
  10
257.51434
  20
203.78943
  0
VERTEX
  5
6f6
  8
Layer_0
  10
260.51074
  20
203.78943
  0
VERTEX
  5
6f7
  8
Layer_0
  10
263.50714
  20
203.78943
  0
SEQEND
  0
POLYLINE
  5
6f9
  8
Layer_0
  62
7
  70
1
  66
1
  10
0
  20
0
  30
0
  0
VERTEX
  5
6f9
  8
Layer_0
  10
270.25403
  20
202.87662
  0
VERTEX
  5
6fa
  8
Layer_0
  10
270.258
  20
201.96381
  0
VERTEX
  5
6fb
  8
Layer_0
  10
269.2023
  20
201.96381
  0
VERTEX
  5
6fc
  8
Layer_0
  10
268.15057
  20
201.96381
  0
VERTEX
  5
6fd
  8
Layer_0
  10
268.15057
  20
198.45146
  0
VERTEX
  5
6fe
  8
Layer_0
  10
268.15057
  20
194.93912
  0
VERTEX
  5
6ff
  8
Layer_0
  10
267.23779
  20
194.93912
  0
VERTEX
  5
700
  8
Layer_0
  10
266.32495
  20
194.93912
  0
VERTEX
  5
701
  8
Layer_0
  10
266.32495
  20
198.45146
  0
VERTEX
  5
702
  8
Layer_0
  10
266.32495
  20
201.96381
  0
VERTEX
  5
703
  8
Layer_0
  10
265.29309
  20
201.96381
  0
VERTEX
  5
704
  8
Layer_0
  10
264.26123
  20
201.96381
  0
VERTEX
  5
705
  8
Layer_0
  10
264.26123
  20
202.87662
  0
VERTEX
  5
706
  8
Layer_0
  10
264.26123
  20
203.78943
  0
VERTEX
  5
707
  8
Layer_0
  10
267.25366
  20
203.78943
  0
VERTEX
  5
708
  8
Layer_0
  10
270.25006
  20
203.78943
  0
SEQEND
  0
POLYLINE
  5
70a
  8
Layer_0
  62
7
  70
1
  66
1
  10
0
  20
0
  30
0
  0
VERTEX
  5
70a
  8
Layer_0
  10
272.99246
  20
199.36427
  0
VERTEX
  5
70b
  8
Layer_0
  10
272.99246
  20
194.93912
  0
VERTEX
  5
70c
  8
Layer_0
  10
272.07965
  20
194.93912
  0
VERTEX
  5
70d
  8
Layer_0
  10
271.16684
  20
194.93912
  0
VERTEX
  5
70e
  8
Layer_0
  10
271.16684
  20
199.36427
  0
VERTEX
  5
70f
  8
Layer_0
  10
271.16684
  20
203.78943
  0
VERTEX
  5
710
  8
Layer_0
  10
272.07965
  20
203.78943
  0
VERTEX
  5
711
  8
Layer_0
  10
272.99246
  20
203.78943
  0
SEQEND
  0
POLYLINE
  5
713
  8
Layer_0
  62
7
  70
1
  66
1
  10
0
  20
0
  30
0
  0
VERTEX
  5
713
  8
Layer_0
  10
232.18578
  20
200.3763
  0
VERTEX
  5
714
  8
Layer_0
  10
232.48775
  20
200.3776
  0
VERTEX
  5
715
  8
Layer_0
  10
232.72484
  20
200.383
  0
VERTEX
  5
716
  8
Layer_0
  10
232.90734
  20
200.39472
  0
VERTEX
  5
717
  8
Layer_0
  10
233.04551
  20
200.41499
  0
VERTEX
  5
718
  8
Layer_0
  10
233.22999
  20
200.49015
  0
VERTEX
  5
719
  8
Layer_0
  10
233.36053
  20
200.62633
  0
VERTEX
  5
71a
  8
Layer_0
  10
233.41944
  20
200.71631
  0
VERTEX
  5
71b
  8
Layer_0
  10
233.45379
  20
200.82229
  0
VERTEX
  5
71c
  8
Layer_0
  10
233.46478
  20
200.89651
  0
VERTEX
  5
71d
  8
Layer_0
  10
233.47326
  20
200.99301
  0
VERTEX
  5
71e
  8
Layer_0
  10
233.48044
  20
201.11787
  0
VERTEX
  5
71f
  8
Layer_0
  10
233.48753
  20
201.27721
  0
VERTEX
  5
720
  8
Layer_0
  10
233.49374
  20
201.4366
  0
VERTEX
  5
721
  8
Layer_0
  10
233.49701
  20
201.5619
  0
VERTEX
  5
722
  8
Layer_0
  10
233.49667
  20
201.65958
  0
VERTEX
  5
723
  8
Layer_0
  10
233.49199
  20
201.73609
  0
VERTEX
  5
724
  8
Layer_0
  10
233.46688
  20
201.8515
  0
VERTEX
  5
725
  8
Layer_0
  10
233.41609
  20
201.95983
  0
VERTEX
  5
726
  8
Layer_0
  10
233.35668
  20
202.07024
  0
VERTEX
  5
727
  8
Layer_0
  10
233.29796
  20
202.15399
  0
VERTEX
  5
728
  8
Layer_0
  10
233.22724
  20
202.21495
  0
VERTEX
  5
729
  8
Layer_0
  10
233.13183
  20
202.25699
  0
VERTEX
  5
72a
  8
Layer_0
  10
232.99902
  20
202.28396
  0
VERTEX
  5
72b
  8
Layer_0
  10
232.81612
  20
202.29972
  0
VERTEX
  5
72c
  8
Layer_0
  10
232.57044
  20
202.30813
  0
VERTEX
  5
72d
  8
Layer_0
  10
232.24928
  20
202.31305
  0
VERTEX
  5
72e
  8
Layer_0
  10
231.98375
  20
202.31668
  0
VERTEX
  5
72f
  8
Layer_0
  10
231.78003
  20
202.31826
  0
VERTEX
  5
730
  8
Layer_0
  10
231.62999
  20
202.31724
  0
VERTEX
  5
731
  8
Layer_0
  10
231.52548
  20
202.31305
  0
VERTEX
  5
732
  8
Layer_0
  10
231.42049
  20
202.29296
  0
VERTEX
  5
733
  8
Layer_0
  10
231.39996
  20
202.25352
  42
-0.0039703022
  0
VERTEX
  5
734
  8
Layer_0
  10
231.38806
  20
201.27721
  0
VERTEX
  5
735
  8
Layer_0
  10
231.38013
  20
200.3763
  0
VERTEX
  5
736
  8
Layer_0
  10
232.18578
  20
200.3763
  0
SEQEND
  0
POLYLINE
  5
738
  8
Layer_0
  62
7
  70
1
  66
1
  10
0
  20
0
  30
0
  0
VERTEX
  5
738
  8
Layer_0
  10
232.30484
  20
196.41549
  0
VERTEX
  5
739
  8
Layer_0
  10
232.64962
  20
196.42104
  0
VERTEX
  5
73a
  8
Layer_0
  10
232.91845
  20
196.43093
  0
VERTEX
  5
73b
  8
Layer_0
  10
233.12393
  20
196.44835
  0
VERTEX
  5
73c
  8
Layer_0
  10
233.27867
  20
196.47651
  0
VERTEX
  5
73d
  8
Layer_0
  10
233.48635
  20
196.5779
  0
VERTEX
  5
73e
  8
Layer_0
  10
233.64231
  20
196.76077
  0
VERTEX
  5
73f
  8
Layer_0
  10
233.76137
  20
196.93143
  0
VERTEX
  5
740
  8
Layer_0
  10
233.76137
  20
197.65373
  0
VERTEX
  5
741
  8
Layer_0
  10
233.76137
  20
198.38002
  0
VERTEX
  5
742
  8
Layer_0
  10
233.65024
  20
198.53877
  42
0.1115358
  0
VERTEX
  5
743
  8
Layer_0
  10
233.37244
  20
198.79277
  0
VERTEX
  5
744
  8
Layer_0
  10
233.25951
  20
198.84628
  0
VERTEX
  5
745
  8
Layer_0
  10
233.10603
  20
198.87562
  0
VERTEX
  5
746
  8
Layer_0
  10
232.98653
  20
198.88389
  0
VERTEX
  5
747
  8
Layer_0
  10
232.82382
  20
198.88932
  0
VERTEX
  5
748
  8
Layer_0
  10
232.60688
  20
198.89299
  0
VERTEX
  5
749
  8
Layer_0
  10
232.32468
  20
198.89596
  0
VERTEX
  5
74a
  8
Layer_0
  10
231.98132
  20
198.89844
  0
VERTEX
  5
74b
  8
Layer_0
  10
231.69712
  20
198.89496
  0
VERTEX
  5
74c
  8
Layer_0
  10
231.58639
  20
198.89146
  0
VERTEX
  5
74d
  8
Layer_0
  10
231.50148
  20
198.88703
  0
VERTEX
  5
74e
  8
Layer_0
  10
231.44605
  20
198.88185
  0
VERTEX
  5
74f
  8
Layer_0
  10
231.42377
  20
198.87611
  0
VERTEX
  5
750
  8
Layer_0
  10
231.42076
  20
198.8477
  0
VERTEX
  5
751
  8
Layer_0
  10
231.4177
  20
198.77665
  0
VERTEX
  5
752
  8
Layer_0
  10
231.41466
  20
198.66857
  0
VERTEX
  5
753
  8
Layer_0
  10
231.41168
  20
198.52909
  0
VERTEX
  5
754
  8
Layer_0
  10
231.40612
  20
198.17848
  0
VERTEX
  5
755
  8
Layer_0
  10
231.40145
  20
197.76982
  0
VERTEX
  5
756
  8
Layer_0
  10
231.39808
  20
197.34814
  0
VERTEX
  5
757
  8
Layer_0
  10
231.39643
  20
196.95846
  0
VERTEX
  5
758
  8
Layer_0
  10
231.39638
  20
196.78969
  0
VERTEX
  5
759
  8
Layer_0
  10
231.39692
  20
196.6458
  0
VERTEX
  5
75a
  8
Layer_0
  10
231.39809
  20
196.53242
  0
VERTEX
  5
75b
  8
Layer_0
  10
231.39996
  20
196.45517
  0
VERTEX
  5
75c
  8
Layer_0
  10
231.40922
  20
196.44175
  0
VERTEX
  5
75d
  8
Layer_0
  10
231.43978
  20
196.43111
  0
VERTEX
  5
75e
  8
Layer_0
  10
231.49582
  20
196.42308
  0
VERTEX
  5
75f
  8
Layer_0
  10
231.58153
  20
196.41747
  0
VERTEX
  5
760
  8
Layer_0
  10
231.70111
  20
196.41409
  0
VERTEX
  5
761
  8
Layer_0
  10
231.85873
  20
196.41276
  0
VERTEX
  5
762
  8
Layer_0
  10
232.05858
  20
196.41329
  0
SEQEND
  0
POLYLINE
  5
764
  8
Layer_0
  62
7
  70
1
  66
1
  10
0
  20
0
  30
0
  0
VERTEX
  5
764
  8
Layer_0
  10
254.81558
  20
197.95536
  0
VERTEX
  5
765
  8
Layer_0
  10
255.14722
  20
197.95821
  0
VERTEX
  5
766
  8
Layer_0
  10
255.39701
  20
197.96628
  0
VERTEX
  5
767
  8
Layer_0
  10
255.48795
  20
197.97203
  0
VERTEX
  5
768
  8
Layer_0
  10
255.55452
  20
197.9788
  0
VERTEX
  5
769
  8
Layer_0
  10
255.59542
  20
197.98651
  0
VERTEX
  5
76a
  8
Layer_0
  10
255.60934
  20
197.99505
  0
VERTEX
  5
76b
  8
Layer_0
  10
255.6014
  20
198.02883
  0
VERTEX
  5
76c
  8
Layer_0
  10
255.57887
  20
198.11495
  0
VERTEX
  5
76d
  8
Layer_0
  10
255.54376
  20
198.24623
  0
VERTEX
  5
76e
  8
Layer_0
  10
255.49803
  20
198.41549
  0
VERTEX
  5
76f
  8
Layer_0
  10
255.38268
  20
198.83918
  0
VERTEX
  5
770
  8
Layer_0
  10
255.24868
  20
199.32855
  0
VERTEX
  5
771
  8
Layer_0
  10
255.11189
  20
199.8261
  0
VERTEX
  5
772
  8
Layer_0
  10
254.98817
  20
200.27435
  0
VERTEX
  5
773
  8
Layer_0
  10
254.93617
  20
200.46203
  0
VERTEX
  5
774
  8
Layer_0
  10
254.89338
  20
200.61582
  0
VERTEX
  5
775
  8
Layer_0
  10
254.86178
  20
200.72855
  0
VERTEX
  5
776
  8
Layer_0
  10
254.84337
  20
200.79302
  42
0.62406299
  0
VERTEX
  5
777
  8
Layer_0
  10
254.80765
  20
200.79301
  42
0.047679466
  0
VERTEX
  5
778
  8
Layer_0
  10
254.73622
  20
200.57474
  0
VERTEX
  5
779
  8
Layer_0
  10
254.7205
  20
200.51446
  0
VERTEX
  5
77a
  8
Layer_0
  10
254.69231
  20
200.41177
  0
VERTEX
  5
77b
  8
Layer_0
  10
254.65334
  20
200.27224
  0
VERTEX
  5
77c
  8
Layer_0
  10
254.60525
  20
200.10146
  0
VERTEX
  5
77d
  8
Layer_0
  10
254.48842
  20
199.68847
  0
VERTEX
  5
77e
  8
Layer_0
  10
254.35521
  20
199.21742
  0
VERTEX
  5
77f
  8
Layer_0
  10
254.2261
  20
198.75519
  0
VERTEX
  5
780
  8
Layer_0
  10
254.12006
  20
198.37109
  0
VERTEX
  5
781
  8
Layer_0
  10
254.07918
  20
198.22066
  0
VERTEX
  5
782
  8
Layer_0
  10
254.04825
  20
198.10456
  0
VERTEX
  5
783
  8
Layer_0
  10
254.02867
  20
198.02771
  0
VERTEX
  5
784
  8
Layer_0
  10
254.02184
  20
197.99505
  0
VERTEX
  5
785
  8
Layer_0
  10
254.03462
  20
197.98651
  0
VERTEX
  5
786
  8
Layer_0
  10
254.07275
  20
197.9788
  0
VERTEX
  5
787
  8
Layer_0
  10
254.1359
  20
197.97203
  0
VERTEX
  5
788
  8
Layer_0
  10
254.22375
  20
197.96628
  0
VERTEX
  5
789
  8
Layer_0
  10
254.47223
  20
197.95821
  0
SEQEND
  0
POLYLINE
  5
78b
  8
Layer_0
  62
7
  70
1
  66
1
  10
0
  20
0
  30
0
  0
VERTEX
  5
78b
  8
Layer_0
  10
236.12277
  20
210.03624
  42
-0.38250818
  0
VERTEX
  5
78c
  8
Layer_0
  10
235.43619
  20
209.2782
  42
-0.29801031
  0
VERTEX
  5
78d
  8
Layer_0
  10
234.7099
  20
209.64729
  0
VERTEX
  5
78e
  8
Layer_0
  10
234.63477
  20
209.81685
  0
VERTEX
  5
78f
  8
Layer_0
  10
234.60144
  20
209.98867
  0
VERTEX
  5
790
  8
Layer_0
  10
234.60784
  20
210.15762
  0
VERTEX
  5
791
  8
Layer_0
  10
234.65186
  20
210.31851
  0
VERTEX
  5
792
  8
Layer_0
  10
234.73141
  20
210.4662
  0
VERTEX
  5
793
  8
Layer_0
  10
234.84441
  20
210.59552
  0
VERTEX
  5
794
  8
Layer_0
  10
234.98874
  20
210.7013
  0
VERTEX
  5
795
  8
Layer_0
  10
235.16234
  20
210.77839
  0
VERTEX
  5
796
  8
Layer_0
  10
235.32895
  20
210.80592
  0
VERTEX
  5
797
  8
Layer_0
  10
235.49658
  20
210.788
  0
VERTEX
  5
798
  8
Layer_0
  10
235.65808
  20
210.73019
  0
VERTEX
  5
799
  8
Layer_0
  10
235.80627
  20
210.638
  0
VERTEX
  5
79a
  8
Layer_0
  10
235.934
  20
210.51697
  0
VERTEX
  5
79b
  8
Layer_0
  10
236.0341
  20
210.37265
  0
VERTEX
  5
79c
  8
Layer_0
  10
236.09942
  20
210.21056
  0
VERTEX
  5
79d
  8
Layer_0
  10
236.12278
  20
210.03624
  0
SEQEND
  0
POLYLINE
  5
79f
  8
Layer_0
  62
7
  70
1
  66
1
  10
0
  20
0
  30
0
  0
VERTEX
  5
79f
  8
Layer_0
  10
268.63477
  20
209.40918
  42
0.69196734
  0
VERTEX
  5
7a0
  8
Layer_0
  10
268.26965
  20
210.79427
  42
0.11315338
  0
VERTEX
  5
7a1
  8
Layer_0
  10
267.96405
  20
210.76251
  42
0.30983893
  0
VERTEX
  5
7a2
  8
Layer_0
  10
267.46002
  20
210.04021
  0
VERTEX
  5
7a3
  8
Layer_0
  10
267.49032
  20
209.82215
  0
VERTEX
  5
7a4
  8
Layer_0
  10
267.57437
  20
209.63297
  0
VERTEX
  5
7a5
  8
Layer_0
  10
267.70196
  20
209.47812
  0
VERTEX
  5
7a6
  8
Layer_0
  10
267.86285
  20
209.36304
  0
VERTEX
  5
7a7
  8
Layer_0
  10
268.04681
  20
209.29316
  0
VERTEX
  5
7a8
  8
Layer_0
  10
268.24361
  20
209.27393
  0
VERTEX
  5
7a9
  8
Layer_0
  10
268.44301
  20
209.31078
  0
VERTEX
  5
7aa
  8
Layer_0
  10
268.63478
  20
209.40917
  0
SEQEND
  0
POLYLINE
  5
7ac
  8
Layer_0
  62
7
  70
1
  66
1
  10
0
  20
0
  30
0
  0
VERTEX
  5
7ac
  8
Layer_0
  10
233.55499
  20
209.92511
  0
VERTEX
  5
7ad
  8
Layer_0
  10
233.42613
  20
209.95897
  0
VERTEX
  5
7ae
  8
Layer_0
  10
233.2623
  20
209.97571
  0
VERTEX
  5
7af
  8
Layer_0
  10
233.10293
  20
209.97311
  0
VERTEX
  5
7b0
  8
Layer_0
  10
232.98746
  20
209.94892
  42
0.57335962
  0
VERTEX
  5
7b1
  8
Layer_0
  10
232.83665
  20
208.59161
  0
VERTEX
  5
7b2
  8
Layer_0
  10
232.99242
  20
208.51373
  0
VERTEX
  5
7b3
  8
Layer_0
  10
233.21368
  20
208.48049
  42
0.15579878
  0
VERTEX
  5
7b4
  8
Layer_0
  10
233.63834
  20
208.56779
  42
0.61506725
  0
VERTEX
  5
7b5
  8
Layer_0
  10
233.55499
  20
209.92511
  0
SEQEND
  0
POLYLINE
  5
7b7
  8
Layer_0
  62
7
  70
1
  66
1
  10
0
  20
0
  30
0
  0
VERTEX
  5
7b7
  8
Layer_0
  10
270.64294
  20
209.90527
  42
-0.5022037
  0
VERTEX
  5
7b8
  8
Layer_0
  10
270.85727
  20
208.69876
  42
-0.35541856
  0
VERTEX
  5
7b9
  8
Layer_0
  10
269.91272
  20
208.57971
  42
-0.58580124
  0
VERTEX
  5
7ba
  8
Layer_0
  10
269.9881
  20
209.91718
  42
-0.23355917
  0
SEQEND
  0
POLYLINE
  5
7bc
  8
Layer_0
  62
7
  70
1
  66
1
  10
0
  20
0
  30
0
  0
VERTEX
  5
7bc
  8
Layer_0
  10
231.80478
  20
208.7583
  0
VERTEX
  5
7bd
  8
Layer_0
  10
231.90562
  20
208.61605
  0
VERTEX
  5
7be
  8
Layer_0
  10
231.96781
  20
208.4612
  0
VERTEX
  5
7bf
  8
Layer_0
  10
231.99251
  20
208.29975
  0
VERTEX
  5
7c0
  8
Layer_0
  10
231.98089
  20
208.13769
  0
VERTEX
  5
7c1
  8
Layer_0
  10
231.93411
  20
207.98102
  0
VERTEX
  5
7c2
  8
Layer_0
  10
231.85333
  20
207.83575
  0
VERTEX
  5
7c3
  8
Layer_0
  10
231.73972
  20
207.70788
  0
VERTEX
  5
7c4
  8
Layer_0
  10
231.59443
  20
207.60339
  42
-0.30323056
  0
VERTEX
  5
7c5
  8
Layer_0
  10
230.79276
  20
207.65102
  42
-0.52136386
  0
VERTEX
  5
7c6
  8
Layer_0
  10
230.83243
  20
208.91309
  0
VERTEX
  5
7c7
  8
Layer_0
  10
231.08482
  20
209.01838
  0
VERTEX
  5
7c8
  8
Layer_0
  10
231.33944
  20
209.02619
  0
VERTEX
  5
7c9
  8
Layer_0
  10
231.58364
  20
208.93875
  0
SEQEND
  0
POLYLINE
  5
7cb
  8
Layer_0
  62
7
  70
1
  66
1
  10
0
  20
0
  30
0
  0
VERTEX
  5
7cb
  8
Layer_0
  10
271.9328
  20
207.63515
  42
0.29679943
  0
VERTEX
  5
7cc
  8
Layer_0
  10
272.76624
  20
207.63911
  42
0.17718175
  0
VERTEX
  5
7cd
  8
Layer_0
  10
273.07977
  20
208.09155
  42
0.27452221
  0
VERTEX
  5
7ce
  8
Layer_0
  10
272.85358
  20
208.81386
  42
0.32184341
  0
VERTEX
  5
7cf
  8
Layer_0
  10
271.99631
  20
208.93689
  42
0.1171559
  0
VERTEX
  5
7d0
  8
Layer_0
  10
271.7066
  20
208.67892
  42
0.43345317
  0
SEQEND
  0
POLYLINE
  5
7d2
  8
Layer_0
  62
7
  70
1
  66
1
  10
0
  20
0
  30
0
  0
VERTEX
  5
7d2
  8
Layer_0
  10
229.15762
  20
206.33736
  42
0.22502508
  0
VERTEX
  5
7d3
  8
Layer_0
  10
229.7688
  20
206.57549
  42
0.20919689
  0
VERTEX
  5
7d4
  8
Layer_0
  10
229.96329
  20
207.18668
  42
0.25689968
  0
VERTEX
  5
7d5
  8
Layer_0
  10
229.57434
  20
207.76215
  42
0.24526536
  0
VERTEX
  5
7d6
  8
Layer_0
  10
228.85995
  20
207.76611
  42
0.14256372
  0
VERTEX
  5
7d7
  8
Layer_0
  10
228.59406
  20
207.50418
  42
0.57293178
  0
SEQEND
  0
POLYLINE
  5
7d9
  8
Layer_0
  62
7
  70
1
  66
1
  10
0
  20
0
  30
0
  0
VERTEX
  5
7d9
  8
Layer_0
  10
273.60762
  20
207.07555
  0
VERTEX
  5
7da
  8
Layer_0
  10
273.61122
  20
206.93119
  0
VERTEX
  5
7db
  8
Layer_0
  10
273.62746
  20
206.83147
  0
VERTEX
  5
7dc
  8
Layer_0
  10
273.66455
  20
206.74962
  0
VERTEX
  5
7dd
  8
Layer_0
  10
273.73065
  20
206.65883
  0
VERTEX
  5
7de
  8
Layer_0
  10
273.90652
  20
206.48957
  0
VERTEX
  5
7df
  8
Layer_0
  10
274.10253
  20
206.38226
  0
VERTEX
  5
7e0
  8
Layer_0
  10
274.30794
  20
206.33485
  0
VERTEX
  5
7e1
  8
Layer_0
  10
274.512
  20
206.3453
  0
VERTEX
  5
7e2
  8
Layer_0
  10
274.70396
  20
206.41156
  0
VERTEX
  5
7e3
  8
Layer_0
  10
274.87309
  20
206.53158
  0
VERTEX
  5
7e4
  8
Layer_0
  10
275.00864
  20
206.70332
  0
VERTEX
  5
7e5
  8
Layer_0
  10
275.09987
  20
206.92474
  42
0.37544178
  0
VERTEX
  5
7e6
  8
Layer_0
  10
274.67126
  20
207.78198
  42
0.22971297
  0
VERTEX
  5
7e7
  8
Layer_0
  10
274.00452
  20
207.77008
  42
0.11583533
  0
VERTEX
  5
7e8
  8
Layer_0
  10
273.70685
  20
207.48036
  0
VERTEX
  5
7e9
  8
Layer_0
  10
273.65617
  20
207.39925
  0
VERTEX
  5
7ea
  8
Layer_0
  10
273.62597
  20
207.31665
  0
VERTEX
  5
7eb
  8
Layer_0
  10
273.6114
  20
207.2147
  0
SEQEND
  0
POLYLINE
  5
7ed
  8
Layer_0
  62
7
  70
1
  66
1
  10
0
  20
0
  30
0
  0
VERTEX
  5
7ed
  8
Layer_0
  10
227.87572
  20
206.15877
  42
0.35348674
  0
VERTEX
  5
7ee
  8
Layer_0
  10
226.93512
  20
206.31752
  0
VERTEX
  5
7ef
  8
Layer_0
  10
226.7445
  20
206.16193
  0
VERTEX
  5
7f0
  8
Layer_0
  10
226.60968
  20
205.95686
  0
VERTEX
  5
7f1
  8
Layer_0
  10
226.54333
  20
205.72872
  0
VERTEX
  5
7f2
  8
Layer_0
  10
226.55809
  20
205.50392
  42
0.34070137
  0
VERTEX
  5
7f3
  8
Layer_0
  10
227.31215
  20
204.90068
  42
0.64355765
  0
SEQEND
  0
POLYLINE
  5
7f5
  8
Layer_0
  62
7
  70
1
  66
1
  10
0
  20
0
  30
0
  0
VERTEX
  5
7f5
  8
Layer_0
  10
276.3143
  20
206.3969
  42
-0.1614351
  0
VERTEX
  5
7f6
  8
Layer_0
  10
276.71118
  20
206.26593
  0
VERTEX
  5
7f7
  8
Layer_0
  10
276.83967
  20
206.1375
  0
VERTEX
  5
7f8
  8
Layer_0
  10
276.94434
  20
205.97968
  0
VERTEX
  5
7f9
  8
Layer_0
  10
277.01479
  20
205.81218
  0
VERTEX
  5
7fa
  8
Layer_0
  10
277.04059
  20
205.65474
  0
VERTEX
  5
7fb
  8
Layer_0
  10
277.01479
  20
205.49729
  0
VERTEX
  5
7fc
  8
Layer_0
  10
276.94434
  20
205.3298
  0
VERTEX
  5
7fd
  8
Layer_0
  10
276.83967
  20
205.17198
  0
VERTEX
  5
7fe
  8
Layer_0
  10
276.71118
  20
205.04355
  42
-0.16124082
  0
VERTEX
  5
7ff
  8
Layer_0
  10
276.3143
  20
204.91258
  42
-0.26273635
  0
VERTEX
  5
800
  8
Layer_0
  10
275.63962
  20
205.24199
  0
VERTEX
  5
801
  8
Layer_0
  10
275.55721
  20
205.38999
  0
VERTEX
  5
802
  8
Layer_0
  10
275.51163
  20
205.54274
  0
VERTEX
  5
803
  8
Layer_0
  10
275.50177
  20
205.69642
  0
VERTEX
  5
804
  8
Layer_0
  10
275.52651
  20
205.84722
  0
VERTEX
  5
805
  8
Layer_0
  10
275.58474
  20
205.99132
  0
VERTEX
  5
806
  8
Layer_0
  10
275.67534
  20
206.12491
  0
VERTEX
  5
807
  8
Layer_0
  10
275.7972
  20
206.24417
  0
VERTEX
  5
808
  8
Layer_0
  10
275.94919
  20
206.3453
  0
VERTEX
  5
809
  8
Layer_0
  10
276.099
  20
206.39044
  0
VERTEX
  5
80a
  8
Layer_0
  10
276.3143
  20
206.39689
  0
SEQEND
  0
POLYLINE
  5
80c
  8
Layer_0
  62
7
  70
1
  66
1
  10
0
  20
0
  30
0
  0
VERTEX
  5
80c
  8
Layer_0
  10
226.43109
  20
203.8053
  42
0.32309688
  0
VERTEX
  5
80d
  8
Layer_0
  10
225.96674
  20
204.56729
  42
0.19238671
  0
VERTEX
  5
80e
  8
Layer_0
  10
225.40715
  20
204.57921
  42
0.31046643
  0
VERTEX
  5
80f
  8
Layer_0
  10
224.92694
  20
203.84499
  42
0.22524458
  0
VERTEX
  5
810
  8
Layer_0
  10
225.19284
  20
203.28142
  42
0.60447002
  0
SEQEND
  0
POLYLINE
  5
812
  8
Layer_0
  62
7
  70
1
  66
1
  10
0
  20
0
  30
0
  0
VERTEX
  5
812
  8
Layer_0
  10
278.26297
  20
203.19411
  0
VERTEX
  5
813
  8
Layer_0
  10
278.48193
  20
203.36978
  0
VERTEX
  5
814
  8
Layer_0
  10
278.61272
  20
203.5859
  0
VERTEX
  5
815
  8
Layer_0
  10
278.6609
  20
203.82268
  0
VERTEX
  5
816
  8
Layer_0
  10
278.63206
  20
204.06029
  0
VERTEX
  5
817
  8
Layer_0
  10
278.53179
  20
204.27893
  0
VERTEX
  5
818
  8
Layer_0
  10
278.36566
  20
204.45878
  0
VERTEX
  5
819
  8
Layer_0
  10
278.13925
  20
204.58003
  0
VERTEX
  5
81a
  8
Layer_0
  10
277.85815
  20
204.62286
  42
0.11020523
  0
VERTEX
  5
81b
  8
Layer_0
  10
277.54462
  20
204.53952
  42
0.22988179
  0
VERTEX
  5
81c
  8
Layer_0
  10
277.1398
  20
203.99184
  42
0.62961104
  0
VERTEX
  5
81d
  8
Layer_0
  10
278.26297
  20
203.19411
  0
SEQEND
  0
POLYLINE
  5
81f
  8
Layer_0
  62
7
  70
1
  66
1
  10
0
  20
0
  30
0
  0
VERTEX
  5
81f
  8
Layer_0
  10
224.87534
  20
202.65833
  0
VERTEX
  5
820
  8
Layer_0
  10
224.73048
  20
202.69951
  0
VERTEX
  5
821
  8
Layer_0
  10
224.65706
  20
202.71389
  42
-0.008909941
  0
VERTEX
  5
822
  8
Layer_0
  10
224.50626
  20
202.67818
  0
VERTEX
  5
823
  8
Layer_0
  10
224.29348
  20
202.59746
  0
VERTEX
  5
824
  8
Layer_0
  10
224.12419
  20
202.47223
  0
VERTEX
  5
825
  8
Layer_0
  10
224.00095
  20
202.31269
  0
VERTEX
  5
826
  8
Layer_0
  10
223.92631
  20
202.129
  0
VERTEX
  5
827
  8
Layer_0
  10
223.90283
  20
201.93136
  0
VERTEX
  5
828
  8
Layer_0
  10
223.93307
  20
201.72995
  0
VERTEX
  5
829
  8
Layer_0
  10
224.01958
  20
201.53497
  0
VERTEX
  5
82a
  8
Layer_0
  10
224.16493
  20
201.35658
  0
VERTEX
  5
82b
  8
Layer_0
  10
224.27434
  20
201.27359
  0
VERTEX
  5
82c
  8
Layer_0
  10
224.39729
  20
201.21507
  0
VERTEX
  5
82d
  8
Layer_0
  10
224.52944
  20
201.18092
  0
VERTEX
  5
82e
  8
Layer_0
  10
224.66648
  20
201.17104
  0
VERTEX
  5
82f
  8
Layer_0
  10
224.80408
  20
201.18535
  0
VERTEX
  5
830
  8
Layer_0
  10
224.93791
  20
201.22375
  0
VERTEX
  5
831
  8
Layer_0
  10
225.06364
  20
201.28615
  0
VERTEX
  5
832
  8
Layer_0
  10
225.17696
  20
201.37246
  42
0.5809273
  0
VERTEX
  5
833
  8
Layer_0
  10
224.87534
  20
202.65833
  0
SEQEND
  0
POLYLINE
  5
835
  8
Layer_0
  62
7
  70
1
  66
1
  10
0
  20
0
  30
0
  0
VERTEX
  5
835
  8
Layer_0
  10
278.90987
  20
202.71389
  0
VERTEX
  5
836
  8
Layer_0
  10
279.02087
  20
202.69951
  0
VERTEX
  5
837
  8
Layer_0
  10
279.17578
  20
202.64047
  0
VERTEX
  5
838
  8
Layer_0
  10
279.33068
  20
202.55762
  0
VERTEX
  5
839
  8
Layer_0
  10
279.44168
  20
202.4718
  42
-0.18556768
  0
VERTEX
  5
83a
  8
Layer_0
  10
279.65997
  20
201.93205
  42
-0.28408219
  0
VERTEX
  5
83b
  8
Layer_0
  10
279.24719
  20
201.24942
  0
VERTEX
  5
83c
  8
Layer_0
  10
279.10477
  20
201.19588
  0
VERTEX
  5
83d
  8
Layer_0
  10
278.96195
  20
201.1716
  0
VERTEX
  5
83e
  8
Layer_0
  10
278.82137
  20
201.17568
  0
VERTEX
  5
83f
  8
Layer_0
  10
278.68563
  20
201.20726
  0
VERTEX
  5
840
  8
Layer_0
  10
278.55733
  20
201.26543
  0
VERTEX
  5
841
  8
Layer_0
  10
278.43907
  20
201.34933
  0
VERTEX
  5
842
  8
Layer_0
  10
278.33347
  20
201.45805
  0
VERTEX
  5
843
  8
Layer_0
  10
278.24312
  20
201.59074
  0
VERTEX
  5
844
  8
Layer_0
  10
278.17689
  20
201.75125
  0
VERTEX
  5
845
  8
Layer_0
  10
278.15456
  20
201.91859
  0
VERTEX
  5
846
  8
Layer_0
  10
278.1728
  20
202.08585
  0
VERTEX
  5
847
  8
Layer_0
  10
278.22824
  20
202.24608
  0
VERTEX
  5
848
  8
Layer_0
  10
278.31754
  20
202.39235
  0
VERTEX
  5
849
  8
Layer_0
  10
278.43734
  20
202.51775
  0
VERTEX
  5
84a
  8
Layer_0
  10
278.58431
  20
202.61533
  0
VERTEX
  5
84b
  8
Layer_0
  10
278.7551
  20
202.67817
  42
0.025804408
  0
VERTEX
  5
84c
  8
Layer_0
  10
278.90985
  20
202.7139
  0
SEQEND
  0
POLYLINE
  5
84e
  8
Layer_0
  62
7
  70
1
  66
1
  10
0
  20
0
  30
0
  0
VERTEX
  5
84e
  8
Layer_0
  10
223.522
  20
199.51111
  42
0.55347979
  0
VERTEX
  5
84f
  8
Layer_0
  10
224.81183
  20
199.29283
  42
0.22599408
  0
VERTEX
  5
850
  8
Layer_0
  10
224.99043
  20
199.93576
  42
0.260149
  0
VERTEX
  5
851
  8
Layer_0
  10
224.54593
  20
200.47949
  42
0.22677087
  0
VERTEX
  5
852
  8
Layer_0
  10
223.91887
  20
200.46758
  42
0.16735644
  0
VERTEX
  5
853
  8
Layer_0
  10
223.53787
  20
200.07864
  42
0.20959264
  0
SEQEND
  0
POLYLINE
  5
855
  8
Layer_0
  62
7
  70
1
  66
1
  10
0
  20
0
  30
0
  0
VERTEX
  5
855
  8
Layer_0
  10
279.67188
  20
200.46758
  42
-0.096336487
  0
VERTEX
  5
856
  8
Layer_0
  10
279.90601
  20
200.28105
  0
VERTEX
  5
857
  8
Layer_0
  10
280.03029
  20
200.08929
  0
VERTEX
  5
858
  8
Layer_0
  10
280.08828
  20
199.8825
  0
VERTEX
  5
859
  8
Layer_0
  10
280.08553
  20
199.6732
  0
VERTEX
  5
85a
  8
Layer_0
  10
280.02757
  20
199.4739
  0
VERTEX
  5
85b
  8
Layer_0
  10
279.91994
  20
199.29712
  0
VERTEX
  5
85c
  8
Layer_0
  10
279.76817
  20
199.15535
  0
VERTEX
  5
85d
  8
Layer_0
  10
279.5778
  20
199.06112
  0
VERTEX
  5
85e
  8
Layer_0
  10
279.35437
  20
199.02692
  0
VERTEX
  5
85f
  8
Layer_0
  10
279.07789
  20
199.07285
  0
VERTEX
  5
860
  8
Layer_0
  10
278.85623
  20
199.19715
  0
VERTEX
  5
861
  8
Layer_0
  10
278.69476
  20
199.37958
  0
VERTEX
  5
862
  8
Layer_0
  10
278.59882
  20
199.59991
  0
VERTEX
  5
863
  8
Layer_0
  10
278.57376
  20
199.83792
  0
VERTEX
  5
864
  8
Layer_0
  10
278.62493
  20
200.07337
  0
VERTEX
  5
865
  8
Layer_0
  10
278.75767
  20
200.28603
  0
VERTEX
  5
866
  8
Layer_0
  10
278.97734
  20
200.45568
  42
-0.24306766
  0
SEQEND
  0
POLYLINE
  5
868
  8
Layer_0
  62
7
  70
1
  66
1
  10
0
  20
0
  30
0
  0
VERTEX
  5
868
  8
Layer_0
  10
224.32765
  20
196.9473
  42
0.5633902
  0
VERTEX
  5
869
  8
Layer_0
  10
225.4151
  20
197.6458
  0
VERTEX
  5
86a
  8
Layer_0
  10
225.38918
  20
197.83177
  0
VERTEX
  5
86b
  8
Layer_0
  10
225.32387
  20
197.99728
  0
VERTEX
  5
86c
  8
Layer_0
  10
225.22443
  20
198.13861
  0
VERTEX
  5
86d
  8
Layer_0
  10
225.0961
  20
198.25203
  0
VERTEX
  5
86e
  8
Layer_0
  10
224.94415
  20
198.33382
  0
VERTEX
  5
86f
  8
Layer_0
  10
224.77382
  20
198.38027
  0
VERTEX
  5
870
  8
Layer_0
  10
224.59038
  20
198.38765
  0
VERTEX
  5
871
  8
Layer_0
  10
224.39909
  20
198.35224
  42
0.11304578
  0
VERTEX
  5
872
  8
Layer_0
  10
224.1689
  20
198.2054
  0
VERTEX
  5
873
  8
Layer_0
  10
224.03703
  20
198.04878
  0
VERTEX
  5
874
  8
Layer_0
  10
223.95037
  20
197.87822
  0
VERTEX
  5
875
  8
Layer_0
  10
223.90799
  20
197.70059
  0
VERTEX
  5
876
  8
Layer_0
  10
223.90895
  20
197.52277
  0
VERTEX
  5
877
  8
Layer_0
  10
223.95232
  20
197.35165
  0
VERTEX
  5
878
  8
Layer_0
  10
224.03719
  20
197.19411
  0
VERTEX
  5
879
  8
Layer_0
  10
224.16261
  20
197.05703
  0
VERTEX
  5
87a
  8
Layer_0
  10
224.32765
  20
196.9473
  0
SEQEND
  0
POLYLINE
  5
87c
  8
Layer_0
  62
7
  70
1
  66
1
  10
0
  20
0
  30
0
  0
VERTEX
  5
87c
  8
Layer_0
  10
279.44168
  20
197.09018
  42
0.18556647
  0
VERTEX
  5
87d
  8
Layer_0
  10
279.65997
  20
197.62993
  42
0.13993971
  0
VERTEX
  5
87e
  8
Layer_0
  10
279.54486
  20
198.04268
  0
VERTEX
  5
87f
  8
Layer_0
  10
279.35834
  20
198.23801
  0
VERTEX
  5
880
  8
Layer_0
  10
279.11525
  20
198.35819
  0
VERTEX
  5
881
  8
Layer_0
  10
278.85282
  20
198.39205
  0
VERTEX
  5
882
  8
Layer_0
  10
278.60825
  20
198.32842
  0
VERTEX
  5
883
  8
Layer_0
  10
278.4659
  20
198.23979
  0
VERTEX
  5
884
  8
Layer_0
  10
278.34904
  20
198.13358
  0
VERTEX
  5
885
  8
Layer_0
  10
278.25859
  20
198.01268
  0
VERTEX
  5
886
  8
Layer_0
  10
278.19549
  20
197.87996
  0
VERTEX
  5
887
  8
Layer_0
  10
278.16067
  20
197.73831
  0
VERTEX
  5
888
  8
Layer_0
  10
278.15506
  20
197.59061
  0
VERTEX
  5
889
  8
Layer_0
  10
278.17959
  20
197.43975
  0
VERTEX
  5
88a
  8
Layer_0
  10
278.23518
  20
197.28861
  0
VERTEX
  5
88b
  8
Layer_0
  10
278.33732
  20
197.13537
  0
VERTEX
  5
88c
  8
Layer_0
  10
278.47114
  20
197.01595
  0
VERTEX
  5
88d
  8
Layer_0
  10
278.62774
  20
196.93177
  0
VERTEX
  5
88e
  8
Layer_0
  10
278.79825
  20
196.88429
  0
VERTEX
  5
88f
  8
Layer_0
  10
278.97378
  20
196.87495
  0
VERTEX
  5
890
  8
Layer_0
  10
279.14545
  20
196.90519
  0
VERTEX
  5
891
  8
Layer_0
  10
279.30438
  20
196.97645
  0
VERTEX
  5
892
  8
Layer_0
  10
279.44168
  20
197.09017
  0
SEQEND
  0
POLYLINE
  5
894
  8
Layer_0
  62
7
  70
1
  66
1
  10
0
  20
0
  30
0
  0
VERTEX
  5
894
  8
Layer_0
  10
224.95074
  20
195.45108
  0
VERTEX
  5
895
  8
Layer_0
  10
225.01639
  20
195.31152
  0
VERTEX
  5
896
  8
Layer_0
  10
225.11352
  20
195.18958
  0
VERTEX
  5
897
  8
Layer_0
  10
225.23531
  20
195.08838
  0
VERTEX
  5
898
  8
Layer_0
  10
225.3749
  20
195.01105
  0
VERTEX
  5
899
  8
Layer_0
  10
225.52548
  20
194.96068
  0
VERTEX
  5
89a
  8
Layer_0
  10
225.68019
  20
194.94041
  0
VERTEX
  5
89b
  8
Layer_0
  10
225.8322
  20
194.95335
  0
VERTEX
  5
89c
  8
Layer_0
  10
225.97469
  20
195.00261
  0
VERTEX
  5
89d
  8
Layer_0
  10
226.12851
  20
195.09954
  0
VERTEX
  5
89e
  8
Layer_0
  10
226.25281
  20
195.21773
  0
VERTEX
  5
89f
  8
Layer_0
  10
226.34631
  20
195.35275
  0
VERTEX
  5
8a0
  8
Layer_0
  10
226.40777
  20
195.50019
  0
VERTEX
  5
8a1
  8
Layer_0
  10
226.43593
  20
195.65563
  0
VERTEX
  5
8a2
  8
Layer_0
  10
226.42954
  20
195.81466
  0
VERTEX
  5
8a3
  8
Layer_0
  10
226.38733
  20
195.97284
  0
VERTEX
  5
8a4
  8
Layer_0
  10
226.30806
  20
196.12577
  42
0.33445446
  0
VERTEX
  5
8a5
  8
Layer_0
  10
225.47461
  20
196.43533
  42
0.1968282
  0
VERTEX
  5
8a6
  8
Layer_0
  10
224.99043
  20
196.05035
  42
0.19599593
  0
SEQEND
  0
POLYLINE
  5
8a8
  8
Layer_0
  62
7
  70
1
  66
1
  10
0
  20
0
  30
0
  0
VERTEX
  5
8a8
  8
Layer_0
  10
277.86609
  20
194.93911
  0
VERTEX
  5
8a9
  8
Layer_0
  10
278.09024
  20
194.96942
  0
VERTEX
  5
8aa
  8
Layer_0
  10
278.2856
  20
195.05359
  0
VERTEX
  5
8ab
  8
Layer_0
  10
278.44645
  20
195.18147
  0
VERTEX
  5
8ac
  8
Layer_0
  10
278.56707
  20
195.34293
  0
VERTEX
  5
8ad
  8
Layer_0
  10
278.64174
  20
195.52784
  0
VERTEX
  5
8ae
  8
Layer_0
  10
278.66474
  20
195.72604
  0
VERTEX
  5
8af
  8
Layer_0
  10
278.63034
  20
195.92741
  0
VERTEX
  5
8b0
  8
Layer_0
  10
278.53284
  20
196.1218
  0
VERTEX
  5
8b1
  8
Layer_0
  10
278.38035
  20
196.28284
  0
VERTEX
  5
8b2
  8
Layer_0
  10
278.18508
  20
196.4011
  0
VERTEX
  5
8b3
  8
Layer_0
  10
277.97418
  20
196.46503
  0
VERTEX
  5
8b4
  8
Layer_0
  10
277.77481
  20
196.46311
  42
0.27957112
  0
VERTEX
  5
8b5
  8
Layer_0
  10
277.1557
  20
195.87177
  42
0.49715947
  0
VERTEX
  5
8b6
  8
Layer_0
  10
277.86609
  20
194.93912
  0
SEQEND
  0
POLYLINE
  5
8b8
  8
Layer_0
  62
7
  70
1
  66
1
  10
0
  20
0
  30
0
  0
VERTEX
  5
8b8
  8
Layer_0
  10
227.87572
  20
194.41127
  42
0.35348674
  0
VERTEX
  5
8b9
  8
Layer_0
  10
226.93512
  20
194.57002
  0
VERTEX
  5
8ba
  8
Layer_0
  10
226.7445
  20
194.41443
  0
VERTEX
  5
8bb
  8
Layer_0
  10
226.60968
  20
194.20936
  0
VERTEX
  5
8bc
  8
Layer_0
  10
226.54333
  20
193.98122
  0
VERTEX
  5
8bd
  8
Layer_0
  10
226.55809
  20
193.75642
  42
0.34070154
  0
VERTEX
  5
8be
  8
Layer_0
  10
227.31215
  20
193.15317
  42
0.64355765
  0
SEQEND
  0
POLYLINE
  5
8c0
  8
Layer_0
  62
7
  70
1
  66
1
  10
0
  20
0
  30
0
  0
VERTEX
  5
8c0
  8
Layer_0
  10
276.3143
  20
194.65337
  42
-0.15622943
  0
VERTEX
  5
8c1
  8
Layer_0
  10
276.71118
  20
194.51843
  0
VERTEX
  5
8c2
  8
Layer_0
  10
276.83967
  20
194.39
  0
VERTEX
  5
8c3
  8
Layer_0
  10
276.94434
  20
194.23218
  0
VERTEX
  5
8c4
  8
Layer_0
  10
277.01479
  20
194.06468
  0
VERTEX
  5
8c5
  8
Layer_0
  10
277.04059
  20
193.90724
  0
VERTEX
  5
8c6
  8
Layer_0
  10
277.01479
  20
193.74979
  0
VERTEX
  5
8c7
  8
Layer_0
  10
276.94434
  20
193.5823
  0
VERTEX
  5
8c8
  8
Layer_0
  10
276.83967
  20
193.42448
  0
VERTEX
  5
8c9
  8
Layer_0
  10
276.71118
  20
193.29605
  42
-0.28992195
  0
VERTEX
  5
8ca
  8
Layer_0
  10
275.94122
  20
193.22461
  42
-0.57731006
  0
VERTEX
  5
8cb
  8
Layer_0
  10
275.88568
  20
194.55017
  42
-0.15616034
  0
SEQEND
  0
POLYLINE
  5
8cd
  8
Layer_0
  62
7
  70
1
  66
1
  10
0
  20
0
  30
0
  0
VERTEX
  5
8cd
  8
Layer_0
  10
229.96329
  20
192.37531
  42
0.20919682
  0
VERTEX
  5
8ce
  8
Layer_0
  10
229.7688
  20
192.98648
  42
0.33315052
  0
VERTEX
  5
8cf
  8
Layer_0
  10
228.86392
  20
193.14127
  42
0.28407904
  0
VERTEX
  5
8d0
  8
Layer_0
  10
228.46309
  20
192.47452
  42
0.15387701
  0
VERTEX
  5
8d1
  8
Layer_0
  10
228.59406
  20
192.0578
  42
0.25076391
  0
VERTEX
  5
8d2
  8
Layer_0
  10
229.21715
  20
191.72443
  0
VERTEX
  5
8d3
  8
Layer_0
  10
229.36527
  20
191.7366
  0
VERTEX
  5
8d4
  8
Layer_0
  10
229.50172
  20
191.77199
  0
VERTEX
  5
8d5
  8
Layer_0
  10
229.6245
  20
191.82886
  0
VERTEX
  5
8d6
  8
Layer_0
  10
229.7316
  20
191.9055
  0
VERTEX
  5
8d7
  8
Layer_0
  10
229.82103
  20
192.00018
  0
VERTEX
  5
8d8
  8
Layer_0
  10
229.89079
  20
192.11119
  0
VERTEX
  5
8d9
  8
Layer_0
  10
229.93887
  20
192.2368
  0
VERTEX
  5
8da
  8
Layer_0
  10
229.96328
  20
192.3753
  0
SEQEND
  0
POLYLINE
  5
8dc
  8
Layer_0
  62
7
  70
1
  66
1
  10
0
  20
0
  30
0
  0
VERTEX
  5
8dc
  8
Layer_0
  10
273.84575
  20
191.89905
  0
VERTEX
  5
8dd
  8
Layer_0
  10
274.00766
  20
191.79506
  0
VERTEX
  5
8de
  8
Layer_0
  10
274.22427
  20
191.73683
  0
VERTEX
  5
8df
  8
Layer_0
  10
274.45799
  20
191.72994
  0
VERTEX
  5
8e0
  8
Layer_0
  10
274.67125
  20
191.77999
  42
0.23271516
  0
VERTEX
  5
8e1
  8
Layer_0
  10
275.09985
  20
192.28799
  42
0.66846194
  0
VERTEX
  5
8e2
  8
Layer_0
  10
274.00848
  20
193.14127
  42
0.09803266
  0
VERTEX
  5
8e3
  8
Layer_0
  10
273.73065
  20
192.90314
  42
0.17030879
  0
VERTEX
  5
8e4
  8
Layer_0
  10
273.6076
  20
192.48642
  42
0.19612589
  0
VERTEX
  5
8e5
  8
Layer_0
  10
273.84576
  20
191.89905
  0
SEQEND
  0
POLYLINE
  5
8e7
  8
Layer_0
  62
7
  70
1
  66
1
  10
0
  20
0
  30
0
  0
VERTEX
  5
8e7
  8
Layer_0
  10
231.60634
  20
191.95064
  42
-0.4842694
  0
VERTEX
  5
8e8
  8
Layer_0
  10
231.80478
  20
190.80368
  0
VERTEX
  5
8e9
  8
Layer_0
  10
231.58364
  20
190.62322
  0
VERTEX
  5
8ea
  8
Layer_0
  10
231.33944
  20
190.53578
  0
VERTEX
  5
8eb
  8
Layer_0
  10
231.08482
  20
190.5436
  0
VERTEX
  5
8ec
  8
Layer_0
  10
230.83244
  20
190.64889
  0
VERTEX
  5
8ed
  8
Layer_0
  10
230.65139
  20
190.80722
  0
VERTEX
  5
8ee
  8
Layer_0
  10
230.53527
  20
190.9987
  0
VERTEX
  5
8ef
  8
Layer_0
  10
230.48166
  20
191.20888
  0
VERTEX
  5
8f0
  8
Layer_0
  10
230.48814
  20
191.4233
  0
VERTEX
  5
8f1
  8
Layer_0
  10
230.55229
  20
191.62748
  0
VERTEX
  5
8f2
  8
Layer_0
  10
230.6717
  20
191.80696
  0
VERTEX
  5
8f3
  8
Layer_0
  10
230.84394
  20
191.94729
  0
VERTEX
  5
8f4
  8
Layer_0
  10
231.06659
  20
192.03399
  42
-0.18126055
  0
SEQEND
  0
POLYLINE
  5
8f6
  8
Layer_0
  62
7
  70
1
  66
1
  10
0
  20
0
  30
0
  0
VERTEX
  5
8f6
  8
Layer_0
  10
271.7066
  20
190.88306
  42
0.26631382
  0
VERTEX
  5
8f7
  8
Layer_0
  10
272.40509
  20
190.5457
  0
VERTEX
  5
8f8
  8
Layer_0
  10
272.56471
  20
190.57671
  0
VERTEX
  5
8f9
  8
Layer_0
  10
272.71763
  20
190.63302
  0
VERTEX
  5
8fa
  8
Layer_0
  10
272.83929
  20
190.70421
  0
VERTEX
  5
8fb
  8
Layer_0
  10
272.90515
  20
190.77986
  42
-0.10162958
  0
VERTEX
  5
8fc
  8
Layer_0
  10
272.96866
  20
190.8632
  0
VERTEX
  5
8fd
  8
Layer_0
  10
273.06638
  20
191.05668
  0
VERTEX
  5
8fe
  8
Layer_0
  10
273.10756
  20
191.30374
  0
VERTEX
  5
8ff
  8
Layer_0
  10
273.08079
  20
191.48128
  0
VERTEX
  5
900
  8
Layer_0
  10
273.01392
  20
191.64431
  0
VERTEX
  5
901
  8
Layer_0
  10
272.91376
  20
191.78761
  0
VERTEX
  5
902
  8
Layer_0
  10
272.78708
  20
191.90599
  0
VERTEX
  5
903
  8
Layer_0
  10
272.64069
  20
191.99424
  0
VERTEX
  5
904
  8
Layer_0
  10
272.48136
  20
192.04713
  0
VERTEX
  5
905
  8
Layer_0
  10
272.3159
  20
192.05947
  0
VERTEX
  5
906
  8
Layer_0
  10
272.15109
  20
192.02605
  42
0.16132206
  0
VERTEX
  5
907
  8
Layer_0
  10
271.6947
  20
191.68077
  42
0.30918031
  0
SEQEND
  0
POLYLINE
  5
909
  8
Layer_0
  62
7
  70
1
  66
1
  10
0
  20
0
  30
0
  0
VERTEX
  5
909
  8
Layer_0
  10
233.66612
  20
190.98227
  42
0.15362261
  0
VERTEX
  5
90a
  8
Layer_0
  10
233.27719
  20
191.08545
  0
VERTEX
  5
90b
  8
Layer_0
  10
233.0966
  20
191.07752
  0
VERTEX
  5
90c
  8
Layer_0
  10
232.98746
  20
191.05767
  0
VERTEX
  5
90d
  8
Layer_0
  10
232.83616
  20
190.96859
  0
VERTEX
  5
90e
  8
Layer_0
  10
232.71095
  20
190.85397
  0
VERTEX
  5
90f
  8
Layer_0
  10
232.61374
  20
190.71953
  0
VERTEX
  5
910
  8
Layer_0
  10
232.54644
  20
190.57101
  0
VERTEX
  5
911
  8
Layer_0
  10
232.51094
  20
190.41411
  0
VERTEX
  5
912
  8
Layer_0
  10
232.50917
  20
190.25456
  0
VERTEX
  5
913
  8
Layer_0
  10
232.54302
  20
190.09808
  0
VERTEX
  5
914
  8
Layer_0
  10
232.6144
  20
189.95039
  0
VERTEX
  5
915
  8
Layer_0
  10
232.74128
  20
189.79561
  0
VERTEX
  5
916
  8
Layer_0
  10
232.89122
  20
189.67953
  0
VERTEX
  5
917
  8
Layer_0
  10
233.05754
  20
189.6066
  0
VERTEX
  5
918
  8
Layer_0
  10
233.23353
  20
189.5813
  0
VERTEX
  5
919
  8
Layer_0
  10
233.50329
  20
189.62392
  0
VERTEX
  5
91a
  8
Layer_0
  10
233.72249
  20
189.73992
  0
VERTEX
  5
91b
  8
Layer_0
  10
233.8856
  20
189.91156
  0
VERTEX
  5
91c
  8
Layer_0
  10
233.98709
  20
190.12105
  0
VERTEX
  5
91d
  8
Layer_0
  10
234.02142
  20
190.35063
  0
VERTEX
  5
91e
  8
Layer_0
  10
233.98306
  20
190.58254
  0
VERTEX
  5
91f
  8
Layer_0
  10
233.86647
  20
190.79901
  0
VERTEX
  5
920
  8
Layer_0
  10
233.66612
  20
190.98227
  0
SEQEND
  0
POLYLINE
  5
922
  8
Layer_0
  62
7
  70
1
  66
1
  10
0
  20
0
  30
0
  0
VERTEX
  5
922
  8
Layer_0
  10
271.02396
  20
190.60524
  0
VERTEX
  5
923
  8
Layer_0
  10
271.07568
  20
190.41296
  0
VERTEX
  5
924
  8
Layer_0
  10
271.07382
  20
190.22492
  0
VERTEX
  5
925
  8
Layer_0
  10
271.02397
  20
190.04832
  0
VERTEX
  5
926
  8
Layer_0
  10
270.93169
  20
189.89037
  0
VERTEX
  5
927
  8
Layer_0
  10
270.80259
  20
189.75827
  0
VERTEX
  5
928
  8
Layer_0
  10
270.64222
  20
189.65925
  0
VERTEX
  5
929
  8
Layer_0
  10
270.45619
  20
189.6005
  0
VERTEX
  5
92a
  8
Layer_0
  10
270.25006
  20
189.58924
  0
VERTEX
  5
92b
  8
Layer_0
  10
270.00408
  20
189.64762
  0
VERTEX
  5
92c
  8
Layer_0
  10
269.80773
  20
189.77279
  0
VERTEX
  5
92d
  8
Layer_0
  10
269.66523
  20
189.94782
  0
VERTEX
  5
92e
  8
Layer_0
  10
269.58083
  20
190.15578
  0
VERTEX
  5
92f
  8
Layer_0
  10
269.55875
  20
190.37973
  0
VERTEX
  5
930
  8
Layer_0
  10
269.60322
  20
190.60276
  0
VERTEX
  5
931
  8
Layer_0
  10
269.71848
  20
190.80792
  0
VERTEX
  5
932
  8
Layer_0
  10
269.90875
  20
190.9783
  0
VERTEX
  5
933
  8
Layer_0
  10
270.06183
  20
191.05359
  0
VERTEX
  5
934
  8
Layer_0
  10
270.22253
  20
191.09023
  0
VERTEX
  5
935
  8
Layer_0
  10
270.38509
  20
191.09013
  0
VERTEX
  5
936
  8
Layer_0
  10
270.54375
  20
191.05519
  0
VERTEX
  5
937
  8
Layer_0
  10
270.69273
  20
190.98733
  0
VERTEX
  5
938
  8
Layer_0
  10
270.82627
  20
190.88844
  0
VERTEX
  5
939
  8
Layer_0
  10
270.9386
  20
190.76044
  0
SEQEND
  0
POLYLINE
  5
93b
  8
Layer_0
  62
7
  70
1
  66
1
  10
0
  20
0
  30
0
  0
VERTEX
  5
93b
  8
Layer_0
  10
235.77353
  20
190.1528
  42
-0.52700109
  0
VERTEX
  5
93c
  8
Layer_0
  10
235.76559
  20
188.88676
  42
-0.14806716
  0
VERTEX
  5
93d
  8
Layer_0
  10
235.36871
  20
188.7677
  0
VERTEX
  5
93e
  8
Layer_0
  10
235.09049
  20
188.81526
  0
VERTEX
  5
93f
  8
Layer_0
  10
234.86933
  20
188.94128
  0
VERTEX
  5
940
  8
Layer_0
  10
234.71022
  20
189.12524
  0
VERTEX
  5
941
  8
Layer_0
  10
234.61812
  20
189.34665
  0
VERTEX
  5
942
  8
Layer_0
  10
234.59802
  20
189.58498
  0
VERTEX
  5
943
  8
Layer_0
  10
234.6549
  20
189.81973
  0
VERTEX
  5
944
  8
Layer_0
  10
234.79372
  20
190.0304
  0
VERTEX
  5
945
  8
Layer_0
  10
235.01946
  20
190.19646
  42
-0.27580786
  0
SEQEND
  0
POLYLINE
  5
947
  8
Layer_0
  62
7
  70
1
  66
1
  10
0
  20
0
  30
0
  0
VERTEX
  5
947
  8
Layer_0
  10
268.3768
  20
188.78755
  42
0.68874407
  0
VERTEX
  5
948
  8
Layer_0
  10
268.55145
  20
190.20439
  42
0.24343069
  0
VERTEX
  5
949
  8
Layer_0
  10
267.87277
  20
190.20042
  42
0.28580003
  0
VERTEX
  5
94a
  8
Layer_0
  10
267.46002
  20
189.52574
  0
VERTEX
  5
94b
  8
Layer_0
  10
267.48151
  20
189.3467
  0
VERTEX
  5
94c
  8
Layer_0
  10
267.53964
  20
189.18436
  0
VERTEX
  5
94d
  8
Layer_0
  10
267.62941
  20
189.04277
  0
VERTEX
  5
94e
  8
Layer_0
  10
267.74577
  20
188.92596
  0
VERTEX
  5
94f
  8
Layer_0
  10
267.88372
  20
188.83799
  0
VERTEX
  5
950
  8
Layer_0
  10
268.03822
  20
188.7829
  0
VERTEX
  5
951
  8
Layer_0
  10
268.20425
  20
188.76474
  0
VERTEX
  5
952
  8
Layer_0
  10
268.3768
  20
188.78755
  0
SEQEND
  0
POLYLINE
  5
954
  8
Layer_0
  62
7
  70
1
  66
1
  10
0
  20
0
  30
0
  0
VERTEX
  5
954
  8
Layer_0
  10
236.59903
  20
188.90662
  42
0.19891237
  0
VERTEX
  5
955
  8
Layer_0
  10
236.85303
  20
188.33115
  42
0.30799099
  0
VERTEX
  5
956
  8
Layer_0
  10
237.69043
  20
188.18826
  42
0.57858743
  0
VERTEX
  5
957
  8
Layer_0
  10
237.81744
  20
189.49002
  0
VERTEX
  5
958
  8
Layer_0
  10
237.68702
  20
189.56325
  0
VERTEX
  5
959
  8
Layer_0
  10
237.53912
  20
189.61751
  0
VERTEX
  5
95a
  8
Layer_0
  10
237.39941
  20
189.64573
  0
VERTEX
  5
95b
  8
Layer_0
  10
237.29356
  20
189.64083
  42
-0.045821099
  0
VERTEX
  5
95c
  8
Layer_0
  10
237.14671
  20
189.60512
  0
VERTEX
  5
95d
  8
Layer_0
  10
236.95956
  20
189.50881
  0
VERTEX
  5
95e
  8
Layer_0
  10
236.78357
  20
189.33176
  0
VERTEX
  5
95f
  8
Layer_0
  10
236.65223
  20
189.11677
  0
VERTEX
  5
960
  8
Layer_0
  10
236.59903
  20
188.90661
  0
SEQEND
  0
POLYLINE
  5
962
  8
Layer_0
  62
7
  70
1
  66
1
  10
0
  20
0
  30
0
  0
VERTEX
  5
962
  8
Layer_0
  10
266.1424
  20
188.1208
  42
0.21578509
  0
VERTEX
  5
963
  8
Layer_0
  10
266.73376
  20
188.34702
  0
VERTEX
  5
964
  8
Layer_0
  10
266.88929
  20
188.5525
  0
VERTEX
  5
965
  8
Layer_0
  10
266.95488
  20
188.78166
  0
VERTEX
  5
966
  8
Layer_0
  10
266.94066
  20
189.01612
  0
VERTEX
  5
967
  8
Layer_0
  10
266.85678
  20
189.23751
  0
VERTEX
  5
968
  8
Layer_0
  10
266.71336
  20
189.42746
  0
VERTEX
  5
969
  8
Layer_0
  10
266.52055
  20
189.5676
  0
VERTEX
  5
96a
  8
Layer_0
  10
266.28849
  20
189.63955
  0
VERTEX
  5
96b
  8
Layer_0
  10
266.02731
  20
189.62496
  42
0.15339421
  0
VERTEX
  5
96c
  8
Layer_0
  10
265.61853
  20
189.36699
  0
VERTEX
  5
96d
  8
Layer_0
  10
265.49942
  20
189.18338
  0
VERTEX
  5
96e
  8
Layer_0
  10
265.44254
  20
188.98531
  0
VERTEX
  5
96f
  8
Layer_0
  10
265.44314
  20
188.78398
  0
VERTEX
  5
970
  8
Layer_0
  10
265.49648
  20
188.5906
  0
VERTEX
  5
971
  8
Layer_0
  10
265.59783
  20
188.41639
  0
VERTEX
  5
972
  8
Layer_0
  10
265.74242
  20
188.27254
  0
VERTEX
  5
973
  8
Layer_0
  10
265.92552
  20
188.17028
  0
VERTEX
  5
974
  8
Layer_0
  10
266.1424
  20
188.1208
  0
SEQEND
  0
POLYLINE
  5
976
  8
Layer_0
  62
7
  70
1
  66
1
  10
0
  20
0
  30
0
  0
VERTEX
  5
976
  8
Layer_0
  10
240.09946
  20
187.8668
  0
VERTEX
  5
977
  8
Layer_0
  10
240.23475
  20
188.09854
  0
VERTEX
  5
978
  8
Layer_0
  10
240.27917
  20
188.34187
  0
VERTEX
  5
979
  8
Layer_0
  10
240.24415
  20
188.57971
  0
VERTEX
  5
97a
  8
Layer_0
  10
240.14113
  20
188.79499
  0
VERTEX
  5
97b
  8
Layer_0
  10
239.98156
  20
188.97065
  0
VERTEX
  5
97c
  8
Layer_0
  10
239.77688
  20
189.08961
  0
VERTEX
  5
97d
  8
Layer_0
  10
239.53853
  20
189.13481
  0
VERTEX
  5
97e
  8
Layer_0
  10
239.27794
  20
189.08918
  42
0.31349525
  0
VERTEX
  5
97f
  8
Layer_0
  10
238.74216
  20
188.33115
  0
VERTEX
  5
980
  8
Layer_0
  10
238.77043
  20
188.21555
  0
VERTEX
  5
981
  8
Layer_0
  10
238.8374
  20
188.04936
  0
VERTEX
  5
982
  8
Layer_0
  10
238.94535
  20
187.87841
  0
VERTEX
  5
983
  8
Layer_0
  10
239.08483
  20
187.74737
  0
VERTEX
  5
984
  8
Layer_0
  10
239.24719
  20
187.65743
  0
VERTEX
  5
985
  8
Layer_0
  10
239.42379
  20
187.60982
  0
VERTEX
  5
986
  8
Layer_0
  10
239.60596
  20
187.60575
  0
VERTEX
  5
987
  8
Layer_0
  10
239.78506
  20
187.64641
  0
VERTEX
  5
988
  8
Layer_0
  10
239.95245
  20
187.73302
  0
SEQEND
  0
POLYLINE
  5
98a
  8
Layer_0
  62
7
  70
1
  66
1
  10
0
  20
0
  30
0
  0
VERTEX
  5
98a
  8
Layer_0
  10
264.80493
  20
188.31924
  42
0.54636862
  0
VERTEX
  5
98b
  8
Layer_0
  10
263.79688
  20
189.08124
  0
VERTEX
  5
98c
  8
Layer_0
  10
263.57245
  20
188.94605
  0
VERTEX
  5
98d
  8
Layer_0
  10
263.40049
  20
188.74092
  0
VERTEX
  5
98e
  8
Layer_0
  10
263.30071
  20
188.49858
  0
VERTEX
  5
98f
  8
Layer_0
  10
263.29283
  20
188.25177
  42
0.10352683
  0
VERTEX
  5
990
  8
Layer_0
  10
263.43176
  20
187.93427
  0
VERTEX
  5
991
  8
Layer_0
  10
263.59786
  20
187.74929
  0
VERTEX
  5
992
  8
Layer_0
  10
263.79923
  20
187.64058
  0
VERTEX
  5
993
  8
Layer_0
  10
264.01901
  20
187.60331
  0
VERTEX
  5
994
  8
Layer_0
  10
264.24038
  20
187.63264
  0
VERTEX
  5
995
  8
Layer_0
  10
264.44649
  20
187.72374
  0
VERTEX
  5
996
  8
Layer_0
  10
264.62051
  20
187.87176
  0
VERTEX
  5
997
  8
Layer_0
  10
264.7456
  20
188.07187
  0
VERTEX
  5
998
  8
Layer_0
  10
264.80493
  20
188.31924
  0
SEQEND
  0
POLYLINE
  5
99a
  8
Layer_0
  62
7
  70
1
  66
1
  10
0
  20
0
  30
0
  0
VERTEX
  5
99a
  8
Layer_0
  10
241.65125
  20
188.65658
  0
VERTEX
  5
99b
  8
Layer_0
  10
241.44835
  20
188.65013
  0
VERTEX
  5
99c
  8
Layer_0
  10
241.302
  20
188.60499
  0
VERTEX
  5
99d
  8
Layer_0
  10
241.15967
  20
188.51097
  0
VERTEX
  5
99e
  8
Layer_0
  10
241.04292
  20
188.40054
  0
VERTEX
  5
99f
  8
Layer_0
  10
240.95277
  20
188.27661
  0
VERTEX
  5
9a0
  8
Layer_0
  10
240.89024
  20
188.14213
  0
VERTEX
  5
9a1
  8
Layer_0
  10
240.85637
  20
188.00002
  0
VERTEX
  5
9a2
  8
Layer_0
  10
240.85217
  20
187.85322
  0
VERTEX
  5
9a3
  8
Layer_0
  10
240.87866
  20
187.70465
  0
VERTEX
  5
9a4
  8
Layer_0
  10
240.93687
  20
187.55724
  42
0.36098624
  0
VERTEX
  5
9a5
  8
Layer_0
  10
241.79015
  20
187.16434
  42
0.33101545
  0
VERTEX
  5
9a6
  8
Layer_0
  10
242.36958
  20
187.89458
  42
0.40050491
  0
VERTEX
  5
9a7
  8
Layer_0
  10
241.65125
  20
188.65659
  0
SEQEND
  0
POLYLINE
  5
9a9
  8
Layer_0
  62
7
  70
1
  66
1
  10
0
  20
0
  30
0
  0
VERTEX
  5
9a9
  8
Layer_0
  10
262.30859
  20
188.58514
  42
-0.57641898
  0
VERTEX
  5
9aa
  8
Layer_0
  10
262.39987
  20
187.29134
  0
VERTEX
  5
9ab
  8
Layer_0
  10
262.24943
  20
187.20669
  0
VERTEX
  5
9ac
  8
Layer_0
  10
262.09825
  20
187.1559
  0
VERTEX
  5
9ad
  8
Layer_0
  10
261.95004
  20
187.14008
  0
VERTEX
  5
9ae
  8
Layer_0
  10
261.80853
  20
187.16036
  0
VERTEX
  5
9af
  8
Layer_0
  10
261.56505
  20
187.26395
  0
VERTEX
  5
9b0
  8
Layer_0
  10
261.38319
  20
187.41901
  0
VERTEX
  5
9b1
  8
Layer_0
  10
261.26431
  20
187.61082
  0
VERTEX
  5
9b2
  8
Layer_0
  10
261.20974
  20
187.82463
  0
VERTEX
  5
9b3
  8
Layer_0
  10
261.22085
  20
188.0457
  0
VERTEX
  5
9b4
  8
Layer_0
  10
261.29898
  20
188.25927
  0
VERTEX
  5
9b5
  8
Layer_0
  10
261.44547
  20
188.45062
  0
VERTEX
  5
9b6
  8
Layer_0
  10
261.66168
  20
188.60499
  0
VERTEX
  5
9b7
  8
Layer_0
  10
261.80406
  20
188.65267
  0
VERTEX
  5
9b8
  8
Layer_0
  10
261.97025
  20
188.66501
  0
VERTEX
  5
9b9
  8
Layer_0
  10
262.14389
  20
188.64238
  0
SEQEND
  0
POLYLINE
  5
9bb
  8
Layer_0
  62
7
  70
1
  66
1
  10
0
  20
0
  30
0
  0
VERTEX
  5
9bb
  8
Layer_0
  10
244.45715
  20
187.55724
  42
-0.24719585
  0
VERTEX
  5
9bc
  8
Layer_0
  10
244.13965
  20
186.94208
  42
-0.15115594
  0
VERTEX
  5
9bd
  8
Layer_0
  10
243.70309
  20
186.82301
  42
-0.14806087
  0
VERTEX
  5
9be
  8
Layer_0
  10
243.27049
  20
186.93414
  42
-0.5411268
  0
VERTEX
  5
9bf
  8
Layer_0
  10
243.29431
  20
188.1962
  42
-0.58978145
  0
SEQEND
  0
POLYLINE
  5
9c1
  8
Layer_0
  62
7
  70
1
  66
1
  10
0
  20
0
  30
0
  0
VERTEX
  5
9c1
  8
Layer_0
  10
260.60999
  20
187.37865
  42
0.14535453
  0
VERTEX
  5
9c2
  8
Layer_0
  10
260.59409
  20
187.77551
  42
0.22918367
  0
VERTEX
  5
9c3
  8
Layer_0
  10
260.14563
  20
188.27557
  42
0.21372595
  0
VERTEX
  5
9c4
  8
Layer_0
  10
259.54633
  20
188.24384
  0
VERTEX
  5
9c5
  8
Layer_0
  10
259.41309
  20
188.15748
  0
VERTEX
  5
9c6
  8
Layer_0
  10
259.30257
  20
188.05755
  0
VERTEX
  5
9c7
  8
Layer_0
  10
259.2156
  20
187.94608
  0
VERTEX
  5
9c8
  8
Layer_0
  10
259.15294
  20
187.82513
  0
VERTEX
  5
9c9
  8
Layer_0
  10
259.1154
  20
187.69673
  0
VERTEX
  5
9ca
  8
Layer_0
  10
259.10377
  20
187.56294
  0
VERTEX
  5
9cb
  8
Layer_0
  10
259.11883
  20
187.4258
  0
VERTEX
  5
9cc
  8
Layer_0
  10
259.16138
  20
187.28736
  42
0.70925604
  0
SEQEND
  0
POLYLINE
  5
9ce
  8
Layer_0
  62
7
  70
1
  66
1
  10
0
  20
0
  30
0
  0
VERTEX
  5
9ce
  8
Layer_0
  10
258.35968
  20
186.8389
  42
0.47374817
  0
VERTEX
  5
9cf
  8
Layer_0
  10
258.15729
  20
187.98189
  42
0.19330441
  0
VERTEX
  5
9d0
  8
Layer_0
  10
257.58179
  20
188.05333
  42
0.34640221
  0
VERTEX
  5
9d1
  8
Layer_0
  10
257.02618
  20
187.31117
  42
0.14826504
  0
VERTEX
  5
9d2
  8
Layer_0
  10
257.1413
  20
186.91034
  0
VERTEX
  5
9d3
  8
Layer_0
  10
257.26575
  20
186.77069
  0
VERTEX
  5
9d4
  8
Layer_0
  10
257.41146
  20
186.66756
  0
VERTEX
  5
9d5
  8
Layer_0
  10
257.57179
  20
186.60135
  0
VERTEX
  5
9d6
  8
Layer_0
  10
257.74006
  20
186.57249
  0
VERTEX
  5
9d7
  8
Layer_0
  10
257.90964
  20
186.5814
  0
VERTEX
  5
9d8
  8
Layer_0
  10
258.07387
  20
186.62849
  0
VERTEX
  5
9d9
  8
Layer_0
  10
258.2261
  20
186.71418
  0
VERTEX
  5
9da
  8
Layer_0
  10
258.35968
  20
186.83889
  0
SEQEND
  0
POLYLINE
  5
9dc
  8
Layer_0
  62
7
  70
1
  66
1
  10
0
  20
0
  30
0
  0
VERTEX
  5
9dc
  8
Layer_0
  10
246.50105
  20
187.04924
  42
0.53973942
  0
VERTEX
  5
9dd
  8
Layer_0
  10
245.80653
  20
188.06921
  42
0.085975588
  0
VERTEX
  5
9de
  8
Layer_0
  10
245.48903
  20
188.02951
  0
VERTEX
  5
9df
  8
Layer_0
  10
245.30343
  20
187.91548
  0
VERTEX
  5
9e0
  8
Layer_0
  10
245.1621
  20
187.74823
  0
VERTEX
  5
9e1
  8
Layer_0
  10
245.07212
  20
187.54006
  0
VERTEX
  5
9e2
  8
Layer_0
  10
245.04056
  20
187.30324
  0
VERTEX
  5
9e3
  8
Layer_0
  10
245.05474
  20
187.15728
  0
VERTEX
  5
9e4
  8
Layer_0
  10
245.09241
  20
187.02634
  0
VERTEX
  5
9e5
  8
Layer_0
  10
245.15074
  20
186.91091
  0
VERTEX
  5
9e6
  8
Layer_0
  10
245.2269
  20
186.81148
  0
VERTEX
  5
9e7
  8
Layer_0
  10
245.4214
  20
186.66267
  0
VERTEX
  5
9e8
  8
Layer_0
  10
245.65323
  20
186.5839
  0
VERTEX
  5
9e9
  8
Layer_0
  10
245.89977
  20
186.57917
  0
VERTEX
  5
9ea
  8
Layer_0
  10
246.13835
  20
186.65249
  0
VERTEX
  5
9eb
  8
Layer_0
  10
246.24758
  20
186.71966
  0
VERTEX
  5
9ec
  8
Layer_0
  10
246.34633
  20
186.80784
  0
VERTEX
  5
9ed
  8
Layer_0
  10
246.43176
  20
186.91753
  0
VERTEX
  5
9ee
  8
Layer_0
  10
246.50105
  20
187.04924
  0
SEQEND
  0
POLYLINE
  5
9f0
  8
Layer_0
  62
7
  70
1
  66
1
  10
0
  20
0
  30
0
  0
VERTEX
  5
9f0
  8
Layer_0
  10
248.10046
  20
186.42615
  42
0.3014169
  0
VERTEX
  5
9f1
  8
Layer_0
  10
248.58466
  20
187.12067
  42
0.1947883
  0
VERTEX
  5
9f2
  8
Layer_0
  10
248.35049
  20
187.6644
  42
0.28338839
  0
VERTEX
  5
9f3
  8
Layer_0
  10
247.6004
  20
187.87077
  42
0.25819182
  0
VERTEX
  5
9f4
  8
Layer_0
  10
247.07652
  20
187.32309
  42
0.62073026
  0
SEQEND
  0
POLYLINE
  5
9f6
  8
Layer_0
  62
7
  70
1
  66
1
  10
0
  20
0
  30
0
  0
VERTEX
  5
9f6
  8
Layer_0
  10
256.46262
  20
187.42627
  42
0.17999414
  0
VERTEX
  5
9f7
  8
Layer_0
  10
256.12527
  20
187.79536
  42
0.19367937
  0
VERTEX
  5
9f8
  8
Layer_0
  10
255.55774
  20
187.86282
  42
0.34560942
  0
VERTEX
  5
9f9
  8
Layer_0
  10
255.02196
  20
187.06511
  42
0.27002431
  0
VERTEX
  5
9fa
  8
Layer_0
  10
255.43074
  20
186.44598
  42
0.69001963
  0
SEQEND
  0
POLYLINE
  5
9fc
  8
Layer_0
  62
7
  70
1
  66
1
  10
0
  20
0
  30
0
  0
VERTEX
  5
9fc
  8
Layer_0
  10
250.44203
  20
186.61267
  42
0.34079139
  0
VERTEX
  5
9fd
  8
Layer_0
  10
250.33487
  20
187.5493
  42
0.29476922
  0
VERTEX
  5
9fe
  8
Layer_0
  10
249.54509
  20
187.74377
  42
0.31263503
  0
VERTEX
  5
9ff
  8
Layer_0
  10
249.02121
  20
186.97383
  0
VERTEX
  5
a00
  8
Layer_0
  10
249.04955
  20
186.82345
  0
VERTEX
  5
a01
  8
Layer_0
  10
249.12589
  20
186.6608
  0
VERTEX
  5
a02
  8
Layer_0
  10
249.2372
  20
186.50781
  0
VERTEX
  5
a03
  8
Layer_0
  10
249.37047
  20
186.38646
  42
0.43081973
  0
SEQEND
  0
POLYLINE
  5
a05
  8
Layer_0
  62
7
  70
1
  66
1
  10
0
  20
0
  30
0
  0
VERTEX
  5
a05
  8
Layer_0
  10
251.85094
  20
187.77948
  42
0.12100625
  0
VERTEX
  5
a06
  8
Layer_0
  10
251.56122
  20
187.75171
  0
VERTEX
  5
a07
  8
Layer_0
  10
251.34875
  20
187.62606
  0
VERTEX
  5
a08
  8
Layer_0
  10
251.19125
  20
187.46019
  0
VERTEX
  5
a09
  8
Layer_0
  10
251.08975
  20
187.26706
  0
VERTEX
  5
a0a
  8
Layer_0
  10
251.04528
  20
187.05965
  0
VERTEX
  5
a0b
  8
Layer_0
  10
251.05884
  20
186.85095
  0
VERTEX
  5
a0c
  8
Layer_0
  10
251.13147
  20
186.65391
  0
VERTEX
  5
a0d
  8
Layer_0
  10
251.26419
  20
186.48153
  0
VERTEX
  5
a0e
  8
Layer_0
  10
251.45802
  20
186.34677
  0
VERTEX
  5
a0f
  8
Layer_0
  10
251.62348
  20
186.28141
  0
VERTEX
  5
a10
  8
Layer_0
  10
251.78148
  20
186.25251
  0
VERTEX
  5
a11
  8
Layer_0
  10
251.93353
  20
186.26082
  0
VERTEX
  5
a12
  8
Layer_0
  10
252.08112
  20
186.30708
  42
0.13960474
  0
VERTEX
  5
a13
  8
Layer_0
  10
252.44624
  20
186.62457
  0
VERTEX
  5
a14
  8
Layer_0
  10
252.52989
  20
186.8002
  0
VERTEX
  5
a15
  8
Layer_0
  10
252.55805
  20
186.98698
  0
VERTEX
  5
a16
  8
Layer_0
  10
252.53589
  20
187.17487
  0
VERTEX
  5
a17
  8
Layer_0
  10
252.46857
  20
187.35384
  0
VERTEX
  5
a18
  8
Layer_0
  10
252.36125
  20
187.51383
  0
VERTEX
  5
a19
  8
Layer_0
  10
252.2191
  20
187.6448
  0
VERTEX
  5
a1a
  8
Layer_0
  10
252.04727
  20
187.7367
  0
VERTEX
  5
a1b
  8
Layer_0
  10
251.85094
  20
187.77949
  0
SEQEND
  0
POLYLINE
  5
a1d
  8
Layer_0
  62
7
  70
1
  66
1
  10
0
  20
0
  30
0
  0
VERTEX
  5
a1d
  8
Layer_0
  10
253.99008
  20
187.75568
  42
-0.3358031
  0
VERTEX
  5
a1e
  8
Layer_0
  10
254.53778
  20
187.02145
  42
-0.20855114
  0
VERTEX
  5
a1f
  8
Layer_0
  10
254.29568
  20
186.46185
  42
-0.30605898
  0
VERTEX
  5
a20
  8
Layer_0
  10
253.4424
  20
186.34677
  42
-0.66208675
  0
VERTEX
  5
a21
  8
Layer_0
  10
253.52971
  20
187.73584
  42
-0.15237909
  0
SEQEND
  0
POLYLINE
  5
a23
  8
Layer_0
  62
7
  70
1
  66
1
  10
0
  20
0
  30
0
  0
VERTEX
  5
a23
  8
Layer_0
  10
122.581
  20
200.38978
  0
VERTEX
  5
a24
  8
Layer_0
  10
122.81142
  20
200.38979
  0
VERTEX
  5
a25
  8
Layer_0
  10
123.01244
  20
200.38967
  0
VERTEX
  5
a26
  8
Layer_0
  10
123.18618
  20
200.38918
  0
VERTEX
  5
a27
  8
Layer_0
  10
123.33478
  20
200.38807
  0
VERTEX
  5
a28
  8
Layer_0
  10
123.56503
  20
200.38303
  0
VERTEX
  5
a29
  8
Layer_0
  10
123.72023
  20
200.37265
  0
VERTEX
  5
a2a
  8
Layer_0
  10
123.8174
  20
200.35498
  0
VERTEX
  5
a2b
  8
Layer_0
  10
123.87356
  20
200.32811
  0
VERTEX
  5
a2c
  8
Layer_0
  10
123.90573
  20
200.2901
  0
VERTEX
  5
a2d
  8
Layer_0
  10
123.93095
  20
200.23902
  42
-0.33404806
  0
VERTEX
  5
a2e
  8
Layer_0
  10
123.86014
  20
199.93523
  0
VERTEX
  5
a2f
  8
Layer_0
  10
123.78019
  20
199.86441
  0
VERTEX
  5
a30
  8
Layer_0
  10
122.59242
  20
199.86441
  0
VERTEX
  5
a31
  8
Layer_0
  10
121.40236
  20
199.86441
  0
VERTEX
  5
a32
  8
Layer_0
  10
121.3247
  20
199.94208
  42
-0.1989105
  0
VERTEX
  5
a33
  8
Layer_0
  10
121.24704
  20
200.12711
  42
-0.19891424
  0
VERTEX
  5
a34
  8
Layer_0
  10
121.3247
  20
200.31212
  0
VERTEX
  5
a35
  8
Layer_0
  10
121.40236
  20
200.38979
  0
VERTEX
  5
a36
  8
Layer_0
  10
122.581
  20
200.38979
  0
SEQEND
  0
POLYLINE
  5
a38
  8
Layer_0
  62
7
  70
1
  66
1
  10
0
  20
0
  30
0
  0
VERTEX
  5
a38
  8
Layer_0
  10
119.69836
  20
198.30204
  0
VERTEX
  5
a39
  8
Layer_0
  10
119.69576
  20
198.44028
  0
VERTEX
  5
a3a
  8
Layer_0
  10
119.68994
  20
198.54323
  0
VERTEX
  5
a3b
  8
Layer_0
  10
119.6762
  20
198.6161
  0
VERTEX
  5
a3c
  8
Layer_0
  10
119.64982
  20
198.66408
  0
VERTEX
  5
a3d
  8
Layer_0
  10
119.6061
  20
198.69236
  0
VERTEX
  5
a3e
  8
Layer_0
  10
119.54033
  20
198.70612
  0
VERTEX
  5
a3f
  8
Layer_0
  10
119.44778
  20
198.71058
  0
VERTEX
  5
a40
  8
Layer_0
  10
119.32376
  20
198.71091
  0
VERTEX
  5
a41
  8
Layer_0
  10
119.17007
  20
198.70973
  0
VERTEX
  5
a42
  8
Layer_0
  10
119.08278
  20
198.7032
  0
VERTEX
  5
a43
  8
Layer_0
  10
119.03659
  20
198.68682
  0
VERTEX
  5
a44
  8
Layer_0
  10
119.00626
  20
198.65609
  0
VERTEX
  5
a45
  8
Layer_0
  10
118.99259
  20
198.63472
  0
VERTEX
  5
a46
  8
Layer_0
  10
118.98213
  20
198.59952
  0
VERTEX
  5
a47
  8
Layer_0
  10
118.97446
  20
198.53728
  0
VERTEX
  5
a48
  8
Layer_0
  10
118.96914
  20
198.43481
  0
VERTEX
  5
a49
  8
Layer_0
  10
118.96575
  20
198.27891
  0
VERTEX
  5
a4a
  8
Layer_0
  10
118.96386
  20
198.05638
  0
VERTEX
  5
a4b
  8
Layer_0
  10
118.96303
  20
197.75404
  0
VERTEX
  5
a4c
  8
Layer_0
  10
118.96286
  20
197.35867
  0
VERTEX
  5
a4d
  8
Layer_0
  10
118.96291
  20
197.12746
  0
VERTEX
  5
a4e
  8
Layer_0
  10
118.96315
  20
196.92425
  0
VERTEX
  5
a4f
  8
Layer_0
  10
118.96373
  20
196.74718
  0
VERTEX
  5
a50
  8
Layer_0
  10
118.96478
  20
196.59436
  0
VERTEX
  5
a51
  8
Layer_0
  10
118.96888
  20
196.35404
  0
VERTEX
  5
a52
  8
Layer_0
  10
118.97656
  20
196.18831
  0
VERTEX
  5
a53
  8
Layer_0
  10
118.98895
  20
196.08223
  0
VERTEX
  5
a54
  8
Layer_0
  10
119.00718
  20
196.02082
  0
VERTEX
  5
a55
  8
Layer_0
  10
119.03237
  20
195.98912
  0
VERTEX
  5
a56
  8
Layer_0
  10
119.06564
  20
195.97217
  0
VERTEX
  5
a57
  8
Layer_0
  10
119.16872
  20
195.96275
  0
VERTEX
  5
a58
  8
Layer_0
  10
119.36259
  20
195.95847
  0
VERTEX
  5
a59
  8
Layer_0
  10
119.47585
  20
195.95864
  0
VERTEX
  5
a5a
  8
Layer_0
  10
119.55985
  20
195.96329
  0
VERTEX
  5
a5b
  8
Layer_0
  10
119.61896
  20
195.97859
  0
VERTEX
  5
a5c
  8
Layer_0
  10
119.65753
  20
196.01072
  0
VERTEX
  5
a5d
  8
Layer_0
  10
119.67994
  20
196.06588
  0
VERTEX
  5
a5e
  8
Layer_0
  10
119.69055
  20
196.15023
  0
VERTEX
  5
a5f
  8
Layer_0
  10
119.69371
  20
196.26998
  0
VERTEX
  5
a60
  8
Layer_0
  10
119.69379
  20
196.4313
  0
VERTEX
  5
a61
  8
Layer_0
  10
119.69379
  20
196.80362
  0
VERTEX
  5
a62
  8
Layer_0
  10
119.7509
  20
196.84016
  42
-0.17866908
  0
VERTEX
  5
a63
  8
Layer_0
  10
119.89252
  20
196.8653
  0
VERTEX
  5
a64
  8
Layer_0
  10
119.97735
  20
196.84145
  0
VERTEX
  5
a65
  8
Layer_0
  10
120.02471
  20
196.7842
  0
VERTEX
  5
a66
  8
Layer_0
  10
120.03842
  20
196.73207
  0
VERTEX
  5
a67
  8
Layer_0
  10
120.04766
  20
196.65843
  0
VERTEX
  5
a68
  8
Layer_0
  10
120.05407
  20
196.55887
  0
VERTEX
  5
a69
  8
Layer_0
  10
120.05926
  20
196.42901
  0
VERTEX
  5
a6a
  8
Layer_0
  10
120.06625
  20
196.2714
  0
VERTEX
  5
a6b
  8
Layer_0
  10
120.07875
  20
196.15148
  0
VERTEX
  5
a6c
  8
Layer_0
  10
120.10206
  20
196.06411
  0
VERTEX
  5
a6d
  8
Layer_0
  10
120.14149
  20
196.00415
  0
VERTEX
  5
a6e
  8
Layer_0
  10
120.20234
  20
195.96646
  0
VERTEX
  5
a6f
  8
Layer_0
  10
120.28989
  20
195.94591
  0
VERTEX
  5
a70
  8
Layer_0
  10
120.40947
  20
195.93734
  0
VERTEX
  5
a71
  8
Layer_0
  10
120.56635
  20
195.93563
  0
VERTEX
  5
a72
  8
Layer_0
  10
120.81076
  20
195.93562
  0
VERTEX
  5
a73
  8
Layer_0
  10
120.93182
  20
195.82828
  42
-0.014961985
  0
VERTEX
  5
a74
  8
Layer_0
  10
121.20364
  20
195.57701
  42
0.041464757
  0
VERTEX
  5
a75
  8
Layer_0
  10
121.40921
  20
195.392
  0
VERTEX
  5
a76
  8
Layer_0
  10
121.43481
  20
195.37982
  0
VERTEX
  5
a77
  8
Layer_0
  10
121.48338
  20
195.3704
  0
VERTEX
  5
a78
  8
Layer_0
  10
121.5691
  20
195.36328
  0
VERTEX
  5
a79
  8
Layer_0
  10
121.70616
  20
195.35802
  0
VERTEX
  5
a7a
  8
Layer_0
  10
121.90874
  20
195.35414
  0
VERTEX
  5
a7b
  8
Layer_0
  10
122.19105
  20
195.3512
  0
VERTEX
  5
a7c
  8
Layer_0
  10
122.36652
  20
195.34994
  0
VERTEX
  5
a7d
  8
Layer_0
  10
122.56725
  20
195.34874
  0
VERTEX
  5
a7e
  8
Layer_0
  10
122.795
  20
195.34755
  0
VERTEX
  5
a7f
  8
Layer_0
  10
123.05154
  20
195.34631
  0
VERTEX
  5
a80
  8
Layer_0
  10
123.42205
  20
195.34503
  0
VERTEX
  5
a81
  8
Layer_0
  10
123.74704
  20
195.34463
  0
VERTEX
  5
a82
  8
Layer_0
  10
124.02614
  20
195.34515
  0
VERTEX
  5
a83
  8
Layer_0
  10
124.25901
  20
195.3466
  0
VERTEX
  5
a84
  8
Layer_0
  10
124.44531
  20
195.34901
  0
VERTEX
  5
a85
  8
Layer_0
  10
124.58469
  20
195.35241
  0
VERTEX
  5
a86
  8
Layer_0
  10
124.67679
  20
195.35683
  0
VERTEX
  5
a87
  8
Layer_0
  10
124.72127
  20
195.3623
  42
0.12921686
  0
VERTEX
  5
a88
  8
Layer_0
  10
124.85832
  20
195.44681
  0
VERTEX
  5
a89
  8
Layer_0
  10
124.88923
  20
195.48854
  0
VERTEX
  5
a8a
  8
Layer_0
  10
124.90686
  20
195.55446
  0
VERTEX
  5
a8b
  8
Layer_0
  10
124.91244
  20
195.60887
  0
VERTEX
  5
a8c
  8
Layer_0
  10
124.91679
  20
195.68419
  0
VERTEX
  5
a8d
  8
Layer_0
  10
124.9206
  20
195.78537
  0
VERTEX
  5
a8e
  8
Layer_0
  10
124.92457
  20
195.91735
  0
VERTEX
  5
a8f
  8
Layer_0
  10
124.92913
  20
196.08074
  0
VERTEX
  5
a90
  8
Layer_0
  10
124.93535
  20
196.20166
  0
VERTEX
  5
a91
  8
Layer_0
  10
124.94745
  20
196.28651
  0
VERTEX
  5
a92
  8
Layer_0
  10
124.96968
  20
196.34164
  0
VERTEX
  5
a93
  8
Layer_0
  10
125.00625
  20
196.37343
  0
VERTEX
  5
a94
  8
Layer_0
  10
125.0614
  20
196.38825
  0
VERTEX
  5
a95
  8
Layer_0
  10
125.13936
  20
196.39247
  0
VERTEX
  5
a96
  8
Layer_0
  10
125.24435
  20
196.39246
  0
VERTEX
  5
a97
  8
Layer_0
  10
125.43019
  20
196.38718
  0
VERTEX
  5
a98
  8
Layer_0
  10
125.52502
  20
196.34678
  0
VERTEX
  5
a99
  8
Layer_0
  10
125.54788
  20
196.3019
  0
VERTEX
  5
a9a
  8
Layer_0
  10
125.55946
  20
196.23443
  0
VERTEX
  5
a9b
  8
Layer_0
  10
125.56361
  20
196.13976
  0
VERTEX
  5
a9c
  8
Layer_0
  10
125.56414
  20
196.01329
  0
VERTEX
  5
a9d
  8
Layer_0
  10
125.56449
  20
195.87948
  0
VERTEX
  5
a9e
  8
Layer_0
  10
125.56867
  20
195.77966
  0
VERTEX
  5
a9f
  8
Layer_0
  10
125.58136
  20
195.70886
  0
VERTEX
  5
aa0
  8
Layer_0
  10
125.60725
  20
195.6621
  0
VERTEX
  5
aa1
  8
Layer_0
  10
125.65102
  20
195.63439
  0
VERTEX
  5
aa2
  8
Layer_0
  10
125.71736
  20
195.62077
  0
VERTEX
  5
aa3
  8
Layer_0
  10
125.81094
  20
195.61624
  0
VERTEX
  5
aa4
  8
Layer_0
  10
125.93646
  20
195.61584
  0
VERTEX
  5
aa5
  8
Layer_0
  10
126.082
  20
195.61752
  0
VERTEX
  5
aa6
  8
Layer_0
  10
126.17744
  20
195.62412
  0
VERTEX
  5
aa7
  8
Layer_0
  10
126.24033
  20
195.63801
  0
VERTEX
  5
aa8
  8
Layer_0
  10
126.28822
  20
195.66153
  0
VERTEX
  5
aa9
  8
Layer_0
  10
126.37527
  20
195.72584
  0
VERTEX
  5
aaa
  8
Layer_0
  10
126.4227
  20
195.82142
  0
VERTEX
  5
aab
  8
Layer_0
  10
126.43578
  20
195.89793
  0
VERTEX
  5
aac
  8
Layer_0
  10
126.44401
  20
196.00265
  0
VERTEX
  5
aad
  8
Layer_0
  10
126.44908
  20
196.14239
  0
VERTEX
  5
aae
  8
Layer_0
  10
126.45268
  20
196.32394
  0
VERTEX
  5
aaf
  8
Layer_0
  10
126.45162
  20
196.55428
  0
VERTEX
  5
ab0
  8
Layer_0
  10
126.44415
  20
196.84159
  0
VERTEX
  5
ab1
  8
Layer_0
  10
126.4316
  20
197.16102
  0
VERTEX
  5
ab2
  8
Layer_0
  10
126.41528
  20
197.48773
  0
VERTEX
  5
ab3
  8
Layer_0
  10
126.39649
  20
197.79688
  0
VERTEX
  5
ab4
  8
Layer_0
  10
126.37656
  20
198.06363
  0
VERTEX
  5
ab5
  8
Layer_0
  10
126.35678
  20
198.26314
  0
VERTEX
  5
ab6
  8
Layer_0
  10
126.33847
  20
198.37056
  42
0.12548857
  0
VERTEX
  5
ab7
  8
Layer_0
  10
126.24939
  20
198.50533
  0
VERTEX
  5
ab8
  8
Layer_0
  10
126.16259
  20
198.56101
  0
VERTEX
  5
ab9
  8
Layer_0
  10
126.00042
  20
198.58071
  42
0.063325609
  0
VERTEX
  5
aba
  8
Layer_0
  10
125.73773
  20
198.57614
  0
VERTEX
  5
abb
  8
Layer_0
  10
125.65732
  20
198.55255
  0
VERTEX
  5
abc
  8
Layer_0
  10
125.61182
  20
198.50733
  0
VERTEX
  5
abd
  8
Layer_0
  10
125.59158
  20
198.42228
  0
VERTEX
  5
abe
  8
Layer_0
  10
125.58698
  20
198.2792
  0
VERTEX
  5
abf
  8
Layer_0
  10
125.58134
  20
198.11184
  0
VERTEX
  5
ac0
  8
Layer_0
  10
125.54015
  20
198.02651
  0
VERTEX
  5
ac1
  8
Layer_0
  10
125.49485
  20
198.00596
  0
VERTEX
  5
ac2
  8
Layer_0
  10
125.42701
  20
197.99557
  0
VERTEX
  5
ac3
  8
Layer_0
  10
125.33209
  20
197.99186
  0
VERTEX
  5
ac4
  8
Layer_0
  10
125.20552
  20
197.99139
  0
VERTEX
  5
ac5
  8
Layer_0
  10
125.07803
  20
197.9915
  0
VERTEX
  5
ac6
  8
Layer_0
  10
124.98349
  20
197.99524
  0
VERTEX
  5
ac7
  8
Layer_0
  10
124.91695
  20
198.00777
  0
VERTEX
  5
ac8
  8
Layer_0
  10
124.87346
  20
198.03422
  0
VERTEX
  5
ac9
  8
Layer_0
  10
124.84806
  20
198.07972
  0
VERTEX
  5
aca
  8
Layer_0
  10
124.8358
  20
198.14943
  0
VERTEX
  5
acb
  8
Layer_0
  10
124.83174
  20
198.24847
  0
VERTEX
  5
acc
  8
Layer_0
  10
124.83092
  20
198.38198
  0
VERTEX
  5
acd
  8
Layer_0
  10
124.82848
  20
198.55103
  0
VERTEX
  5
ace
  8
Layer_0
  10
124.81832
  20
198.68121
  0
VERTEX
  5
acf
  8
Layer_0
  10
124.7961
  20
198.77756
  0
VERTEX
  5
ad0
  8
Layer_0
  10
124.75754
  20
198.8451
  0
VERTEX
  5
ad1
  8
Layer_0
  10
124.6983
  20
198.88888
  0
VERTEX
  5
ad2
  8
Layer_0
  10
124.6141
  20
198.91391
  0
VERTEX
  5
ad3
  8
Layer_0
  10
124.50061
  20
198.92525
  0
VERTEX
  5
ad4
  8
Layer_0
  10
124.35352
  20
198.9279
  0
VERTEX
  5
ad5
  8
Layer_0
  10
124.22789
  20
198.92972
  0
VERTEX
  5
ad6
  8
Layer_0
  10
124.13824
  20
198.93561
  0
VERTEX
  5
ad7
  8
Layer_0
  10
124.07856
  20
198.94621
  0
VERTEX
  5
ad8
  8
Layer_0
  10
124.04287
  20
198.96217
  0
VERTEX
  5
ad9
  8
Layer_0
  10
123.98034
  20
199.0324
  0
VERTEX
  5
ada
  8
Layer_0
  10
123.89897
  20
199.15404
  42
0.098932226
  0
VERTEX
  5
adb
  8
Layer_0
  10
123.75507
  20
199.35048
  0
VERTEX
  5
adc
  8
Layer_0
  10
123.73153
  20
199.36047
  0
VERTEX
  5
add
  8
Layer_0
  10
123.68968
  20
199.36836
  0
VERTEX
  5
ade
  8
Layer_0
  10
123.62128
  20
199.37437
  0
VERTEX
  5
adf
  8
Layer_0
  10
123.51808
  20
199.37874
  0
VERTEX
  5
ae0
  8
Layer_0
  10
123.37184
  20
199.38173
  0
VERTEX
  5
ae1
  8
Layer_0
  10
123.17431
  20
199.38356
  0
VERTEX
  5
ae2
  8
Layer_0
  10
122.91725
  20
199.38448
  0
VERTEX
  5
ae3
  8
Layer_0
  10
122.59242
  20
199.38474
  0
VERTEX
  5
ae4
  8
Layer_0
  10
122.23562
  20
199.38456
  0
VERTEX
  5
ae5
  8
Layer_0
  10
121.96384
  20
199.3837
  0
VERTEX
  5
ae6
  8
Layer_0
  10
121.76465
  20
199.38173
  0
VERTEX
  5
ae7
  8
Layer_0
  10
121.62564
  20
199.37817
  0
VERTEX
  5
ae8
  8
Layer_0
  10
121.47845
  20
199.3645
  0
VERTEX
  5
ae9
  8
Layer_0
  10
121.42292
  20
199.33906
  0
VERTEX
  5
aea
  8
Layer_0
  10
121.38651
  20
199.30047
  0
VERTEX
  5
aeb
  8
Layer_0
  10
121.33041
  20
199.22913
  0
VERTEX
  5
aec
  8
Layer_0
  10
121.26231
  20
199.13509
  0
VERTEX
  5
aed
  8
Layer_0
  10
121.18993
  20
199.02841
  0
VERTEX
  5
aee
  8
Layer_0
  10
121.11209
  20
198.9173
  0
VERTEX
  5
aef
  8
Layer_0
  10
121.04517
  20
198.82997
  0
VERTEX
  5
af0
  8
Layer_0
  10
120.99239
  20
198.77047
  0
VERTEX
  5
af1
  8
Layer_0
  10
120.95695
  20
198.74289
  42
-0.09205649
  0
VERTEX
  5
af2
  8
Layer_0
  10
120.76508
  20
198.72232
  42
0.11643911
  0
VERTEX
  5
af3
  8
Layer_0
  10
120.56178
  20
198.68806
  0
VERTEX
  5
af4
  8
Layer_0
  10
120.49465
  20
198.63464
  0
VERTEX
  5
af5
  8
Layer_0
  10
120.39818
  20
198.52789
  0
VERTEX
  5
af6
  8
Layer_0
  10
120.27044
  20
198.36589
  0
VERTEX
  5
af7
  8
Layer_0
  10
120.10952
  20
198.14671
  0
VERTEX
  5
af8
  8
Layer_0
  10
120.00751
  20
198.01644
  0
VERTEX
  5
af9
  8
Layer_0
  10
119.92564
  20
197.94571
  0
VERTEX
  5
afa
  8
Layer_0
  10
119.85062
  20
197.92636
  0
VERTEX
  5
afb
  8
Layer_0
  10
119.76917
  20
197.95028
  0
VERTEX
  5
afc
  8
Layer_0
  10
119.70522
  20
197.97997
  0
VERTEX
  5
afd
  8
Layer_0
  10
119.69836
  20
198.30203
  0
SEQEND
  0
POLYLINE
  5
aff
  8
Layer_0
  62
7
  70
1
  66
1
  10
0
  20
0
  30
0
  0
VERTEX
  5
aff
  8
Layer_0
  10
121.86833
  20
195.91279
  0
VERTEX
  5
b00
  8
Layer_0
  10
121.84471
  20
195.93938
  0
VERTEX
  5
b01
  8
Layer_0
  10
121.86948
  20
196.03642
  0
VERTEX
  5
b02
  8
Layer_0
  10
121.90309
  20
196.11946
  0
VERTEX
  5
b03
  8
Layer_0
  10
121.95249
  20
196.22982
  0
VERTEX
  5
b04
  8
Layer_0
  10
122.01892
  20
196.37076
  0
VERTEX
  5
b05
  8
Layer_0
  10
122.1036
  20
196.5455
  0
VERTEX
  5
b06
  8
Layer_0
  10
122.20536
  20
196.75822
  0
VERTEX
  5
b07
  8
Layer_0
  10
122.28891
  20
196.93838
  0
VERTEX
  5
b08
  8
Layer_0
  10
122.34548
  20
197.06715
  0
VERTEX
  5
b09
  8
Layer_0
  10
122.36629
  20
197.12568
  0
VERTEX
  5
b0a
  8
Layer_0
  10
122.34898
  20
197.17044
  0
VERTEX
  5
b0b
  8
Layer_0
  10
122.28605
  20
197.19764
  0
VERTEX
  5
b0c
  8
Layer_0
  10
122.16103
  20
197.21113
  0
VERTEX
  5
b0d
  8
Layer_0
  10
121.95742
  20
197.21477
  0
VERTEX
  5
b0e
  8
Layer_0
  10
121.80495
  20
197.2162
  0
VERTEX
  5
b0f
  8
Layer_0
  10
121.70559
  20
197.22105
  0
VERTEX
  5
b10
  8
Layer_0
  10
121.65162
  20
197.23019
  0
VERTEX
  5
b11
  8
Layer_0
  10
121.63535
  20
197.24446
  0
VERTEX
  5
b12
  8
Layer_0
  10
122.44223
  20
198.06648
  0
VERTEX
  5
b13
  8
Layer_0
  10
123.28681
  20
198.85938
  42
-0.41421356
  0
VERTEX
  5
b14
  8
Layer_0
  10
123.32564
  20
198.82739
  0
VERTEX
  5
b15
  8
Layer_0
  10
123.30758
  20
198.77665
  0
VERTEX
  5
b16
  8
Layer_0
  10
123.25826
  20
198.66294
  0
VERTEX
  5
b17
  8
Layer_0
  10
123.18495
  20
198.50297
  0
VERTEX
  5
b18
  8
Layer_0
  10
123.09494
  20
198.31346
  0
VERTEX
  5
b19
  8
Layer_0
  10
123.00379
  20
198.11595
  0
VERTEX
  5
b1a
  8
Layer_0
  10
122.93276
  20
197.95313
  0
VERTEX
  5
b1b
  8
Layer_0
  10
122.88744
  20
197.83742
  0
VERTEX
  5
b1c
  8
Layer_0
  10
122.87337
  20
197.78125
  0
VERTEX
  5
b1d
  8
Layer_0
  10
122.88458
  20
197.75152
  0
VERTEX
  5
b1e
  8
Layer_0
  10
122.92876
  20
197.73356
  0
VERTEX
  5
b1f
  8
Layer_0
  10
123.03719
  20
197.72118
  0
VERTEX
  5
b20
  8
Layer_0
  10
123.24113
  20
197.70815
  0
VERTEX
  5
b21
  8
Layer_0
  10
123.42725
  20
197.69602
  0
VERTEX
  5
b22
  8
Layer_0
  10
123.53607
  20
197.68474
  0
VERTEX
  5
b23
  8
Layer_0
  10
123.58707
  20
197.67089
  0
VERTEX
  5
b24
  8
Layer_0
  10
123.59974
  20
197.65105
  0
VERTEX
  5
b25
  8
Layer_0
  10
122.74946
  20
196.76564
  0
SEQEND
  0
POLYLINE
  5
b27
  8
Layer_0
  62
7
  70
1
  66
1
  10
0
  20
0
  30
0
  0
VERTEX
  5
b27
  8
Layer_0
  10
119.93305
  20
189.01343
  42
0.25043552
  0
VERTEX
  5
b28
  8
Layer_0
  10
119.03776
  20
185.85818
  0
VERTEX
  5
b29
  8
Layer_0
  10
119.0798
  20
185.69266
  0
VERTEX
  5
b2a
  8
Layer_0
  10
119.13234
  20
185.51618
  0
VERTEX
  5
b2b
  8
Layer_0
  10
119.18268
  20
185.36914
  0
VERTEX
  5
b2c
  8
Layer_0
  10
119.21815
  20
185.29194
  0
VERTEX
  5
b2d
  8
Layer_0
  10
119.34071
  20
185.33203
  0
VERTEX
  5
b2e
  8
Layer_0
  10
119.45701
  20
185.39216
  42
0.082597242
  0
VERTEX
  5
b2f
  8
Layer_0
  10
119.41692
  20
185.5191
  42
-0.16807934
  0
VERTEX
  5
b30
  8
Layer_0
  10
119.39854
  20
187.65378
  42
-0.089226054
  0
VERTEX
  5
b31
  8
Layer_0
  10
119.93305
  20
188.61421
  42
-0.057240854
  0
VERTEX
  5
b32
  8
Layer_0
  10
120.45085
  20
189.12534
  42
-0.12287104
  0
VERTEX
  5
b33
  8
Layer_0
  10
121.91238
  20
189.7684
  42
-0.088670735
  0
VERTEX
  5
b34
  8
Layer_0
  10
122.95634
  20
189.7684
  42
-0.20594456
  0
VERTEX
  5
b35
  8
Layer_0
  10
125.12609
  20
188.34363
  42
-0.13749995
  0
VERTEX
  5
b36
  8
Layer_0
  10
125.6322
  20
186.70169
  42
-0.093881175
  0
VERTEX
  5
b37
  8
Layer_0
  10
125.46016
  20
185.55251
  42
-0.0055318401
  0
VERTEX
  5
b38
  8
Layer_0
  10
125.40838
  20
185.4072
  0
VERTEX
  5
b39
  8
Layer_0
  10
125.42821
  20
185.37629
  0
VERTEX
  5
b3a
  8
Layer_0
  10
125.51194
  20
185.33537
  42
0.099019229
  0
VERTEX
  5
b3b
  8
Layer_0
  10
125.63554
  20
185.29027
  0
VERTEX
  5
b3c
  8
Layer_0
  10
125.66164
  20
185.33307
  0
VERTEX
  5
b3d
  8
Layer_0
  10
125.70402
  20
185.43726
  42
0.17836023
  0
VERTEX
  5
b3e
  8
Layer_0
  10
125.69567
  20
187.80411
  42
0.10875952
  0
VERTEX
  5
b3f
  8
Layer_0
  10
124.88223
  20
189.0652
  42
0.16163744
  0
VERTEX
  5
b40
  8
Layer_0
  10
122.92294
  20
190.04234
  42
0.057087921
  0
VERTEX
  5
b41
  8
Layer_0
  10
122.19634
  20
190.07408
  42
0.077613014
  0
VERTEX
  5
b42
  8
Layer_0
  10
121.07054
  20
189.79848
  42
0.100967
  0
SEQEND
  0
POLYLINE
  5
b44
  8
Layer_0
  62
7
  70
1
  66
1
  10
0
  20
0
  30
0
  0
VERTEX
  5
b44
  8
Layer_0
  10
122.32997
  20
189.38257
  0
VERTEX
  5
b45
  8
Layer_0
  10
122.32997
  20
189.13202
  0
VERTEX
  5
b46
  8
Layer_0
  10
122.43019
  20
189.13202
  0
VERTEX
  5
b47
  8
Layer_0
  10
122.5304
  20
189.13202
  0
VERTEX
  5
b48
  8
Layer_0
  10
122.5304
  20
189.38257
  0
VERTEX
  5
b49
  8
Layer_0
  10
122.5304
  20
189.63312
  0
VERTEX
  5
b4a
  8
Layer_0
  10
122.43019
  20
189.63312
  0
VERTEX
  5
b4b
  8
Layer_0
  10
122.32997
  20
189.63312
  0
SEQEND
  0
POLYLINE
  5
b4d
  8
Layer_0
  62
7
  70
1
  66
1
  10
0
  20
0
  30
0
  0
VERTEX
  5
b4d
  8
Layer_0
  10
121.33278
  20
188.99505
  0
VERTEX
  5
b4e
  8
Layer_0
  10
121.28223
  20
189.11294
  0
VERTEX
  5
b4f
  8
Layer_0
  10
121.23778
  20
189.22409
  0
VERTEX
  5
b50
  8
Layer_0
  10
121.20618
  20
189.31051
  0
VERTEX
  5
b51
  8
Layer_0
  10
121.19415
  20
189.35417
  0
VERTEX
  5
b52
  8
Layer_0
  10
121.21273
  20
189.37588
  0
VERTEX
  5
b53
  8
Layer_0
  10
121.25762
  20
189.40261
  0
VERTEX
  5
b54
  8
Layer_0
  10
121.33654
  20
189.42954
  0
VERTEX
  5
b55
  8
Layer_0
  10
121.37287
  20
189.41263
  0
VERTEX
  5
b56
  8
Layer_0
  10
121.46704
  20
189.19946
  0
VERTEX
  5
b57
  8
Layer_0
  10
121.54491
  20
188.99004
  0
VERTEX
  5
b58
  8
Layer_0
  10
121.51986
  20
188.96498
  0
VERTEX
  5
b59
  8
Layer_0
  10
121.45973
  20
188.93492
  0
VERTEX
  5
b5a
  8
Layer_0
  10
121.37621
  20
188.89984
  0
VERTEX
  5
b5b
  8
Layer_0
  10
121.33278
  20
188.99506
  0
SEQEND
  0
POLYLINE
  5
b5d
  8
Layer_0
  62
7
  70
1
  66
1
  10
0
  20
0
  30
0
  0
VERTEX
  5
b5d
  8
Layer_0
  10
123.49418
  20
188.91988
  0
VERTEX
  5
b5e
  8
Layer_0
  10
123.5942
  20
189.14412
  0
VERTEX
  5
b5f
  8
Layer_0
  10
123.68293
  20
189.36085
  0
VERTEX
  5
b60
  8
Layer_0
  10
123.6061
  20
189.39989
  0
VERTEX
  5
b61
  8
Layer_0
  10
123.51423
  20
189.43267
  0
VERTEX
  5
b62
  8
Layer_0
  10
123.49439
  20
189.4143
  0
VERTEX
  5
b63
  8
Layer_0
  10
123.4708
  20
189.37087
  42
-0.0084168457
  0
VERTEX
  5
b64
  8
Layer_0
  10
123.3806
  20
189.15707
  0
VERTEX
  5
b65
  8
Layer_0
  10
123.33488
  20
189.04579
  0
VERTEX
  5
b66
  8
Layer_0
  10
123.31546
  20
188.98837
  0
VERTEX
  5
b67
  8
Layer_0
  10
123.39981
  20
188.93534
  0
SEQEND
  0
POLYLINE
  5
b69
  8
Layer_0
  62
7
  70
1
  66
1
  10
0
  20
0
  30
0
  0
VERTEX
  5
b69
  8
Layer_0
  10
120.2905
  20
188.75119
  0
VERTEX
  5
b6a
  8
Layer_0
  10
120.217
  20
188.68269
  0
VERTEX
  5
b6b
  8
Layer_0
  10
120.39573
  20
188.5023
  0
VERTEX
  5
b6c
  8
Layer_0
  10
120.57613
  20
188.3219
  0
VERTEX
  5
b6d
  8
Layer_0
  10
120.64628
  20
188.39374
  0
VERTEX
  5
b6e
  8
Layer_0
  10
120.7181
  20
188.46388
  0
VERTEX
  5
b6f
  8
Layer_0
  10
120.53938
  20
188.64095
  0
VERTEX
  5
b70
  8
Layer_0
  10
120.36232
  20
188.81967
  0
SEQEND
  0
POLYLINE
  5
b72
  8
Layer_0
  62
7
  70
1
  66
1
  10
0
  20
0
  30
0
  0
VERTEX
  5
b72
  8
Layer_0
  10
124.5682
  20
188.75619
  0
VERTEX
  5
b73
  8
Layer_0
  10
124.61539
  20
188.70713
  0
VERTEX
  5
b74
  8
Layer_0
  10
124.63502
  20
188.67936
  0
VERTEX
  5
b75
  8
Layer_0
  10
124.46882
  20
188.5046
  0
VERTEX
  5
b76
  8
Layer_0
  10
124.28759
  20
188.3336
  0
VERTEX
  5
b77
  8
Layer_0
  10
124.25961
  20
188.35093
  0
VERTEX
  5
b78
  8
Layer_0
  10
124.20908
  20
188.39707
  0
VERTEX
  5
b79
  8
Layer_0
  10
124.14394
  20
188.46388
  0
VERTEX
  5
b7a
  8
Layer_0
  10
124.32266
  20
188.64261
  0
VERTEX
  5
b7b
  8
Layer_0
  10
124.50139
  20
188.82133
  0
VERTEX
  5
b7c
  8
Layer_0
  10
124.56821
  20
188.7562
  0
SEQEND
  0
POLYLINE
  5
b7e
  8
Layer_0
  62
7
  70
1
  66
1
  10
0
  20
0
  30
0
  0
VERTEX
  5
b7e
  8
Layer_0
  10
119.70422
  20
187.62872
  42
-0.010774829
  0
VERTEX
  5
b7f
  8
Layer_0
  10
119.84953
  20
187.56859
  0
VERTEX
  5
b80
  8
Layer_0
  10
119.9842
  20
187.51368
  0
VERTEX
  5
b81
  8
Layer_0
  10
120.04997
  20
187.4951
  0
VERTEX
  5
b82
  8
Layer_0
  10
120.09445
  20
187.56045
  0
VERTEX
  5
b83
  8
Layer_0
  10
120.12514
  20
187.65712
  42
0.32283542
  0
VERTEX
  5
b84
  8
Layer_0
  10
120.08004
  20
187.6922
  42
-0.0070308463
  0
VERTEX
  5
b85
  8
Layer_0
  10
119.86958
  20
187.77737
  0
VERTEX
  5
b86
  8
Layer_0
  10
119.7466
  20
187.82603
  0
VERTEX
  5
b87
  8
Layer_0
  10
119.6825
  20
187.84587
  0
VERTEX
  5
b88
  8
Layer_0
  10
119.65953
  20
187.82624
  0
VERTEX
  5
b89
  8
Layer_0
  10
119.63406
  20
187.77905
  42
0.097385298
  0
VERTEX
  5
b8a
  8
Layer_0
  10
119.60734
  20
187.69052
  0
VERTEX
  5
b8b
  8
Layer_0
  10
119.63573
  20
187.66338
  0
SEQEND
  0
POLYLINE
  5
b8d
  8
Layer_0
  62
7
  70
1
  66
1
  10
0
  20
0
  30
0
  0
VERTEX
  5
b8d
  8
Layer_0
  10
125.22297
  20
187.65545
  0
VERTEX
  5
b8e
  8
Layer_0
  10
124.98411
  20
187.55544
  0
VERTEX
  5
b8f
  8
Layer_0
  10
124.8104
  20
187.50178
  0
VERTEX
  5
b90
  8
Layer_0
  10
124.7605
  20
187.58404
  0
VERTEX
  5
b91
  8
Layer_0
  10
124.73691
  20
187.66881
  42
-0.015636633
  0
VERTEX
  5
b92
  8
Layer_0
  10
124.94403
  20
187.759
  0
VERTEX
  5
b93
  8
Layer_0
  10
125.09456
  20
187.8181
  0
VERTEX
  5
b94
  8
Layer_0
  10
125.1762
  20
187.84085
  0
VERTEX
  5
b95
  8
Layer_0
  10
125.2071
  20
187.81872
  0
VERTEX
  5
b96
  8
Layer_0
  10
125.238
  20
187.75901
  0
VERTEX
  5
b97
  8
Layer_0
  10
125.26974
  20
187.67883
  0
VERTEX
  5
b98
  8
Layer_0
  10
125.22297
  20
187.65546
  0
SEQEND
  0
POLYLINE
  5
b9a
  8
Layer_0
  62
7
  70
1
  66
1
  10
0
  20
0
  30
0
  0
VERTEX
  5
b9a
  8
Layer_0
  10
122.94465
  20
186.52631
  42
-0.24005911
  0
VERTEX
  5
b9b
  8
Layer_0
  10
122.65067
  20
186.14047
  42
-0.24260044
  0
VERTEX
  5
b9c
  8
Layer_0
  10
122.21304
  20
186.14047
  42
-0.15560248
  0
VERTEX
  5
b9d
  8
Layer_0
  10
121.96584
  20
186.38434
  42
-0.23058855
  0
VERTEX
  5
b9e
  8
Layer_0
  10
121.95915
  20
186.82028
  42
-0.4585198
  0
VERTEX
  5
b9f
  8
Layer_0
  10
122.71748
  20
187.04077
  0
VERTEX
  5
ba0
  8
Layer_0
  10
122.79766
  20
186.99066
  0
VERTEX
  5
ba1
  8
Layer_0
  10
122.93462
  20
187.03409
  42
0.0017569098
  0
VERTEX
  5
ba2
  8
Layer_0
  10
124.02534
  20
187.3882
  0
VERTEX
  5
ba3
  8
Layer_0
  10
124.1685
  20
187.43272
  0
VERTEX
  5
ba4
  8
Layer_0
  10
124.26107
  20
187.45501
  0
VERTEX
  5
ba5
  8
Layer_0
  10
124.31638
  20
187.45725
  0
VERTEX
  5
ba6
  8
Layer_0
  10
124.34772
  20
187.44165
  42
-0.44702015
  0
VERTEX
  5
ba7
  8
Layer_0
  10
124.33937
  20
187.30969
  0
VERTEX
  5
ba8
  8
Layer_0
  10
124.32004
  20
187.2978
  0
VERTEX
  5
ba9
  8
Layer_0
  10
124.27527
  20
187.27315
  0
VERTEX
  5
baa
  8
Layer_0
  10
124.20795
  20
187.23723
  0
VERTEX
  5
bab
  8
Layer_0
  10
124.12097
  20
187.19152
  0
VERTEX
  5
bac
  8
Layer_0
  10
123.89966
  20
187.07668
  0
VERTEX
  5
bad
  8
Layer_0
  10
123.63449
  20
186.94055
  0
VERTEX
  5
bae
  8
Layer_0
  10
122.95634
  20
186.59647
  0
SEQEND
  0
POLYLINE
  5
bb0
  8
Layer_0
  62
7
  70
1
  66
1
  10
0
  20
0
  30
0
  0
VERTEX
  5
bb0
  8
Layer_0
  10
119.4069
  20
186.60983
  0
VERTEX
  5
bb1
  8
Layer_0
  10
119.4069
  20
186.50961
  0
VERTEX
  5
bb2
  8
Layer_0
  10
119.65745
  20
186.50961
  0
VERTEX
  5
bb3
  8
Layer_0
  10
119.908
  20
186.50961
  0
VERTEX
  5
bb4
  8
Layer_0
  10
119.908
  20
186.60983
  0
VERTEX
  5
bb5
  8
Layer_0
  10
119.908
  20
186.71005
  0
VERTEX
  5
bb6
  8
Layer_0
  10
119.65745
  20
186.71005
  0
VERTEX
  5
bb7
  8
Layer_0
  10
119.4069
  20
186.71005
  0
SEQEND
  0
POLYLINE
  5
bb9
  8
Layer_0
  62
7
  70
1
  66
1
  10
0
  20
0
  30
0
  0
VERTEX
  5
bb9
  8
Layer_0
  10
125.20293
  20
186.50961
  0
VERTEX
  5
bba
  8
Layer_0
  10
125.34723
  20
186.51023
  0
VERTEX
  5
bbb
  8
Layer_0
  10
125.42278
  20
186.51462
  0
VERTEX
  5
bbc
  8
Layer_0
  10
125.45355
  20
186.52652
  0
VERTEX
  5
bbd
  8
Layer_0
  10
125.4635
  20
186.54969
  42
0.083109863
  0
VERTEX
  5
bbe
  8
Layer_0
  10
125.46684
  20
186.6449
  0
VERTEX
  5
bbf
  8
Layer_0
  10
125.46183
  20
186.70169
  0
VERTEX
  5
bc0
  8
Layer_0
  10
125.21796
  20
186.7067
  0
VERTEX
  5
bc1
  8
Layer_0
  10
125.04341
  20
186.70587
  0
VERTEX
  5
bc2
  8
Layer_0
  10
124.96407
  20
186.70002
  0
VERTEX
  5
bc3
  8
Layer_0
  10
124.95572
  20
186.66536
  0
VERTEX
  5
bc4
  8
Layer_0
  10
124.95238
  20
186.59813
  0
VERTEX
  5
bc5
  8
Layer_0
  10
124.95238
  20
186.50961
  0
VERTEX
  5
bc6
  8
Layer_0
  10
125.20293
  20
186.50961
  0
SEQEND
  0
POLYLINE
  5
bc8
  8
Layer_0
  62
7
  70
1
  66
1
  10
0
  20
0
  30
0
  0
VERTEX
  5
bc8
  8
Layer_0
  10
189.92243
  20
196.15369
  0
VERTEX
  5
bc9
  8
Layer_0
  10
189.66946
  20
195.88084
  0
VERTEX
  5
bca
  8
Layer_0
  10
189.40755
  20
195.52151
  0
VERTEX
  5
bcb
  8
Layer_0
  10
189.30864
  20
195.37186
  0
VERTEX
  5
bcc
  8
Layer_0
  10
189.22279
  20
195.2595
  0
VERTEX
  5
bcd
  8
Layer_0
  10
189.14196
  20
195.18168
  0
VERTEX
  5
bce
  8
Layer_0
  10
189.05816
  20
195.1356
  0
VERTEX
  5
bcf
  8
Layer_0
  10
188.96336
  20
195.1185
  0
VERTEX
  5
bd0
  8
Layer_0
  10
188.84954
  20
195.12762
  0
VERTEX
  5
bd1
  8
Layer_0
  10
188.70871
  20
195.16017
  0
VERTEX
  5
bd2
  8
Layer_0
  10
188.53284
  20
195.21338
  0
VERTEX
  5
bd3
  8
Layer_0
  10
188.32879
  20
195.2814
  0
VERTEX
  5
bd4
  8
Layer_0
  10
188.1827
  20
195.33862
  0
VERTEX
  5
bd5
  8
Layer_0
  10
188.078
  20
195.39285
  0
VERTEX
  5
bd6
  8
Layer_0
  10
187.99808
  20
195.45193
  42
-0.18055268
  0
VERTEX
  5
bd7
  8
Layer_0
  10
187.8132
  20
195.80579
  0
VERTEX
  5
bd8
  8
Layer_0
  10
187.81229
  20
195.86509
  0
VERTEX
  5
bd9
  8
Layer_0
  10
187.81972
  20
195.9507
  0
VERTEX
  5
bda
  8
Layer_0
  10
187.83507
  20
196.06058
  0
VERTEX
  5
bdb
  8
Layer_0
  10
187.85792
  20
196.1927
  0
VERTEX
  5
bdc
  8
Layer_0
  10
187.92446
  20
196.51559
  0
VERTEX
  5
bdd
  8
Layer_0
  10
188.01597
  20
196.90315
  0
VERTEX
  5
bde
  8
Layer_0
  10
188.12047
  20
197.32022
  0
VERTEX
  5
bdf
  8
Layer_0
  10
188.20563
  20
197.66964
  0
VERTEX
  5
be0
  8
Layer_0
  10
188.27337
  20
197.96072
  0
VERTEX
  5
be1
  8
Layer_0
  10
188.32559
  20
198.20279
  0
VERTEX
  5
be2
  8
Layer_0
  10
188.39113
  20
198.57715
  0
VERTEX
  5
be3
  8
Layer_0
  10
188.41753
  20
198.86727
  0
VERTEX
  5
be4
  8
Layer_0
  10
188.42947
  20
199.12968
  0
VERTEX
  5
be5
  8
Layer_0
  10
188.38174
  20
199.12968
  42
0.041309464
  0
VERTEX
  5
be6
  8
Layer_0
  10
188.09549
  20
199.08992
  0
VERTEX
  5
be7
  8
Layer_0
  10
187.8933
  20
199.06084
  0
VERTEX
  5
be8
  8
Layer_0
  10
187.75281
  20
199.05115
  0
VERTEX
  5
be9
  8
Layer_0
  10
187.66189
  20
199.06084
  0
VERTEX
  5
bea
  8
Layer_0
  10
187.60843
  20
199.08992
  0
VERTEX
  5
beb
  8
Layer_0
  10
187.571
  20
199.15353
  0
VERTEX
  5
bec
  8
Layer_0
  10
187.58781
  20
199.22609
  0
VERTEX
  5
bed
  8
Layer_0
  10
187.66462
  20
199.31804
  0
VERTEX
  5
bee
  8
Layer_0
  10
187.80723
  20
199.4398
  0
VERTEX
  5
bef
  8
Layer_0
  10
188.2425
  20
199.75353
  0
VERTEX
  5
bf0
  8
Layer_0
  10
188.67125
  20
200.00687
  0
VERTEX
  5
bf1
  8
Layer_0
  10
189.08844
  20
200.19684
  0
VERTEX
  5
bf2
  8
Layer_0
  10
189.48905
  20
200.32047
  42
0.29862397
  0
VERTEX
  5
bf3
  8
Layer_0
  10
189.60435
  20
200.41788
  42
0.074420045
  0
VERTEX
  5
bf4
  8
Layer_0
  10
189.59242
  20
201.06396
  0
VERTEX
  5
bf5
  8
Layer_0
  10
189.58034
  20
201.16278
  0
VERTEX
  5
bf6
  8
Layer_0
  10
189.57776
  20
201.21928
  0
VERTEX
  5
bf7
  8
Layer_0
  10
189.58599
  20
201.24932
  0
VERTEX
  5
bf8
  8
Layer_0
  10
189.60634
  20
201.26873
  0
VERTEX
  5
bf9
  8
Layer_0
  10
189.74276
  20
201.29507
  0
VERTEX
  5
bfa
  8
Layer_0
  10
189.92243
  20
201.24687
  42
-0.16920967
  0
VERTEX
  5
bfb
  8
Layer_0
  10
190.30811
  20
200.84132
  42
-0.11495703
  0
VERTEX
  5
bfc
  8
Layer_0
  10
190.38165
  20
200.52126
  0
VERTEX
  5
bfd
  8
Layer_0
  10
190.38165
  20
200.3483
  0
VERTEX
  5
bfe
  8
Layer_0
  10
190.50093
  20
200.3165
  0
VERTEX
  5
bff
  8
Layer_0
  10
190.78066
  20
200.22577
  0
VERTEX
  5
c00
  8
Layer_0
  10
191.06107
  20
200.10062
  0
VERTEX
  5
c01
  8
Layer_0
  10
191.34041
  20
199.94238
  0
VERTEX
  5
c02
  8
Layer_0
  10
191.61693
  20
199.75241
  0
VERTEX
  5
c03
  8
Layer_0
  10
191.88888
  20
199.53206
  0
VERTEX
  5
c04
  8
Layer_0
  10
192.15452
  20
199.28269
  0
VERTEX
  5
c05
  8
Layer_0
  10
192.41209
  20
199.00564
  0
VERTEX
  5
c06
  8
Layer_0
  10
192.65987
  20
198.70226
  42
-0.06870558
  0
VERTEX
  5
c07
  8
Layer_0
  10
193.41528
  20
197.3902
  42
-0.10903993
  0
VERTEX
  5
c08
  8
Layer_0
  10
193.46896
  20
197.08206
  0
VERTEX
  5
c09
  8
Layer_0
  10
193.44529
  20
196.91769
  0
VERTEX
  5
c0a
  8
Layer_0
  10
193.38696
  20
196.77046
  0
VERTEX
  5
c0b
  8
Layer_0
  10
193.28166
  20
196.618
  0
VERTEX
  5
c0c
  8
Layer_0
  10
193.1171
  20
196.43797
  42
0.0056293593
  0
VERTEX
  5
c0d
  8
Layer_0
  10
192.72546
  20
196.02646
  0
VERTEX
  5
c0e
  8
Layer_0
  10
192.55299
  20
195.84175
  0
VERTEX
  5
c0f
  8
Layer_0
  10
192.31588
  20
195.59103
  0
VERTEX
  5
c10
  8
Layer_0
  10
192.0388
  20
195.29996
  0
VERTEX
  5
c11
  8
Layer_0
  10
191.74639
  20
194.9942
  0
VERTEX
  5
c12
  8
Layer_0
  10
191.4633
  20
194.69945
  0
VERTEX
  5
c13
  8
Layer_0
  10
191.21417
  20
194.44136
  0
VERTEX
  5
c14
  8
Layer_0
  10
191.11005
  20
194.33409
  0
VERTEX
  5
c15
  8
Layer_0
  10
191.02366
  20
194.24562
  0
VERTEX
  5
c16
  8
Layer_0
  10
190.95809
  20
194.17915
  0
VERTEX
  5
c17
  8
Layer_0
  10
190.91641
  20
194.13789
  0
VERTEX
  5
c18
  8
Layer_0
  10
190.79468
  20
194.03315
  0
VERTEX
  5
c19
  8
Layer_0
  10
190.68954
  20
193.9709
  0
VERTEX
  5
c1a
  8
Layer_0
  10
190.58402
  20
193.94443
  0
VERTEX
  5
c1b
  8
Layer_0
  10
190.46117
  20
193.94704
  42
-0.2579692
  0
VERTEX
  5
c1c
  8
Layer_0
  10
189.92242
  20
194.32874
  0
VERTEX
  5
c1d
  8
Layer_0
  10
189.8823
  20
194.44571
  0
VERTEX
  5
c1e
  8
Layer_0
  10
189.86975
  20
194.57872
  0
VERTEX
  5
c1f
  8
Layer_0
  10
189.88553
  20
194.7408
  0
VERTEX
  5
c20
  8
Layer_0
  10
189.93038
  20
194.945
  0
VERTEX
  5
c21
  8
Layer_0
  10
189.97463
  20
195.12205
  0
VERTEX
  5
c22
  8
Layer_0
  10
190.00965
  20
195.26851
  0
VERTEX
  5
c23
  8
Layer_0
  10
190.03647
  20
195.39107
  0
VERTEX
  5
c24
  8
Layer_0
  10
190.05612
  20
195.49642
  0
VERTEX
  5
c25
  8
Layer_0
  10
190.07799
  20
195.6822
  0
VERTEX
  5
c26
  8
Layer_0
  10
190.08346
  20
195.87935
  0
VERTEX
  5
c27
  8
Layer_0
  10
190.08194
  20
196.00686
  0
VERTEX
  5
c28
  8
Layer_0
  10
190.07724
  20
196.10175
  0
VERTEX
  5
c29
  8
Layer_0
  10
190.0692
  20
196.16645
  0
VERTEX
  5
c2a
  8
Layer_0
  10
190.05761
  20
196.20339
  0
VERTEX
  5
c2b
  8
Layer_0
  10
190.03177
  20
196.24712
  0
VERTEX
  5
c2c
  8
Layer_0
  10
189.92242
  20
196.15369
  0
SEQEND
  0
POLYLINE
  5
c2e
  8
Layer_0
  62
7
  70
1
  66
1
  10
0
  20
0
  30
0
  0
VERTEX
  5
c2e
  8
Layer_0
  10
190.489
  20
196.267
  42
-0.07946935
  0
VERTEX
  5
c2f
  8
Layer_0
  10
190.38364
  20
194.96091
  0
VERTEX
  5
c30
  8
Layer_0
  10
190.35568
  20
194.83983
  0
VERTEX
  5
c31
  8
Layer_0
  10
190.33295
  20
194.73179
  0
VERTEX
  5
c32
  8
Layer_0
  10
190.31766
  20
194.64836
  0
VERTEX
  5
c33
  8
Layer_0
  10
190.31207
  20
194.60108
  0
VERTEX
  5
c34
  8
Layer_0
  10
190.34761
  20
194.51784
  0
VERTEX
  5
c35
  8
Layer_0
  10
190.45918
  20
194.4659
  0
VERTEX
  5
c36
  8
Layer_0
  10
190.49779
  20
194.46686
  0
VERTEX
  5
c37
  8
Layer_0
  10
190.55485
  20
194.50342
  0
VERTEX
  5
c38
  8
Layer_0
  10
190.59909
  20
194.54245
  0
VERTEX
  5
c39
  8
Layer_0
  10
190.6585
  20
194.59925
  0
VERTEX
  5
c3a
  8
Layer_0
  10
190.7366
  20
194.67679
  0
VERTEX
  5
c3b
  8
Layer_0
  10
190.83689
  20
194.77801
  0
VERTEX
  5
c3c
  8
Layer_0
  10
191.4499
  20
195.41317
  0
VERTEX
  5
c3d
  8
Layer_0
  10
192.12087
  20
196.12884
  0
VERTEX
  5
c3e
  8
Layer_0
  10
192.42119
  20
196.45536
  0
VERTEX
  5
c3f
  8
Layer_0
  10
192.66772
  20
196.72821
  0
VERTEX
  5
c40
  8
Layer_0
  10
192.7637
  20
196.83682
  0
VERTEX
  5
c41
  8
Layer_0
  10
192.83769
  20
196.92278
  0
VERTEX
  5
c42
  8
Layer_0
  10
192.88686
  20
196.98303
  0
VERTEX
  5
c43
  8
Layer_0
  10
192.90836
  20
197.01448
  0
VERTEX
  5
c44
  8
Layer_0
  10
192.93296
  20
197.13301
  0
VERTEX
  5
c45
  8
Layer_0
  10
192.88451
  20
197.29478
  42
0.051287002
  0
VERTEX
  5
c46
  8
Layer_0
  10
192.39348
  20
198.17545
  42
0.077541422
  0
VERTEX
  5
c47
  8
Layer_0
  10
191.41141
  20
199.27083
  0
VERTEX
  5
c48
  8
Layer_0
  10
191.1222
  20
199.48242
  0
VERTEX
  5
c49
  8
Layer_0
  10
190.83913
  20
199.65599
  0
VERTEX
  5
c4a
  8
Layer_0
  10
190.57582
  20
199.78409
  0
VERTEX
  5
c4b
  8
Layer_0
  10
190.34586
  20
199.85926
  42
-0.12927532
  0
VERTEX
  5
c4c
  8
Layer_0
  10
190.1073
  20
199.96463
  42
0.063128292
  0
VERTEX
  5
c4d
  8
Layer_0
  10
189.98007
  20
200.06004
  0
VERTEX
  5
c4e
  8
Layer_0
  10
189.93746
  20
200.07878
  0
VERTEX
  5
c4f
  8
Layer_0
  10
189.91348
  20
200.07421
  0
VERTEX
  5
c50
  8
Layer_0
  10
189.90292
  20
200.0402
  0
VERTEX
  5
c51
  8
Layer_0
  10
189.90056
  20
199.97059
  42
-0.1219882
  0
VERTEX
  5
c52
  8
Layer_0
  10
189.84888
  20
199.75589
  0
VERTEX
  5
c53
  8
Layer_0
  10
189.76672
  20
199.63503
  0
VERTEX
  5
c54
  8
Layer_0
  10
189.65828
  20
199.53001
  0
VERTEX
  5
c55
  8
Layer_0
  10
189.54276
  20
199.45592
  0
VERTEX
  5
c56
  8
Layer_0
  10
189.43935
  20
199.42787
  0
VERTEX
  5
c57
  8
Layer_0
  10
189.37126
  20
199.47459
  0
VERTEX
  5
c58
  8
Layer_0
  10
189.33002
  20
199.6048
  0
VERTEX
  5
c59
  8
Layer_0
  10
189.29827
  20
199.72728
  0
VERTEX
  5
c5a
  8
Layer_0
  10
189.24602
  20
199.79739
  0
VERTEX
  5
c5b
  8
Layer_0
  10
189.17066
  20
199.81643
  0
VERTEX
  5
c5c
  8
Layer_0
  10
189.06959
  20
199.78571
  42
0.15938277
  0
VERTEX
  5
c5d
  8
Layer_0
  10
188.83701
  20
199.54118
  42
0.15851651
  0
VERTEX
  5
c5e
  8
Layer_0
  10
188.81314
  20
199.36029
  42
-0.035479545
  0
VERTEX
  5
c5f
  8
Layer_0
  10
188.82904
  20
198.87125
  42
-0.049567676
  0
VERTEX
  5
c60
  8
Layer_0
  10
188.73361
  20
198.02635
  42
-0.0060162803
  0
VERTEX
  5
c61
  8
Layer_0
  10
188.55272
  20
197.22122
  0
VERTEX
  5
c62
  8
Layer_0
  10
188.48055
  20
196.9225
  0
VERTEX
  5
c63
  8
Layer_0
  10
188.41934
  20
196.65379
  0
VERTEX
  5
c64
  8
Layer_0
  10
188.3694
  20
196.41694
  0
VERTEX
  5
c65
  8
Layer_0
  10
188.33106
  20
196.21382
  0
VERTEX
  5
c66
  8
Layer_0
  10
188.30465
  20
196.04631
  0
VERTEX
  5
c67
  8
Layer_0
  10
188.29049
  20
195.91625
  0
VERTEX
  5
c68
  8
Layer_0
  10
188.28892
  20
195.82552
  0
VERTEX
  5
c69
  8
Layer_0
  10
188.30025
  20
195.77597
  0
VERTEX
  5
c6a
  8
Layer_0
  10
188.33383
  20
195.74911
  0
VERTEX
  5
c6b
  8
Layer_0
  10
188.40785
  20
195.7131
  0
VERTEX
  5
c6c
  8
Layer_0
  10
188.5225
  20
195.66778
  0
VERTEX
  5
c6d
  8
Layer_0
  10
188.67796
  20
195.61296
  0
VERTEX
  5
c6e
  8
Layer_0
  10
188.83029
  20
195.56798
  0
VERTEX
  5
c6f
  8
Layer_0
  10
188.90658
  20
195.56923
  0
VERTEX
  5
c70
  8
Layer_0
  10
188.9764
  20
195.62911
  0
VERTEX
  5
c71
  8
Layer_0
  10
189.07158
  20
195.74417
  42
-0.026595917
  0
VERTEX
  5
c72
  8
Layer_0
  10
189.54272
  20
196.34056
  42
-0.06841544
  0
VERTEX
  5
c73
  8
Layer_0
  10
190.16296
  20
196.83556
  0
VERTEX
  5
c74
  8
Layer_0
  10
190.30651
  20
196.93406
  0
VERTEX
  5
c75
  8
Layer_0
  10
190.43011
  20
197.04206
  0
VERTEX
  5
c76
  8
Layer_0
  10
190.52947
  20
197.15566
  0
VERTEX
  5
c77
  8
Layer_0
  10
190.60033
  20
197.27093
  42
0.195575
  0
VERTEX
  5
c78
  8
Layer_0
  10
190.63016
  20
197.87726
  42
0.097124872
  0
VERTEX
  5
c79
  8
Layer_0
  10
190.3896
  20
198.30666
  0
VERTEX
  5
c7a
  8
Layer_0
  10
190.33344
  20
198.38021
  0
VERTEX
  5
c7b
  8
Layer_0
  10
190.31008
  20
198.42991
  0
VERTEX
  5
c7c
  8
Layer_0
  10
190.3139
  20
198.51527
  0
VERTEX
  5
c7d
  8
Layer_0
  10
190.33916
  20
198.57901
  0
VERTEX
  5
c7e
  8
Layer_0
  10
190.38416
  20
198.61889
  0
VERTEX
  5
c7f
  8
Layer_0
  10
190.44725
  20
198.63268
  0
VERTEX
  5
c80
  8
Layer_0
  10
190.52627
  20
198.61156
  0
VERTEX
  5
c81
  8
Layer_0
  10
190.63213
  20
198.51738
  42
-0.098391897
  0
VERTEX
  5
c82
  8
Layer_0
  10
190.97208
  20
197.97665
  0
VERTEX
  5
c83
  8
Layer_0
  10
190.99488
  20
197.91037
  0
VERTEX
  5
c84
  8
Layer_0
  10
191.00836
  20
197.83849
  0
VERTEX
  5
c85
  8
Layer_0
  10
191.01513
  20
197.74127
  0
VERTEX
  5
c86
  8
Layer_0
  10
191.0178
  20
197.59894
  0
VERTEX
  5
c87
  8
Layer_0
  10
191.01643
  20
197.44966
  0
VERTEX
  5
c88
  8
Layer_0
  10
191.00985
  20
197.35293
  0
VERTEX
  5
c89
  8
Layer_0
  10
190.99432
  20
197.2808
  0
VERTEX
  5
c8a
  8
Layer_0
  10
190.96611
  20
197.20532
  42
-0.094756472
  0
VERTEX
  5
c8b
  8
Layer_0
  10
190.62219
  20
196.69441
  0
VERTEX
  5
c8c
  8
Layer_0
  10
190.46515
  20
196.53537
  0
SEQEND
  0
POLYLINE
  5
c8e
  8
Layer_0
  62
7
  70
1
  66
1
  10
0
  20
0
  30
0
  0
VERTEX
  5
c8e
  8
Layer_0
  10
189.30417
  20
197.41804
  0
VERTEX
  5
c8f
  8
Layer_0
  10
189.33868
  20
197.4723
  0
VERTEX
  5
c90
  8
Layer_0
  10
189.39537
  20
197.57484
  0
VERTEX
  5
c91
  8
Layer_0
  10
189.46659
  20
197.71129
  0
VERTEX
  5
c92
  8
Layer_0
  10
189.54472
  20
197.86732
  0
VERTEX
  5
c93
  8
Layer_0
  10
189.61181
  20
198.00675
  0
VERTEX
  5
c94
  8
Layer_0
  10
189.66322
  20
198.11911
  0
VERTEX
  5
c95
  8
Layer_0
  10
189.70004
  20
198.20845
  0
VERTEX
  5
c96
  8
Layer_0
  10
189.72338
  20
198.27883
  0
VERTEX
  5
c97
  8
Layer_0
  10
189.73397
  20
198.37891
  0
VERTEX
  5
c98
  8
Layer_0
  10
189.70375
  20
198.45178
  42
0.30974978
  0
VERTEX
  5
c99
  8
Layer_0
  10
189.42743
  20
198.53925
  42
0.20741473
  0
VERTEX
  5
c9a
  8
Layer_0
  10
189.21869
  20
198.35635
  0
VERTEX
  5
c9b
  8
Layer_0
  10
189.12649
  20
197.94634
  0
VERTEX
  5
c9c
  8
Layer_0
  10
189.05965
  20
197.49755
  0
VERTEX
  5
c9d
  8
Layer_0
  10
189.08499
  20
197.41105
  0
VERTEX
  5
c9e
  8
Layer_0
  10
189.14762
  20
197.36461
  0
VERTEX
  5
c9f
  8
Layer_0
  10
189.22738
  20
197.36476
  0
SEQEND
  0
POLYLINE
  5
ca1
  8
Layer_0
  62
7
  70
1
  66
1
  10
0
  20
0
  30
0
  0
VERTEX
  5
ca1
  8
Layer_0
  10
187.25717
  20
185.33499
  42
-0.070283034
  0
VERTEX
  5
ca2
  8
Layer_0
  10
187.03986
  20
186.19388
  42
-0.077565649
  0
VERTEX
  5
ca3
  8
Layer_0
  10
187.06401
  20
187.16142
  42
-0.18914445
  0
VERTEX
  5
ca4
  8
Layer_0
  10
188.35751
  20
189.23447
  42
-0.11751139
  0
VERTEX
  5
ca5
  8
Layer_0
  10
189.76483
  20
189.8381
  42
-0.071412774
  0
VERTEX
  5
ca6
  8
Layer_0
  10
190.73065
  20
189.85709
  42
-0.21924093
  0
VERTEX
  5
ca7
  8
Layer_0
  10
193.07965
  20
188.41698
  42
-0.2295055
  0
VERTEX
  5
ca8
  8
Layer_0
  10
193.46942
  20
185.53679
  0
VERTEX
  5
ca9
  8
Layer_0
  10
193.42524
  20
185.38243
  0
VERTEX
  5
caa
  8
Layer_0
  10
193.41597
  20
185.31085
  42
0.1989385
  0
VERTEX
  5
cab
  8
Layer_0
  10
193.63501
  20
185.22462
  0
VERTEX
  5
cac
  8
Layer_0
  10
193.67319
  20
185.28711
  0
VERTEX
  5
cad
  8
Layer_0
  10
193.73094
  20
185.44387
  0
VERTEX
  5
cae
  8
Layer_0
  10
193.79289
  20
185.64881
  0
VERTEX
  5
caf
  8
Layer_0
  10
193.84369
  20
185.85585
  42
0.30568766
  0
VERTEX
  5
cb0
  8
Layer_0
  10
192.29666
  20
189.57251
  42
0.12231108
  0
VERTEX
  5
cb1
  8
Layer_0
  10
190.72894
  20
190.13992
  42
0.051585595
  0
VERTEX
  5
cb2
  8
Layer_0
  10
189.89592
  20
190.1382
  42
0.13515488
  0
VERTEX
  5
cb3
  8
Layer_0
  10
188.16435
  20
189.43799
  42
0.065171456
  0
VERTEX
  5
cb4
  8
Layer_0
  10
187.52277
  20
188.81194
  42
0.11272422
  0
VERTEX
  5
cb5
  8
Layer_0
  10
186.83118
  20
187.39771
  42
0.10606462
  0
VERTEX
  5
cb6
  8
Layer_0
  10
186.80704
  20
185.88861
  0
VERTEX
  5
cb7
  8
Layer_0
  10
186.85586
  20
185.68287
  0
VERTEX
  5
cb8
  8
Layer_0
  10
186.91698
  20
185.47146
  0
VERTEX
  5
cb9
  8
Layer_0
  10
186.97486
  20
185.30436
  0
VERTEX
  5
cba
  8
Layer_0
  10
187.01399
  20
185.23152
  0
VERTEX
  5
cbb
  8
Layer_0
  10
187.15175
  20
185.26968
  0
VERTEX
  5
cbc
  8
Layer_0
  10
187.25717
  20
185.335
  0
SEQEND
  0
POLYLINE
  5
cbe
  8
Layer_0
  62
7
  70
1
  66
1
  10
0
  20
0
  30
0
  0
VERTEX
  5
cbe
  8
Layer_0
  10
188.49203
  20
188.42733
  0
VERTEX
  5
cbf
  8
Layer_0
  10
188.44116
  20
188.38249
  0
VERTEX
  5
cc0
  8
Layer_0
  10
188.41098
  20
188.36352
  0
VERTEX
  5
cc1
  8
Layer_0
  10
188.22579
  20
188.53167
  0
VERTEX
  5
cc2
  8
Layer_0
  10
188.05742
  20
188.71535
  42
-0.1988964
  0
VERTEX
  5
cc3
  8
Layer_0
  10
188.11261
  20
188.78952
  0
VERTEX
  5
cc4
  8
Layer_0
  10
188.15745
  20
188.82961
  0
VERTEX
  5
cc5
  8
Layer_0
  10
188.18677
  20
188.84642
  0
VERTEX
  5
cc6
  8
Layer_0
  10
188.25123
  20
188.79447
  0
VERTEX
  5
cc7
  8
Layer_0
  10
188.38166
  20
188.66879
  0
VERTEX
  5
cc8
  8
Layer_0
  10
188.55757
  20
188.49115
  0
VERTEX
  5
cc9
  8
Layer_0
  10
188.49203
  20
188.42734
  0
SEQEND
  0
POLYLINE
  5
ccb
  8
Layer_0
  62
7
  70
1
  66
1
  10
0
  20
0
  30
0
  0
VERTEX
  5
ccb
  8
Layer_0
  10
187.94186
  20
187.67365
  0
VERTEX
  5
ccc
  8
Layer_0
  10
187.71529
  20
187.77433
  0
VERTEX
  5
ccd
  8
Layer_0
  10
187.48483
  20
187.86337
  0
VERTEX
  5
cce
  8
Layer_0
  10
187.46844
  20
187.84655
  0
VERTEX
  5
ccf
  8
Layer_0
  10
187.44688
  20
187.80645
  0
VERTEX
  5
cd0
  8
Layer_0
  10
187.41687
  20
187.72954
  0
VERTEX
  5
cd1
  8
Layer_0
  10
187.42274
  20
187.684
  0
VERTEX
  5
cd2
  8
Layer_0
  10
187.48424
  20
187.64492
  0
VERTEX
  5
cd3
  8
Layer_0
  10
187.62108
  20
187.58742
  42
-0.018966745
  0
VERTEX
  5
cd4
  8
Layer_0
  10
187.86081
  20
187.48911
  0
VERTEX
  5
cd5
  8
Layer_0
  10
187.91815
  20
187.57103
  0
SEQEND
  0
POLYLINE
  5
cd7
  8
Layer_0
  62
7
  70
1
  66
1
  10
0
  20
0
  30
0
  0
VERTEX
  5
cd7
  8
Layer_0
  10
189.75449
  20
186.53882
  42
0.28982868
  0
VERTEX
  5
cd8
  8
Layer_0
  10
190.11151
  20
186.09558
  42
0.19731321
  0
VERTEX
  5
cd9
  8
Layer_0
  10
190.52542
  20
186.10938
  42
0.28471371
  0
VERTEX
  5
cda
  8
Layer_0
  10
190.83931
  20
186.59056
  42
0.28811676
  0
VERTEX
  5
cdb
  8
Layer_0
  10
190.54611
  20
187.09071
  42
0.11303515
  0
VERTEX
  5
cdc
  8
Layer_0
  10
190.28914
  20
187.14763
  42
0.11803738
  0
VERTEX
  5
cdd
  8
Layer_0
  10
190.02872
  20
187.08554
  0
VERTEX
  5
cde
  8
Layer_0
  10
189.90971
  20
187.02345
  0
VERTEX
  5
cdf
  8
Layer_0
  10
189.72173
  20
187.09071
  0
VERTEX
  5
ce0
  8
Layer_0
  10
189.21527
  20
187.27237
  0
VERTEX
  5
ce1
  8
Layer_0
  10
188.7654
  20
187.43155
  0
VERTEX
  5
ce2
  8
Layer_0
  10
188.5828
  20
187.49528
  0
VERTEX
  5
ce3
  8
Layer_0
  10
188.4397
  20
187.54449
  0
VERTEX
  5
ce4
  8
Layer_0
  10
188.34454
  20
187.57619
  0
VERTEX
  5
ce5
  8
Layer_0
  10
188.30577
  20
187.58742
  42
0.19891237
  0
VERTEX
  5
ce6
  8
Layer_0
  10
188.26437
  20
187.55292
  0
VERTEX
  5
ce7
  8
Layer_0
  10
188.23121
  20
187.5017
  0
VERTEX
  5
ce8
  8
Layer_0
  10
188.26158
  20
187.44707
  0
VERTEX
  5
ce9
  8
Layer_0
  10
188.30812
  20
187.41156
  0
VERTEX
  5
cea
  8
Layer_0
  10
188.37958
  20
187.3669
  0
VERTEX
  5
ceb
  8
Layer_0
  10
188.47898
  20
187.31031
  0
VERTEX
  5
cec
  8
Layer_0
  10
188.60931
  20
187.23903
  42
-0.00072956839
  0
VERTEX
  5
ced
  8
Layer_0
  10
189.32678
  20
186.84926
  0
VERTEX
  5
cee
  8
Layer_0
  10
189.74243
  20
186.6216
  0
SEQEND
  0
POLYLINE
  5
cf0
  8
Layer_0
  62
7
  70
1
  66
1
  10
0
  20
0
  30
0
  0
VERTEX
  5
cf0
  8
Layer_0
  10
187.4624
  20
186.48363
  0
VERTEX
  5
cf1
  8
Layer_0
  10
187.72974
  20
186.48363
  0
VERTEX
  5
cf2
  8
Layer_0
  10
187.72974
  20
186.57675
  0
VERTEX
  5
cf3
  8
Layer_0
  10
187.7237
  20
186.65114
  0
VERTEX
  5
cf4
  8
Layer_0
  10
187.70214
  20
186.68024
  0
VERTEX
  5
cf5
  8
Layer_0
  10
187.44624
  20
186.69037
  0
VERTEX
  5
cf6
  8
Layer_0
  10
187.20716
  20
186.67852
  0
VERTEX
  5
cf7
  8
Layer_0
  10
187.19853
  20
186.64424
  0
VERTEX
  5
cf8
  8
Layer_0
  10
187.19508
  20
186.57504
  0
VERTEX
  5
cf9
  8
Layer_0
  10
187.19508
  20
186.48363
  0
SEQEND
  0
POLYLINE
  5
cfb
  8
Layer_0
  62
7
  70
1
  66
1
  10
0
  20
0
  30
0
  0
VERTEX
  5
cfb
  8
Layer_0
  10
251.12793
  20
210.09199
  0
VERTEX
  5
cfc
  8
Layer_0
  10
251.577
  20
210.09178
  0
VERTEX
  5
cfd
  8
Layer_0
  10
251.9752
  20
210.09157
  0
VERTEX
  5
cfe
  8
Layer_0
  10
252.32563
  20
210.09137
  0
VERTEX
  5
cff
  8
Layer_0
  10
252.63139
  20
210.09115
  0
VERTEX
  5
d00
  8
Layer_0
  10
252.89558
  20
210.09092
  0
VERTEX
  5
d01
  8
Layer_0
  10
253.1213
  20
210.09066
  0
VERTEX
  5
d02
  8
Layer_0
  10
253.31165
  20
210.09036
  0
VERTEX
  5
d03
  8
Layer_0
  10
253.46973
  20
210.09001
  0
VERTEX
  5
d04
  8
Layer_0
  10
253.70149
  20
210.08914
  0
VERTEX
  5
d05
  8
Layer_0
  10
253.84138
  20
210.08798
  0
VERTEX
  5
d06
  8
Layer_0
  10
253.9142
  20
210.08644
  0
VERTEX
  5
d07
  8
Layer_0
  10
253.94475
  20
210.08446
  42
-0.097093474
  0
VERTEX
  5
d08
  8
Layer_0
  10
254.52739
  20
209.8958
  42
-0.014880513
  0
VERTEX
  5
d09
  8
Layer_0
  10
254.61656
  20
209.84111
  42
-0.11518752
  0
VERTEX
  5
d0a
  8
Layer_0
  10
255.09019
  20
209.34766
  42
-0.093202127
  0
VERTEX
  5
d0b
  8
Layer_0
  10
255.286
  20
208.81892
  42
-0.037397453
  0
VERTEX
  5
d0c
  8
Layer_0
  10
255.30501
  20
208.59262
  42
-0.04044397
  0
VERTEX
  5
d0d
  8
Layer_0
  10
255.29193
  20
208.33737
  42
-0.135708
  0
VERTEX
  5
d0e
  8
Layer_0
  10
254.96574
  20
207.59264
  0
VERTEX
  5
d0f
  8
Layer_0
  10
254.92967
  20
207.54865
  0
VERTEX
  5
d10
  8
Layer_0
  10
254.96178
  20
207.51376
  42
-0.019606515
  0
VERTEX
  5
d11
  8
Layer_0
  10
255.02559
  20
207.43965
  42
-0.0049136039
  0
VERTEX
  5
d12
  8
Layer_0
  10
255.06166
  20
207.39407
  42
-0.051081485
  0
VERTEX
  5
d13
  8
Layer_0
  10
255.21703
  20
207.14436
  42
-0.090481048
  0
VERTEX
  5
d14
  8
Layer_0
  10
255.37834
  20
206.58553
  42
-0.05526043
  0
VERTEX
  5
d15
  8
Layer_0
  10
255.37596
  20
206.24466
  42
-0.062240246
  0
VERTEX
  5
d16
  8
Layer_0
  10
255.27925
  20
205.84634
  42
-0.015359234
  0
VERTEX
  5
d17
  8
Layer_0
  10
255.23645
  20
205.74606
  42
0.10900658
  0
VERTEX
  5
d18
  8
Layer_0
  10
255.22298
  20
205.71594
  42
-0.12605974
  0
VERTEX
  5
d19
  8
Layer_0
  10
255.19087
  20
205.6557
  42
-0.12189825
  0
VERTEX
  5
d1a
  8
Layer_0
  10
254.68593
  20
205.09605
  42
0.04780892
  0
VERTEX
  5
d1b
  8
Layer_0
  10
254.63242
  20
205.05959
  42
-0.073332565
  0
VERTEX
  5
d1c
  8
Layer_0
  10
254.54245
  20
205.00768
  42
-0.10334871
  0
VERTEX
  5
d1d
  8
Layer_0
  10
253.92018
  20
204.81979
  0
VERTEX
  5
d1e
  8
Layer_0
  10
253.88081
  20
204.81807
  0
VERTEX
  5
d1f
  8
Layer_0
  10
253.79264
  20
204.8167
  0
VERTEX
  5
d20
  8
Layer_0
  10
253.63548
  20
204.81566
  0
VERTEX
  5
d21
  8
Layer_0
  10
253.38913
  20
204.8149
  0
VERTEX
  5
d22
  8
Layer_0
  10
253.22621
  20
204.81461
  0
VERTEX
  5
d23
  8
Layer_0
  10
253.03341
  20
204.81438
  0
VERTEX
  5
d24
  8
Layer_0
  10
252.80823
  20
204.8142
  0
VERTEX
  5
d25
  8
Layer_0
  10
252.54813
  20
204.81406
  0
VERTEX
  5
d26
  8
Layer_0
  10
252.25059
  20
204.81396
  0
VERTEX
  5
d27
  8
Layer_0
  10
251.91309
  20
204.8139
  0
VERTEX
  5
d28
  8
Layer_0
  10
251.5331
  20
204.81387
  0
VERTEX
  5
d29
  8
Layer_0
  10
251.10811
  20
204.81386
  0
VERTEX
  5
d2a
  8
Layer_0
  10
248.36223
  20
204.81386
  0
VERTEX
  5
d2b
  8
Layer_0
  10
248.36223
  20
205.45395
  0
VERTEX
  5
d2c
  8
Layer_0
  10
248.36223
  20
206.09406
  0
VERTEX
  5
d2d
  8
Layer_0
  10
248.79028
  20
206.09406
  0
VERTEX
  5
d2e
  8
Layer_0
  10
249.21834
  20
206.09406
  0
VERTEX
  5
d2f
  8
Layer_0
  10
249.21834
  20
205.88002
  0
VERTEX
  5
d30
  8
Layer_0
  10
249.21834
  20
205.666
  0
VERTEX
  5
d31
  8
Layer_0
  10
250.23853
  20
205.666
  0
VERTEX
  5
d32
  8
Layer_0
  10
250.63518
  20
205.6662
  0
VERTEX
  5
d33
  8
Layer_0
  10
250.96091
  20
205.66674
  0
VERTEX
  5
d34
  8
Layer_0
  10
251.08667
  20
205.6671
  0
VERTEX
  5
d35
  8
Layer_0
  10
251.18208
  20
205.6675
  0
VERTEX
  5
d36
  8
Layer_0
  10
251.24295
  20
205.66793
  0
VERTEX
  5
d37
  8
Layer_0
  10
251.26506
  20
205.66838
  0
VERTEX
  5
d38
  8
Layer_0
  10
251.26856
  20
205.68925
  0
VERTEX
  5
d39
  8
Layer_0
  10
251.27047
  20
205.77891
  0
VERTEX
  5
d3a
  8
Layer_0
  10
251.27097
  20
205.86387
  0
VERTEX
  5
d3b
  8
Layer_0
  10
251.27125
  20
205.98323
  0
VERTEX
  5
d3c
  8
Layer_0
  10
251.27138
  20
206.14273
  0
VERTEX
  5
d3d
  8
Layer_0
  10
251.27141
  20
206.34811
  0
VERTEX
  5
d3e
  8
Layer_0
  10
251.27141
  20
207.02547
  0
VERTEX
  5
d3f
  8
Layer_0
  10
250.86316
  20
207.02547
  0
VERTEX
  5
d40
  8
Layer_0
  10
250.45493
  20
207.02547
  0
VERTEX
  5
d41
  8
Layer_0
  10
250.45493
  20
206.85703
  0
VERTEX
  5
d42
  8
Layer_0
  10
250.45493
  20
206.68857
  0
VERTEX
  5
d43
  8
Layer_0
  10
250.02885
  20
206.68857
  0
VERTEX
  5
d44
  8
Layer_0
  10
249.60278
  20
206.68857
  0
VERTEX
  5
d45
  8
Layer_0
  10
249.60278
  20
207.53081
  0
VERTEX
  5
d46
  8
Layer_0
  10
249.60278
  20
208.37305
  0
VERTEX
  5
d47
  8
Layer_0
  10
250.02885
  20
208.37305
  0
VERTEX
  5
d48
  8
Layer_0
  10
250.45493
  20
208.37305
  0
VERTEX
  5
d49
  8
Layer_0
  10
250.45493
  20
208.20459
  0
VERTEX
  5
d4a
  8
Layer_0
  10
250.45493
  20
208.03615
  0
VERTEX
  5
d4b
  8
Layer_0
  10
250.86316
  20
208.03615
  0
VERTEX
  5
d4c
  8
Layer_0
  10
251.27141
  20
208.03615
  0
VERTEX
  5
d4d
  8
Layer_0
  10
251.27141
  20
208.63661
  0
VERTEX
  5
d4e
  8
Layer_0
  10
251.27141
  20
209.23708
  0
VERTEX
  5
d4f
  8
Layer_0
  10
250.24487
  20
209.23708
  0
VERTEX
  5
d50
  8
Layer_0
  10
249.21834
  20
209.23708
  0
VERTEX
  5
d51
  8
Layer_0
  10
249.21834
  20
209.02502
  0
VERTEX
  5
d52
  8
Layer_0
  10
249.21834
  20
208.81299
  0
VERTEX
  5
d53
  8
Layer_0
  10
248.79344
  20
208.81219
  0
VERTEX
  5
d54
  8
Layer_0
  10
248.62813
  20
208.81175
  0
VERTEX
  5
d55
  8
Layer_0
  10
248.49232
  20
208.8116
  0
VERTEX
  5
d56
  8
Layer_0
  10
248.40006
  20
208.81175
  0
VERTEX
  5
d57
  8
Layer_0
  10
248.36539
  20
208.81219
  0
VERTEX
  5
d58
  8
Layer_0
  10
248.36406
  20
208.86323
  0
VERTEX
  5
d59
  8
Layer_0
  10
248.36307
  20
209.00115
  0
VERTEX
  5
d5a
  8
Layer_0
  10
248.36245
  20
209.20491
  0
VERTEX
  5
d5b
  8
Layer_0
  10
248.36223
  20
209.45348
  0
VERTEX
  5
d5c
  8
Layer_0
  10
248.36223
  20
210.09319
  0
VERTEX
  5
d5d
  8
Layer_0
  10
251.12793
  20
210.092
  0
SEQEND
  0
POLYLINE
  5
d5f
  8
Layer_0
  62
7
  70
1
  66
1
  10
0
  20
0
  30
0
  0
VERTEX
  5
d5f
  8
Layer_0
  10
252.39702
  20
208.63661
  0
VERTEX
  5
d60
  8
Layer_0
  10
252.39702
  20
208.03615
  0
VERTEX
  5
d61
  8
Layer_0
  10
253.11362
  20
208.03615
  0
VERTEX
  5
d62
  8
Layer_0
  10
253.36927
  20
208.03617
  0
VERTEX
  5
d63
  8
Layer_0
  10
253.56043
  20
208.03643
  0
VERTEX
  5
d64
  8
Layer_0
  10
253.69775
  20
208.03719
  0
VERTEX
  5
d65
  8
Layer_0
  10
253.79191
  20
208.03872
  0
VERTEX
  5
d66
  8
Layer_0
  10
253.89342
  20
208.04518
  0
VERTEX
  5
d67
  8
Layer_0
  10
253.9503
  20
208.05795
  42
0.069154058
  0
VERTEX
  5
d68
  8
Layer_0
  10
254.07872
  20
208.10828
  42
-0.13162807
  0
VERTEX
  5
d69
  8
Layer_0
  10
254.09973
  20
208.11938
  0
VERTEX
  5
d6a
  8
Layer_0
  10
254.14412
  20
208.1498
  0
VERTEX
  5
d6b
  8
Layer_0
  10
254.20634
  20
208.20459
  42
0.16428422
  0
VERTEX
  5
d6c
  8
Layer_0
  10
254.37122
  20
208.55734
  42
0.090898574
  0
VERTEX
  5
d6d
  8
Layer_0
  10
254.35854
  20
208.79317
  42
0.059028273
  0
VERTEX
  5
d6e
  8
Layer_0
  10
254.30663
  20
208.93307
  42
0.13177685
  0
VERTEX
  5
d6f
  8
Layer_0
  10
254.13499
  20
209.13046
  42
0.14811942
  0
VERTEX
  5
d70
  8
Layer_0
  10
254.05612
  20
209.17763
  42
-0.10578429
  0
VERTEX
  5
d71
  8
Layer_0
  10
254.03314
  20
209.18713
  42
0.071086102
  0
VERTEX
  5
d72
  8
Layer_0
  10
253.87024
  20
209.23112
  0
VERTEX
  5
d73
  8
Layer_0
  10
253.82241
  20
209.23407
  0
VERTEX
  5
d74
  8
Layer_0
  10
253.70521
  20
209.23589
  0
VERTEX
  5
d75
  8
Layer_0
  10
253.60895
  20
209.23645
  0
VERTEX
  5
d76
  8
Layer_0
  10
253.48137
  20
209.23681
  0
VERTEX
  5
d77
  8
Layer_0
  10
253.31781
  20
209.23701
  0
VERTEX
  5
d78
  8
Layer_0
  10
253.11362
  20
209.23707
  0
VERTEX
  5
d79
  8
Layer_0
  10
252.39702
  20
209.23708
  0
SEQEND
  0
POLYLINE
  5
d7b
  8
Layer_0
  62
7
  70
1
  66
1
  10
0
  20
0
  30
0
  0
VERTEX
  5
d7b
  8
Layer_0
  10
252.39781
  20
206.34692
  0
VERTEX
  5
d7c
  8
Layer_0
  10
252.399
  20
205.66798
  0
VERTEX
  5
d7d
  8
Layer_0
  10
253.12233
  20
205.66798
  0
VERTEX
  5
d7e
  8
Layer_0
  10
253.34502
  20
205.66801
  0
VERTEX
  5
d7f
  8
Layer_0
  10
253.51768
  20
205.66814
  0
VERTEX
  5
d80
  8
Layer_0
  10
253.64715
  20
205.66844
  0
VERTEX
  5
d81
  8
Layer_0
  10
253.74029
  20
205.66897
  0
VERTEX
  5
d82
  8
Layer_0
  10
253.84496
  20
205.67099
  0
VERTEX
  5
d83
  8
Layer_0
  10
253.88649
  20
205.67472
  42
0.16138598
  0
VERTEX
  5
d84
  8
Layer_0
  10
254.27214
  20
205.86694
  42
0.13994397
  0
VERTEX
  5
d85
  8
Layer_0
  10
254.43582
  20
206.18323
  42
0.1428006
  0
VERTEX
  5
d86
  8
Layer_0
  10
254.40848
  20
206.60732
  42
0.17027357
  0
VERTEX
  5
d87
  8
Layer_0
  10
254.1469
  20
206.92717
  42
0.1012782
  0
VERTEX
  5
d88
  8
Layer_0
  10
253.86984
  20
207.01991
  0
VERTEX
  5
d89
  8
Layer_0
  10
253.82054
  20
207.02279
  0
VERTEX
  5
d8a
  8
Layer_0
  10
253.70253
  20
207.02447
  0
VERTEX
  5
d8b
  8
Layer_0
  10
253.60614
  20
207.02496
  0
VERTEX
  5
d8c
  8
Layer_0
  10
253.47863
  20
207.02527
  0
VERTEX
  5
d8d
  8
Layer_0
  10
253.31534
  20
207.02542
  0
VERTEX
  5
d8e
  8
Layer_0
  10
253.11163
  20
207.02547
  0
VERTEX
  5
d8f
  8
Layer_0
  10
252.39702
  20
207.02547
  0
SEQEND
  0
POLYLINE
  5
d91
  8
Layer_0
  62
7
  70
1
  66
1
  10
0
  20
0
  30
0
  0
VERTEX
  5
d91
  8
Layer_0
  10
129.5009
  20
197.58069
  42
-0.14962841
  0
VERTEX
  5
d92
  8
Layer_0
  10
129.61786
  20
197.18103
  42
-0.20144447
  0
VERTEX
  5
d93
  8
Layer_0
  10
129.37935
  20
196.57324
  0
VERTEX
  5
d94
  8
Layer_0
  10
129.25026
  20
196.47092
  0
VERTEX
  5
d95
  8
Layer_0
  10
129.10148
  20
196.39782
  0
VERTEX
  5
d96
  8
Layer_0
  10
128.93301
  20
196.35396
  0
VERTEX
  5
d97
  8
Layer_0
  10
128.74487
  20
196.33935
  42
-0.16864373
  0
VERTEX
  5
d98
  8
Layer_0
  10
128.13156
  20
196.53273
  42
-0.22948167
  0
VERTEX
  5
d99
  8
Layer_0
  10
127.84241
  20
197.15892
  42
-0.1346132
  0
VERTEX
  5
d9a
  8
Layer_0
  10
127.95108
  20
197.56134
  42
-0.15971862
  0
VERTEX
  5
d9b
  8
Layer_0
  10
128.29364
  20
197.84406
  42
-0.15629018
  0
VERTEX
  5
d9c
  8
Layer_0
  10
128.00172
  20
198.07703
  42
-0.1387062
  0
VERTEX
  5
d9d
  8
Layer_0
  10
127.91055
  20
198.4021
  42
-0.20772392
  0
VERTEX
  5
d9e
  8
Layer_0
  10
128.12143
  20
198.90121
  0
VERTEX
  5
d9f
  8
Layer_0
  10
128.23799
  20
198.98743
  0
VERTEX
  5
da0
  8
Layer_0
  10
128.37675
  20
199.04902
  0
VERTEX
  5
da1
  8
Layer_0
  10
128.53773
  20
199.08597
  0
VERTEX
  5
da2
  8
Layer_0
  10
128.72093
  20
199.09828
  0
VERTEX
  5
da3
  8
Layer_0
  10
128.90263
  20
199.08597
  0
VERTEX
  5
da4
  8
Layer_0
  10
129.0628
  20
199.04902
  0
VERTEX
  5
da5
  8
Layer_0
  10
129.20145
  20
198.98743
  0
VERTEX
  5
da6
  8
Layer_0
  10
129.31857
  20
198.90122
  42
-0.20885381
  0
VERTEX
  5
da7
  8
Layer_0
  10
129.5313
  20
198.4021
  42
-0.14806874
  0
VERTEX
  5
da8
  8
Layer_0
  10
129.43369
  20
198.06783
  42
-0.14356894
  0
VERTEX
  5
da9
  8
Layer_0
  10
129.15926
  20
197.84406
  42
-0.14979404
  0
SEQEND
  0
POLYLINE
  5
dab
  8
Layer_0
  62
7
  70
1
  66
1
  10
0
  20
0
  30
0
  0
VERTEX
  5
dab
  8
Layer_0
  10
128.72093
  20
198.03745
  42
0.19755572
  0
VERTEX
  5
dac
  8
Layer_0
  10
128.95667
  20
198.12492
  42
0.20027397
  0
VERTEX
  5
dad
  8
Layer_0
  10
129.04507
  20
198.36711
  42
0.19891237
  0
VERTEX
  5
dae
  8
Layer_0
  10
128.9576
  20
198.6001
  42
0.19891237
  0
VERTEX
  5
daf
  8
Layer_0
  10
128.72646
  20
198.68758
  42
0.19891237
  0
VERTEX
  5
db0
  8
Layer_0
  10
128.48886
  20
198.59917
  42
0.19891237
  0
VERTEX
  5
db1
  8
Layer_0
  10
128.40047
  20
198.36526
  42
0.20028835
  0
VERTEX
  5
db2
  8
Layer_0
  10
128.48795
  20
198.12399
  42
0.19754136
  0
SEQEND
  0
POLYLINE
  5
db4
  8
Layer_0
  62
7
  70
1
  66
1
  10
0
  20
0
  30
0
  0
VERTEX
  5
db4
  8
Layer_0
  10
128.73566
  20
196.75558
  42
0.21089484
  0
VERTEX
  5
db5
  8
Layer_0
  10
129.00087
  20
196.8707
  42
0.18698779
  0
VERTEX
  5
db6
  8
Layer_0
  10
129.10585
  20
197.20313
  42
0.18923176
  0
VERTEX
  5
db7
  8
Layer_0
  10
128.99902
  20
197.50793
  42
0.2086322
  0
VERTEX
  5
db8
  8
Layer_0
  10
128.72829
  20
197.62305
  42
0.24274768
  0
VERTEX
  5
db9
  8
Layer_0
  10
128.44559
  20
197.49228
  42
0.15580663
  0
VERTEX
  5
dba
  8
Layer_0
  10
128.35257
  20
197.20865
  42
0.18746187
  0
VERTEX
  5
dbb
  8
Layer_0
  10
128.46216
  20
196.87529
  42
0.21041326
  0
SEQEND
  0
POLYLINE
  5
dbd
  8
Layer_0
  62
7
  70
1
  66
1
  10
0
  20
0
  30
0
  0
VERTEX
  5
dbd
  8
Layer_0
  10
130.57556
  20
196.38724
  0
VERTEX
  5
dbe
  8
Layer_0
  10
130.57556
  20
196.90475
  0
VERTEX
  5
dbf
  8
Layer_0
  10
130.05803
  20
196.90475
  0
VERTEX
  5
dc0
  8
Layer_0
  10
130.05803
  20
196.38724
  0
SEQEND
  0
POLYLINE
  5
dc2
  8
Layer_0
  62
7
  70
1
  66
1
  10
0
  20
0
  30
0
  0
VERTEX
  5
dc2
  8
Layer_0
  10
132.74698
  20
197.71881
  0
VERTEX
  5
dc3
  8
Layer_0
  10
132.73041
  20
197.36267
  0
VERTEX
  5
dc4
  8
Layer_0
  10
132.68068
  20
197.06039
  0
VERTEX
  5
dc5
  8
Layer_0
  10
132.5978
  20
196.81198
  0
VERTEX
  5
dc6
  8
Layer_0
  10
132.48177
  20
196.61745
  42
-0.22891064
  0
VERTEX
  5
dc7
  8
Layer_0
  10
131.87032
  20
196.34119
  42
-0.22842493
  0
VERTEX
  5
dc8
  8
Layer_0
  10
131.23491
  20
196.64415
  0
VERTEX
  5
dc9
  8
Layer_0
  10
131.12935
  20
196.82528
  0
VERTEX
  5
dca
  8
Layer_0
  10
131.05396
  20
197.06569
  0
VERTEX
  5
dcb
  8
Layer_0
  10
131.00872
  20
197.36537
  0
VERTEX
  5
dcc
  8
Layer_0
  10
130.99364
  20
197.72434
  0
VERTEX
  5
dcd
  8
Layer_0
  10
131.01022
  20
198.07888
  0
VERTEX
  5
dce
  8
Layer_0
  10
131.05994
  20
198.38
  0
VERTEX
  5
dcf
  8
Layer_0
  10
131.14282
  20
198.62772
  0
VERTEX
  5
dd0
  8
Layer_0
  10
131.25885
  20
198.82202
  42
-0.22890931
  0
VERTEX
  5
dd1
  8
Layer_0
  10
131.87032
  20
199.09828
  42
-0.22953572
  0
VERTEX
  5
dd2
  8
Layer_0
  10
132.48361
  20
198.81833
  0
VERTEX
  5
dd3
  8
Layer_0
  10
132.59884
  20
198.6253
  0
VERTEX
  5
dd4
  8
Layer_0
  10
132.68114
  20
198.3777
  0
VERTEX
  5
dd5
  8
Layer_0
  10
132.73052
  20
198.07554
  0
SEQEND
  0
POLYLINE
  5
dd7
  8
Layer_0
  62
7
  70
1
  66
1
  10
0
  20
0
  30
0
  0
VERTEX
  5
dd7
  8
Layer_0
  10
131.58852
  20
198.39474
  0
VERTEX
  5
dd8
  8
Layer_0
  10
131.56516
  20
198.27721
  0
VERTEX
  5
dd9
  8
Layer_0
  10
131.54847
  20
198.12538
  0
VERTEX
  5
dda
  8
Layer_0
  10
131.53845
  20
197.93925
  0
VERTEX
  5
ddb
  8
Layer_0
  10
131.53511
  20
197.71881
  0
VERTEX
  5
ddc
  8
Layer_0
  10
131.53811
  20
197.49982
  0
VERTEX
  5
ddd
  8
Layer_0
  10
131.54709
  20
197.318
  0
VERTEX
  5
dde
  8
Layer_0
  10
131.56205
  20
197.17337
  0
VERTEX
  5
ddf
  8
Layer_0
  10
131.583
  20
197.06592
  0
VERTEX
  5
de0
  8
Layer_0
  10
131.6371
  20
196.91789
  0
VERTEX
  5
de1
  8
Layer_0
  10
131.70363
  20
196.82925
  42
0.17188413
  0
VERTEX
  5
de2
  8
Layer_0
  10
131.87032
  20
196.77031
  42
0.17224782
  0
VERTEX
  5
de3
  8
Layer_0
  10
132.0379
  20
196.83017
  42
0.15940765
  0
VERTEX
  5
de4
  8
Layer_0
  10
132.1521
  20
197.04474
  0
VERTEX
  5
de5
  8
Layer_0
  10
132.17547
  20
197.16146
  0
VERTEX
  5
de6
  8
Layer_0
  10
132.19216
  20
197.31271
  0
VERTEX
  5
de7
  8
Layer_0
  10
132.20217
  20
197.4985
  0
VERTEX
  5
de8
  8
Layer_0
  10
132.20551
  20
197.71881
  0
VERTEX
  5
de9
  8
Layer_0
  10
132.20252
  20
197.93781
  0
VERTEX
  5
dea
  8
Layer_0
  10
132.19354
  20
198.11962
  0
VERTEX
  5
deb
  8
Layer_0
  10
132.17857
  20
198.26426
  0
VERTEX
  5
dec
  8
Layer_0
  10
132.15762
  20
198.37171
  0
VERTEX
  5
ded
  8
Layer_0
  10
132.10352
  20
198.51997
  0
VERTEX
  5
dee
  8
Layer_0
  10
132.03699
  20
198.6093
  42
0.1738416
  0
VERTEX
  5
def
  8
Layer_0
  10
131.87032
  20
198.66916
  42
0.17225873
  0
VERTEX
  5
df0
  8
Layer_0
  10
131.70271
  20
198.6093
  42
0.15941852
  0
VERTEX
  5
df1
  8
Layer_0
  10
131.58853
  20
198.39473
  0
SEQEND
  0
POLYLINE
  5
df3
  8
Layer_0
  62
7
  70
1
  66
1
  10
0
  20
0
  30
0
  0
VERTEX
  5
df3
  8
Layer_0
  10
135.12283
  20
196.38724
  0
VERTEX
  5
df4
  8
Layer_0
  10
135.12283
  20
196.84215
  0
VERTEX
  5
df5
  8
Layer_0
  10
133.7673
  20
196.84215
  0
VERTEX
  5
df6
  8
Layer_0
  10
133.7673
  20
199.06512
  0
VERTEX
  5
df7
  8
Layer_0
  10
133.22215
  20
199.06512
  0
VERTEX
  5
df8
  8
Layer_0
  10
133.22215
  20
196.38724
  0
SEQEND
  0
POLYLINE
  5
dfa
  8
Layer_0
  62
7
  70
1
  66
1
  10
0
  20
0
  30
0
  0
VERTEX
  5
dfa
  8
Layer_0
  10
138.90025
  20
197.12209
  42
0.088396267
  0
VERTEX
  5
dfb
  8
Layer_0
  10
138.99786
  20
197.73723
  0
VERTEX
  5
dfc
  8
Layer_0
  10
138.97588
  20
198.04947
  0
VERTEX
  5
dfd
  8
Layer_0
  10
138.90993
  20
198.32498
  0
VERTEX
  5
dfe
  8
Layer_0
  10
138.8
  20
198.56377
  0
VERTEX
  5
dff
  8
Layer_0
  10
138.6461
  20
198.76585
  0
VERTEX
  5
e00
  8
Layer_0
  10
138.45467
  20
198.9266
  0
VERTEX
  5
e01
  8
Layer_0
  10
138.23216
  20
199.04142
  0
VERTEX
  5
e02
  8
Layer_0
  10
137.97858
  20
199.11031
  0
VERTEX
  5
e03
  8
Layer_0
  10
137.69391
  20
199.13328
  0
VERTEX
  5
e04
  8
Layer_0
  10
137.40672
  20
199.11031
  0
VERTEX
  5
e05
  8
Layer_0
  10
137.15106
  20
199.04142
  0
VERTEX
  5
e06
  8
Layer_0
  10
136.92694
  20
198.9266
  0
VERTEX
  5
e07
  8
Layer_0
  10
136.73436
  20
198.76585
  0
VERTEX
  5
e08
  8
Layer_0
  10
136.57966
  20
198.56377
  0
VERTEX
  5
e09
  8
Layer_0
  10
136.46915
  20
198.32498
  0
VERTEX
  5
e0a
  8
Layer_0
  10
136.40285
  20
198.04947
  0
VERTEX
  5
e0b
  8
Layer_0
  10
136.38075
  20
197.73723
  0
VERTEX
  5
e0c
  8
Layer_0
  10
136.40279
  20
197.42425
  0
VERTEX
  5
e0d
  8
Layer_0
  10
136.46892
  20
197.14833
  0
VERTEX
  5
e0e
  8
Layer_0
  10
136.57914
  20
196.90948
  0
VERTEX
  5
e0f
  8
Layer_0
  10
136.73344
  20
196.7077
  0
VERTEX
  5
e10
  8
Layer_0
  10
136.92665
  20
196.54735
  0
VERTEX
  5
e11
  8
Layer_0
  10
137.15359
  20
196.43282
  0
VERTEX
  5
e12
  8
Layer_0
  10
137.41426
  20
196.3641
  0
VERTEX
  5
e13
  8
Layer_0
  10
137.70865
  20
196.34119
  42
0.10346864
  0
VERTEX
  5
e14
  8
Layer_0
  10
138.29616
  20
196.45721
  42
0.032053128
  0
VERTEX
  5
e15
  8
Layer_0
  10
138.659
  20
196.21779
  42
0.052636402
  0
VERTEX
  5
e16
  8
Layer_0
  10
138.90025
  20
196.1165
  0
VERTEX
  5
e17
  8
Layer_0
  10
139.10101
  20
196.50142
  42
-0.069140662
  0
VERTEX
  5
e18
  8
Layer_0
  10
138.66452
  20
196.7298
  42
0.089799987
  0
SEQEND
  0
POLYLINE
  5
e1a
  8
Layer_0
  62
7
  70
1
  66
1
  10
0
  20
0
  30
0
  0
VERTEX
  5
e1a
  8
Layer_0
  10
137.55946
  20
197.00238
  0
VERTEX
  5
e1b
  8
Layer_0
  10
137.71233
  20
197.31363
  42
-0.07885154
  0
VERTEX
  5
e1c
  8
Layer_0
  10
138.22618
  20
197.03737
  42
0.1037365
  0
VERTEX
  5
e1d
  8
Layer_0
  10
138.38365
  20
197.33572
  42
0.072991538
  0
VERTEX
  5
e1e
  8
Layer_0
  10
138.43614
  20
197.73723
  0
VERTEX
  5
e1f
  8
Layer_0
  10
138.42324
  20
197.95634
  0
VERTEX
  5
e20
  8
Layer_0
  10
138.38457
  20
198.14587
  0
VERTEX
  5
e21
  8
Layer_0
  10
138.32011
  20
198.30581
  0
VERTEX
  5
e22
  8
Layer_0
  10
138.22986
  20
198.43617
  42
0.21371124
  0
VERTEX
  5
e23
  8
Layer_0
  10
137.69023
  20
198.66731
  42
0.21365091
  0
VERTEX
  5
e24
  8
Layer_0
  10
137.14967
  20
198.43526
  0
VERTEX
  5
e25
  8
Layer_0
  10
137.05903
  20
198.3046
  0
VERTEX
  5
e26
  8
Layer_0
  10
136.99428
  20
198.14472
  0
VERTEX
  5
e27
  8
Layer_0
  10
136.95543
  20
197.95559
  0
VERTEX
  5
e28
  8
Layer_0
  10
136.94248
  20
197.73723
  0
VERTEX
  5
e29
  8
Layer_0
  10
136.95543
  20
197.51547
  0
VERTEX
  5
e2a
  8
Layer_0
  10
136.99428
  20
197.32353
  0
VERTEX
  5
e2b
  8
Layer_0
  10
137.05903
  20
197.1614
  0
VERTEX
  5
e2c
  8
Layer_0
  10
137.14968
  20
197.02908
  42
0.2151879
  0
VERTEX
  5
e2d
  8
Layer_0
  10
137.67366
  20
196.79425
  42
0.088480575
  0
VERTEX
  5
e2e
  8
Layer_0
  10
137.8965
  20
196.83293
  42
0.059895422
  0
SEQEND
  0
POLYLINE
  5
e30
  8
Layer_0
  62
7
  70
1
  66
1
  10
0
  20
0
  30
0
  0
VERTEX
  5
e30
  8
Layer_0
  10
140.42798
  20
196.43327
  42
-0.12016136
  0
VERTEX
  5
e31
  8
Layer_0
  10
140.06056
  20
196.34303
  42
-0.12695265
  0
VERTEX
  5
e32
  8
Layer_0
  10
139.70694
  20
196.4296
  42
-0.16273738
  0
VERTEX
  5
e33
  8
Layer_0
  10
139.48041
  20
196.6727
  42
-0.10548941
  0
VERTEX
  5
e34
  8
Layer_0
  10
139.41042
  20
197.10551
  0
VERTEX
  5
e35
  8
Layer_0
  10
139.41042
  20
198.34317
  0
VERTEX
  5
e36
  8
Layer_0
  10
139.92795
  20
198.34317
  0
VERTEX
  5
e37
  8
Layer_0
  10
139.92795
  20
197.4444
  0
VERTEX
  5
e38
  8
Layer_0
  10
139.92974
  20
197.25809
  0
VERTEX
  5
e39
  8
Layer_0
  10
139.93509
  20
197.11173
  0
VERTEX
  5
e3a
  8
Layer_0
  10
139.94401
  20
197.00531
  0
VERTEX
  5
e3b
  8
Layer_0
  10
139.9565
  20
196.93884
  42
0.16375796
  0
VERTEX
  5
e3c
  8
Layer_0
  10
140.06056
  20
196.79149
  42
0.15720095
  0
VERTEX
  5
e3d
  8
Layer_0
  10
140.25211
  20
196.73717
  42
0.15267186
  0
VERTEX
  5
e3e
  8
Layer_0
  10
140.48969
  20
196.80991
  42
0.15629789
  0
VERTEX
  5
e3f
  8
Layer_0
  10
140.63335
  20
196.9904
  0
VERTEX
  5
e40
  8
Layer_0
  10
140.65026
  20
197.06379
  0
VERTEX
  5
e41
  8
Layer_0
  10
140.66235
  20
197.17619
  0
VERTEX
  5
e42
  8
Layer_0
  10
140.6696
  20
197.32762
  0
VERTEX
  5
e43
  8
Layer_0
  10
140.67202
  20
197.51806
  0
VERTEX
  5
e44
  8
Layer_0
  10
140.67201
  20
198.34317
  0
VERTEX
  5
e45
  8
Layer_0
  10
141.18954
  20
198.34317
  0
VERTEX
  5
e46
  8
Layer_0
  10
141.18954
  20
196.38724
  0
VERTEX
  5
e47
  8
Layer_0
  10
140.70885
  20
196.38724
  0
VERTEX
  5
e48
  8
Layer_0
  10
140.70885
  20
196.68007
  42
-0.12404336
  0
SEQEND
  0
POLYLINE
  5
e4a
  8
Layer_0
  62
7
  70
1
  66
1
  10
0
  20
0
  30
0
  0
VERTEX
  5
e4a
  8
Layer_0
  10
142.91342
  20
196.38724
  42
-0.022796018
  0
VERTEX
  5
e4b
  8
Layer_0
  10
142.86369
  20
196.5401
  42
0.021395162
  0
VERTEX
  5
e4c
  8
Layer_0
  10
142.84528
  20
196.60088
  42
-0.092228339
  0
VERTEX
  5
e4d
  8
Layer_0
  10
142.56165
  20
196.40749
  42
-0.10119969
  0
VERTEX
  5
e4e
  8
Layer_0
  10
142.23935
  20
196.34303
  42
-0.19113771
  0
VERTEX
  5
e4f
  8
Layer_0
  10
141.76324
  20
196.50694
  42
-0.2067125
  0
VERTEX
  5
e50
  8
Layer_0
  10
141.5892
  20
196.92134
  42
-0.13778661
  0
VERTEX
  5
e51
  8
Layer_0
  10
141.6684
  20
197.21693
  42
-0.14409618
  0
VERTEX
  5
e52
  8
Layer_0
  10
141.89034
  20
197.41585
  42
-0.065386683
  0
VERTEX
  5
e53
  8
Layer_0
  10
142.30197
  20
197.53648
  42
0.053269581
  0
VERTEX
  5
e54
  8
Layer_0
  10
142.80476
  20
197.66356
  0
VERTEX
  5
e55
  8
Layer_0
  10
142.80476
  20
197.71513
  42
0.218129
  0
VERTEX
  5
e56
  8
Layer_0
  10
142.73109
  20
197.92786
  0
VERTEX
  5
e57
  8
Layer_0
  10
142.62473
  20
197.97551
  0
VERTEX
  5
e58
  8
Layer_0
  10
142.45298
  20
197.99139
  42
0.15428586
  0
VERTEX
  5
e59
  8
Layer_0
  10
142.2375
  20
197.93706
  42
0.15640927
  0
VERTEX
  5
e5a
  8
Layer_0
  10
142.11226
  20
197.74644
  0
VERTEX
  5
e5b
  8
Layer_0
  10
141.64261
  20
197.83116
  42
-0.17283687
  0
VERTEX
  5
e5c
  8
Layer_0
  10
141.91519
  20
198.25108
  0
VERTEX
  5
e5d
  8
Layer_0
  10
142.02363
  20
198.31071
  0
VERTEX
  5
e5e
  8
Layer_0
  10
142.15554
  20
198.3533
  0
VERTEX
  5
e5f
  8
Layer_0
  10
142.31094
  20
198.37885
  0
VERTEX
  5
e60
  8
Layer_0
  10
142.48982
  20
198.38737
  0
VERTEX
  5
e61
  8
Layer_0
  10
142.79187
  20
198.36688
  0
VERTEX
  5
e62
  8
Layer_0
  10
143.00551
  20
198.30541
  42
-0.15610103
  0
VERTEX
  5
e63
  8
Layer_0
  10
143.24402
  20
198.09729
  0
VERTEX
  5
e64
  8
Layer_0
  10
143.27423
  20
198.02103
  0
VERTEX
  5
e65
  8
Layer_0
  10
143.29581
  20
197.91841
  0
VERTEX
  5
e66
  8
Layer_0
  10
143.30876
  20
197.78943
  0
VERTEX
  5
e67
  8
Layer_0
  10
143.31308
  20
197.63409
  0
VERTEX
  5
e68
  8
Layer_0
  10
143.30756
  20
197.03
  42
0.050111374
  0
VERTEX
  5
e69
  8
Layer_0
  10
143.33243
  20
196.64969
  42
0.063281327
  0
VERTEX
  5
e6a
  8
Layer_0
  10
143.42543
  20
196.38724
  0
SEQEND
  0
POLYLINE
  5
e6c
  8
Layer_0
  62
7
  70
1
  66
1
  10
0
  20
0
  30
0
  0
VERTEX
  5
e6c
  8
Layer_0
  10
142.80476
  20
197.22339
  42
-0.074260174
  0
VERTEX
  5
e6d
  8
Layer_0
  10
142.7845
  20
196.97107
  42
-0.16325926
  0
VERTEX
  5
e6e
  8
Layer_0
  10
142.6611
  20
196.79979
  42
-0.15806483
  0
VERTEX
  5
e6f
  8
Layer_0
  10
142.39404
  20
196.7077
  42
-0.19593035
  0
VERTEX
  5
e70
  8
Layer_0
  10
142.18777
  20
196.7869
  42
-0.20190708
  0
VERTEX
  5
e71
  8
Layer_0
  10
142.10674
  20
196.97475
  42
-0.24312299
  0
VERTEX
  5
e72
  8
Layer_0
  10
142.20804
  20
197.15707
  0
VERTEX
  5
e73
  8
Layer_0
  10
142.31163
  20
197.20174
  0
VERTEX
  5
e74
  8
Layer_0
  10
142.48982
  20
197.24733
  42
0.027815777
  0
VERTEX
  5
e75
  8
Layer_0
  10
142.80476
  20
197.32652
  0
SEQEND
  0
POLYLINE
  5
e77
  8
Layer_0
  62
7
  70
1
  66
1
  10
0
  20
0
  30
0
  0
VERTEX
  5
e77
  8
Layer_0
  10
144.53232
  20
198.38737
  42
0.21205179
  0
VERTEX
  5
e78
  8
Layer_0
  10
143.94112
  20
198.1286
  0
VERTEX
  5
e79
  8
Layer_0
  10
143.83878
  20
197.98431
  0
VERTEX
  5
e7a
  8
Layer_0
  10
143.76569
  20
197.81021
  0
VERTEX
  5
e7b
  8
Layer_0
  10
143.72183
  20
197.6063
  0
VERTEX
  5
e7c
  8
Layer_0
  10
143.70721
  20
197.37257
  0
VERTEX
  5
e7d
  8
Layer_0
  10
143.72224
  20
197.14287
  0
VERTEX
  5
e7e
  8
Layer_0
  10
143.7673
  20
196.93999
  0
VERTEX
  5
e7f
  8
Layer_0
  10
143.84241
  20
196.76393
  0
VERTEX
  5
e80
  8
Layer_0
  10
143.94756
  20
196.61469
  42
0.21483543
  0
VERTEX
  5
e81
  8
Layer_0
  10
144.52495
  20
196.34303
  42
0.11700251
  0
VERTEX
  5
e82
  8
Layer_0
  10
144.8537
  20
196.42499
  42
0.12175907
  0
VERTEX
  5
e83
  8
Layer_0
  10
145.13641
  20
196.67455
  0
VERTEX
  5
e84
  8
Layer_0
  10
145.13641
  20
196.38724
  0
VERTEX
  5
e85
  8
Layer_0
  10
145.61711
  20
196.38724
  0
VERTEX
  5
e86
  8
Layer_0
  10
145.61711
  20
199.08723
  0
VERTEX
  5
e87
  8
Layer_0
  10
145.09958
  20
199.08723
  0
VERTEX
  5
e88
  8
Layer_0
  10
145.09958
  20
198.11479
  42
0.2157717
  0
SEQEND
  0
POLYLINE
  5
e8a
  8
Layer_0
  62
7
  70
1
  66
1
  10
0
  20
0
  30
0
  0
VERTEX
  5
e8a
  8
Layer_0
  10
144.67229
  20
196.75189
  42
0.22400138
  0
VERTEX
  5
e8b
  8
Layer_0
  10
144.97618
  20
196.90384
  0
VERTEX
  5
e8c
  8
Layer_0
  10
145.03097
  20
196.9892
  0
VERTEX
  5
e8d
  8
Layer_0
  10
145.07011
  20
197.09331
  0
VERTEX
  5
e8e
  8
Layer_0
  10
145.09359
  20
197.21619
  0
VERTEX
  5
e8f
  8
Layer_0
  10
145.10142
  20
197.35783
  0
VERTEX
  5
e90
  8
Layer_0
  10
145.09382
  20
197.51455
  0
VERTEX
  5
e91
  8
Layer_0
  10
145.07103
  20
197.64768
  0
VERTEX
  5
e92
  8
Layer_0
  10
145.03304
  20
197.7572
  0
VERTEX
  5
e93
  8
Layer_0
  10
144.97986
  20
197.84313
  42
0.22467988
  0
VERTEX
  5
e94
  8
Layer_0
  10
144.66861
  20
197.99139
  42
0.22017061
  0
VERTEX
  5
e95
  8
Layer_0
  10
144.36011
  20
197.84497
  0
VERTEX
  5
e96
  8
Layer_0
  10
144.30572
  20
197.76273
  0
VERTEX
  5
e97
  8
Layer_0
  10
144.26687
  20
197.66241
  0
VERTEX
  5
e98
  8
Layer_0
  10
144.24356
  20
197.54402
  0
VERTEX
  5
e99
  8
Layer_0
  10
144.23579
  20
197.40756
  0
VERTEX
  5
e9a
  8
Layer_0
  10
144.25743
  20
197.13774
  0
VERTEX
  5
e9b
  8
Layer_0
  10
144.32236
  20
196.95449
  42
0.25990486
  0
SEQEND
  0
POLYLINE
  5
e9d
  8
Layer_0
  62
7
  70
1
  66
1
  10
0
  20
0
  30
0
  0
VERTEX
  5
e9d
  8
Layer_0
  10
147.08498
  20
197.10736
  0
VERTEX
  5
e9e
  8
Layer_0
  10
147.08498
  20
197.62488
  0
VERTEX
  5
e9f
  8
Layer_0
  10
146.06833
  20
197.62488
  0
VERTEX
  5
ea0
  8
Layer_0
  10
146.06833
  20
197.10736
  0
SEQEND
  0
POLYLINE
  5
ea2
  8
Layer_0
  62
7
  70
1
  66
1
  10
0
  20
0
  30
0
  0
VERTEX
  5
ea2
  8
Layer_0
  10
148.53996
  20
196.38724
  0
VERTEX
  5
ea3
  8
Layer_0
  10
148.53996
  20
198.63048
  0
VERTEX
  5
ea4
  8
Layer_0
  10
149.33928
  20
198.63048
  0
VERTEX
  5
ea5
  8
Layer_0
  10
149.33928
  20
199.08723
  0
VERTEX
  5
ea6
  8
Layer_0
  10
147.19363
  20
199.08723
  0
VERTEX
  5
ea7
  8
Layer_0
  10
147.19363
  20
198.63048
  0
VERTEX
  5
ea8
  8
Layer_0
  10
147.9948
  20
198.63048
  0
VERTEX
  5
ea9
  8
Layer_0
  10
147.9948
  20
196.38724
  0
SEQEND
  0
POLYLINE
  5
eab
  8
Layer_0
  62
7
  70
1
  66
1
  10
0
  20
0
  30
0
  0
VERTEX
  5
eab
  8
Layer_0
  10
150.41394
  20
196.43327
  42
-0.12015965
  0
VERTEX
  5
eac
  8
Layer_0
  10
150.04651
  20
196.34303
  42
-0.12695068
  0
VERTEX
  5
ead
  8
Layer_0
  10
149.69289
  20
196.4296
  42
-0.16273738
  0
VERTEX
  5
eae
  8
Layer_0
  10
149.46635
  20
196.6727
  42
-0.10548941
  0
VERTEX
  5
eaf
  8
Layer_0
  10
149.39636
  20
197.10551
  0
VERTEX
  5
eb0
  8
Layer_0
  10
149.39636
  20
198.34317
  0
VERTEX
  5
eb1
  8
Layer_0
  10
149.91389
  20
198.34317
  0
VERTEX
  5
eb2
  8
Layer_0
  10
149.91389
  20
197.4444
  0
VERTEX
  5
eb3
  8
Layer_0
  10
149.91568
  20
197.25809
  0
VERTEX
  5
eb4
  8
Layer_0
  10
149.92104
  20
197.11173
  0
VERTEX
  5
eb5
  8
Layer_0
  10
149.92996
  20
197.00531
  0
VERTEX
  5
eb6
  8
Layer_0
  10
149.94245
  20
196.93884
  42
0.16375335
  0
VERTEX
  5
eb7
  8
Layer_0
  10
150.04651
  20
196.79149
  42
0.15719635
  0
VERTEX
  5
eb8
  8
Layer_0
  10
150.23805
  20
196.73717
  42
0.15267512
  0
VERTEX
  5
eb9
  8
Layer_0
  10
150.47563
  20
196.80991
  42
0.15630116
  0
VERTEX
  5
eba
  8
Layer_0
  10
150.61929
  20
196.9904
  0
VERTEX
  5
ebb
  8
Layer_0
  10
150.63621
  20
197.06379
  0
VERTEX
  5
ebc
  8
Layer_0
  10
150.6483
  20
197.17619
  0
VERTEX
  5
ebd
  8
Layer_0
  10
150.65555
  20
197.32762
  0
VERTEX
  5
ebe
  8
Layer_0
  10
150.65797
  20
197.51806
  0
VERTEX
  5
ebf
  8
Layer_0
  10
150.65796
  20
198.34317
  0
VERTEX
  5
ec0
  8
Layer_0
  10
151.17549
  20
198.34317
  0
VERTEX
  5
ec1
  8
Layer_0
  10
151.17549
  20
196.38724
  0
VERTEX
  5
ec2
  8
Layer_0
  10
150.69479
  20
196.38724
  0
VERTEX
  5
ec3
  8
Layer_0
  10
150.69479
  20
196.68007
  42
-0.12403849
  0
SEQEND
  0
POLYLINE
  5
ec5
  8
Layer_0
  62
7
  70
1
  66
1
  10
0
  20
0
  30
0
  0
VERTEX
  5
ec5
  8
Layer_0
  10
152.39197
  20
198.32475
  42
-0.14248316
  0
VERTEX
  5
ec6
  8
Layer_0
  10
152.61574
  20
198.38737
  42
-0.1350909
  0
VERTEX
  5
ec7
  8
Layer_0
  10
152.95647
  20
198.28976
  0
VERTEX
  5
ec8
  8
Layer_0
  10
152.79623
  20
197.83853
  42
0.14472374
  0
VERTEX
  5
ec9
  8
Layer_0
  10
152.55312
  20
197.92325
  42
0.16914556
  0
VERTEX
  5
eca
  8
Layer_0
  10
152.36894
  20
197.86339
  42
0.15902649
  0
VERTEX
  5
ecb
  8
Layer_0
  10
152.25015
  20
197.64699
  0
VERTEX
  5
ecc
  8
Layer_0
  10
152.23122
  20
197.5473
  0
VERTEX
  5
ecd
  8
Layer_0
  10
152.21769
  20
197.4048
  0
VERTEX
  5
ece
  8
Layer_0
  10
152.20958
  20
197.21947
  0
VERTEX
  5
ecf
  8
Layer_0
  10
152.20687
  20
196.99133
  0
VERTEX
  5
ed0
  8
Layer_0
  10
152.20688
  20
196.38724
  0
VERTEX
  5
ed1
  8
Layer_0
  10
151.68935
  20
196.38724
  0
VERTEX
  5
ed2
  8
Layer_0
  10
151.68935
  20
198.34317
  0
VERTEX
  5
ed3
  8
Layer_0
  10
152.17004
  20
198.34317
  0
VERTEX
  5
ed4
  8
Layer_0
  10
152.17004
  20
198.06506
  0
VERTEX
  5
ed5
  8
Layer_0
  10
152.28722
  20
198.22852
  0
VERTEX
  5
ed6
  8
Layer_0
  10
152.39197
  20
198.32475
  0
SEQEND
  0
POLYLINE
  5
ed8
  8
Layer_0
  62
7
  70
1
  66
1
  10
0
  20
0
  30
0
  0
VERTEX
  5
ed8
  8
Layer_0
  10
153.91878
  20
196.42683
  42
0.1192829
  0
VERTEX
  5
ed9
  8
Layer_0
  10
154.24937
  20
196.34303
  42
0.21539327
  0
VERTEX
  5
eda
  8
Layer_0
  10
154.8286
  20
196.61377
  0
VERTEX
  5
edb
  8
Layer_0
  10
154.93295
  20
196.76352
  0
VERTEX
  5
edc
  8
Layer_0
  10
155.00748
  20
196.94206
  0
VERTEX
  5
edd
  8
Layer_0
  10
155.0522
  20
197.14937
  0
VERTEX
  5
ede
  8
Layer_0
  10
155.0671
  20
197.38546
  0
VERTEX
  5
edf
  8
Layer_0
  10
155.05249
  20
197.61355
  0
VERTEX
  5
ee0
  8
Layer_0
  10
155.00863
  20
197.81343
  0
VERTEX
  5
ee1
  8
Layer_0
  10
154.93554
  20
197.98512
  0
VERTEX
  5
ee2
  8
Layer_0
  10
154.83321
  20
198.1286
  42
0.21204861
  0
VERTEX
  5
ee3
  8
Layer_0
  10
154.242
  20
198.38737
  42
0.2157748
  0
VERTEX
  5
ee4
  8
Layer_0
  10
153.67474
  20
198.11479
  0
VERTEX
  5
ee5
  8
Layer_0
  10
153.67474
  20
199.08723
  0
VERTEX
  5
ee6
  8
Layer_0
  10
153.15721
  20
199.08723
  0
VERTEX
  5
ee7
  8
Layer_0
  10
153.15721
  20
196.38724
  0
VERTEX
  5
ee8
  8
Layer_0
  10
153.63791
  20
196.38724
  0
VERTEX
  5
ee9
  8
Layer_0
  10
153.63791
  20
196.67455
  42
0.1186739
  0
SEQEND
  0
POLYLINE
  5
eeb
  8
Layer_0
  62
7
  70
1
  66
1
  10
0
  20
0
  30
0
  0
VERTEX
  5
eeb
  8
Layer_0
  10
154.12413
  20
196.75189
  42
0.22404901
  0
VERTEX
  5
eec
  8
Layer_0
  10
154.41605
  20
196.89832
  0
VERTEX
  5
eed
  8
Layer_0
  10
154.46883
  20
196.98206
  0
VERTEX
  5
eee
  8
Layer_0
  10
154.50652
  20
197.08687
  0
VERTEX
  5
eef
  8
Layer_0
  10
154.52914
  20
197.21274
  0
VERTEX
  5
ef0
  8
Layer_0
  10
154.53668
  20
197.35967
  0
VERTEX
  5
ef1
  8
Layer_0
  10
154.52909
  20
197.51559
  0
VERTEX
  5
ef2
  8
Layer_0
  10
154.50629
  20
197.64814
  0
VERTEX
  5
ef3
  8
Layer_0
  10
154.46831
  20
197.75732
  0
VERTEX
  5
ef4
  8
Layer_0
  10
154.41513
  20
197.84313
  42
0.22468594
  0
VERTEX
  5
ef5
  8
Layer_0
  10
154.10388
  20
197.99139
  42
0.21949463
  0
VERTEX
  5
ef6
  8
Layer_0
  10
153.79446
  20
197.84682
  0
VERTEX
  5
ef7
  8
Layer_0
  10
153.74047
  20
197.76515
  0
VERTEX
  5
ef8
  8
Layer_0
  10
153.70191
  20
197.66471
  0
VERTEX
  5
ef9
  8
Layer_0
  10
153.67878
  20
197.54552
  0
VERTEX
  5
efa
  8
Layer_0
  10
153.67106
  20
197.40756
  0
VERTEX
  5
efb
  8
Layer_0
  10
153.695
  20
197.14327
  0
VERTEX
  5
efc
  8
Layer_0
  10
153.76683
  20
196.95817
  42
0.25352588
  0
SEQEND
  0
POLYLINE
  5
efe
  8
Layer_0
  62
7
  70
1
  66
1
  10
0
  20
0
  30
0
  0
VERTEX
  5
efe
  8
Layer_0
  10
155.85077
  20
198.26028
  42
-0.12549055
  0
VERTEX
  5
eff
  8
Layer_0
  10
156.37106
  20
198.38737
  42
-0.20100523
  0
VERTEX
  5
f00
  8
Layer_0
  10
157.09856
  20
198.09914
  42
-0.19681984
  0
VERTEX
  5
f01
  8
Layer_0
  10
157.38217
  20
197.37073
  42
-0.19642955
  0
VERTEX
  5
f02
  8
Layer_0
  10
157.09579
  20
196.63495
  42
-0.20139495
  0
VERTEX
  5
f03
  8
Layer_0
  10
156.37474
  20
196.34303
  42
-0.11605329
  0
VERTEX
  5
f04
  8
Layer_0
  10
155.86182
  20
196.46458
  42
-0.1543643
  0
VERTEX
  5
f05
  8
Layer_0
  10
155.49071
  20
196.82097
  42
-0.12465023
  0
VERTEX
  5
f06
  8
Layer_0
  10
155.36363
  20
197.39282
  42
-0.12179484
  0
VERTEX
  5
f07
  8
Layer_0
  10
155.49071
  20
197.89194
  42
-0.14772266
  0
SEQEND
  0
POLYLINE
  5
f09
  8
Layer_0
  62
7
  70
1
  66
1
  10
0
  20
0
  30
0
  0
VERTEX
  5
f09
  8
Layer_0
  10
156.37289
  20
196.76479
  42
0.21451438
  0
VERTEX
  5
f0a
  8
Layer_0
  10
156.71271
  20
196.91949
  0
VERTEX
  5
f0b
  8
Layer_0
  10
156.77274
  20
197.0056
  0
VERTEX
  5
f0c
  8
Layer_0
  10
156.81561
  20
197.1092
  0
VERTEX
  5
f0d
  8
Layer_0
  10
156.84134
  20
197.23029
  0
VERTEX
  5
f0e
  8
Layer_0
  10
156.84991
  20
197.36888
  0
VERTEX
  5
f0f
  8
Layer_0
  10
156.84134
  20
197.50425
  0
VERTEX
  5
f10
  8
Layer_0
  10
156.81561
  20
197.62304
  0
VERTEX
  5
f11
  8
Layer_0
  10
156.77274
  20
197.72526
  0
VERTEX
  5
f12
  8
Layer_0
  10
156.71271
  20
197.8109
  42
0.21451438
  0
VERTEX
  5
f13
  8
Layer_0
  10
156.37289
  20
197.96561
  42
0.21365091
  0
VERTEX
  5
f14
  8
Layer_0
  10
156.03218
  20
197.8109
  0
VERTEX
  5
f15
  8
Layer_0
  10
155.97175
  20
197.72503
  0
VERTEX
  5
f16
  8
Layer_0
  10
155.92858
  20
197.62212
  0
VERTEX
  5
f17
  8
Layer_0
  10
155.90268
  20
197.50218
  0
VERTEX
  5
f18
  8
Layer_0
  10
155.89405
  20
197.3652
  0
VERTEX
  5
f19
  8
Layer_0
  10
155.90268
  20
197.22822
  0
VERTEX
  5
f1a
  8
Layer_0
  10
155.92858
  20
197.10828
  0
VERTEX
  5
f1b
  8
Layer_0
  10
155.97175
  20
197.00537
  0
VERTEX
  5
f1c
  8
Layer_0
  10
156.03218
  20
196.9195
  42
0.21365091
  0
SEQEND
  0
POLYLINE
  5
f1e
  8
Layer_0
  62
7
  70
1
  66
1
  10
0
  20
0
  30
0
  0
VERTEX
  5
f1e
  8
Layer_0
  10
160.68443
  20
199.08723
  0
VERTEX
  5
f1f
  8
Layer_0
  10
160.03613
  20
199.08723
  0
VERTEX
  5
f20
  8
Layer_0
  10
159.54254
  20
197.23259
  0
VERTEX
  5
f21
  8
Layer_0
  10
159.13553
  20
199.08723
  0
VERTEX
  5
f22
  8
Layer_0
  10
158.57747
  20
199.08723
  0
VERTEX
  5
f23
  8
Layer_0
  10
159.22208
  20
196.38724
  0
VERTEX
  5
f24
  8
Layer_0
  10
159.81329
  20
196.38724
  0
VERTEX
  5
f25
  8
Layer_0
  10
160.34923
  20
198.40579
  0
VERTEX
  5
f26
  8
Layer_0
  10
160.88702
  20
196.38724
  0
VERTEX
  5
f27
  8
Layer_0
  10
161.46533
  20
196.38724
  0
VERTEX
  5
f28
  8
Layer_0
  10
162.121
  20
199.08723
  0
VERTEX
  5
f29
  8
Layer_0
  10
161.57216
  20
199.08723
  0
VERTEX
  5
f2a
  8
Layer_0
  10
161.15776
  20
197.20128
  0
SEQEND
  0
POLYLINE
  5
f2c
  8
Layer_0
  62
7
  70
1
  66
1
  10
0
  20
0
  30
0
  0
VERTEX
  5
f2c
  8
Layer_0
  10
162.42303
  20
197.94534
  0
VERTEX
  5
f2d
  8
Layer_0
  10
162.42303
  20
198.41499
  42
0.086607455
  0
VERTEX
  5
f2e
  8
Layer_0
  10
162.86322
  20
198.6664
  42
0.14218844
  0
VERTEX
  5
f2f
  8
Layer_0
  10
163.18921
  20
199.09828
  0
VERTEX
  5
f30
  8
Layer_0
  10
163.60913
  20
199.09828
  0
VERTEX
  5
f31
  8
Layer_0
  10
163.60913
  20
196.38724
  0
VERTEX
  5
f32
  8
Layer_0
  10
163.0916
  20
196.38724
  0
VERTEX
  5
f33
  8
Layer_0
  10
163.0916
  20
198.33765
  42
-0.10866728
  0
SEQEND
  0
POLYLINE
  5
f35
  8
Layer_0
  62
7
  70
1
  66
1
  10
0
  20
0
  30
0
  0
VERTEX
  5
f35
  8
Layer_0
  10
165.39929
  20
198.14058
  42
-0.20743818
  0
VERTEX
  5
f36
  8
Layer_0
  10
165.95459
  20
197.89378
  42
-0.19041898
  0
VERTEX
  5
f37
  8
Layer_0
  10
166.18573
  20
197.25653
  0
VERTEX
  5
f38
  8
Layer_0
  10
166.17053
  20
197.05958
  0
VERTEX
  5
f39
  8
Layer_0
  10
166.12495
  20
196.88312
  0
VERTEX
  5
f3a
  8
Layer_0
  10
166.04898
  20
196.72715
  0
VERTEX
  5
f3b
  8
Layer_0
  10
165.94262
  20
196.59167
  42
-0.20279558
  0
VERTEX
  5
f3c
  8
Layer_0
  10
165.31827
  20
196.34119
  42
-0.22325786
  0
VERTEX
  5
f3d
  8
Layer_0
  10
164.64603
  20
196.65889
  0
VERTEX
  5
f3e
  8
Layer_0
  10
164.5308
  20
196.84312
  0
VERTEX
  5
f3f
  8
Layer_0
  10
164.4485
  20
197.07812
  0
VERTEX
  5
f40
  8
Layer_0
  10
164.39912
  20
197.36388
  0
VERTEX
  5
f41
  8
Layer_0
  10
164.38266
  20
197.7004
  0
VERTEX
  5
f42
  8
Layer_0
  10
164.39981
  20
198.04561
  0
VERTEX
  5
f43
  8
Layer_0
  10
164.45126
  20
198.33902
  0
VERTEX
  5
f44
  8
Layer_0
  10
164.53702
  20
198.58064
  0
VERTEX
  5
f45
  8
Layer_0
  10
164.65708
  20
198.77045
  42
-0.22200694
  0
VERTEX
  5
f46
  8
Layer_0
  10
165.36984
  20
199.09828
  42
-0.1785474
  0
VERTEX
  5
f47
  8
Layer_0
  10
165.87907
  20
198.92609
  42
-0.17605955
  0
VERTEX
  5
f48
  8
Layer_0
  10
166.136
  20
198.42604
  0
VERTEX
  5
f49
  8
Layer_0
  10
165.63504
  20
198.37079
  42
0.17456918
  0
VERTEX
  5
f4a
  8
Layer_0
  10
165.53928
  20
198.59917
  42
0.19258001
  0
VERTEX
  5
f4b
  8
Layer_0
  10
165.33853
  20
198.67284
  42
0.23293092
  0
VERTEX
  5
f4c
  8
Layer_0
  10
165.06134
  20
198.5255
  0
VERTEX
  5
f4d
  8
Layer_0
  10
165.00994
  20
198.43192
  0
VERTEX
  5
f4e
  8
Layer_0
  10
164.96902
  20
198.2985
  0
VERTEX
  5
f4f
  8
Layer_0
  10
164.93858
  20
198.12526
  0
VERTEX
  5
f50
  8
Layer_0
  10
164.91861
  20
197.9122
  42
-0.2205199
  0
SEQEND
  0
POLYLINE
  5
f52
  8
Layer_0
  62
7
  70
1
  66
1
  10
0
  20
0
  30
0
  0
VERTEX
  5
f52
  8
Layer_0
  10
165.34406
  20
196.77031
  42
0.21965419
  0
VERTEX
  5
f53
  8
Layer_0
  10
165.58348
  20
196.88266
  0
VERTEX
  5
f54
  8
Layer_0
  10
165.65531
  20
197.03092
  0
VERTEX
  5
f55
  8
Layer_0
  10
165.67925
  20
197.25101
  0
VERTEX
  5
f56
  8
Layer_0
  10
165.65346
  20
197.47916
  0
VERTEX
  5
f57
  8
Layer_0
  10
165.57611
  20
197.63686
  42
0.22123164
  0
VERTEX
  5
f58
  8
Layer_0
  10
165.31827
  20
197.75934
  42
0.21526126
  0
VERTEX
  5
f59
  8
Layer_0
  10
165.06595
  20
197.64238
  0
VERTEX
  5
f5a
  8
Layer_0
  10
164.98859
  20
197.49758
  0
VERTEX
  5
f5b
  8
Layer_0
  10
164.96281
  20
197.29705
  0
VERTEX
  5
f5c
  8
Layer_0
  10
164.99182
  20
197.07351
  0
VERTEX
  5
f5d
  8
Layer_0
  10
165.07884
  20
196.90753
  42
0.2206916
  0
SEQEND
  0
POLYLINE
  5
f5f
  8
Layer_0
  62
7
  70
1
  66
1
  10
0
  20
0
  30
0
  0
VERTEX
  5
f5f
  8
Layer_0
  10
128.4733
  20
188.41953
  0
VERTEX
  5
f60
  8
Layer_0
  10
129.44943
  20
188.41953
  0
VERTEX
  5
f61
  8
Layer_0
  10
129.44943
  20
188.9039
  0
VERTEX
  5
f62
  8
Layer_0
  10
128.08101
  20
188.9039
  0
VERTEX
  5
f63
  8
Layer_0
  10
127.8158
  20
187.49866
  0
VERTEX
  5
f64
  8
Layer_0
  10
128.23572
  20
187.43787
  42
-0.21301998
  0
VERTEX
  5
f65
  8
Layer_0
  10
128.63538
  20
187.63495
  42
-0.21315017
  0
VERTEX
  5
f66
  8
Layer_0
  10
128.92545
  20
187.51062
  0
VERTEX
  5
f67
  8
Layer_0
  10
129.00902
  20
187.35523
  0
VERTEX
  5
f68
  8
Layer_0
  10
129.03688
  20
187.13767
  0
VERTEX
  5
f69
  8
Layer_0
  10
129.00879
  20
186.90584
  0
VERTEX
  5
f6a
  8
Layer_0
  10
128.92453
  20
186.74078
  42
-0.21955056
  0
VERTEX
  5
f6b
  8
Layer_0
  10
128.65012
  20
186.60909
  42
-0.19098626
  0
VERTEX
  5
f6c
  8
Layer_0
  10
128.39963
  20
186.7113
  42
-0.17431604
  0
VERTEX
  5
f6d
  8
Layer_0
  10
128.26888
  20
186.98849
  0
VERTEX
  5
f6e
  8
Layer_0
  10
127.75318
  20
186.93507
  42
0.18464195
  0
VERTEX
  5
f6f
  8
Layer_0
  10
128.03497
  20
186.39545
  42
0.17820301
  0
VERTEX
  5
f70
  8
Layer_0
  10
128.64459
  20
186.1947
  42
0.23825749
  0
VERTEX
  5
f71
  8
Layer_0
  10
129.37576
  20
186.552
  42
0.16053217
  0
VERTEX
  5
f72
  8
Layer_0
  10
129.56914
  20
187.14688
  42
0.19305674
  0
VERTEX
  5
f73
  8
Layer_0
  10
129.32971
  20
187.79701
  42
0.20477959
  0
VERTEX
  5
f74
  8
Layer_0
  10
128.74588
  20
188.04749
  42
0.1164355
  0
VERTEX
  5
f75
  8
Layer_0
  10
128.39227
  20
187.96094
  0
SEQEND
  0
POLYLINE
  5
f77
  8
Layer_0
  62
7
  70
1
  66
1
  10
0
  20
0
  30
0
  0
VERTEX
  5
f77
  8
Layer_0
  10
131.59506
  20
187.57232
  0
VERTEX
  5
f78
  8
Layer_0
  10
131.57849
  20
187.21618
  0
VERTEX
  5
f79
  8
Layer_0
  10
131.52876
  20
186.9139
  0
VERTEX
  5
f7a
  8
Layer_0
  10
131.44588
  20
186.66549
  0
VERTEX
  5
f7b
  8
Layer_0
  10
131.32985
  20
186.47096
  42
-0.22891098
  0
VERTEX
  5
f7c
  8
Layer_0
  10
130.71838
  20
186.1947
  42
-0.22842462
  0
VERTEX
  5
f7d
  8
Layer_0
  10
130.08299
  20
186.49767
  0
VERTEX
  5
f7e
  8
Layer_0
  10
129.97743
  20
186.67879
  0
VERTEX
  5
f7f
  8
Layer_0
  10
129.90204
  20
186.91919
  0
VERTEX
  5
f80
  8
Layer_0
  10
129.8568
  20
187.21888
  0
VERTEX
  5
f81
  8
Layer_0
  10
129.84172
  20
187.57785
  0
VERTEX
  5
f82
  8
Layer_0
  10
129.8583
  20
187.93238
  0
VERTEX
  5
f83
  8
Layer_0
  10
129.90802
  20
188.23351
  0
VERTEX
  5
f84
  8
Layer_0
  10
129.9909
  20
188.48123
  0
VERTEX
  5
f85
  8
Layer_0
  10
130.10693
  20
188.67553
  42
-0.22890931
  0
VERTEX
  5
f86
  8
Layer_0
  10
130.71838
  20
188.95178
  42
-0.22953406
  0
VERTEX
  5
f87
  8
Layer_0
  10
131.3317
  20
188.67184
  0
VERTEX
  5
f88
  8
Layer_0
  10
131.44692
  20
188.47881
  0
VERTEX
  5
f89
  8
Layer_0
  10
131.52922
  20
188.23121
  0
VERTEX
  5
f8a
  8
Layer_0
  10
131.5786
  20
187.92905
  0
SEQEND
  0
POLYLINE
  5
f8c
  8
Layer_0
  62
7
  70
1
  66
1
  10
0
  20
0
  30
0
  0
VERTEX
  5
f8c
  8
Layer_0
  10
130.43661
  20
188.24825
  0
VERTEX
  5
f8d
  8
Layer_0
  10
130.41324
  20
188.13072
  0
VERTEX
  5
f8e
  8
Layer_0
  10
130.39655
  20
187.97889
  0
VERTEX
  5
f8f
  8
Layer_0
  10
130.38653
  20
187.79276
  0
VERTEX
  5
f90
  8
Layer_0
  10
130.38319
  20
187.57232
  0
VERTEX
  5
f91
  8
Layer_0
  10
130.38619
  20
187.35333
  0
VERTEX
  5
f92
  8
Layer_0
  10
130.39517
  20
187.17151
  0
VERTEX
  5
f93
  8
Layer_0
  10
130.41013
  20
187.02688
  0
VERTEX
  5
f94
  8
Layer_0
  10
130.43108
  20
186.91942
  0
VERTEX
  5
f95
  8
Layer_0
  10
130.48518
  20
186.77139
  0
VERTEX
  5
f96
  8
Layer_0
  10
130.55171
  20
186.68276
  42
0.17188529
  0
VERTEX
  5
f97
  8
Layer_0
  10
130.71838
  20
186.62383
  42
0.17225873
  0
VERTEX
  5
f98
  8
Layer_0
  10
130.88599
  20
186.68369
  42
0.15942452
  0
VERTEX
  5
f99
  8
Layer_0
  10
131.00018
  20
186.89824
  0
VERTEX
  5
f9a
  8
Layer_0
  10
131.02355
  20
187.01496
  0
VERTEX
  5
f9b
  8
Layer_0
  10
131.04024
  20
187.16622
  0
VERTEX
  5
f9c
  8
Layer_0
  10
131.05025
  20
187.352
  0
VERTEX
  5
f9d
  8
Layer_0
  10
131.05359
  20
187.57232
  0
VERTEX
  5
f9e
  8
Layer_0
  10
131.0506
  20
187.79132
  0
VERTEX
  5
f9f
  8
Layer_0
  10
131.04162
  20
187.97313
  0
VERTEX
  5
fa0
  8
Layer_0
  10
131.02665
  20
188.11777
  0
VERTEX
  5
fa1
  8
Layer_0
  10
131.0057
  20
188.22522
  0
VERTEX
  5
fa2
  8
Layer_0
  10
130.9516
  20
188.37348
  0
VERTEX
  5
fa3
  8
Layer_0
  10
130.88507
  20
188.46281
  42
0.17384657
  0
VERTEX
  5
fa4
  8
Layer_0
  10
130.71838
  20
188.52266
  42
0.17225384
  0
VERTEX
  5
fa5
  8
Layer_0
  10
130.5508
  20
188.4628
  42
0.15940765
  0
VERTEX
  5
fa6
  8
Layer_0
  10
130.4366
  20
188.24825
  0
SEQEND
  0
POLYLINE
  5
fa8
  8
Layer_0
  62
7
  70
1
  66
1
  10
0
  20
0
  30
0
  0
VERTEX
  5
fa8
  8
Layer_0
  10
132.07944
  20
187.79886
  0
VERTEX
  5
fa9
  8
Layer_0
  10
132.07944
  20
188.26849
  42
0.086602081
  0
VERTEX
  5
faa
  8
Layer_0
  10
132.51962
  20
188.5199
  42
0.14218844
  0
VERTEX
  5
fab
  8
Layer_0
  10
132.84561
  20
188.95178
  0
VERTEX
  5
fac
  8
Layer_0
  10
133.26553
  20
188.95178
  0
VERTEX
  5
fad
  8
Layer_0
  10
133.26553
  20
186.24074
  0
VERTEX
  5
fae
  8
Layer_0
  10
132.748
  20
186.24074
  0
VERTEX
  5
faf
  8
Layer_0
  10
132.748
  20
188.19115
  42
-0.10866912
  0
SEQEND
  0
POLYLINE
  5
fb1
  8
Layer_0
  62
7
  70
1
  66
1
  10
0
  20
0
  30
0
  0
VERTEX
  5
fb1
  8
Layer_0
  10
136.30257
  20
188.19667
  0
VERTEX
  5
fb2
  8
Layer_0
  10
136.9398
  20
188.19667
  0
VERTEX
  5
fb3
  8
Layer_0
  10
136.27126
  20
187.48209
  0
VERTEX
  5
fb4
  8
Layer_0
  10
136.9877
  20
186.24074
  0
VERTEX
  5
fb5
  8
Layer_0
  10
136.42964
  20
186.24074
  0
VERTEX
  5
fb6
  8
Layer_0
  10
135.9379
  20
187.11925
  0
VERTEX
  5
fb7
  8
Layer_0
  10
135.69662
  20
186.86694
  0
VERTEX
  5
fb8
  8
Layer_0
  10
135.69662
  20
186.24074
  0
VERTEX
  5
fb9
  8
Layer_0
  10
135.17911
  20
186.24074
  0
VERTEX
  5
fba
  8
Layer_0
  10
135.17911
  20
188.94073
  0
VERTEX
  5
fbb
  8
Layer_0
  10
135.69662
  20
188.94073
  0
VERTEX
  5
fbc
  8
Layer_0
  10
135.69662
  20
187.50786
  0
SEQEND
  0
POLYLINE
  5
fbe
  8
Layer_0
  62
7
  70
1
  66
1
  10
0
  20
0
  30
0
  0
VERTEX
  5
fbe
  8
Layer_0
  10
138.34322
  20
188.24088
  42
-0.1283163
  0
VERTEX
  5
fbf
  8
Layer_0
  10
138.6692
  20
188.16353
  42
-0.13741361
  0
VERTEX
  5
fc0
  8
Layer_0
  10
138.89575
  20
187.92963
  42
-0.10121977
  0
VERTEX
  5
fc1
  8
Layer_0
  10
139.17384
  20
188.16353
  42
-0.12015722
  0
VERTEX
  5
fc2
  8
Layer_0
  10
139.49248
  20
188.24088
  42
-0.13337724
  0
VERTEX
  5
fc3
  8
Layer_0
  10
139.85713
  20
188.1534
  42
-0.15888606
  0
VERTEX
  5
fc4
  8
Layer_0
  10
140.07999
  20
187.89647
  0
VERTEX
  5
fc5
  8
Layer_0
  10
140.12005
  20
187.73255
  0
VERTEX
  5
fc6
  8
Layer_0
  10
140.1334
  20
187.49129
  0
VERTEX
  5
fc7
  8
Layer_0
  10
140.13339
  20
186.24074
  0
VERTEX
  5
fc8
  8
Layer_0
  10
139.61588
  20
186.24074
  0
VERTEX
  5
fc9
  8
Layer_0
  10
139.61588
  20
187.35867
  0
VERTEX
  5
fca
  8
Layer_0
  10
139.61253
  20
187.49129
  0
VERTEX
  5
fcb
  8
Layer_0
  10
139.60252
  20
187.59811
  0
VERTEX
  5
fcc
  8
Layer_0
  10
139.58582
  20
187.67915
  0
VERTEX
  5
fcd
  8
Layer_0
  10
139.56246
  20
187.7344
  42
0.25385485
  0
VERTEX
  5
fce
  8
Layer_0
  10
139.34145
  20
187.84491
  42
0.15255175
  0
VERTEX
  5
fcf
  8
Layer_0
  10
139.13701
  20
187.77859
  42
0.1628337
  0
VERTEX
  5
fd0
  8
Layer_0
  10
138.99889
  20
187.58429
  42
0.080067912
  0
VERTEX
  5
fd1
  8
Layer_0
  10
138.95653
  20
187.18002
  0
VERTEX
  5
fd2
  8
Layer_0
  10
138.95653
  20
186.24074
  0
VERTEX
  5
fd3
  8
Layer_0
  10
138.439
  20
186.24074
  0
VERTEX
  5
fd4
  8
Layer_0
  10
138.439
  20
187.31264
  0
VERTEX
  5
fd5
  8
Layer_0
  10
138.43726
  20
187.44271
  0
VERTEX
  5
fd6
  8
Layer_0
  10
138.43209
  20
187.54746
  0
VERTEX
  5
fd7
  8
Layer_0
  10
138.42345
  20
187.62688
  0
VERTEX
  5
fd8
  8
Layer_0
  10
138.41137
  20
187.68098
  42
0.16122545
  0
VERTEX
  5
fd9
  8
Layer_0
  10
138.32573
  20
187.80438
  42
0.15360868
  0
VERTEX
  5
fda
  8
Layer_0
  10
138.16826
  20
187.84491
  42
0.1491928
  0
VERTEX
  5
fdb
  8
Layer_0
  10
137.95277
  20
187.78044
  42
0.16389007
  0
VERTEX
  5
fdc
  8
Layer_0
  10
137.81557
  20
187.59442
  0
VERTEX
  5
fdd
  8
Layer_0
  10
137.78448
  20
187.43281
  0
VERTEX
  5
fde
  8
Layer_0
  10
137.77412
  20
187.19108
  0
VERTEX
  5
fdf
  8
Layer_0
  10
137.77412
  20
186.24074
  0
VERTEX
  5
fe0
  8
Layer_0
  10
137.25659
  20
186.24074
  0
VERTEX
  5
fe1
  8
Layer_0
  10
137.25659
  20
188.19667
  0
VERTEX
  5
fe2
  8
Layer_0
  10
137.73361
  20
188.19667
  0
VERTEX
  5
fe3
  8
Layer_0
  10
137.73361
  20
187.92963
  42
-0.22427311
  0
SEQEND
  0
POLYLINE
  5
fe5
  8
Layer_0
  62
7
  70
1
  66
1
  10
0
  20
0
  30
0
  0
VERTEX
  5
fe5
  8
Layer_0
  10
140.75407
  20
186.1947
  0
VERTEX
  5
fe6
  8
Layer_0
  10
140.37283
  20
186.1947
  0
VERTEX
  5
fe7
  8
Layer_0
  10
141.04138
  20
188.98679
  0
VERTEX
  5
fe8
  8
Layer_0
  10
141.42999
  20
188.98679
  0
SEQEND
  0
POLYLINE
  5
fea
  8
Layer_0
  62
7
  70
1
  66
1
  10
0
  20
0
  30
0
  0
VERTEX
  5
fea
  8
Layer_0
  10
142.81129
  20
188.24088
  42
-0.10853013
  0
VERTEX
  5
feb
  8
Layer_0
  10
143.13361
  20
188.17458
  42
-0.13178051
  0
VERTEX
  5
fec
  8
Layer_0
  10
143.35001
  20
188.00513
  42
-0.1014016
  0
VERTEX
  5
fed
  8
Layer_0
  10
143.44946
  20
187.77676
  42
-0.052569666
  0
VERTEX
  5
fee
  8
Layer_0
  10
143.47617
  20
187.38815
  0
VERTEX
  5
fef
  8
Layer_0
  10
143.47617
  20
186.24074
  0
VERTEX
  5
ff0
  8
Layer_0
  10
142.95863
  20
186.24074
  0
VERTEX
  5
ff1
  8
Layer_0
  10
142.95863
  20
187.27396
  0
VERTEX
  5
ff2
  8
Layer_0
  10
142.9568
  20
187.4137
  0
VERTEX
  5
ff3
  8
Layer_0
  10
142.95127
  20
187.52536
  0
VERTEX
  5
ff4
  8
Layer_0
  10
142.94206
  20
187.60893
  0
VERTEX
  5
ff5
  8
Layer_0
  10
142.92917
  20
187.66441
  42
0.16387273
  0
VERTEX
  5
ff6
  8
Layer_0
  10
142.8251
  20
187.7961
  42
0.14586339
  0
VERTEX
  5
ff7
  8
Layer_0
  10
142.63817
  20
187.84491
  42
0.13931462
  0
VERTEX
  5
ff8
  8
Layer_0
  10
142.40796
  20
187.78229
  42
0.1667142
  0
VERTEX
  5
ff9
  8
Layer_0
  10
142.25969
  20
187.59351
  42
0.089332177
  0
VERTEX
  5
ffa
  8
Layer_0
  10
142.21272
  20
187.22055
  0
VERTEX
  5
ffb
  8
Layer_0
  10
142.21272
  20
186.24074
  0
VERTEX
  5
ffc
  8
Layer_0
  10
141.69519
  20
186.24074
  0
VERTEX
  5
ffd
  8
Layer_0
  10
141.69519
  20
188.94073
  0
VERTEX
  5
ffe
  8
Layer_0
  10
142.21272
  20
188.94073
  0
VERTEX
  5
fff
  8
Layer_0
  10
142.21272
  20
187.94804
  42
-0.21921394
  0
SEQEND
  0
POLYLINE
  5
1001
  8
Layer_0
  62
7
  70
1
  66
1
  10
0
  20
0
  30
0
  0
VERTEX
  5
1001
  8
Layer_0
  10
145.68074
  20
185.98657
  42
-0.038507896
  0
VERTEX
  5
1002
  8
Layer_0
  10
145.52695
  20
186.58884
  42
-0.043898668
  0
VERTEX
  5
1003
  8
Layer_0
  10
145.47078
  20
187.20766
  42
-0.059514978
  0
VERTEX
  5
1004
  8
Layer_0
  10
145.56563
  20
188.03737
  42
-0.046751908
  0
VERTEX
  5
1005
  8
Layer_0
  10
145.9128
  20
188.98679
  0
VERTEX
  5
1006
  8
Layer_0
  10
145.55919
  20
188.98679
  42
0.06084878
  0
VERTEX
  5
1007
  8
Layer_0
  10
145.15768
  20
188.22614
  42
0.091855769
  0
VERTEX
  5
1008
  8
Layer_0
  10
144.97534
  20
187.2187
  42
0.077872786
  0
VERTEX
  5
1009
  8
Layer_0
  10
145.12268
  20
186.33099
  42
0.068639868
  0
VERTEX
  5
100a
  8
Layer_0
  10
145.55182
  20
185.44695
  0
VERTEX
  5
100b
  8
Layer_0
  10
145.90727
  20
185.44695
  42
-0.025307895
  0
SEQEND
  0
POLYLINE
  5
100d
  8
Layer_0
  62
7
  70
1
  66
1
  10
0
  20
0
  30
0
  0
VERTEX
  5
100d
  8
Layer_0
  10
147.84848
  20
188.25929
  42
0.19275959
  0
VERTEX
  5
100e
  8
Layer_0
  10
147.65878
  20
188.70868
  42
0.20599876
  0
VERTEX
  5
100f
  8
Layer_0
  10
147.04732
  20
188.95178
  42
0.10959285
  0
VERTEX
  5
1010
  8
Layer_0
  10
146.6449
  20
188.868
  42
0.13410021
  0
VERTEX
  5
1011
  8
Layer_0
  10
146.36494
  20
188.63777
  42
0.10050272
  0
VERTEX
  5
1012
  8
Layer_0
  10
146.21484
  20
188.2464
  0
VERTEX
  5
1013
  8
Layer_0
  10
146.69186
  20
188.16536
  42
-0.17195906
  0
VERTEX
  5
1014
  8
Layer_0
  10
146.80605
  20
188.43427
  42
-0.19633942
  0
VERTEX
  5
1015
  8
Layer_0
  10
147.03258
  20
188.52635
  42
-0.19892154
  0
VERTEX
  5
1016
  8
Layer_0
  10
147.24806
  20
188.44531
  42
-0.19891237
  0
VERTEX
  5
1017
  8
Layer_0
  10
147.3291
  20
188.22798
  42
-0.21627194
  0
VERTEX
  5
1018
  8
Layer_0
  10
147.2186
  20
187.97107
  42
-0.18847287
  0
VERTEX
  5
1019
  8
Layer_0
  10
146.89813
  20
187.8799
  0
VERTEX
  5
101a
  8
Layer_0
  10
146.84103
  20
187.45813
  42
-0.068356425
  0
VERTEX
  5
101b
  8
Layer_0
  10
147.07863
  20
187.49681
  42
-0.20985357
  0
VERTEX
  5
101c
  8
Layer_0
  10
147.33463
  20
187.38263
  42
-0.18802381
  0
VERTEX
  5
101d
  8
Layer_0
  10
147.43961
  20
187.07321
  42
-0.1854984
  0
VERTEX
  5
101e
  8
Layer_0
  10
147.33002
  20
186.74538
  42
-0.21239488
  0
VERTEX
  5
101f
  8
Layer_0
  10
147.06021
  20
186.62383
  42
-0.19427423
  0
VERTEX
  5
1020
  8
Layer_0
  10
146.80605
  20
186.72513
  42
-0.17137726
  0
VERTEX
  5
1021
  8
Layer_0
  10
146.67712
  20
187.01796
  0
VERTEX
  5
1022
  8
Layer_0
  10
146.17618
  20
186.95718
  42
0.18700627
  0
VERTEX
  5
1023
  8
Layer_0
  10
146.45612
  20
186.40558
  42
0.18153027
  0
VERTEX
  5
1024
  8
Layer_0
  10
147.06389
  20
186.1947
  42
0.19422683
  0
VERTEX
  5
1025
  8
Layer_0
  10
147.71034
  20
186.44518
  42
0.20360918
  0
VERTEX
  5
1026
  8
Layer_0
  10
147.97003
  20
187.05112
  42
0.17080163
  0
VERTEX
  5
1027
  8
Layer_0
  10
147.83098
  20
187.46918
  42
0.17243796
  0
VERTEX
  5
1028
  8
Layer_0
  10
147.45987
  20
187.69203
  0
VERTEX
  5
1029
  8
Layer_0
  10
147.62988
  20
187.80691
  0
VERTEX
  5
102a
  8
Layer_0
  10
147.75132
  20
187.93975
  0
VERTEX
  5
102b
  8
Layer_0
  10
147.82418
  20
188.09054
  0
VERTEX
  5
102c
  8
Layer_0
  10
147.84847
  20
188.25929
  0
SEQEND
  0
POLYLINE
  5
102e
  8
Layer_0
  62
7
  70
1
  66
1
  10
0
  20
0
  30
0
  0
VERTEX
  5
102e
  8
Layer_0
  10
148.43047
  20
187.79886
  0
VERTEX
  5
102f
  8
Layer_0
  10
148.43047
  20
188.26849
  42
0.086601029
  0
VERTEX
  5
1030
  8
Layer_0
  10
148.87064
  20
188.5199
  42
0.14218844
  0
VERTEX
  5
1031
  8
Layer_0
  10
149.19662
  20
188.95178
  0
VERTEX
  5
1032
  8
Layer_0
  10
149.61655
  20
188.95178
  0
VERTEX
  5
1033
  8
Layer_0
  10
149.61655
  20
186.24074
  0
VERTEX
  5
1034
  8
Layer_0
  10
149.09901
  20
186.24074
  0
VERTEX
  5
1035
  8
Layer_0
  10
149.09901
  20
188.19115
  42
-0.10866728
  0
SEQEND
  0
POLYLINE
  5
1037
  8
Layer_0
  62
7
  70
1
  66
1
  10
0
  20
0
  30
0
  0
VERTEX
  5
1037
  8
Layer_0
  10
150.3201
  20
187.79886
  0
VERTEX
  5
1038
  8
Layer_0
  10
150.3201
  20
188.26849
  42
0.086598088
  0
VERTEX
  5
1039
  8
Layer_0
  10
150.76028
  20
188.5199
  42
0.14219071
  0
VERTEX
  5
103a
  8
Layer_0
  10
151.08626
  20
188.95178
  0
VERTEX
  5
103b
  8
Layer_0
  10
151.50618
  20
188.95178
  0
VERTEX
  5
103c
  8
Layer_0
  10
151.50618
  20
186.24074
  0
VERTEX
  5
103d
  8
Layer_0
  10
150.98865
  20
186.24074
  0
VERTEX
  5
103e
  8
Layer_0
  10
150.98865
  20
188.19115
  42
-0.10866728
  0
SEQEND
  0
POLYLINE
  5
1040
  8
Layer_0
  62
7
  70
1
  66
1
  10
0
  20
0
  30
0
  0
VERTEX
  5
1040
  8
Layer_0
  10
154.48613
  20
188.24088
  42
-0.1283163
  0
VERTEX
  5
1041
  8
Layer_0
  10
154.81212
  20
188.16353
  42
-0.13742164
  0
VERTEX
  5
1042
  8
Layer_0
  10
155.03865
  20
187.92963
  42
-0.10121779
  0
VERTEX
  5
1043
  8
Layer_0
  10
155.31676
  20
188.16353
  42
-0.12015523
  0
VERTEX
  5
1044
  8
Layer_0
  10
155.63538
  20
188.24088
  42
-0.13337936
  0
VERTEX
  5
1045
  8
Layer_0
  10
156.00005
  20
188.1534
  42
-0.15889035
  0
VERTEX
  5
1046
  8
Layer_0
  10
156.2229
  20
187.89647
  0
VERTEX
  5
1047
  8
Layer_0
  10
156.26295
  20
187.73255
  0
VERTEX
  5
1048
  8
Layer_0
  10
156.27631
  20
187.49129
  0
VERTEX
  5
1049
  8
Layer_0
  10
156.27631
  20
186.24074
  0
VERTEX
  5
104a
  8
Layer_0
  10
155.75877
  20
186.24074
  0
VERTEX
  5
104b
  8
Layer_0
  10
155.75877
  20
187.35867
  0
VERTEX
  5
104c
  8
Layer_0
  10
155.75544
  20
187.49129
  0
VERTEX
  5
104d
  8
Layer_0
  10
155.74542
  20
187.59811
  0
VERTEX
  5
104e
  8
Layer_0
  10
155.72873
  20
187.67915
  0
VERTEX
  5
104f
  8
Layer_0
  10
155.70536
  20
187.7344
  42
0.25385485
  0
VERTEX
  5
1050
  8
Layer_0
  10
155.48434
  20
187.84491
  42
0.15255175
  0
VERTEX
  5
1051
  8
Layer_0
  10
155.27992
  20
187.77859
  42
0.16284088
  0
VERTEX
  5
1052
  8
Layer_0
  10
155.14178
  20
187.58429
  42
0.080067912
  0
VERTEX
  5
1053
  8
Layer_0
  10
155.09943
  20
187.18002
  0
VERTEX
  5
1054
  8
Layer_0
  10
155.09943
  20
186.24074
  0
VERTEX
  5
1055
  8
Layer_0
  10
154.58189
  20
186.24074
  0
VERTEX
  5
1056
  8
Layer_0
  10
154.58189
  20
187.31264
  0
VERTEX
  5
1057
  8
Layer_0
  10
154.58017
  20
187.44271
  0
VERTEX
  5
1058
  8
Layer_0
  10
154.57499
  20
187.54746
  0
VERTEX
  5
1059
  8
Layer_0
  10
154.56636
  20
187.62688
  0
VERTEX
  5
105a
  8
Layer_0
  10
154.55427
  20
187.68098
  42
0.16121358
  0
VERTEX
  5
105b
  8
Layer_0
  10
154.46863
  20
187.80438
  42
0.15360275
  0
VERTEX
  5
105c
  8
Layer_0
  10
154.31116
  20
187.84491
  42
0.14919633
  0
VERTEX
  5
105d
  8
Layer_0
  10
154.09567
  20
187.78044
  42
0.16389007
  0
VERTEX
  5
105e
  8
Layer_0
  10
153.95847
  20
187.59442
  0
VERTEX
  5
105f
  8
Layer_0
  10
153.92739
  20
187.43281
  0
VERTEX
  5
1060
  8
Layer_0
  10
153.91703
  20
187.19108
  0
VERTEX
  5
1061
  8
Layer_0
  10
153.91702
  20
186.24074
  0
VERTEX
  5
1062
  8
Layer_0
  10
153.39951
  20
186.24074
  0
VERTEX
  5
1063
  8
Layer_0
  10
153.39951
  20
188.19667
  0
VERTEX
  5
1064
  8
Layer_0
  10
153.87651
  20
188.19667
  0
VERTEX
  5
1065
  8
Layer_0
  10
153.87651
  20
187.92963
  42
-0.22427168
  0
SEQEND
  0
POLYLINE
  5
1067
  8
Layer_0
  62
7
  70
1
  66
1
  10
0
  20
0
  30
0
  0
VERTEX
  5
1067
  8
Layer_0
  10
157.51396
  20
188.14879
  42
-0.13115103
  0
VERTEX
  5
1068
  8
Layer_0
  10
157.86942
  20
188.24088
  42
-0.21411678
  0
VERTEX
  5
1069
  8
Layer_0
  10
158.44772
  20
187.97382
  0
VERTEX
  5
106a
  8
Layer_0
  10
158.55167
  20
187.82717
  0
VERTEX
  5
106b
  8
Layer_0
  10
158.62591
  20
187.65428
  0
VERTEX
  5
106c
  8
Layer_0
  10
158.67046
  20
187.45514
  0
VERTEX
  5
106d
  8
Layer_0
  10
158.68531
  20
187.22976
  0
VERTEX
  5
106e
  8
Layer_0
  10
158.67035
  20
186.99845
  0
VERTEX
  5
106f
  8
Layer_0
  10
158.62545
  20
186.79442
  0
VERTEX
  5
1070
  8
Layer_0
  10
158.55063
  20
186.61767
  0
VERTEX
  5
1071
  8
Layer_0
  10
158.44588
  20
186.4682
  42
-0.21533382
  0
VERTEX
  5
1072
  8
Layer_0
  10
157.86572
  20
186.19653
  42
-0.11429381
  0
VERTEX
  5
1073
  8
Layer_0
  10
157.57198
  20
186.261
  42
-0.091939691
  0
VERTEX
  5
1074
  8
Layer_0
  10
157.29478
  20
186.48201
  0
VERTEX
  5
1075
  8
Layer_0
  10
157.29478
  20
185.49667
  0
VERTEX
  5
1076
  8
Layer_0
  10
156.77725
  20
185.49667
  0
VERTEX
  5
1077
  8
Layer_0
  10
156.77725
  20
188.19667
  0
VERTEX
  5
1078
  8
Layer_0
  10
157.2598
  20
188.19667
  0
VERTEX
  5
1079
  8
Layer_0
  10
157.2598
  20
187.90936
  42
-0.12098903
  0
SEQEND
  0
POLYLINE
  5
107b
  8
Layer_0
  62
7
  70
1
  66
1
  10
0
  20
0
  30
0
  0
VERTEX
  5
107b
  8
Layer_0
  10
157.73865
  20
186.60724
  42
0.22340227
  0
VERTEX
  5
107c
  8
Layer_0
  10
158.03885
  20
186.75183
  0
VERTEX
  5
107d
  8
Layer_0
  10
158.09123
  20
186.83568
  0
VERTEX
  5
107e
  8
Layer_0
  10
158.12864
  20
186.94268
  0
VERTEX
  5
107f
  8
Layer_0
  10
158.15109
  20
187.07281
  0
VERTEX
  5
1080
  8
Layer_0
  10
158.15857
  20
187.22607
  0
VERTEX
  5
1081
  8
Layer_0
  10
158.15086
  20
187.36996
  0
VERTEX
  5
1082
  8
Layer_0
  10
158.12772
  20
187.49405
  0
VERTEX
  5
1083
  8
Layer_0
  10
158.08916
  20
187.59834
  0
VERTEX
  5
1084
  8
Layer_0
  10
158.03517
  20
187.68283
  42
0.22354326
  0
VERTEX
  5
1085
  8
Layer_0
  10
157.72945
  20
187.832
  42
0.21921795
  0
VERTEX
  5
1086
  8
Layer_0
  10
157.41451
  20
187.68559
  0
VERTEX
  5
1087
  8
Layer_0
  10
157.35971
  20
187.60357
  0
VERTEX
  5
1088
  8
Layer_0
  10
157.32058
  20
187.50395
  0
VERTEX
  5
1089
  8
Layer_0
  10
157.29709
  20
187.38671
  0
VERTEX
  5
108a
  8
Layer_0
  10
157.28926
  20
187.25186
  0
VERTEX
  5
108b
  8
Layer_0
  10
157.29744
  20
187.09779
  0
VERTEX
  5
108c
  8
Layer_0
  10
157.32196
  20
186.96524
  0
VERTEX
  5
108d
  8
Layer_0
  10
157.36282
  20
186.85421
  0
VERTEX
  5
108e
  8
Layer_0
  10
157.42003
  20
186.76472
  42
0.22304324
  0
SEQEND
  0
POLYLINE
  5
1090
  8
Layer_0
  62
7
  70
1
  66
1
  10
0
  20
0
  30
0
  0
VERTEX
  5
1090
  8
Layer_0
  10
160.21028
  20
188.24088
  42
-0.10853013
  0
VERTEX
  5
1091
  8
Layer_0
  10
160.53258
  20
188.17458
  42
-0.13177109
  0
VERTEX
  5
1092
  8
Layer_0
  10
160.74899
  20
188.00513
  42
-0.1014016
  0
VERTEX
  5
1093
  8
Layer_0
  10
160.84843
  20
187.77676
  42
-0.052569666
  0
VERTEX
  5
1094
  8
Layer_0
  10
160.87515
  20
187.38815
  0
VERTEX
  5
1095
  8
Layer_0
  10
160.87515
  20
186.24074
  0
VERTEX
  5
1096
  8
Layer_0
  10
160.35762
  20
186.24074
  0
VERTEX
  5
1097
  8
Layer_0
  10
160.35762
  20
187.27396
  0
VERTEX
  5
1098
  8
Layer_0
  10
160.35577
  20
187.4137
  0
VERTEX
  5
1099
  8
Layer_0
  10
160.35025
  20
187.52536
  0
VERTEX
  5
109a
  8
Layer_0
  10
160.34104
  20
187.60893
  0
VERTEX
  5
109b
  8
Layer_0
  10
160.32815
  20
187.66441
  42
0.16388175
  0
VERTEX
  5
109c
  8
Layer_0
  10
160.22409
  20
187.7961
  42
0.14587236
  0
VERTEX
  5
109d
  8
Layer_0
  10
160.03716
  20
187.84491
  42
0.13931462
  0
VERTEX
  5
109e
  8
Layer_0
  10
159.80693
  20
187.78229
  42
0.16670259
  0
VERTEX
  5
109f
  8
Layer_0
  10
159.65868
  20
187.59351
  42
0.089332177
  0
VERTEX
  5
10a0
  8
Layer_0
  10
159.61171
  20
187.22055
  0
VERTEX
  5
10a1
  8
Layer_0
  10
159.61171
  20
186.24074
  0
VERTEX
  5
10a2
  8
Layer_0
  10
159.09418
  20
186.24074
  0
VERTEX
  5
10a3
  8
Layer_0
  10
159.09418
  20
188.94073
  0
VERTEX
  5
10a4
  8
Layer_0
  10
159.61171
  20
188.94073
  0
VERTEX
  5
10a5
  8
Layer_0
  10
159.61171
  20
187.94804
  42
-0.21921542
  0
SEQEND
  0
POLYLINE
  5
10a7
  8
Layer_0
  62
7
  70
1
  66
1
  10
0
  20
0
  30
0
  0
VERTEX
  5
10a7
  8
Layer_0
  10
161.60448
  20
188.98679
  42
-0.069803616
  0
VERTEX
  5
10a8
  8
Layer_0
  10
162.03636
  20
188.14694
  42
-0.083576359
  0
VERTEX
  5
10a9
  8
Layer_0
  10
162.19016
  20
187.24634
  42
-0.067462666
  0
VERTEX
  5
10aa
  8
Layer_0
  10
162.0686
  20
186.42123
  42
-0.07760806
  0
VERTEX
  5
10ab
  8
Layer_0
  10
161.61368
  20
185.44695
  0
VERTEX
  5
10ac
  8
Layer_0
  10
161.25638
  20
185.44695
  42
0.023159927
  0
VERTEX
  5
10ad
  8
Layer_0
  10
161.47186
  20
185.94974
  42
0.028493938
  0
VERTEX
  5
10ae
  8
Layer_0
  10
161.58789
  20
186.35309
  42
0.026222183
  0
VERTEX
  5
10af
  8
Layer_0
  10
161.6671
  20
186.78682
  42
0.031236071
  0
VERTEX
  5
10b0
  8
Layer_0
  10
161.69287
  20
187.20766
  42
0.058956901
  0
VERTEX
  5
10b1
  8
Layer_0
  10
161.59895
  20
188.03737
  42
0.047309267
  0
VERTEX
  5
10b2
  8
Layer_0
  10
161.2527
  20
188.98679
  0
SEQEND
  0
POLYLINE
  5
10b4
  8
Layer_0
  62
7
  70
1
  66
1
  10
0
  20
0
  30
0
  0
VERTEX
  5
10b4
  8
Layer_0
  10
195.29053
  20
197.9192
  0
VERTEX
  5
10b5
  8
Layer_0
  10
195.29053
  20
198.38885
  42
0.086602411
  0
VERTEX
  5
10b6
  8
Layer_0
  10
195.7307
  20
198.64024
  42
0.14218832
  0
VERTEX
  5
10b7
  8
Layer_0
  10
196.05669
  20
199.07213
  0
VERTEX
  5
10b8
  8
Layer_0
  10
196.47659
  20
199.07213
  0
VERTEX
  5
10b9
  8
Layer_0
  10
196.47659
  20
196.36108
  0
VERTEX
  5
10ba
  8
Layer_0
  10
195.95908
  20
196.36108
  0
VERTEX
  5
10bb
  8
Layer_0
  10
195.95908
  20
198.31149
  42
-0.10866728
  0
SEQEND
  0
POLYLINE
  5
10bd
  8
Layer_0
  62
7
  70
1
  66
1
  10
0
  20
0
  30
0
  0
VERTEX
  5
10bd
  8
Layer_0
  10
197.97763
  20
198.53987
  0
VERTEX
  5
10be
  8
Layer_0
  10
198.95375
  20
198.53987
  0
VERTEX
  5
10bf
  8
Layer_0
  10
198.95375
  20
199.02425
  0
VERTEX
  5
10c0
  8
Layer_0
  10
197.58533
  20
199.02425
  0
VERTEX
  5
10c1
  8
Layer_0
  10
197.32013
  20
197.61899
  0
VERTEX
  5
10c2
  8
Layer_0
  10
197.74004
  20
197.55821
  42
-0.21301788
  0
VERTEX
  5
10c3
  8
Layer_0
  10
198.13971
  20
197.75528
  42
-0.21315684
  0
VERTEX
  5
10c4
  8
Layer_0
  10
198.42978
  20
197.63097
  0
VERTEX
  5
10c5
  8
Layer_0
  10
198.51334
  20
197.47557
  0
VERTEX
  5
10c6
  8
Layer_0
  10
198.5412
  20
197.25801
  0
VERTEX
  5
10c7
  8
Layer_0
  10
198.51311
  20
197.02618
  0
VERTEX
  5
10c8
  8
Layer_0
  10
198.42886
  20
196.86112
  42
-0.21954774
  0
VERTEX
  5
10c9
  8
Layer_0
  10
198.15443
  20
196.72943
  42
-0.19098264
  0
VERTEX
  5
10ca
  8
Layer_0
  10
197.90396
  20
196.83165
  42
-0.17431013
  0
VERTEX
  5
10cb
  8
Layer_0
  10
197.77319
  20
197.10883
  0
VERTEX
  5
10cc
  8
Layer_0
  10
197.25751
  20
197.05542
  42
0.18464229
  0
VERTEX
  5
10cd
  8
Layer_0
  10
197.53929
  20
196.51579
  42
0.1782061
  0
VERTEX
  5
10ce
  8
Layer_0
  10
198.14891
  20
196.31503
  42
0.23825713
  0
VERTEX
  5
10cf
  8
Layer_0
  10
198.88008
  20
196.67233
  42
0.16053351
  0
VERTEX
  5
10d0
  8
Layer_0
  10
199.07346
  20
197.26723
  42
0.19305371
  0
VERTEX
  5
10d1
  8
Layer_0
  10
198.83405
  20
197.91736
  42
0.20477648
  0
VERTEX
  5
10d2
  8
Layer_0
  10
198.25021
  20
198.16783
  42
0.11644052
  0
VERTEX
  5
10d3
  8
Layer_0
  10
197.89659
  20
198.08127
  0
SEQEND
  0
POLYLINE
  5
10d5
  8
Layer_0
  62
7
  70
1
  66
1
  10
0
  20
0
  30
0
  0
VERTEX
  5
10d5
  8
Layer_0
  10
199.94185
  20
197.50296
  42
0.084138783
  0
VERTEX
  5
10d6
  8
Layer_0
  10
199.71071
  20
196.36108
  0
VERTEX
  5
10d7
  8
Layer_0
  10
200.20982
  20
196.36108
  42
-0.065367825
  0
VERTEX
  5
10d8
  8
Layer_0
  10
200.32678
  20
197.17238
  42
-0.064036768
  0
VERTEX
  5
10d9
  8
Layer_0
  10
200.67209
  20
198.02971
  42
-0.070655632
  0
VERTEX
  5
10da
  8
Layer_0
  10
201.1178
  20
198.64853
  0
VERTEX
  5
10db
  8
Layer_0
  10
201.1178
  20
199.02425
  0
VERTEX
  5
10dc
  8
Layer_0
  10
199.34789
  20
199.02425
  0
VERTEX
  5
10dd
  8
Layer_0
  10
199.34789
  20
198.54355
  0
VERTEX
  5
10de
  8
Layer_0
  10
200.52475
  20
198.54355
  42
0.078419913
  0
SEQEND
  0
POLYLINE
  5
10e0
  8
Layer_0
  62
7
  70
1
  66
1
  10
0
  20
0
  30
0
  0
VERTEX
  5
10e0
  8
Layer_0
  10
203.09676
  20
197.55453
  42
-0.14963907
  0
VERTEX
  5
10e1
  8
Layer_0
  10
203.21371
  20
197.15488
  42
-0.20144603
  0
VERTEX
  5
10e2
  8
Layer_0
  10
202.9752
  20
196.5471
  0
VERTEX
  5
10e3
  8
Layer_0
  10
202.84611
  20
196.44477
  0
VERTEX
  5
10e4
  8
Layer_0
  10
202.69733
  20
196.37167
  0
VERTEX
  5
10e5
  8
Layer_0
  10
202.52887
  20
196.32782
  0
VERTEX
  5
10e6
  8
Layer_0
  10
202.34072
  20
196.3132
  42
-0.1686412
  0
VERTEX
  5
10e7
  8
Layer_0
  10
201.72742
  20
196.50658
  42
-0.22947787
  0
VERTEX
  5
10e8
  8
Layer_0
  10
201.43826
  20
197.13278
  42
-0.13461201
  0
VERTEX
  5
10e9
  8
Layer_0
  10
201.54694
  20
197.5352
  42
-0.15972264
  0
VERTEX
  5
10ea
  8
Layer_0
  10
201.8895
  20
197.8179
  42
-0.15629507
  0
VERTEX
  5
10eb
  8
Layer_0
  10
201.59758
  20
198.05089
  42
-0.1387169
  0
VERTEX
  5
10ec
  8
Layer_0
  10
201.50641
  20
198.37595
  42
-0.20772581
  0
VERTEX
  5
10ed
  8
Layer_0
  10
201.71729
  20
198.87506
  0
VERTEX
  5
10ee
  8
Layer_0
  10
201.83384
  20
198.96128
  0
VERTEX
  5
10ef
  8
Layer_0
  10
201.9726
  20
199.02287
  0
VERTEX
  5
10f0
  8
Layer_0
  10
202.13358
  20
199.05982
  0
VERTEX
  5
10f1
  8
Layer_0
  10
202.31678
  20
199.07213
  0
VERTEX
  5
10f2
  8
Layer_0
  10
202.49848
  20
199.05982
  0
VERTEX
  5
10f3
  8
Layer_0
  10
202.65865
  20
199.02287
  0
VERTEX
  5
10f4
  8
Layer_0
  10
202.7973
  20
198.96128
  0
VERTEX
  5
10f5
  8
Layer_0
  10
202.91443
  20
198.87507
  42
-0.20885045
  0
VERTEX
  5
10f6
  8
Layer_0
  10
203.12714
  20
198.37595
  42
-0.14807565
  0
VERTEX
  5
10f7
  8
Layer_0
  10
203.02954
  20
198.04167
  42
-0.14357888
  0
VERTEX
  5
10f8
  8
Layer_0
  10
202.75511
  20
197.8179
  42
-0.1498018
  0
SEQEND
  0
POLYLINE
  5
10fa
  8
Layer_0
  62
7
  70
1
  66
1
  10
0
  20
0
  30
0
  0
VERTEX
  5
10fa
  8
Layer_0
  10
202.31677
  20
198.01129
  42
0.19755151
  0
VERTEX
  5
10fb
  8
Layer_0
  10
202.55252
  20
198.09877
  42
0.20027818
  0
VERTEX
  5
10fc
  8
Layer_0
  10
202.64093
  20
198.34096
  42
0.19890387
  0
VERTEX
  5
10fd
  8
Layer_0
  10
202.55344
  20
198.57394
  42
0.19891662
  0
VERTEX
  5
10fe
  8
Layer_0
  10
202.3223
  20
198.66142
  42
0.19891237
  0
VERTEX
  5
10ff
  8
Layer_0
  10
202.08472
  20
198.57303
  42
0.19891657
  0
VERTEX
  5
1100
  8
Layer_0
  10
201.99631
  20
198.33911
  42
0.20029685
  0
VERTEX
  5
1101
  8
Layer_0
  10
202.0838
  20
198.09785
  42
0.19754561
  0
SEQEND
  0
POLYLINE
  5
1103
  8
Layer_0
  62
7
  70
1
  66
1
  10
0
  20
0
  30
0
  0
VERTEX
  5
1103
  8
Layer_0
  10
202.33151
  20
196.72943
  42
0.21089515
  0
VERTEX
  5
1104
  8
Layer_0
  10
202.59673
  20
196.84454
  42
0.18698108
  0
VERTEX
  5
1105
  8
Layer_0
  10
202.70171
  20
197.17697
  42
0.18923892
  0
VERTEX
  5
1106
  8
Layer_0
  10
202.59488
  20
197.48178
  42
0.20863246
  0
VERTEX
  5
1107
  8
Layer_0
  10
202.32414
  20
197.59689
  42
0.24274768
  0
VERTEX
  5
1108
  8
Layer_0
  10
202.04144
  20
197.46613
  42
0.15580291
  0
VERTEX
  5
1109
  8
Layer_0
  10
201.94843
  20
197.1825
  42
0.1874686
  0
VERTEX
  5
110a
  8
Layer_0
  10
202.05801
  20
196.84915
  42
0.21040336
  0
SEQEND
  0
POLYLINE
  5
110c
  8
Layer_0
  62
7
  70
1
  66
1
  10
0
  20
0
  30
0
  0
VERTEX
  5
110c
  8
Layer_0
  10
196.99756
  20
186.95371
  0
VERTEX
  5
110d
  8
Layer_0
  10
196.98098
  20
186.59757
  0
VERTEX
  5
110e
  8
Layer_0
  10
196.93126
  20
186.29529
  0
VERTEX
  5
110f
  8
Layer_0
  10
196.84838
  20
186.04688
  0
VERTEX
  5
1110
  8
Layer_0
  10
196.73235
  20
185.85235
  42
-0.22890429
  0
VERTEX
  5
1111
  8
Layer_0
  10
196.12088
  20
185.57608
  42
-0.22842524
  0
VERTEX
  5
1112
  8
Layer_0
  10
195.48549
  20
185.87906
  0
VERTEX
  5
1113
  8
Layer_0
  10
195.37993
  20
186.06018
  0
VERTEX
  5
1114
  8
Layer_0
  10
195.30454
  20
186.30058
  0
VERTEX
  5
1115
  8
Layer_0
  10
195.2593
  20
186.60027
  0
VERTEX
  5
1116
  8
Layer_0
  10
195.24422
  20
186.95924
  0
VERTEX
  5
1117
  8
Layer_0
  10
195.26079
  20
187.31377
  0
VERTEX
  5
1118
  8
Layer_0
  10
195.31052
  20
187.6149
  0
VERTEX
  5
1119
  8
Layer_0
  10
195.3934
  20
187.86261
  0
VERTEX
  5
111a
  8
Layer_0
  10
195.50943
  20
188.05692
  42
-0.22891098
  0
VERTEX
  5
111b
  8
Layer_0
  10
196.12088
  20
188.33318
  42
-0.22953572
  0
VERTEX
  5
111c
  8
Layer_0
  10
196.73419
  20
188.05324
  0
VERTEX
  5
111d
  8
Layer_0
  10
196.84942
  20
187.8602
  0
VERTEX
  5
111e
  8
Layer_0
  10
196.93172
  20
187.6126
  0
VERTEX
  5
111f
  8
Layer_0
  10
196.9811
  20
187.31044
  0
SEQEND
  0
POLYLINE
  5
1121
  8
Layer_0
  62
7
  70
1
  66
1
  10
0
  20
0
  30
0
  0
VERTEX
  5
1121
  8
Layer_0
  10
195.8391
  20
187.62963
  0
VERTEX
  5
1122
  8
Layer_0
  10
195.81574
  20
187.51211
  0
VERTEX
  5
1123
  8
Layer_0
  10
195.79904
  20
187.36028
  0
VERTEX
  5
1124
  8
Layer_0
  10
195.78903
  20
187.17415
  0
VERTEX
  5
1125
  8
Layer_0
  10
195.78569
  20
186.95371
  0
VERTEX
  5
1126
  8
Layer_0
  10
195.78868
  20
186.73472
  0
VERTEX
  5
1127
  8
Layer_0
  10
195.79766
  20
186.5529
  0
VERTEX
  5
1128
  8
Layer_0
  10
195.81263
  20
186.40827
  0
VERTEX
  5
1129
  8
Layer_0
  10
195.83358
  20
186.30081
  0
VERTEX
  5
112a
  8
Layer_0
  10
195.88768
  20
186.15278
  0
VERTEX
  5
112b
  8
Layer_0
  10
195.95422
  20
186.06415
  42
0.17190509
  0
VERTEX
  5
112c
  8
Layer_0
  10
196.12088
  20
186.00522
  42
0.17226362
  0
VERTEX
  5
112d
  8
Layer_0
  10
196.28848
  20
186.06506
  42
0.1594059
  0
VERTEX
  5
112e
  8
Layer_0
  10
196.40268
  20
186.27963
  0
VERTEX
  5
112f
  8
Layer_0
  10
196.42605
  20
186.39635
  0
VERTEX
  5
1130
  8
Layer_0
  10
196.44273
  20
186.54761
  0
VERTEX
  5
1131
  8
Layer_0
  10
196.45275
  20
186.73339
  0
VERTEX
  5
1132
  8
Layer_0
  10
196.45609
  20
186.95371
  0
VERTEX
  5
1133
  8
Layer_0
  10
196.45309
  20
187.17271
  0
VERTEX
  5
1134
  8
Layer_0
  10
196.44411
  20
187.35452
  0
VERTEX
  5
1135
  8
Layer_0
  10
196.42915
  20
187.49916
  0
VERTEX
  5
1136
  8
Layer_0
  10
196.4082
  20
187.60661
  0
VERTEX
  5
1137
  8
Layer_0
  10
196.3541
  20
187.75487
  0
VERTEX
  5
1138
  8
Layer_0
  10
196.28757
  20
187.8442
  42
0.1738416
  0
VERTEX
  5
1139
  8
Layer_0
  10
196.12088
  20
187.90405
  42
0.17226362
  0
VERTEX
  5
113a
  8
Layer_0
  10
195.95329
  20
187.84419
  42
0.15941339
  0
VERTEX
  5
113b
  8
Layer_0
  10
195.83911
  20
187.62964
  0
SEQEND
  0
POLYLINE
  5
113d
  8
Layer_0
  62
7
  70
1
  66
1
  10
0
  20
0
  30
0
  0
VERTEX
  5
113d
  8
Layer_0
  10
198.41202
  20
186.34225
  0
VERTEX
  5
113e
  8
Layer_0
  10
198.41202
  20
186.85979
  0
VERTEX
  5
113f
  8
Layer_0
  10
197.39539
  20
186.85979
  0
VERTEX
  5
1140
  8
Layer_0
  10
197.39539
  20
186.34225
  0
SEQEND
  0
POLYLINE
  5
1142
  8
Layer_0
  62
7
  70
1
  66
1
  10
0
  20
0
  30
0
  0
VERTEX
  5
1142
  8
Layer_0
  10
198.73801
  20
187.18025
  0
VERTEX
  5
1143
  8
Layer_0
  10
198.73801
  20
187.64989
  42
0.086595985
  0
VERTEX
  5
1144
  8
Layer_0
  10
199.17819
  20
187.90129
  42
0.14218547
  0
VERTEX
  5
1145
  8
Layer_0
  10
199.50418
  20
188.33318
  0
VERTEX
  5
1146
  8
Layer_0
  10
199.9241
  20
188.33318
  0
VERTEX
  5
1147
  8
Layer_0
  10
199.9241
  20
185.62213
  0
VERTEX
  5
1148
  8
Layer_0
  10
199.40656
  20
185.62213
  0
VERTEX
  5
1149
  8
Layer_0
  10
199.40656
  20
187.57254
  42
-0.10867238
  0
SEQEND
  0
POLYLINE
  5
114b
  8
Layer_0
  62
7
  70
1
  66
1
  10
0
  20
0
  30
0
  0
VERTEX
  5
114b
  8
Layer_0
  10
202.44913
  20
186.95371
  0
VERTEX
  5
114c
  8
Layer_0
  10
202.43255
  20
186.59757
  0
VERTEX
  5
114d
  8
Layer_0
  10
202.38283
  20
186.29529
  0
VERTEX
  5
114e
  8
Layer_0
  10
202.29995
  20
186.04688
  0
VERTEX
  5
114f
  8
Layer_0
  10
202.18392
  20
185.85235
  42
-0.22891098
  0
VERTEX
  5
1150
  8
Layer_0
  10
201.57245
  20
185.57608
  42
-0.22842524
  0
VERTEX
  5
1151
  8
Layer_0
  10
200.93706
  20
185.87906
  0
VERTEX
  5
1152
  8
Layer_0
  10
200.8315
  20
186.06018
  0
VERTEX
  5
1153
  8
Layer_0
  10
200.75611
  20
186.30058
  0
VERTEX
  5
1154
  8
Layer_0
  10
200.71087
  20
186.60027
  0
VERTEX
  5
1155
  8
Layer_0
  10
200.69579
  20
186.95924
  0
VERTEX
  5
1156
  8
Layer_0
  10
200.71236
  20
187.31377
  0
VERTEX
  5
1157
  8
Layer_0
  10
200.76209
  20
187.6149
  0
VERTEX
  5
1158
  8
Layer_0
  10
200.84497
  20
187.86261
  0
VERTEX
  5
1159
  8
Layer_0
  10
200.961
  20
188.05692
  42
-0.22891098
  0
VERTEX
  5
115a
  8
Layer_0
  10
201.57245
  20
188.33318
  42
-0.22953572
  0
VERTEX
  5
115b
  8
Layer_0
  10
202.18576
  20
188.05324
  0
VERTEX
  5
115c
  8
Layer_0
  10
202.30099
  20
187.8602
  0
VERTEX
  5
115d
  8
Layer_0
  10
202.38329
  20
187.6126
  0
VERTEX
  5
115e
  8
Layer_0
  10
202.43267
  20
187.31044
  0
SEQEND
  0
POLYLINE
  5
1160
  8
Layer_0
  62
7
  70
1
  66
1
  10
0
  20
0
  30
0
  0
VERTEX
  5
1160
  8
Layer_0
  10
201.29067
  20
187.62963
  0
VERTEX
  5
1161
  8
Layer_0
  10
201.26731
  20
187.51211
  0
VERTEX
  5
1162
  8
Layer_0
  10
201.25061
  20
187.36028
  0
VERTEX
  5
1163
  8
Layer_0
  10
201.2406
  20
187.17415
  0
VERTEX
  5
1164
  8
Layer_0
  10
201.23726
  20
186.95371
  0
VERTEX
  5
1165
  8
Layer_0
  10
201.24025
  20
186.73472
  0
VERTEX
  5
1166
  8
Layer_0
  10
201.24923
  20
186.5529
  0
VERTEX
  5
1167
  8
Layer_0
  10
201.2642
  20
186.40827
  0
VERTEX
  5
1168
  8
Layer_0
  10
201.28515
  20
186.30081
  0
VERTEX
  5
1169
  8
Layer_0
  10
201.33925
  20
186.15278
  0
VERTEX
  5
116a
  8
Layer_0
  10
201.40578
  20
186.06415
  42
0.17188529
  0
VERTEX
  5
116b
  8
Layer_0
  10
201.57245
  20
186.00522
  42
0.17226362
  0
VERTEX
  5
116c
  8
Layer_0
  10
201.74005
  20
186.06506
  42
0.1594059
  0
VERTEX
  5
116d
  8
Layer_0
  10
201.85425
  20
186.27963
  0
VERTEX
  5
116e
  8
Layer_0
  10
201.87762
  20
186.39635
  0
VERTEX
  5
116f
  8
Layer_0
  10
201.89431
  20
186.54761
  0
VERTEX
  5
1170
  8
Layer_0
  10
201.90432
  20
186.73339
  0
VERTEX
  5
1171
  8
Layer_0
  10
201.90766
  20
186.95371
  0
VERTEX
  5
1172
  8
Layer_0
  10
201.90467
  20
187.17271
  0
VERTEX
  5
1173
  8
Layer_0
  10
201.89569
  20
187.35452
  0
VERTEX
  5
1174
  8
Layer_0
  10
201.88072
  20
187.49916
  0
VERTEX
  5
1175
  8
Layer_0
  10
201.85977
  20
187.60661
  0
VERTEX
  5
1176
  8
Layer_0
  10
201.80567
  20
187.75487
  0
VERTEX
  5
1177
  8
Layer_0
  10
201.73914
  20
187.8442
  42
0.1738416
  0
VERTEX
  5
1178
  8
Layer_0
  10
201.57245
  20
187.90405
  42
0.17226362
  0
VERTEX
  5
1179
  8
Layer_0
  10
201.40486
  20
187.84419
  42
0.1593939
  0
VERTEX
  5
117a
  8
Layer_0
  10
201.29068
  20
187.62964
  0
SEQEND
  0
POLYLINE
  5
117c
  8
Layer_0
  62
7
  70
1
  66
1
  10
0
  20
0
  30
0
  0
VERTEX
  5
117c
  8
Layer_0
  10
204.54688
  20
186.95371
  0
VERTEX
  5
117d
  8
Layer_0
  10
204.53031
  20
186.59757
  0
VERTEX
  5
117e
  8
Layer_0
  10
204.48058
  20
186.29529
  0
VERTEX
  5
117f
  8
Layer_0
  10
204.3977
  20
186.04688
  0
VERTEX
  5
1180
  8
Layer_0
  10
204.28167
  20
185.85235
  42
-0.22891098
  0
VERTEX
  5
1181
  8
Layer_0
  10
203.67021
  20
185.57608
  42
-0.22841916
  0
VERTEX
  5
1182
  8
Layer_0
  10
203.03481
  20
185.87906
  0
VERTEX
  5
1183
  8
Layer_0
  10
202.92925
  20
186.06018
  0
VERTEX
  5
1184
  8
Layer_0
  10
202.85386
  20
186.30058
  0
VERTEX
  5
1185
  8
Layer_0
  10
202.80862
  20
186.60027
  0
VERTEX
  5
1186
  8
Layer_0
  10
202.79354
  20
186.95924
  0
VERTEX
  5
1187
  8
Layer_0
  10
202.81012
  20
187.31377
  0
VERTEX
  5
1188
  8
Layer_0
  10
202.85984
  20
187.6149
  0
VERTEX
  5
1189
  8
Layer_0
  10
202.94272
  20
187.86261
  0
VERTEX
  5
118a
  8
Layer_0
  10
203.05875
  20
188.05692
  42
-0.22890429
  0
VERTEX
  5
118b
  8
Layer_0
  10
203.67021
  20
188.33318
  42
-0.22953572
  0
VERTEX
  5
118c
  8
Layer_0
  10
204.28351
  20
188.05324
  0
VERTEX
  5
118d
  8
Layer_0
  10
204.39873
  20
187.8602
  0
VERTEX
  5
118e
  8
Layer_0
  10
204.48104
  20
187.6126
  0
VERTEX
  5
118f
  8
Layer_0
  10
204.53042
  20
187.31044
  0
SEQEND
  0
POLYLINE
  5
1191
  8
Layer_0
  62
7
  70
1
  66
1
  10
0
  20
0
  30
0
  0
VERTEX
  5
1191
  8
Layer_0
  10
203.38842
  20
187.62963
  0
VERTEX
  5
1192
  8
Layer_0
  10
203.36505
  20
187.51211
  0
VERTEX
  5
1193
  8
Layer_0
  10
203.34836
  20
187.36028
  0
VERTEX
  5
1194
  8
Layer_0
  10
203.33835
  20
187.17415
  0
VERTEX
  5
1195
  8
Layer_0
  10
203.33501
  20
186.95371
  0
VERTEX
  5
1196
  8
Layer_0
  10
203.33801
  20
186.73472
  0
VERTEX
  5
1197
  8
Layer_0
  10
203.34698
  20
186.5529
  0
VERTEX
  5
1198
  8
Layer_0
  10
203.36195
  20
186.40827
  0
VERTEX
  5
1199
  8
Layer_0
  10
203.3829
  20
186.30081
  0
VERTEX
  5
119a
  8
Layer_0
  10
203.437
  20
186.15278
  0
VERTEX
  5
119b
  8
Layer_0
  10
203.50353
  20
186.06415
  42
0.17188529
  0
VERTEX
  5
119c
  8
Layer_0
  10
203.67021
  20
186.00522
  42
0.17226362
  0
VERTEX
  5
119d
  8
Layer_0
  10
203.8378
  20
186.06506
  42
0.15942539
  0
VERTEX
  5
119e
  8
Layer_0
  10
203.952
  20
186.27963
  0
VERTEX
  5
119f
  8
Layer_0
  10
203.97536
  20
186.39635
  0
VERTEX
  5
11a0
  8
Layer_0
  10
203.99205
  20
186.54761
  0
VERTEX
  5
11a1
  8
Layer_0
  10
204.00207
  20
186.73339
  0
VERTEX
  5
11a2
  8
Layer_0
  10
204.00541
  20
186.95371
  0
VERTEX
  5
11a3
  8
Layer_0
  10
204.00242
  20
187.17271
  0
VERTEX
  5
11a4
  8
Layer_0
  10
203.99344
  20
187.35452
  0
VERTEX
  5
11a5
  8
Layer_0
  10
203.97847
  20
187.49916
  0
VERTEX
  5
11a6
  8
Layer_0
  10
203.95752
  20
187.60661
  0
VERTEX
  5
11a7
  8
Layer_0
  10
203.90342
  20
187.75487
  0
VERTEX
  5
11a8
  8
Layer_0
  10
203.83688
  20
187.8442
  42
0.17386148
  0
VERTEX
  5
11a9
  8
Layer_0
  10
203.67021
  20
187.90405
  42
0.17226362
  0
VERTEX
  5
11aa
  8
Layer_0
  10
203.50261
  20
187.84419
  42
0.1593939
  0
VERTEX
  5
11ab
  8
Layer_0
  10
203.38843
  20
187.62964
  0
SEQEND
  0
POLYLINE
  5
11ad
  8
Layer_0
  62
7
  70
1
  66
1
  10
0
  20
0
  30
0
  0
VERTEX
  5
11ad
  8
Layer_0
  10
207.80676
  20
186.45091
  0
VERTEX
  5
11ae
  8
Layer_0
  10
207.80676
  20
185.9297
  0
VERTEX
  5
11af
  8
Layer_0
  10
205.95581
  20
186.73454
  0
VERTEX
  5
11b0
  8
Layer_0
  10
205.95581
  20
187.18025
  0
VERTEX
  5
11b1
  8
Layer_0
  10
207.80676
  20
187.98141
  0
VERTEX
  5
11b2
  8
Layer_0
  10
207.80676
  20
187.45651
  0
VERTEX
  5
11b3
  8
Layer_0
  10
206.51572
  20
186.96292
  0
SEQEND
  0
POLYLINE
  5
11b5
  8
Layer_0
  62
7
  70
1
  66
1
  10
0
  20
0
  30
0
  0
VERTEX
  5
11b5
  8
Layer_0
  10
210.01779
  20
186.24649
  42
-0.025661165
  0
VERTEX
  5
11b6
  8
Layer_0
  10
210.32813
  20
186.54485
  42
0.040844447
  0
VERTEX
  5
11b7
  8
Layer_0
  10
210.66699
  20
186.88925
  42
0.072216957
  0
VERTEX
  5
11b8
  8
Layer_0
  10
210.87421
  20
187.23457
  42
0.094679982
  0
VERTEX
  5
11b9
  8
Layer_0
  10
210.93958
  20
187.58176
  42
0.20647313
  0
VERTEX
  5
11ba
  8
Layer_0
  10
210.71121
  20
188.11769
  0
VERTEX
  5
11bb
  8
Layer_0
  10
210.58631
  20
188.21197
  0
VERTEX
  5
11bc
  8
Layer_0
  10
210.44001
  20
188.27931
  0
VERTEX
  5
11bd
  8
Layer_0
  10
210.27229
  20
188.31971
  0
VERTEX
  5
11be
  8
Layer_0
  10
210.08317
  20
188.33318
  42
0.16475162
  0
VERTEX
  5
11bf
  8
Layer_0
  10
209.4754
  20
188.14716
  0
VERTEX
  5
11c0
  8
Layer_0
  10
209.36615
  20
188.03908
  0
VERTEX
  5
11c1
  8
Layer_0
  10
209.28155
  20
187.90083
  0
VERTEX
  5
11c2
  8
Layer_0
  10
209.22158
  20
187.73243
  0
VERTEX
  5
11c3
  8
Layer_0
  10
209.18624
  20
187.53386
  0
VERTEX
  5
11c4
  8
Layer_0
  10
209.70193
  20
187.4823
  0
VERTEX
  5
11c5
  8
Layer_0
  10
209.73692
  20
187.6766
  0
VERTEX
  5
11c6
  8
Layer_0
  10
209.81243
  20
187.80644
  42
-0.20138188
  0
VERTEX
  5
11c7
  8
Layer_0
  10
210.07028
  20
187.90405
  42
-0.19891237
  0
VERTEX
  5
11c8
  8
Layer_0
  10
210.32721
  20
187.81105
  42
-0.19890437
  0
VERTEX
  5
11c9
  8
Layer_0
  10
210.4202
  20
187.54492
  42
-0.14806453
  0
VERTEX
  5
11ca
  8
Layer_0
  10
210.31339
  20
187.22813
  0
VERTEX
  5
11cb
  8
Layer_0
  10
210.25687
  20
187.15699
  0
VERTEX
  5
11cc
  8
Layer_0
  10
210.16651
  20
187.05961
  0
VERTEX
  5
11cd
  8
Layer_0
  10
210.0423
  20
186.93599
  0
VERTEX
  5
11ce
  8
Layer_0
  10
209.88426
  20
186.78611
  0
VERTEX
  5
11cf
  8
Layer_0
  10
209.68489
  20
186.5944
  0
VERTEX
  5
11d0
  8
Layer_0
  10
209.52144
  20
186.4226
  0
VERTEX
  5
11d1
  8
Layer_0
  10
209.3939
  20
186.27071
  0
VERTEX
  5
11d2
  8
Layer_0
  10
209.30227
  20
186.13874
  42
0.10930803
  0
VERTEX
  5
11d3
  8
Layer_0
  10
209.12546
  20
185.62213
  0
VERTEX
  5
11d4
  8
Layer_0
  10
210.93958
  20
185.62213
  0
VERTEX
  5
11d5
  8
Layer_0
  10
210.93958
  20
186.10283
  0
VERTEX
  5
11d6
  8
Layer_0
  10
209.9119
  20
186.10283
  42
-0.050320763
  0
SEQEND
  0
POLYLINE
  5
11d8
  8
Layer_0
  62
7
  70
1
  66
1
  10
0
  20
0
  30
0
  0
VERTEX
  5
11d8
  8
Layer_0
  10
211.52249
  20
185.74
  0
VERTEX
  5
11d9
  8
Layer_0
  10
211.6494
  20
185.66909
  0
VERTEX
  5
11da
  8
Layer_0
  10
211.79715
  20
185.61844
  0
VERTEX
  5
11db
  8
Layer_0
  10
211.96572
  20
185.58806
  0
VERTEX
  5
11dc
  8
Layer_0
  10
212.15514
  20
185.57793
  0
VERTEX
  5
11dd
  8
Layer_0
  10
212.36176
  20
185.59001
  0
VERTEX
  5
11de
  8
Layer_0
  10
212.54144
  20
185.62627
  0
VERTEX
  5
11df
  8
Layer_0
  10
212.69419
  20
185.68671
  0
VERTEX
  5
11e0
  8
Layer_0
  10
212.82001
  20
185.77131
  42
0.21841499
  0
VERTEX
  5
11e1
  8
Layer_0
  10
213.04471
  20
186.23358
  42
0.21968899
  0
VERTEX
  5
11e2
  8
Layer_0
  10
212.88263
  20
186.61852
  0
VERTEX
  5
11e3
  8
Layer_0
  10
212.78507
  20
186.68401
  0
VERTEX
  5
11e4
  8
Layer_0
  10
212.65632
  20
186.74421
  0
VERTEX
  5
11e5
  8
Layer_0
  10
212.49638
  20
186.79912
  0
VERTEX
  5
11e6
  8
Layer_0
  10
212.30524
  20
186.84873
  0
VERTEX
  5
11e7
  8
Layer_0
  10
212.11997
  20
186.89305
  0
VERTEX
  5
11e8
  8
Layer_0
  10
211.97764
  20
186.93207
  0
VERTEX
  5
11e9
  8
Layer_0
  10
211.87824
  20
186.9658
  0
VERTEX
  5
11ea
  8
Layer_0
  10
211.82178
  20
186.99423
  42
-0.23606798
  0
VERTEX
  5
11eb
  8
Layer_0
  10
211.7702
  20
187.08817
  42
-0.24697689
  0
VERTEX
  5
11ec
  8
Layer_0
  10
211.82915
  20
187.19315
  0
VERTEX
  5
11ed
  8
Layer_0
  10
211.94656
  20
187.23596
  0
VERTEX
  5
11ee
  8
Layer_0
  10
212.12199
  20
187.25023
  42
-0.15297143
  0
VERTEX
  5
11ef
  8
Layer_0
  10
212.37154
  20
187.18945
  42
-0.17577994
  0
VERTEX
  5
11f0
  8
Layer_0
  10
212.49033
  20
187.0145
  0
VERTEX
  5
11f1
  8
Layer_0
  10
212.97839
  20
187.10474
  42
0.17692319
  0
VERTEX
  5
11f2
  8
Layer_0
  10
212.7095
  20
187.4915
  0
VERTEX
  5
11f3
  8
Layer_0
  10
212.599
  20
187.54871
  0
VERTEX
  5
11f4
  8
Layer_0
  10
212.46271
  20
187.58957
  0
VERTEX
  5
11f5
  8
Layer_0
  10
212.30063
  20
187.61409
  0
VERTEX
  5
11f6
  8
Layer_0
  10
212.11278
  20
187.62226
  0
VERTEX
  5
11f7
  8
Layer_0
  10
211.91571
  20
187.61144
  0
VERTEX
  5
11f8
  8
Layer_0
  10
211.74627
  20
187.57898
  0
VERTEX
  5
11f9
  8
Layer_0
  10
211.60445
  20
187.52488
  0
VERTEX
  5
11fa
  8
Layer_0
  10
211.49026
  20
187.44914
  42
0.21815378
  0
VERTEX
  5
11fb
  8
Layer_0
  10
211.28952
  20
187.02185
  42
0.24787303
  0
VERTEX
  5
11fc
  8
Layer_0
  10
211.52158
  20
186.58168
  0
VERTEX
  5
11fd
  8
Layer_0
  10
211.63404
  20
186.52309
  0
VERTEX
  5
11fe
  8
Layer_0
  10
211.80382
  20
186.46151
  0
VERTEX
  5
11ff
  8
Layer_0
  10
212.03093
  20
186.39693
  0
VERTEX
  5
1200
  8
Layer_0
  10
212.31537
  20
186.32936
  42
-0.13385684
  0
VERTEX
  5
1201
  8
Layer_0
  10
212.48849
  20
186.26122
  42
-0.19259964
  0
VERTEX
  5
1202
  8
Layer_0
  10
212.52533
  20
186.1636
  42
-0.23490894
  0
VERTEX
  5
1203
  8
Layer_0
  10
212.45718
  20
186.02547
  42
-0.15849138
  0
VERTEX
  5
1204
  8
Layer_0
  10
212.15514
  20
185.9518
  42
-0.16597308
  0
VERTEX
  5
1205
  8
Layer_0
  10
211.87151
  20
186.03008
  42
-0.17597495
  0
VERTEX
  5
1206
  8
Layer_0
  10
211.73706
  20
186.25937
  0
VERTEX
  5
1207
  8
Layer_0
  10
211.21768
  20
186.18018
  42
0.17945469
  0
VERTEX
  5
1208
  8
Layer_0
  10
211.52249
  20
185.74001
  0
SEQEND
  0
POLYLINE
  5
120a
  8
Layer_0
  62
7
  70
1
  66
1
  10
0
  20
0
  30
0
  0
VERTEX
  5
120a
  8
Layer_0
  10
214.83212
  20
185.7262
  42
-0.15232653
  0
VERTEX
  5
120b
  8
Layer_0
  10
214.29524
  20
185.57793
  0
VERTEX
  5
120c
  8
Layer_0
  10
214.05674
  20
185.59876
  0
VERTEX
  5
120d
  8
Layer_0
  10
213.85138
  20
185.66127
  0
VERTEX
  5
120e
  8
Layer_0
  10
213.67918
  20
185.76544
  0
VERTEX
  5
120f
  8
Layer_0
  10
213.54013
  20
185.91128
  0
VERTEX
  5
1210
  8
Layer_0
  10
213.45552
  20
186.05356
  0
VERTEX
  5
1211
  8
Layer_0
  10
213.39509
  20
186.21333
  0
VERTEX
  5
1212
  8
Layer_0
  10
213.35883
  20
186.3906
  0
VERTEX
  5
1213
  8
Layer_0
  10
213.34674
  20
186.58536
  0
VERTEX
  5
1214
  8
Layer_0
  10
213.36263
  20
186.81529
  0
VERTEX
  5
1215
  8
Layer_0
  10
213.41028
  20
187.01886
  0
VERTEX
  5
1216
  8
Layer_0
  10
213.48971
  20
187.19607
  0
VERTEX
  5
1217
  8
Layer_0
  10
213.60091
  20
187.34692
  42
-0.20932489
  0
VERTEX
  5
1218
  8
Layer_0
  10
214.24368
  20
187.62227
  42
-0.21621163
  0
VERTEX
  5
1219
  8
Layer_0
  10
214.9325
  20
187.33403
  0
VERTEX
  5
121a
  8
Layer_0
  10
215.04219
  20
187.17075
  0
VERTEX
  5
121b
  8
Layer_0
  10
215.11896
  20
186.96914
  0
VERTEX
  5
121c
  8
Layer_0
  10
215.16282
  20
186.72919
  0
VERTEX
  5
121d
  8
Layer_0
  10
215.17376
  20
186.45092
  0
VERTEX
  5
121e
  8
Layer_0
  10
213.87717
  20
186.45091
  42
0.1840192
  0
VERTEX
  5
121f
  8
Layer_0
  10
214.00241
  20
186.0927
  42
0.20761647
  0
VERTEX
  5
1220
  8
Layer_0
  10
214.30077
  20
185.96469
  42
0.17031229
  0
VERTEX
  5
1221
  8
Layer_0
  10
214.5052
  20
186.03101
  42
0.1552686
  0
VERTEX
  5
1222
  8
Layer_0
  10
214.63043
  20
186.24464
  0
VERTEX
  5
1223
  8
Layer_0
  10
215.14613
  20
186.15808
  42
-0.15852322
  0
SEQEND
  0
POLYLINE
  5
1225
  8
Layer_0
  62
7
  70
1
  66
1
  10
0
  20
0
  30
0
  0
VERTEX
  5
1225
  8
Layer_0
  10
213.88638
  20
186.7677
  42
-0.18689048
  0
VERTEX
  5
1226
  8
Layer_0
  10
213.99504
  20
187.10289
  42
-0.21326242
  0
VERTEX
  5
1227
  8
Layer_0
  10
214.27499
  20
187.22629
  42
-0.20628286
  0
VERTEX
  5
1228
  8
Layer_0
  10
214.54388
  20
187.10934
  42
-0.18518926
  0
VERTEX
  5
1229
  8
Layer_0
  10
214.65991
  20
186.7677
  0
SEQEND
  0
POLYLINE
  5
122b
  8
Layer_0
  62
7
  70
1
  66
1
  10
0
  20
0
  30
0
  0
VERTEX
  5
122b
  8
Layer_0
  10
217.02287
  20
185.75658
  0
VERTEX
  5
122c
  8
Layer_0
  10
216.90097
  20
185.67842
  0
VERTEX
  5
122d
  8
Layer_0
  10
216.75996
  20
185.62259
  0
VERTEX
  5
122e
  8
Layer_0
  10
216.59984
  20
185.58909
  0
VERTEX
  5
122f
  8
Layer_0
  10
216.42062
  20
185.57793
  42
-0.20665972
  0
VERTEX
  5
1230
  8
Layer_0
  10
215.73642
  20
185.84866
  0
VERTEX
  5
1231
  8
Layer_0
  10
215.62481
  20
185.99704
  0
VERTEX
  5
1232
  8
Layer_0
  10
215.5451
  20
186.17143
  0
VERTEX
  5
1233
  8
Layer_0
  10
215.49727
  20
186.37184
  0
VERTEX
  5
1234
  8
Layer_0
  10
215.48133
  20
186.59826
  0
VERTEX
  5
1235
  8
Layer_0
  10
215.49733
  20
186.82703
  0
VERTEX
  5
1236
  8
Layer_0
  10
215.54533
  20
187.02899
  0
VERTEX
  5
1237
  8
Layer_0
  10
215.62533
  20
187.20413
  0
VERTEX
  5
1238
  8
Layer_0
  10
215.73733
  20
187.35245
  0
VERTEX
  5
1239
  8
Layer_0
  10
215.87661
  20
187.47049
  0
VERTEX
  5
123a
  8
Layer_0
  10
216.03846
  20
187.55481
  0
VERTEX
  5
123b
  8
Layer_0
  10
216.22286
  20
187.6054
  0
VERTEX
  5
123c
  8
Layer_0
  10
216.42982
  20
187.62226
  0
VERTEX
  5
123d
  8
Layer_0
  10
216.59932
  20
187.61265
  0
VERTEX
  5
123e
  8
Layer_0
  10
216.75052
  20
187.58382
  0
VERTEX
  5
123f
  8
Layer_0
  10
216.88342
  20
187.53576
  0
VERTEX
  5
1240
  8
Layer_0
  10
216.99801
  20
187.46848
  42
-0.16554392
  0
VERTEX
  5
1241
  8
Layer_0
  10
217.30096
  20
186.99976
  0
VERTEX
  5
1242
  8
Layer_0
  10
216.7908
  20
186.90767
  42
0.17683136
  0
VERTEX
  5
1243
  8
Layer_0
  10
216.67386
  20
187.13788
  42
0.1777493
  0
VERTEX
  5
1244
  8
Layer_0
  10
216.43719
  20
187.21524
  42
0.21819118
  0
VERTEX
  5
1245
  8
Layer_0
  10
216.12869
  20
187.08171
  0
VERTEX
  5
1246
  8
Layer_0
  10
216.07834
  20
187.00373
  0
VERTEX
  5
1247
  8
Layer_0
  10
216.04237
  20
186.90329
  0
VERTEX
  5
1248
  8
Layer_0
  10
216.02079
  20
186.78042
  0
VERTEX
  5
1249
  8
Layer_0
  10
216.0136
  20
186.63509
  0
VERTEX
  5
124a
  8
Layer_0
  10
216.0209
  20
186.47382
  0
VERTEX
  5
124b
  8
Layer_0
  10
216.04283
  20
186.33811
  0
VERTEX
  5
124c
  8
Layer_0
  10
216.07938
  20
186.22795
  0
VERTEX
  5
124d
  8
Layer_0
  10
216.13055
  20
186.14334
  42
0.22559841
  0
VERTEX
  5
124e
  8
Layer_0
  10
216.44455
  20
185.99969
  42
0.18415101
  0
VERTEX
  5
124f
  8
Layer_0
  10
216.68582
  20
186.0835
  0
VERTEX
  5
1250
  8
Layer_0
  10
216.76595
  20
186.19745
  0
VERTEX
  5
1251
  8
Layer_0
  10
216.81844
  20
186.37172
  0
VERTEX
  5
1252
  8
Layer_0
  10
217.32675
  20
186.28516
  0
VERTEX
  5
1253
  8
Layer_0
  10
217.27807
  20
186.1209
  0
VERTEX
  5
1254
  8
Layer_0
  10
217.21119
  20
185.97805
  0
VERTEX
  5
1255
  8
Layer_0
  10
217.12613
  20
185.85661
  0
SEQEND
  0
ENDSEC
  0
EOF
