  0
SECTION
  2
HEADER
  9
$ACADVER
  1
AC1009
  0
ENDSEC
  0
SECTION
  2
TABLES
  0
TABLE
  2
LAYER
  70
1
  0
LAYER
  2
Layer_0
  70
0
  62
7
  6
CONTINUOUS
  0
ENDTAB
  0
ENDSEC
  0
SECTION
  2
ENTITIES
  0
POLYLINE
  5
90
  8
Layer_0
  62
7
  70
1
  66
1
  10
0
  20
0
  30
0
  0
VERTEX
  5
90
  8
Layer_0
  10
120.3
  20
221.323
  0
VERTEX
  5
91
  8
Layer_0
  10
279.70001
  20
221.323
  42
-0.41421356
  0
VERTEX
  5
92
  8
Layer_0
  10
289.70001
  20
211.323
  0
VERTEX
  5
93
  8
Layer_0
  10
289.70001
  20
188.677
  42
-0.41421356
  0
VERTEX
  5
94
  8
Layer_0
  10
279.70001
  20
178.677
  0
VERTEX
  5
95
  8
Layer_0
  10
120.3
  20
178.677
  42
-0.41421366
  0
VERTEX
  5
96
  8
Layer_0
  10
110.3
  20
188.677
  0
VERTEX
  5
97
  8
Layer_0
  10
110.3
  20
211.323
  42
-0.41421356
  0
SEQEND
  0
POLYLINE
  5
99
  8
Layer_0
  62
7
  70
1
  66
1
  10
0
  20
0
  30
0
  0
VERTEX
  5
99
  8
Layer_0
  10
241.22585
  20
215.61538
  0
VERTEX
  5
9a
  8
Layer_0
  10
241.07346
  20
215.33422
  0
VERTEX
  5
9b
  8
Layer_0
  10
240.92363
  20
214.9795
  0
VERTEX
  5
9c
  8
Layer_0
  10
240.77963
  20
214.56386
  0
VERTEX
  5
9d
  8
Layer_0
  10
240.64472
  20
214.09992
  0
VERTEX
  5
9e
  8
Layer_0
  10
240.41526
  20
213.07764
  0
VERTEX
  5
9f
  8
Layer_0
  10
240.26138
  20
212.01368
  0
VERTEX
  5
a0
  8
Layer_0
  10
240.22332
  20
211.5199
  0
VERTEX
  5
a1
  8
Layer_0
  10
240.19919
  20
210.95966
  0
VERTEX
  5
a2
  8
Layer_0
  10
240.18843
  20
210.34138
  0
VERTEX
  5
a3
  8
Layer_0
  10
240.19051
  20
209.67349
  0
VERTEX
  5
a4
  8
Layer_0
  10
240.20485
  20
208.96441
  0
VERTEX
  5
a5
  8
Layer_0
  10
240.23092
  20
208.22256
  0
VERTEX
  5
a6
  8
Layer_0
  10
240.26815
  20
207.45636
  0
VERTEX
  5
a7
  8
Layer_0
  10
240.31601
  20
206.67424
  0
VERTEX
  5
a8
  8
Layer_0
  10
240.44136
  20
205.09589
  0
VERTEX
  5
a9
  8
Layer_0
  10
240.60257
  20
203.55489
  0
VERTEX
  5
aa
  8
Layer_0
  10
240.69524
  20
202.81945
  0
VERTEX
  5
ab
  8
Layer_0
  10
240.79521
  20
202.11862
  0
VERTEX
  5
ac
  8
Layer_0
  10
240.90194
  20
201.46081
  0
VERTEX
  5
ad
  8
Layer_0
  10
241.01488
  20
200.85444
  0
VERTEX
  5
ae
  8
Layer_0
  10
241.18129
  20
200.09272
  0
VERTEX
  5
af
  8
Layer_0
  10
241.36007
  20
199.40879
  0
VERTEX
  5
b0
  8
Layer_0
  10
241.55368
  20
198.79709
  0
VERTEX
  5
b1
  8
Layer_0
  10
241.7646
  20
198.25206
  0
VERTEX
  5
b2
  8
Layer_0
  10
241.9953
  20
197.76813
  0
VERTEX
  5
b3
  8
Layer_0
  10
242.24825
  20
197.33975
  0
VERTEX
  5
b4
  8
Layer_0
  10
242.52592
  20
196.96134
  0
VERTEX
  5
b5
  8
Layer_0
  10
242.8308
  20
196.62734
  0
VERTEX
  5
b6
  8
Layer_0
  10
243.05143
  20
196.42025
  0
VERTEX
  5
b7
  8
Layer_0
  10
243.26782
  20
196.23082
  0
VERTEX
  5
b8
  8
Layer_0
  10
243.45596
  20
196.07953
  0
VERTEX
  5
b9
  8
Layer_0
  10
243.59183
  20
195.98687
  0
VERTEX
  5
ba
  8
Layer_0
  10
244.05075
  20
195.75267
  0
VERTEX
  5
bb
  8
Layer_0
  10
244.48283
  20
195.55573
  0
VERTEX
  5
bc
  8
Layer_0
  10
244.90361
  20
195.39164
  0
VERTEX
  5
bd
  8
Layer_0
  10
245.32862
  20
195.25598
  0
VERTEX
  5
be
  8
Layer_0
  10
245.77342
  20
195.14434
  0
VERTEX
  5
bf
  8
Layer_0
  10
246.25354
  20
195.0523
  0
VERTEX
  5
c0
  8
Layer_0
  10
246.78452
  20
194.97545
  0
VERTEX
  5
c1
  8
Layer_0
  10
247.3819
  20
194.90938
  42
-0.00090960434
  0
VERTEX
  5
c2
  8
Layer_0
  10
248.88889
  20
194.75114
  0
VERTEX
  5
c3
  8
Layer_0
  10
249.44891
  20
194.69816
  0
VERTEX
  5
c4
  8
Layer_0
  10
250.10551
  20
194.65225
  0
VERTEX
  5
c5
  8
Layer_0
  10
250.84507
  20
194.61339
  0
VERTEX
  5
c6
  8
Layer_0
  10
251.65397
  20
194.58161
  0
VERTEX
  5
c7
  8
Layer_0
  10
252.51858
  20
194.55688
  0
VERTEX
  5
c8
  8
Layer_0
  10
253.42529
  20
194.53922
  0
VERTEX
  5
c9
  8
Layer_0
  10
254.36048
  20
194.52863
  0
VERTEX
  5
ca
  8
Layer_0
  10
255.31053
  20
194.52509
  0
VERTEX
  5
cb
  8
Layer_0
  10
256.26181
  20
194.52863
  0
VERTEX
  5
cc
  8
Layer_0
  10
257.20071
  20
194.53922
  0
VERTEX
  5
cd
  8
Layer_0
  10
258.1136
  20
194.55688
  0
VERTEX
  5
ce
  8
Layer_0
  10
258.98687
  20
194.58161
  0
VERTEX
  5
cf
  8
Layer_0
  10
259.80689
  20
194.61339
  0
VERTEX
  5
d0
  8
Layer_0
  10
260.56005
  20
194.65225
  0
VERTEX
  5
d1
  8
Layer_0
  10
261.23273
  20
194.69816
  0
VERTEX
  5
d2
  8
Layer_0
  10
261.81129
  20
194.75114
  0
VERTEX
  5
d3
  8
Layer_0
  10
262.31801
  20
194.80681
  0
VERTEX
  5
d4
  8
Layer_0
  10
262.77554
  20
194.85844
  0
VERTEX
  5
d5
  8
Layer_0
  10
263.1879
  20
194.90679
  0
VERTEX
  5
d6
  8
Layer_0
  10
263.55905
  20
194.95258
  0
VERTEX
  5
d7
  8
Layer_0
  10
263.89298
  20
194.99657
  0
VERTEX
  5
d8
  8
Layer_0
  10
264.19367
  20
195.03949
  0
VERTEX
  5
d9
  8
Layer_0
  10
264.46512
  20
195.08207
  0
VERTEX
  5
da
  8
Layer_0
  10
264.7113
  20
195.12506
  0
VERTEX
  5
db
  8
Layer_0
  10
265.14381
  20
195.21523
  0
VERTEX
  5
dc
  8
Layer_0
  10
265.52308
  20
195.31591
  0
VERTEX
  5
dd
  8
Layer_0
  10
265.88097
  20
195.43301
  0
VERTEX
  5
de
  8
Layer_0
  10
266.24937
  20
195.57245
  0
VERTEX
  5
df
  8
Layer_0
  10
266.47295
  20
195.67539
  0
VERTEX
  5
e0
  8
Layer_0
  10
266.71842
  20
195.80968
  0
VERTEX
  5
e1
  8
Layer_0
  10
266.9752
  20
195.96781
  0
VERTEX
  5
e2
  8
Layer_0
  10
267.23268
  20
196.14228
  0
VERTEX
  5
e3
  8
Layer_0
  10
267.48028
  20
196.32558
  0
VERTEX
  5
e4
  8
Layer_0
  10
267.70738
  20
196.5102
  0
VERTEX
  5
e5
  8
Layer_0
  10
267.90341
  20
196.68864
  0
VERTEX
  5
e6
  8
Layer_0
  10
268.05775
  20
196.85339
  0
VERTEX
  5
e7
  8
Layer_0
  10
268.36417
  20
197.27142
  0
VERTEX
  5
e8
  8
Layer_0
  10
268.64984
  20
197.76618
  0
VERTEX
  5
e9
  8
Layer_0
  10
268.91378
  20
198.33458
  0
VERTEX
  5
ea
  8
Layer_0
  10
269.15504
  20
198.97353
  0
VERTEX
  5
eb
  8
Layer_0
  10
269.37262
  20
199.67995
  0
VERTEX
  5
ec
  8
Layer_0
  10
269.56557
  20
200.45073
  0
VERTEX
  5
ed
  8
Layer_0
  10
269.73292
  20
201.2828
  0
VERTEX
  5
ee
  8
Layer_0
  10
269.87369
  20
202.17306
  42
-0.0052801628
  0
VERTEX
  5
ef
  8
Layer_0
  10
270.03192
  20
203.3033
  0
VERTEX
  5
f0
  8
Layer_0
  10
270.11584
  20
203.97089
  0
VERTEX
  5
f1
  8
Layer_0
  10
270.1918
  20
204.7108
  0
VERTEX
  5
f2
  8
Layer_0
  10
270.25894
  20
205.51058
  0
VERTEX
  5
f3
  8
Layer_0
  10
270.31636
  20
206.35777
  0
VERTEX
  5
f4
  8
Layer_0
  10
270.39854
  20
208.14461
  0
VERTEX
  5
f5
  8
Layer_0
  10
270.43126
  20
209.97171
  0
VERTEX
  5
f6
  8
Layer_0
  10
270.43189
  20
210.38633
  0
VERTEX
  5
f7
  8
Layer_0
  10
270.43069
  20
210.76254
  0
VERTEX
  5
f8
  8
Layer_0
  10
270.42721
  20
211.10434
  0
VERTEX
  5
f9
  8
Layer_0
  10
270.42102
  20
211.41571
  0
VERTEX
  5
fa
  8
Layer_0
  10
270.39881
  20
211.9631
  0
VERTEX
  5
fb
  8
Layer_0
  10
270.36063
  20
212.43658
  0
VERTEX
  5
fc
  8
Layer_0
  10
270.30301
  20
212.86803
  0
VERTEX
  5
fd
  8
Layer_0
  10
270.22253
  20
213.28932
  0
VERTEX
  5
fe
  8
Layer_0
  10
270.11573
  20
213.73234
  0
VERTEX
  5
ff
  8
Layer_0
  10
269.97917
  20
214.22895
  0
VERTEX
  5
100
  8
Layer_0
  10
269.85188
  20
214.62899
  0
VERTEX
  5
101
  8
Layer_0
  10
269.70435
  20
215.00701
  0
VERTEX
  5
102
  8
Layer_0
  10
269.53629
  20
215.36324
  0
VERTEX
  5
103
  8
Layer_0
  10
269.34742
  20
215.69791
  0
VERTEX
  5
104
  8
Layer_0
  10
269.13743
  20
216.01126
  0
VERTEX
  5
105
  8
Layer_0
  10
268.90606
  20
216.30352
  0
VERTEX
  5
106
  8
Layer_0
  10
268.65301
  20
216.57491
  0
VERTEX
  5
107
  8
Layer_0
  10
268.378
  20
216.82568
  0
VERTEX
  5
108
  8
Layer_0
  10
268.08073
  20
217.05605
  0
VERTEX
  5
109
  8
Layer_0
  10
267.76093
  20
217.26625
  0
VERTEX
  5
10a
  8
Layer_0
  10
267.4183
  20
217.45652
  0
VERTEX
  5
10b
  8
Layer_0
  10
267.05256
  20
217.62709
  0
VERTEX
  5
10c
  8
Layer_0
  10
266.66341
  20
217.77819
  0
VERTEX
  5
10d
  8
Layer_0
  10
266.25059
  20
217.91005
  0
VERTEX
  5
10e
  8
Layer_0
  10
265.81378
  20
218.0229
  0
VERTEX
  5
10f
  8
Layer_0
  10
265.35272
  20
218.11698
  42
0.023900158
  0
VERTEX
  5
110
  8
Layer_0
  10
263.09222
  20
218.37317
  42
-0.0075102898
  0
VERTEX
  5
111
  8
Layer_0
  10
261.73596
  20
218.49373
  0
VERTEX
  5
112
  8
Layer_0
  10
261.2853
  20
218.53027
  0
VERTEX
  5
113
  8
Layer_0
  10
260.77698
  20
218.56353
  0
VERTEX
  5
114
  8
Layer_0
  10
260.21758
  20
218.59341
  0
VERTEX
  5
115
  8
Layer_0
  10
259.61369
  20
218.61982
  0
VERTEX
  5
116
  8
Layer_0
  10
258.29887
  20
218.66181
  0
VERTEX
  5
117
  8
Layer_0
  10
256.88534
  20
218.68869
  0
VERTEX
  5
118
  8
Layer_0
  10
255.42589
  20
218.69969
  0
VERTEX
  5
119
  8
Layer_0
  10
253.97332
  20
218.69399
  0
VERTEX
  5
11a
  8
Layer_0
  10
253.26612
  20
218.68464
  0
VERTEX
  5
11b
  8
Layer_0
  10
252.58045
  20
218.67081
  0
VERTEX
  5
11c
  8
Layer_0
  10
251.92289
  20
218.65242
  0
VERTEX
  5
11d
  8
Layer_0
  10
251.30006
  20
218.62936
  42
0.012718696
  0
VERTEX
  5
11e
  8
Layer_0
  10
248.94916
  20
218.49373
  42
-0.00062575668
  0
VERTEX
  5
11f
  8
Layer_0
  10
247.06543
  20
218.32796
  0
VERTEX
  5
120
  8
Layer_0
  10
246.48644
  20
218.27423
  0
VERTEX
  5
121
  8
Layer_0
  10
245.9436
  20
218.20862
  0
VERTEX
  5
122
  8
Layer_0
  10
245.4353
  20
218.13036
  0
VERTEX
  5
123
  8
Layer_0
  10
244.95988
  20
218.03869
  0
VERTEX
  5
124
  8
Layer_0
  10
244.51572
  20
217.93284
  0
VERTEX
  5
125
  8
Layer_0
  10
244.10119
  20
217.81207
  0
VERTEX
  5
126
  8
Layer_0
  10
243.71465
  20
217.67559
  0
VERTEX
  5
127
  8
Layer_0
  10
243.35447
  20
217.52266
  0
VERTEX
  5
128
  8
Layer_0
  10
243.01901
  20
217.35251
  0
VERTEX
  5
129
  8
Layer_0
  10
242.70664
  20
217.16438
  0
VERTEX
  5
12a
  8
Layer_0
  10
242.41573
  20
216.95751
  0
VERTEX
  5
12b
  8
Layer_0
  10
242.14464
  20
216.73114
  0
VERTEX
  5
12c
  8
Layer_0
  10
241.89174
  20
216.4845
  0
VERTEX
  5
12d
  8
Layer_0
  10
241.6554
  20
216.21684
  0
VERTEX
  5
12e
  8
Layer_0
  10
241.43398
  20
215.92738
  0
SEQEND
  0
POLYLINE
  5
130
  8
Layer_0
  62
7
  70
1
  66
1
  10
0
  20
0
  30
0
  0
VERTEX
  5
130
  8
Layer_0
  10
268.63042
  20
212.52606
  0
VERTEX
  5
131
  8
Layer_0
  10
268.68017
  20
211.78681
  0
VERTEX
  5
132
  8
Layer_0
  10
268.72189
  20
211.08218
  0
VERTEX
  5
133
  8
Layer_0
  10
268.75532
  20
210.41851
  0
VERTEX
  5
134
  8
Layer_0
  10
268.78017
  20
209.80218
  0
VERTEX
  5
135
  8
Layer_0
  10
268.7962
  20
209.23953
  0
VERTEX
  5
136
  8
Layer_0
  10
268.80313
  20
208.73693
  0
VERTEX
  5
137
  8
Layer_0
  10
268.8007
  20
208.30072
  0
VERTEX
  5
138
  8
Layer_0
  10
268.78865
  20
207.93728
  42
-0.00012935015
  0
VERTEX
  5
139
  8
Layer_0
  10
268.69824
  20
206.16656
  0
VERTEX
  5
13a
  8
Layer_0
  10
268.64932
  20
205.44735
  0
VERTEX
  5
13b
  8
Layer_0
  10
268.5726
  20
204.6597
  0
VERTEX
  5
13c
  8
Layer_0
  10
268.47134
  20
203.82419
  0
VERTEX
  5
13d
  8
Layer_0
  10
268.34879
  20
202.9614
  0
VERTEX
  5
13e
  8
Layer_0
  10
268.20823
  20
202.09189
  0
VERTEX
  5
13f
  8
Layer_0
  10
268.05293
  20
201.23625
  0
VERTEX
  5
140
  8
Layer_0
  10
267.88615
  20
200.41505
  0
VERTEX
  5
141
  8
Layer_0
  10
267.71115
  20
199.64885
  0
VERTEX
  5
142
  8
Layer_0
  10
267.53075
  20
199.04678
  0
VERTEX
  5
143
  8
Layer_0
  10
267.29084
  20
198.49141
  0
VERTEX
  5
144
  8
Layer_0
  10
266.99407
  20
197.98568
  0
VERTEX
  5
145
  8
Layer_0
  10
266.64307
  20
197.53248
  0
VERTEX
  5
146
  8
Layer_0
  10
266.24051
  20
197.13473
  0
VERTEX
  5
147
  8
Layer_0
  10
265.78904
  20
196.79535
  0
VERTEX
  5
148
  8
Layer_0
  10
265.29129
  20
196.51725
  0
VERTEX
  5
149
  8
Layer_0
  10
264.74992
  20
196.30334
  0
VERTEX
  5
14a
  8
Layer_0
  10
264.58391
  20
196.25417
  0
VERTEX
  5
14b
  8
Layer_0
  10
264.39171
  20
196.20565
  0
VERTEX
  5
14c
  8
Layer_0
  10
264.17431
  20
196.15788
  0
VERTEX
  5
14d
  8
Layer_0
  10
263.93274
  20
196.11096
  0
VERTEX
  5
14e
  8
Layer_0
  10
263.38105
  20
196.02016
  0
VERTEX
  5
14f
  8
Layer_0
  10
262.74469
  20
195.93413
  0
VERTEX
  5
150
  8
Layer_0
  10
262.03168
  20
195.85374
  0
VERTEX
  5
151
  8
Layer_0
  10
261.25006
  20
195.7799
  0
VERTEX
  5
152
  8
Layer_0
  10
260.40787
  20
195.71347
  0
VERTEX
  5
153
  8
Layer_0
  10
259.51314
  20
195.65533
  0
VERTEX
  5
154
  8
Layer_0
  10
259.17931
  20
195.63944
  0
VERTEX
  5
155
  8
Layer_0
  10
258.76992
  20
195.62567
  0
VERTEX
  5
156
  8
Layer_0
  10
258.29576
  20
195.61401
  0
VERTEX
  5
157
  8
Layer_0
  10
257.76763
  20
195.60447
  0
VERTEX
  5
158
  8
Layer_0
  10
256.59262
  20
195.59176
  0
VERTEX
  5
159
  8
Layer_0
  10
255.33125
  20
195.58752
  0
VERTEX
  5
15a
  8
Layer_0
  10
254.06989
  20
195.59176
  0
VERTEX
  5
15b
  8
Layer_0
  10
252.89488
  20
195.60447
  0
VERTEX
  5
15c
  8
Layer_0
  10
252.36675
  20
195.61401
  0
VERTEX
  5
15d
  8
Layer_0
  10
251.89259
  20
195.62567
  0
VERTEX
  5
15e
  8
Layer_0
  10
251.4832
  20
195.63944
  0
VERTEX
  5
15f
  8
Layer_0
  10
251.14937
  20
195.65533
  0
VERTEX
  5
160
  8
Layer_0
  10
250.25711
  20
195.71347
  0
VERTEX
  5
161
  8
Layer_0
  10
249.41668
  20
195.7799
  0
VERTEX
  5
162
  8
Layer_0
  10
248.63612
  20
195.85374
  0
VERTEX
  5
163
  8
Layer_0
  10
247.92347
  20
195.93413
  0
VERTEX
  5
164
  8
Layer_0
  10
247.28675
  20
196.02016
  0
VERTEX
  5
165
  8
Layer_0
  10
246.73401
  20
196.11096
  0
VERTEX
  5
166
  8
Layer_0
  10
246.49164
  20
196.15788
  0
VERTEX
  5
167
  8
Layer_0
  10
246.27327
  20
196.20565
  0
VERTEX
  5
168
  8
Layer_0
  10
246.07992
  20
196.25417
  0
VERTEX
  5
169
  8
Layer_0
  10
245.91258
  20
196.30334
  0
VERTEX
  5
16a
  8
Layer_0
  10
245.34109
  20
196.52556
  0
VERTEX
  5
16b
  8
Layer_0
  10
244.82885
  20
196.80959
  0
VERTEX
  5
16c
  8
Layer_0
  10
244.37365
  20
197.15791
  0
VERTEX
  5
16d
  8
Layer_0
  10
243.97328
  20
197.57298
  0
VERTEX
  5
16e
  8
Layer_0
  10
243.62554
  20
198.05727
  0
VERTEX
  5
16f
  8
Layer_0
  10
243.32822
  20
198.61327
  0
VERTEX
  5
170
  8
Layer_0
  10
243.07911
  20
199.24344
  0
VERTEX
  5
171
  8
Layer_0
  10
242.87601
  20
199.95025
  0
VERTEX
  5
172
  8
Layer_0
  10
242.63857
  20
200.99891
  0
VERTEX
  5
173
  8
Layer_0
  10
242.43451
  20
202.05685
  0
VERTEX
  5
174
  8
Layer_0
  10
242.26329
  20
203.12839
  0
VERTEX
  5
175
  8
Layer_0
  10
242.1244
  20
204.21785
  0
VERTEX
  5
176
  8
Layer_0
  10
242.01729
  20
205.32956
  0
VERTEX
  5
177
  8
Layer_0
  10
241.94144
  20
206.46785
  0
VERTEX
  5
178
  8
Layer_0
  10
241.89632
  20
207.63705
  0
VERTEX
  5
179
  8
Layer_0
  10
241.88139
  20
208.84147
  0
VERTEX
  5
17a
  8
Layer_0
  10
241.88362
  20
209.4247
  0
VERTEX
  5
17b
  8
Layer_0
  10
241.8904
  20
209.97419
  0
VERTEX
  5
17c
  8
Layer_0
  10
241.90186
  20
210.49101
  0
VERTEX
  5
17d
  8
Layer_0
  10
241.91813
  20
210.97622
  0
VERTEX
  5
17e
  8
Layer_0
  10
241.93934
  20
211.43087
  0
VERTEX
  5
17f
  8
Layer_0
  10
241.96563
  20
211.85604
  0
VERTEX
  5
180
  8
Layer_0
  10
241.99713
  20
212.25277
  0
VERTEX
  5
181
  8
Layer_0
  10
242.03397
  20
212.62213
  0
VERTEX
  5
182
  8
Layer_0
  10
242.12422
  20
213.28297
  0
VERTEX
  5
183
  8
Layer_0
  10
242.23741
  20
213.84703
  0
VERTEX
  5
184
  8
Layer_0
  10
242.37463
  20
214.32279
  0
VERTEX
  5
185
  8
Layer_0
  10
242.53693
  20
214.71872
  0
VERTEX
  5
186
  8
Layer_0
  10
242.67494
  20
214.96767
  0
VERTEX
  5
187
  8
Layer_0
  10
242.85269
  20
215.22404
  0
VERTEX
  5
188
  8
Layer_0
  10
243.06328
  20
215.48111
  0
VERTEX
  5
189
  8
Layer_0
  10
243.29984
  20
215.73217
  0
VERTEX
  5
18a
  8
Layer_0
  10
243.55547
  20
215.97052
  0
VERTEX
  5
18b
  8
Layer_0
  10
243.82328
  20
216.18945
  0
VERTEX
  5
18c
  8
Layer_0
  10
244.0964
  20
216.38224
  0
VERTEX
  5
18d
  8
Layer_0
  10
244.36792
  20
216.54218
  0
VERTEX
  5
18e
  8
Layer_0
  10
244.87547
  20
216.7716
  0
VERTEX
  5
18f
  8
Layer_0
  10
245.47556
  20
216.97461
  0
VERTEX
  5
190
  8
Layer_0
  10
245.81229
  20
217.06658
  0
VERTEX
  5
191
  8
Layer_0
  10
246.17454
  20
217.15238
  0
VERTEX
  5
192
  8
Layer_0
  10
246.5631
  20
217.23215
  0
VERTEX
  5
193
  8
Layer_0
  10
246.97878
  20
217.30603
  0
VERTEX
  5
194
  8
Layer_0
  10
247.42235
  20
217.37418
  0
VERTEX
  5
195
  8
Layer_0
  10
247.89462
  20
217.43673
  0
VERTEX
  5
196
  8
Layer_0
  10
248.39639
  20
217.49383
  0
VERTEX
  5
197
  8
Layer_0
  10
248.92844
  20
217.54562
  0
VERTEX
  5
198
  8
Layer_0
  10
249.49157
  20
217.59224
  0
VERTEX
  5
199
  8
Layer_0
  10
250.08658
  20
217.63385
  0
VERTEX
  5
19a
  8
Layer_0
  10
250.71426
  20
217.67057
  0
VERTEX
  5
19b
  8
Layer_0
  10
251.37541
  20
217.70256
  0
VERTEX
  5
19c
  8
Layer_0
  10
251.81856
  20
217.72187
  0
VERTEX
  5
19d
  8
Layer_0
  10
252.18542
  20
217.744
  0
VERTEX
  5
19e
  8
Layer_0
  10
252.32876
  20
217.75524
  0
VERTEX
  5
19f
  8
Layer_0
  10
252.43925
  20
217.76613
  0
VERTEX
  5
1a0
  8
Layer_0
  10
252.5123
  20
217.77632
  0
VERTEX
  5
1a1
  8
Layer_0
  10
252.54332
  20
217.78544
  0
VERTEX
  5
1a2
  8
Layer_0
  10
252.56559
  20
217.78931
  0
VERTEX
  5
1a3
  8
Layer_0
  10
252.62248
  20
217.79246
  0
VERTEX
  5
1a4
  8
Layer_0
  10
252.71183
  20
217.79491
  0
VERTEX
  5
1a5
  8
Layer_0
  10
252.8315
  20
217.7967
  0
VERTEX
  5
1a6
  8
Layer_0
  10
253.15315
  20
217.79841
  0
VERTEX
  5
1a7
  8
Layer_0
  10
253.57019
  20
217.79781
  0
VERTEX
  5
1a8
  8
Layer_0
  10
254.06538
  20
217.79513
  0
VERTEX
  5
1a9
  8
Layer_0
  10
254.62147
  20
217.79061
  0
VERTEX
  5
1aa
  8
Layer_0
  10
255.22122
  20
217.78448
  0
VERTEX
  5
1ab
  8
Layer_0
  10
255.8474
  20
217.77697
  0
VERTEX
  5
1ac
  8
Layer_0
  10
256.48276
  20
217.76831
  0
VERTEX
  5
1ad
  8
Layer_0
  10
257.11006
  20
217.75873
  0
VERTEX
  5
1ae
  8
Layer_0
  10
257.71206
  20
217.74847
  0
VERTEX
  5
1af
  8
Layer_0
  10
258.27153
  20
217.73776
  0
VERTEX
  5
1b0
  8
Layer_0
  10
258.77122
  20
217.72683
  0
VERTEX
  5
1b1
  8
Layer_0
  10
259.19388
  20
217.71591
  0
VERTEX
  5
1b2
  8
Layer_0
  10
259.37095
  20
217.71052
  0
VERTEX
  5
1b3
  8
Layer_0
  10
259.52229
  20
217.70523
  0
VERTEX
  5
1b4
  8
Layer_0
  10
259.64576
  20
217.70005
  0
VERTEX
  5
1b5
  8
Layer_0
  10
259.7392
  20
217.69502
  42
-0.0074026541
  0
VERTEX
  5
1b6
  8
Layer_0
  10
262.5271
  20
217.46898
  0
VERTEX
  5
1b7
  8
Layer_0
  10
263.27976
  20
217.3811
  0
VERTEX
  5
1b8
  8
Layer_0
  10
263.97612
  20
217.26926
  0
VERTEX
  5
1b9
  8
Layer_0
  10
264.61764
  20
217.13227
  0
VERTEX
  5
1ba
  8
Layer_0
  10
265.20579
  20
216.96896
  0
VERTEX
  5
1bb
  8
Layer_0
  10
265.74201
  20
216.77815
  0
VERTEX
  5
1bc
  8
Layer_0
  10
266.22777
  20
216.55865
  0
VERTEX
  5
1bd
  8
Layer_0
  10
266.66453
  20
216.30928
  0
VERTEX
  5
1be
  8
Layer_0
  10
267.05373
  20
216.02886
  0
VERTEX
  5
1bf
  8
Layer_0
  10
267.39684
  20
215.71621
  0
VERTEX
  5
1c0
  8
Layer_0
  10
267.69532
  20
215.37016
  0
VERTEX
  5
1c1
  8
Layer_0
  10
267.95062
  20
214.98951
  0
VERTEX
  5
1c2
  8
Layer_0
  10
268.16419
  20
214.57309
  0
VERTEX
  5
1c3
  8
Layer_0
  10
268.3375
  20
214.11971
  0
VERTEX
  5
1c4
  8
Layer_0
  10
268.47201
  20
213.6282
  0
VERTEX
  5
1c5
  8
Layer_0
  10
268.56916
  20
213.09738
  0
SEQEND
  0
POLYLINE
  5
1c7
  8
Layer_0
  62
7
  70
1
  66
1
  10
0
  20
0
  30
0
  0
VERTEX
  5
1c7
  8
Layer_0
  10
264.04163
  20
215.63045
  42
-0.004160195
  0
VERTEX
  5
1c8
  8
Layer_0
  10
263.84573
  20
212.38289
  42
0.0021526666
  0
VERTEX
  5
1c9
  8
Layer_0
  10
263.61969
  20
208.76613
  42
-0.0079580208
  0
VERTEX
  5
1ca
  8
Layer_0
  10
263.46899
  20
206.58099
  42
0.0040793001
  0
VERTEX
  5
1cb
  8
Layer_0
  10
263.3183
  20
204.16982
  42
-0.0057947542
  0
VERTEX
  5
1cc
  8
Layer_0
  10
263.1676
  20
201.83398
  42
0.0084470306
  0
VERTEX
  5
1cd
  8
Layer_0
  10
263.05457
  20
200.06328
  42
-0.011298669
  0
VERTEX
  5
1ce
  8
Layer_0
  10
262.97168
  20
198.70699
  42
0.016019775
  0
VERTEX
  5
1cf
  8
Layer_0
  10
262.87372
  20
197.14725
  0
VERTEX
  5
1d0
  8
Layer_0
  10
262.86621
  20
196.71776
  0
VERTEX
  5
1d1
  8
Layer_0
  10
262.5874
  20
196.64241
  0
VERTEX
  5
1d2
  8
Layer_0
  10
262.48907
  20
196.62047
  0
VERTEX
  5
1d3
  8
Layer_0
  10
262.35596
  20
196.59472
  0
VERTEX
  5
1d4
  8
Layer_0
  10
262.19359
  20
196.56594
  0
VERTEX
  5
1d5
  8
Layer_0
  10
262.00744
  20
196.53492
  0
VERTEX
  5
1d6
  8
Layer_0
  10
261.58581
  20
196.4693
  0
VERTEX
  5
1d7
  8
Layer_0
  10
261.13503
  20
196.40412
  0
VERTEX
  5
1d8
  8
Layer_0
  10
260.6991
  20
196.34565
  0
VERTEX
  5
1d9
  8
Layer_0
  10
260.32197
  20
196.30016
  0
VERTEX
  5
1da
  8
Layer_0
  10
260.1692
  20
196.28424
  0
VERTEX
  5
1db
  8
Layer_0
  10
260.04762
  20
196.27392
  0
VERTEX
  5
1dc
  8
Layer_0
  10
259.96273
  20
196.26998
  0
VERTEX
  5
1dd
  8
Layer_0
  10
259.92003
  20
196.2732
  0
VERTEX
  5
1de
  8
Layer_0
  10
259.87317
  20
196.31346
  0
VERTEX
  5
1df
  8
Layer_0
  10
259.81642
  20
196.40318
  0
VERTEX
  5
1e0
  8
Layer_0
  10
259.75685
  20
196.52962
  0
VERTEX
  5
1e1
  8
Layer_0
  10
259.70152
  20
196.68009
  42
-0.0049307126
  0
VERTEX
  5
1e2
  8
Layer_0
  10
258.61649
  20
199.92764
  0
VERTEX
  5
1e3
  8
Layer_0
  10
258.52952
  20
200.19229
  0
VERTEX
  5
1e4
  8
Layer_0
  10
258.45201
  20
200.41023
  0
VERTEX
  5
1e5
  8
Layer_0
  10
258.37927
  20
200.59056
  0
VERTEX
  5
1e6
  8
Layer_0
  10
258.30661
  20
200.74236
  0
VERTEX
  5
1e7
  8
Layer_0
  10
258.14284
  20
200.99678
  0
VERTEX
  5
1e8
  8
Layer_0
  10
257.92326
  20
201.24626
  0
VERTEX
  5
1e9
  8
Layer_0
  10
257.70465
  20
201.45213
  0
VERTEX
  5
1ea
  8
Layer_0
  10
257.46847
  20
201.62454
  0
VERTEX
  5
1eb
  8
Layer_0
  10
257.20844
  20
201.76533
  0
VERTEX
  5
1ec
  8
Layer_0
  10
256.9183
  20
201.87637
  0
VERTEX
  5
1ed
  8
Layer_0
  10
256.59178
  20
201.9595
  0
VERTEX
  5
1ee
  8
Layer_0
  10
256.22261
  20
202.01659
  0
VERTEX
  5
1ef
  8
Layer_0
  10
255.80453
  20
202.04948
  0
VERTEX
  5
1f0
  8
Layer_0
  10
255.33125
  20
202.06003
  0
VERTEX
  5
1f1
  8
Layer_0
  10
254.98338
  20
202.05562
  0
VERTEX
  5
1f2
  8
Layer_0
  10
254.67595
  20
202.04166
  0
VERTEX
  5
1f3
  8
Layer_0
  10
254.40278
  20
202.01712
  0
VERTEX
  5
1f4
  8
Layer_0
  10
254.15768
  20
201.98091
  0
VERTEX
  5
1f5
  8
Layer_0
  10
253.72701
  20
201.8693
  0
VERTEX
  5
1f6
  8
Layer_0
  10
253.33449
  20
201.69835
  0
VERTEX
  5
1f7
  8
Layer_0
  10
253.07823
  20
201.55141
  0
VERTEX
  5
1f8
  8
Layer_0
  10
252.85967
  20
201.38177
  0
VERTEX
  5
1f9
  8
Layer_0
  10
252.66495
  20
201.16392
  0
VERTEX
  5
1fa
  8
Layer_0
  10
252.48022
  20
200.87234
  0
VERTEX
  5
1fb
  8
Layer_0
  10
252.38726
  20
200.69092
  0
VERTEX
  5
1fc
  8
Layer_0
  10
252.29159
  20
200.48151
  0
VERTEX
  5
1fd
  8
Layer_0
  10
252.19149
  20
200.2409
  0
VERTEX
  5
1fe
  8
Layer_0
  10
252.08522
  20
199.96591
  0
VERTEX
  5
1ff
  8
Layer_0
  10
251.97105
  20
199.65334
  0
VERTEX
  5
200
  8
Layer_0
  10
251.84724
  20
199.30002
  0
VERTEX
  5
201
  8
Layer_0
  10
251.71206
  20
198.90275
  0
VERTEX
  5
202
  8
Layer_0
  10
251.56378
  20
198.45833
  0
VERTEX
  5
203
  8
Layer_0
  10
251.42097
  20
198.02821
  0
VERTEX
  5
204
  8
Layer_0
  10
251.28311
  20
197.62537
  0
VERTEX
  5
205
  8
Layer_0
  10
251.15372
  20
197.25873
  0
VERTEX
  5
206
  8
Layer_0
  10
251.03634
  20
196.93722
  0
VERTEX
  5
207
  8
Layer_0
  10
250.9345
  20
196.66974
  0
VERTEX
  5
208
  8
Layer_0
  10
250.85173
  20
196.46522
  0
VERTEX
  5
209
  8
Layer_0
  10
250.79157
  20
196.33258
  0
VERTEX
  5
20a
  8
Layer_0
  10
250.75755
  20
196.28074
  0
VERTEX
  5
20b
  8
Layer_0
  10
250.71559
  20
196.27727
  0
VERTEX
  5
20c
  8
Layer_0
  10
250.63272
  20
196.28053
  0
VERTEX
  5
20d
  8
Layer_0
  10
250.51414
  20
196.28984
  0
VERTEX
  5
20e
  8
Layer_0
  10
250.36503
  20
196.30452
  0
VERTEX
  5
20f
  8
Layer_0
  10
249.99596
  20
196.34722
  0
VERTEX
  5
210
  8
Layer_0
  10
249.56703
  20
196.40318
  0
VERTEX
  5
211
  8
Layer_0
  10
249.11973
  20
196.4669
  0
VERTEX
  5
212
  8
Layer_0
  10
248.69557
  20
196.53292
  0
VERTEX
  5
213
  8
Layer_0
  10
248.50513
  20
196.56508
  0
VERTEX
  5
214
  8
Layer_0
  10
248.33604
  20
196.59576
  0
VERTEX
  5
215
  8
Layer_0
  10
248.19348
  20
196.62428
  0
VERTEX
  5
216
  8
Layer_0
  10
248.08264
  20
196.64995
  0
VERTEX
  5
217
  8
Layer_0
  10
247.79631
  20
196.71776
  0
VERTEX
  5
218
  8
Layer_0
  10
247.78879
  20
197.14725
  42
0.016019775
  0
VERTEX
  5
219
  8
Layer_0
  10
247.69083
  20
198.70699
  42
-0.011298669
  0
VERTEX
  5
21a
  8
Layer_0
  10
247.60794
  20
200.06328
  42
0.0084470306
  0
VERTEX
  5
21b
  8
Layer_0
  10
247.49492
  20
201.83398
  42
-0.0057947542
  0
VERTEX
  5
21c
  8
Layer_0
  10
247.34422
  20
204.16982
  42
0.0040793001
  0
VERTEX
  5
21d
  8
Layer_0
  10
247.19353
  20
206.58099
  42
-0.0079635678
  0
VERTEX
  5
21e
  8
Layer_0
  10
247.04282
  20
208.76613
  42
0.0021526666
  0
VERTEX
  5
21f
  8
Layer_0
  10
246.81677
  20
212.38289
  0
VERTEX
  5
220
  8
Layer_0
  10
246.77542
  20
213.03664
  0
VERTEX
  5
221
  8
Layer_0
  10
246.73885
  20
213.61886
  0
VERTEX
  5
222
  8
Layer_0
  10
246.70689
  20
214.13362
  0
VERTEX
  5
223
  8
Layer_0
  10
246.67938
  20
214.58498
  0
VERTEX
  5
224
  8
Layer_0
  10
246.65615
  20
214.977
  0
VERTEX
  5
225
  8
Layer_0
  10
246.63704
  20
215.31375
  0
VERTEX
  5
226
  8
Layer_0
  10
246.62188
  20
215.59928
  0
VERTEX
  5
227
  8
Layer_0
  10
246.61051
  20
215.83766
  0
VERTEX
  5
228
  8
Layer_0
  10
246.60275
  20
216.03295
  0
VERTEX
  5
229
  8
Layer_0
  10
246.59846
  20
216.18921
  0
VERTEX
  5
22a
  8
Layer_0
  10
246.59745
  20
216.31051
  0
VERTEX
  5
22b
  8
Layer_0
  10
246.59956
  20
216.4009
  0
VERTEX
  5
22c
  8
Layer_0
  10
246.6125
  20
216.50521
  0
VERTEX
  5
22d
  8
Layer_0
  10
246.63594
  20
216.53464
  0
VERTEX
  5
22e
  8
Layer_0
  10
246.71918
  20
216.54265
  0
VERTEX
  5
22f
  8
Layer_0
  10
246.89495
  20
216.56478
  0
VERTEX
  5
230
  8
Layer_0
  10
247.13713
  20
216.59822
  0
VERTEX
  5
231
  8
Layer_0
  10
247.41957
  20
216.64013
  0
VERTEX
  5
232
  8
Layer_0
  10
247.71661
  20
216.67757
  0
VERTEX
  5
233
  8
Layer_0
  10
247.99882
  20
216.70795
  0
VERTEX
  5
234
  8
Layer_0
  10
248.2344
  20
216.72702
  0
VERTEX
  5
235
  8
Layer_0
  10
248.39157
  20
216.73055
  0
VERTEX
  5
236
  8
Layer_0
  10
248.54275
  20
216.71254
  0
VERTEX
  5
237
  8
Layer_0
  10
248.63458
  20
216.64861
  0
VERTEX
  5
238
  8
Layer_0
  10
248.66884
  20
216.58419
  0
VERTEX
  5
239
  8
Layer_0
  10
248.70098
  20
216.49002
  0
VERTEX
  5
23a
  8
Layer_0
  10
248.73525
  20
216.36
  0
VERTEX
  5
23b
  8
Layer_0
  10
248.77586
  20
216.18804
  42
-0.0047373283
  0
VERTEX
  5
23c
  8
Layer_0
  10
249.25809
  20
214.19128
  42
-0.00076837798
  0
VERTEX
  5
23d
  8
Layer_0
  10
250.42601
  20
209.33124
  0
VERTEX
  5
23e
  8
Layer_0
  10
250.54041
  20
208.86282
  0
VERTEX
  5
23f
  8
Layer_0
  10
250.64961
  20
208.43097
  0
VERTEX
  5
240
  8
Layer_0
  10
250.75445
  20
208.0336
  0
VERTEX
  5
241
  8
Layer_0
  10
250.85574
  20
207.66861
  0
VERTEX
  5
242
  8
Layer_0
  10
250.95428
  20
207.33392
  0
VERTEX
  5
243
  8
Layer_0
  10
251.05091
  20
207.02741
  0
VERTEX
  5
244
  8
Layer_0
  10
251.14643
  20
206.74699
  0
VERTEX
  5
245
  8
Layer_0
  10
251.24167
  20
206.49057
  0
VERTEX
  5
246
  8
Layer_0
  10
251.43454
  20
206.04133
  0
VERTEX
  5
247
  8
Layer_0
  10
251.63607
  20
205.66291
  0
VERTEX
  5
248
  8
Layer_0
  10
251.85279
  20
205.33852
  0
VERTEX
  5
249
  8
Layer_0
  10
252.09123
  20
205.0514
  0
VERTEX
  5
24a
  8
Layer_0
  10
252.39428
  20
204.75342
  0
VERTEX
  5
24b
  8
Layer_0
  10
252.71286
  20
204.53808
  0
VERTEX
  5
24c
  8
Layer_0
  10
252.90845
  20
204.44574
  0
VERTEX
  5
24d
  8
Layer_0
  10
253.14447
  20
204.35524
  0
VERTEX
  5
24e
  8
Layer_0
  10
253.43312
  20
204.26034
  0
VERTEX
  5
24f
  8
Layer_0
  10
253.78659
  20
204.15474
  42
0.14169847
  0
VERTEX
  5
250
  8
Layer_0
  10
256.80057
  20
204.1246
  0
VERTEX
  5
251
  8
Layer_0
  10
257.23
  20
204.25065
  0
VERTEX
  5
252
  8
Layer_0
  10
257.58844
  20
204.37432
  0
VERTEX
  5
253
  8
Layer_0
  10
257.88824
  20
204.50381
  0
VERTEX
  5
254
  8
Layer_0
  10
258.14178
  20
204.64734
  0
VERTEX
  5
255
  8
Layer_0
  10
258.36141
  20
204.81312
  0
VERTEX
  5
256
  8
Layer_0
  10
258.5595
  20
205.00937
  0
VERTEX
  5
257
  8
Layer_0
  10
258.74841
  20
205.24429
  0
VERTEX
  5
258
  8
Layer_0
  10
258.94049
  20
205.5261
  0
VERTEX
  5
259
  8
Layer_0
  10
259.10155
  20
205.78712
  0
VERTEX
  5
25a
  8
Layer_0
  10
259.24
  20
206.04884
  0
VERTEX
  5
25b
  8
Layer_0
  10
259.3087
  20
206.1952
  0
VERTEX
  5
25c
  8
Layer_0
  10
259.38128
  20
206.36001
  0
VERTEX
  5
25d
  8
Layer_0
  10
259.46093
  20
206.54937
  0
VERTEX
  5
25e
  8
Layer_0
  10
259.55081
  20
206.76937
  0
VERTEX
  5
25f
  8
Layer_0
  10
259.59484
  20
206.89252
  0
VERTEX
  5
260
  8
Layer_0
  10
259.65299
  20
207.07926
  0
VERTEX
  5
261
  8
Layer_0
  10
259.72454
  20
207.32677
  0
VERTEX
  5
262
  8
Layer_0
  10
259.80877
  20
207.63223
  0
VERTEX
  5
263
  8
Layer_0
  10
259.90496
  20
207.99285
  0
VERTEX
  5
264
  8
Layer_0
  10
260.0124
  20
208.40579
  0
VERTEX
  5
265
  8
Layer_0
  10
260.13037
  20
208.86824
  0
VERTEX
  5
266
  8
Layer_0
  10
260.25815
  20
209.3774
  0
VERTEX
  5
267
  8
Layer_0
  10
260.39503
  20
209.93044
  0
VERTEX
  5
268
  8
Layer_0
  10
260.54029
  20
210.52455
  0
VERTEX
  5
269
  8
Layer_0
  10
260.6932
  20
211.15691
  0
VERTEX
  5
26a
  8
Layer_0
  10
260.85306
  20
211.82472
  0
VERTEX
  5
26b
  8
Layer_0
  10
261.01915
  20
212.52515
  0
VERTEX
  5
26c
  8
Layer_0
  10
261.19074
  20
213.2554
  0
VERTEX
  5
26d
  8
Layer_0
  10
261.36712
  20
214.01265
  0
VERTEX
  5
26e
  8
Layer_0
  10
261.54758
  20
214.79407
  42
0.0014231551
  0
VERTEX
  5
26f
  8
Layer_0
  10
261.86404
  20
216.17297
  0
VERTEX
  5
270
  8
Layer_0
  10
261.91938
  20
216.3777
  0
VERTEX
  5
271
  8
Layer_0
  10
261.97895
  20
216.55066
  0
VERTEX
  5
272
  8
Layer_0
  10
262.0357
  20
216.67416
  0
VERTEX
  5
273
  8
Layer_0
  10
262.08255
  20
216.73055
  0
VERTEX
  5
274
  8
Layer_0
  10
262.16139
  20
216.73576
  0
VERTEX
  5
275
  8
Layer_0
  10
262.31767
  20
216.72985
  0
VERTEX
  5
276
  8
Layer_0
  10
262.53275
  20
216.71439
  0
VERTEX
  5
277
  8
Layer_0
  10
262.78801
  20
216.69099
  0
VERTEX
  5
278
  8
Layer_0
  10
263.34454
  20
216.62671
  0
VERTEX
  5
279
  8
Layer_0
  10
263.8382
  20
216.54971
  0
VERTEX
  5
27a
  8
Layer_0
  10
264.09439
  20
216.5045
  0
SEQEND
  0
POLYLINE
  5
27c
  8
Layer_0
  62
7
  70
1
  66
1
  10
0
  20
0
  30
0
  0
VERTEX
  5
27c
  8
Layer_0
  10
241.36148
  20
182.08492
  0
VERTEX
  5
27d
  8
Layer_0
  10
241.9206
  20
181.88465
  0
VERTEX
  5
27e
  8
Layer_0
  10
242.51715
  20
181.75997
  0
VERTEX
  5
27f
  8
Layer_0
  10
242.86325
  20
181.72134
  0
VERTEX
  5
280
  8
Layer_0
  10
243.25923
  20
181.69604
  0
VERTEX
  5
281
  8
Layer_0
  10
243.71861
  20
181.68222
  0
VERTEX
  5
282
  8
Layer_0
  10
244.2549
  20
181.67803
  0
VERTEX
  5
283
  8
Layer_0
  10
244.69409
  20
181.68146
  0
VERTEX
  5
284
  8
Layer_0
  10
245.05019
  20
181.68709
  0
VERTEX
  5
285
  8
Layer_0
  10
245.339
  20
181.69644
  0
VERTEX
  5
286
  8
Layer_0
  10
245.57634
  20
181.71099
  0
VERTEX
  5
287
  8
Layer_0
  10
245.9598
  20
181.76174
  0
VERTEX
  5
288
  8
Layer_0
  10
246.32701
  20
181.85133
  0
VERTEX
  5
289
  8
Layer_0
  10
246.97538
  20
182.0719
  0
VERTEX
  5
28a
  8
Layer_0
  10
247.54119
  20
182.34299
  0
VERTEX
  5
28b
  8
Layer_0
  10
248.02382
  20
182.66352
  0
VERTEX
  5
28c
  8
Layer_0
  10
248.42266
  20
183.03243
  0
VERTEX
  5
28d
  8
Layer_0
  10
248.73708
  20
183.44868
  0
VERTEX
  5
28e
  8
Layer_0
  10
248.96647
  20
183.91119
  0
VERTEX
  5
28f
  8
Layer_0
  10
249.11021
  20
184.41892
  0
VERTEX
  5
290
  8
Layer_0
  10
249.16768
  20
184.97079
  0
VERTEX
  5
291
  8
Layer_0
  10
249.16052
  20
185.31623
  0
VERTEX
  5
292
  8
Layer_0
  10
249.1249
  20
185.64332
  0
VERTEX
  5
293
  8
Layer_0
  10
249.06077
  20
185.95208
  0
VERTEX
  5
294
  8
Layer_0
  10
248.96812
  20
186.24255
  0
VERTEX
  5
295
  8
Layer_0
  10
248.8469
  20
186.51474
  0
VERTEX
  5
296
  8
Layer_0
  10
248.69708
  20
186.76867
  0
VERTEX
  5
297
  8
Layer_0
  10
248.51863
  20
187.00437
  0
VERTEX
  5
298
  8
Layer_0
  10
248.31152
  20
187.22186
  0
VERTEX
  5
299
  8
Layer_0
  10
248.0757
  20
187.42115
  0
VERTEX
  5
29a
  8
Layer_0
  10
247.81116
  20
187.60228
  0
VERTEX
  5
29b
  8
Layer_0
  10
247.51786
  20
187.76527
  0
VERTEX
  5
29c
  8
Layer_0
  10
247.19575
  20
187.91013
  0
VERTEX
  5
29d
  8
Layer_0
  10
246.84482
  20
188.03689
  0
VERTEX
  5
29e
  8
Layer_0
  10
246.46503
  20
188.14556
  0
VERTEX
  5
29f
  8
Layer_0
  10
246.05633
  20
188.23619
  0
VERTEX
  5
2a0
  8
Layer_0
  10
245.61871
  20
188.30877
  42
0.069909124
  0
VERTEX
  5
2a1
  8
Layer_0
  10
242.96642
  20
188.30878
  0
VERTEX
  5
2a2
  8
Layer_0
  10
242.34024
  20
188.19557
  0
VERTEX
  5
2a3
  8
Layer_0
  10
241.7772
  20
188.0474
  0
VERTEX
  5
2a4
  8
Layer_0
  10
241.27543
  20
187.86321
  0
VERTEX
  5
2a5
  8
Layer_0
  10
240.8331
  20
187.64193
  0
VERTEX
  5
2a6
  8
Layer_0
  10
240.44833
  20
187.3825
  0
VERTEX
  5
2a7
  8
Layer_0
  10
240.11928
  20
187.08387
  0
VERTEX
  5
2a8
  8
Layer_0
  10
239.84409
  20
186.74498
  0
VERTEX
  5
2a9
  8
Layer_0
  10
239.62091
  20
186.36476
  0
VERTEX
  5
2aa
  8
Layer_0
  10
239.51318
  20
186.11705
  0
VERTEX
  5
2ab
  8
Layer_0
  10
239.44289
  20
185.87499
  0
VERTEX
  5
2ac
  8
Layer_0
  10
239.39945
  20
185.59337
  0
VERTEX
  5
2ad
  8
Layer_0
  10
239.37225
  20
185.22698
  0
VERTEX
  5
2ae
  8
Layer_0
  10
239.37799
  20
184.68433
  0
VERTEX
  5
2af
  8
Layer_0
  10
239.45208
  20
184.1861
  0
VERTEX
  5
2b0
  8
Layer_0
  10
239.59504
  20
183.73149
  0
VERTEX
  5
2b1
  8
Layer_0
  10
239.8074
  20
183.3197
  0
VERTEX
  5
2b2
  8
Layer_0
  10
240.0897
  20
182.94995
  0
VERTEX
  5
2b3
  8
Layer_0
  10
240.44245
  20
182.62143
  0
VERTEX
  5
2b4
  8
Layer_0
  10
240.86621
  20
182.33335
  0
SEQEND
  0
POLYLINE
  5
2b6
  8
Layer_0
  62
7
  70
1
  66
1
  10
0
  20
0
  30
0
  0
VERTEX
  5
2b6
  8
Layer_0
  10
244.78987
  20
183.04185
  0
VERTEX
  5
2b7
  8
Layer_0
  10
244.60649
  20
182.9903
  0
VERTEX
  5
2b8
  8
Layer_0
  10
244.45163
  20
182.95438
  0
VERTEX
  5
2b9
  8
Layer_0
  10
244.31637
  20
182.93417
  0
VERTEX
  5
2ba
  8
Layer_0
  10
244.19179
  20
182.92977
  0
VERTEX
  5
2bb
  8
Layer_0
  10
243.93902
  20
182.96874
  0
VERTEX
  5
2bc
  8
Layer_0
  10
243.62196
  20
183.07199
  0
VERTEX
  5
2bd
  8
Layer_0
  10
243.34541
  20
183.20585
  0
VERTEX
  5
2be
  8
Layer_0
  10
243.0851
  20
183.38705
  0
VERTEX
  5
2bf
  8
Layer_0
  10
242.84739
  20
183.60709
  0
VERTEX
  5
2c0
  8
Layer_0
  10
242.63865
  20
183.85751
  0
VERTEX
  5
2c1
  8
Layer_0
  10
242.46523
  20
184.12983
  0
VERTEX
  5
2c2
  8
Layer_0
  10
242.33348
  20
184.41556
  0
VERTEX
  5
2c3
  8
Layer_0
  10
242.24977
  20
184.70625
  0
VERTEX
  5
2c4
  8
Layer_0
  10
242.22046
  20
184.9934
  0
VERTEX
  5
2c5
  8
Layer_0
  10
242.2413
  20
185.22179
  0
VERTEX
  5
2c6
  8
Layer_0
  10
242.30099
  20
185.46139
  0
VERTEX
  5
2c7
  8
Layer_0
  10
242.3953
  20
185.70505
  0
VERTEX
  5
2c8
  8
Layer_0
  10
242.51998
  20
185.94563
  0
VERTEX
  5
2c9
  8
Layer_0
  10
242.6708
  20
186.17596
  0
VERTEX
  5
2ca
  8
Layer_0
  10
242.84351
  20
186.38889
  0
VERTEX
  5
2cb
  8
Layer_0
  10
243.03389
  20
186.57728
  0
VERTEX
  5
2cc
  8
Layer_0
  10
243.23769
  20
186.73397
  0
VERTEX
  5
2cd
  8
Layer_0
  10
243.50188
  20
186.86018
  0
VERTEX
  5
2ce
  8
Layer_0
  10
243.84236
  20
186.95814
  0
VERTEX
  5
2cf
  8
Layer_0
  10
244.19132
  20
187.01371
  0
VERTEX
  5
2d0
  8
Layer_0
  10
244.48094
  20
187.01276
  42
-0.073159749
  0
VERTEX
  5
2d1
  8
Layer_0
  10
245.12141
  20
186.80179
  42
-0.23612106
  0
VERTEX
  5
2d2
  8
Layer_0
  10
246.28932
  20
185.33247
  42
-0.12601169
  0
VERTEX
  5
2d3
  8
Layer_0
  10
246.26672
  20
184.51871
  42
-0.25235207
  0
VERTEX
  5
2d4
  8
Layer_0
  10
244.78987
  20
183.04185
  0
SEQEND
  0
POLYLINE
  5
2d6
  8
Layer_0
  62
7
  70
1
  66
1
  10
0
  20
0
  30
0
  0
VERTEX
  5
2d6
  8
Layer_0
  10
231.76196
  20
186.25928
  0
VERTEX
  5
2d7
  8
Layer_0
  10
231.78458
  20
185.67154
  0
VERTEX
  5
2d8
  8
Layer_0
  10
233.55528
  20
185.67154
  0
VERTEX
  5
2d9
  8
Layer_0
  10
235.32599
  20
185.67154
  0
VERTEX
  5
2da
  8
Layer_0
  10
235.32599
  20
186.23666
  0
VERTEX
  5
2db
  8
Layer_0
  10
235.32599
  20
186.80179
  0
VERTEX
  5
2dc
  8
Layer_0
  10
234.76088
  20
186.83946
  0
VERTEX
  5
2dd
  8
Layer_0
  10
234.19576
  20
186.87714
  0
VERTEX
  5
2de
  8
Layer_0
  10
234.17316
  20
187.45732
  0
VERTEX
  5
2df
  8
Layer_0
  10
234.16634
  20
187.64058
  0
VERTEX
  5
2e0
  8
Layer_0
  10
234.16385
  20
187.7818
  0
VERTEX
  5
2e1
  8
Layer_0
  10
234.16719
  20
187.88699
  0
VERTEX
  5
2e2
  8
Layer_0
  10
234.17786
  20
187.96216
  0
VERTEX
  5
2e3
  8
Layer_0
  10
234.22719
  20
188.04646
  0
VERTEX
  5
2e4
  8
Layer_0
  10
234.32385
  20
188.08272
  0
VERTEX
  5
2e5
  8
Layer_0
  10
234.40625
  20
188.0908
  0
VERTEX
  5
2e6
  8
Layer_0
  10
234.57333
  20
188.09791
  0
VERTEX
  5
2e7
  8
Layer_0
  10
234.81511
  20
188.10378
  0
VERTEX
  5
2e8
  8
Layer_0
  10
235.12161
  20
188.10815
  0
VERTEX
  5
2e9
  8
Layer_0
  10
235.48286
  20
188.11076
  0
VERTEX
  5
2ea
  8
Layer_0
  10
235.88888
  20
188.11133
  0
VERTEX
  5
2eb
  8
Layer_0
  10
236.32969
  20
188.10961
  0
VERTEX
  5
2ec
  8
Layer_0
  10
236.79531
  20
188.10533
  0
VERTEX
  5
2ed
  8
Layer_0
  10
239.09346
  20
188.08272
  0
VERTEX
  5
2ee
  8
Layer_0
  10
239.09346
  20
187.47992
  0
VERTEX
  5
2ef
  8
Layer_0
  10
239.09346
  20
186.87714
  0
VERTEX
  5
2f0
  8
Layer_0
  10
238.52835
  20
186.83946
  0
VERTEX
  5
2f1
  8
Layer_0
  10
237.96323
  20
186.80179
  0
VERTEX
  5
2f2
  8
Layer_0
  10
237.94061
  20
185.07628
  0
VERTEX
  5
2f3
  8
Layer_0
  10
237.93675
  20
184.6354
  0
VERTEX
  5
2f4
  8
Layer_0
  10
237.9365
  20
184.26463
  0
VERTEX
  5
2f5
  8
Layer_0
  10
237.93996
  20
183.9592
  0
VERTEX
  5
2f6
  8
Layer_0
  10
237.94721
  20
183.71434
  0
VERTEX
  5
2f7
  8
Layer_0
  10
237.95835
  20
183.52529
  0
VERTEX
  5
2f8
  8
Layer_0
  10
237.97347
  20
183.38728
  0
VERTEX
  5
2f9
  8
Layer_0
  10
237.99264
  20
183.29554
  0
VERTEX
  5
2fa
  8
Layer_0
  10
238.01597
  20
183.24529
  0
VERTEX
  5
2fb
  8
Layer_0
  10
238.08308
  20
183.1942
  0
VERTEX
  5
2fc
  8
Layer_0
  10
238.19116
  20
183.16429
  0
VERTEX
  5
2fd
  8
Layer_0
  10
238.35292
  20
183.15417
  0
VERTEX
  5
2fe
  8
Layer_0
  10
238.58109
  20
183.16241
  0
VERTEX
  5
2ff
  8
Layer_0
  10
238.76571
  20
183.17265
  0
VERTEX
  5
300
  8
Layer_0
  10
238.90521
  20
183.16947
  0
VERTEX
  5
301
  8
Layer_0
  10
239.00533
  20
183.1444
  0
VERTEX
  5
302
  8
Layer_0
  10
239.0718
  20
183.08894
  0
VERTEX
  5
303
  8
Layer_0
  10
239.11038
  20
182.99464
  0
VERTEX
  5
304
  8
Layer_0
  10
239.12679
  20
182.85301
  0
VERTEX
  5
305
  8
Layer_0
  10
239.12677
  20
182.65557
  0
VERTEX
  5
306
  8
Layer_0
  10
239.11607
  20
182.39384
  0
VERTEX
  5
307
  8
Layer_0
  10
239.09346
  20
181.90408
  0
VERTEX
  5
308
  8
Layer_0
  10
236.62955
  20
181.88147
  0
VERTEX
  5
309
  8
Layer_0
  10
234.15808
  20
181.86639
  0
VERTEX
  5
30a
  8
Layer_0
  10
234.15808
  20
182.50687
  0
VERTEX
  5
30b
  8
Layer_0
  10
234.15808
  20
183.14734
  0
VERTEX
  5
30c
  8
Layer_0
  10
234.59511
  20
183.15488
  0
VERTEX
  5
30d
  8
Layer_0
  10
234.76723
  20
183.16065
  0
VERTEX
  5
30e
  8
Layer_0
  10
234.92099
  20
183.16712
  0
VERTEX
  5
30f
  8
Layer_0
  10
235.03802
  20
183.17501
  0
VERTEX
  5
310
  8
Layer_0
  10
235.09995
  20
183.18502
  42
-0.041303792
  0
VERTEX
  5
311
  8
Layer_0
  10
235.27325
  20
183.20761
  0
VERTEX
  5
312
  8
Layer_0
  10
235.31575
  20
183.24506
  0
VERTEX
  5
313
  8
Layer_0
  10
235.34201
  20
183.34325
  0
VERTEX
  5
314
  8
Layer_0
  10
235.35272
  20
183.5149
  0
VERTEX
  5
315
  8
Layer_0
  10
235.3486
  20
183.77274
  0
VERTEX
  5
316
  8
Layer_0
  10
235.32599
  20
184.31525
  0
VERTEX
  5
317
  8
Layer_0
  10
233.70599
  20
184.33786
  0
VERTEX
  5
318
  8
Layer_0
  10
233.06458
  20
184.34069
  0
VERTEX
  5
319
  8
Layer_0
  10
232.51358
  20
184.33786
  0
VERTEX
  5
31a
  8
Layer_0
  10
232.29054
  20
184.33433
  0
VERTEX
  5
31b
  8
Layer_0
  10
232.11235
  20
184.32938
  0
VERTEX
  5
31c
  8
Layer_0
  10
231.98643
  20
184.32302
  0
VERTEX
  5
31d
  8
Layer_0
  10
231.9202
  20
184.31525
  0
VERTEX
  5
31e
  8
Layer_0
  10
231.82637
  20
184.27888
  0
VERTEX
  5
31f
  8
Layer_0
  10
231.77422
  20
184.19941
  0
VERTEX
  5
320
  8
Layer_0
  10
231.76001
  20
184.13093
  0
VERTEX
  5
321
  8
Layer_0
  10
231.75173
  20
184.03658
  0
VERTEX
  5
322
  8
Layer_0
  10
231.74786
  20
183.91133
  0
VERTEX
  5
323
  8
Layer_0
  10
231.7469
  20
183.75013
  0
VERTEX
  5
324
  8
Layer_0
  10
231.74759
  20
183.5846
  0
VERTEX
  5
325
  8
Layer_0
  10
231.75102
  20
183.45721
  0
VERTEX
  5
326
  8
Layer_0
  10
231.75922
  20
183.36232
  0
VERTEX
  5
327
  8
Layer_0
  10
231.77422
  20
183.29427
  0
VERTEX
  5
328
  8
Layer_0
  10
231.83273
  20
183.2161
  0
VERTEX
  5
329
  8
Layer_0
  10
231.94281
  20
183.17748
  0
VERTEX
  5
32a
  8
Layer_0
  10
232.17451
  20
183.15299
  0
VERTEX
  5
32b
  8
Layer_0
  10
232.46272
  20
183.16241
  0
VERTEX
  5
32c
  8
Layer_0
  10
232.59741
  20
183.17383
  0
VERTEX
  5
32d
  8
Layer_0
  10
232.72079
  20
183.17465
  0
VERTEX
  5
32e
  8
Layer_0
  10
232.81875
  20
183.16559
  0
VERTEX
  5
32f
  8
Layer_0
  10
232.87714
  20
183.14734
  0
VERTEX
  5
330
  8
Layer_0
  10
232.90605
  20
183.10362
  0
VERTEX
  5
331
  8
Layer_0
  10
232.93036
  20
183.01654
  0
VERTEX
  5
332
  8
Layer_0
  10
232.94973
  20
182.8929
  0
VERTEX
  5
333
  8
Layer_0
  10
232.9638
  20
182.73951
  0
VERTEX
  5
334
  8
Layer_0
  10
232.97463
  20
182.37065
  0
VERTEX
  5
335
  8
Layer_0
  10
232.96003
  20
181.96436
  0
VERTEX
  5
336
  8
Layer_0
  10
232.94516
  20
181.95334
  0
VERTEX
  5
337
  8
Layer_0
  10
232.90318
  20
181.94291
  0
VERTEX
  5
338
  8
Layer_0
  10
232.83588
  20
181.93307
  0
VERTEX
  5
339
  8
Layer_0
  10
232.74506
  20
181.92383
  0
VERTEX
  5
33a
  8
Layer_0
  10
232.50008
  20
181.90717
  0
VERTEX
  5
33b
  8
Layer_0
  10
232.18263
  20
181.89301
  0
VERTEX
  5
33c
  8
Layer_0
  10
231.80713
  20
181.88141
  0
VERTEX
  5
33d
  8
Layer_0
  10
231.38798
  20
181.87243
  0
VERTEX
  5
33e
  8
Layer_0
  10
230.93957
  20
181.86615
  0
VERTEX
  5
33f
  8
Layer_0
  10
230.47632
  20
181.86263
  0
VERTEX
  5
340
  8
Layer_0
  10
230.01263
  20
181.86194
  0
VERTEX
  5
341
  8
Layer_0
  10
229.5629
  20
181.86413
  0
VERTEX
  5
342
  8
Layer_0
  10
229.14154
  20
181.86929
  0
VERTEX
  5
343
  8
Layer_0
  10
228.76295
  20
181.87747
  0
VERTEX
  5
344
  8
Layer_0
  10
228.44153
  20
181.88874
  0
VERTEX
  5
345
  8
Layer_0
  10
228.19169
  20
181.90316
  0
VERTEX
  5
346
  8
Layer_0
  10
228.09812
  20
181.91158
  0
VERTEX
  5
347
  8
Layer_0
  10
228.02783
  20
181.92081
  0
VERTEX
  5
348
  8
Layer_0
  10
227.98265
  20
181.93087
  0
VERTEX
  5
349
  8
Layer_0
  10
227.96436
  20
181.94175
  0
VERTEX
  5
34a
  8
Layer_0
  10
227.95906
  20
182.01321
  0
VERTEX
  5
34b
  8
Layer_0
  10
227.95589
  20
182.15744
  0
VERTEX
  5
34c
  8
Layer_0
  10
227.95695
  20
182.35393
  0
VERTEX
  5
34d
  8
Layer_0
  10
227.96436
  20
182.58222
  0
VERTEX
  5
34e
  8
Layer_0
  10
227.99451
  20
183.14734
  0
VERTEX
  5
34f
  8
Layer_0
  10
228.424
  20
183.14734
  0
VERTEX
  5
350
  8
Layer_0
  10
228.65926
  20
183.148
  0
VERTEX
  5
351
  8
Layer_0
  10
228.83394
  20
183.16677
  0
VERTEX
  5
352
  8
Layer_0
  10
228.95671
  20
183.2288
  0
VERTEX
  5
353
  8
Layer_0
  10
229.03621
  20
183.35926
  0
VERTEX
  5
354
  8
Layer_0
  10
229.06244
  20
183.45802
  0
VERTEX
  5
355
  8
Layer_0
  10
229.0811
  20
183.58332
  0
VERTEX
  5
356
  8
Layer_0
  10
229.09326
  20
183.73832
  0
VERTEX
  5
357
  8
Layer_0
  10
229.10002
  20
183.92615
  0
VERTEX
  5
358
  8
Layer_0
  10
229.10245
  20
184.14996
  0
VERTEX
  5
359
  8
Layer_0
  10
229.10164
  20
184.4129
  0
VERTEX
  5
35a
  8
Layer_0
  10
229.09866
  20
184.71811
  0
VERTEX
  5
35b
  8
Layer_0
  10
229.0946
  20
185.06875
  0
VERTEX
  5
35c
  8
Layer_0
  10
229.07199
  20
186.80179
  0
VERTEX
  5
35d
  8
Layer_0
  10
228.58223
  20
186.82439
  0
VERTEX
  5
35e
  8
Layer_0
  10
228.38597
  20
186.83958
  0
VERTEX
  5
35f
  8
Layer_0
  10
228.21584
  20
186.86112
  0
VERTEX
  5
360
  8
Layer_0
  10
228.08951
  20
186.88691
  0
VERTEX
  5
361
  8
Layer_0
  10
228.02464
  20
186.91481
  0
VERTEX
  5
362
  8
Layer_0
  10
227.98919
  20
186.99306
  0
VERTEX
  5
363
  8
Layer_0
  10
227.96707
  20
187.12967
  0
VERTEX
  5
364
  8
Layer_0
  10
227.95749
  20
187.30461
  0
VERTEX
  5
365
  8
Layer_0
  10
227.95966
  20
187.49782
  0
VERTEX
  5
366
  8
Layer_0
  10
227.97277
  20
187.68927
  0
VERTEX
  5
367
  8
Layer_0
  10
227.99604
  20
187.85891
  0
VERTEX
  5
368
  8
Layer_0
  10
228.02866
  20
187.9867
  0
VERTEX
  5
369
  8
Layer_0
  10
228.06985
  20
188.05259
  0
VERTEX
  5
36a
  8
Layer_0
  10
228.13807
  20
188.06476
  0
VERTEX
  5
36b
  8
Layer_0
  10
228.29489
  20
188.07581
  0
VERTEX
  5
36c
  8
Layer_0
  10
228.52788
  20
188.08566
  0
VERTEX
  5
36d
  8
Layer_0
  10
228.82464
  20
188.09426
  0
VERTEX
  5
36e
  8
Layer_0
  10
229.17275
  20
188.10154
  0
VERTEX
  5
36f
  8
Layer_0
  10
229.55978
  20
188.10742
  0
VERTEX
  5
370
  8
Layer_0
  10
229.97333
  20
188.11184
  0
VERTEX
  5
371
  8
Layer_0
  10
230.40097
  20
188.11475
  0
VERTEX
  5
372
  8
Layer_0
  10
231.24887
  20
188.11572
  0
VERTEX
  5
373
  8
Layer_0
  10
232.00415
  20
188.1098
  0
VERTEX
  5
374
  8
Layer_0
  10
232.31601
  20
188.10409
  0
VERTEX
  5
375
  8
Layer_0
  10
232.56746
  20
188.09647
  0
VERTEX
  5
376
  8
Layer_0
  10
232.74609
  20
188.08685
  0
VERTEX
  5
377
  8
Layer_0
  10
232.83947
  20
188.07519
  0
VERTEX
  5
378
  8
Layer_0
  10
232.92012
  20
188.03692
  0
VERTEX
  5
379
  8
Layer_0
  10
232.96474
  20
187.95557
  0
VERTEX
  5
37a
  8
Layer_0
  10
232.97641
  20
187.88792
  0
VERTEX
  5
37b
  8
Layer_0
  10
232.98251
  20
187.79651
  0
VERTEX
  5
37c
  8
Layer_0
  10
232.9842
  20
187.67703
  0
VERTEX
  5
37d
  8
Layer_0
  10
232.98263
  20
187.52514
  0
VERTEX
  5
37e
  8
Layer_0
  10
232.97427
  20
187.31652
  0
VERTEX
  5
37f
  8
Layer_0
  10
232.96097
  20
187.13332
  0
VERTEX
  5
380
  8
Layer_0
  10
232.94342
  20
186.99534
  0
VERTEX
  5
381
  8
Layer_0
  10
232.92235
  20
186.92234
  0
VERTEX
  5
382
  8
Layer_0
  10
232.85972
  20
186.89032
  0
VERTEX
  5
383
  8
Layer_0
  10
232.72644
  20
186.86395
  0
VERTEX
  5
384
  8
Layer_0
  10
232.53666
  20
186.84605
  0
VERTEX
  5
385
  8
Layer_0
  10
232.30449
  20
186.83946
  0
VERTEX
  5
386
  8
Layer_0
  10
231.73936
  20
186.83946
  0
SEQEND
  0
POLYLINE
  5
388
  8
Layer_0
  62
7
  70
1
  66
1
  10
0
  20
0
  30
0
  0
VERTEX
  5
388
  8
Layer_0
  10
253.43245
  20
182.52194
  0
VERTEX
  5
389
  8
Layer_0
  10
253.40985
  20
183.18501
  0
VERTEX
  5
38a
  8
Layer_0
  10
252.93515
  20
183.16241
  0
VERTEX
  5
38b
  8
Layer_0
  10
252.73005
  20
183.15488
  0
VERTEX
  5
38c
  8
Layer_0
  10
252.56028
  20
183.16429
  0
VERTEX
  5
38d
  8
Layer_0
  10
252.43289
  20
183.18784
  0
VERTEX
  5
38e
  8
Layer_0
  10
252.35495
  20
183.22269
  0
VERTEX
  5
38f
  8
Layer_0
  10
252.32413
  20
183.26173
  0
VERTEX
  5
390
  8
Layer_0
  10
252.29914
  20
183.32735
  0
VERTEX
  5
391
  8
Layer_0
  10
252.27945
  20
183.42706
  0
VERTEX
  5
392
  8
Layer_0
  10
252.26453
  20
183.56835
  0
VERTEX
  5
393
  8
Layer_0
  10
252.25385
  20
183.75874
  0
VERTEX
  5
394
  8
Layer_0
  10
252.24687
  20
184.00573
  0
VERTEX
  5
395
  8
Layer_0
  10
252.24308
  20
184.31683
  0
VERTEX
  5
396
  8
Layer_0
  10
252.24193
  20
184.69954
  0
VERTEX
  5
397
  8
Layer_0
  10
252.24331
  20
184.99708
  0
VERTEX
  5
398
  8
Layer_0
  10
252.24734
  20
185.26583
  0
VERTEX
  5
399
  8
Layer_0
  10
252.25385
  20
185.50245
  0
VERTEX
  5
39a
  8
Layer_0
  10
252.26265
  20
185.70357
  0
VERTEX
  5
39b
  8
Layer_0
  10
252.27357
  20
185.86583
  0
VERTEX
  5
39c
  8
Layer_0
  10
252.28643
  20
185.98589
  0
VERTEX
  5
39d
  8
Layer_0
  10
252.30106
  20
186.06039
  0
VERTEX
  5
39e
  8
Layer_0
  10
252.31728
  20
186.08596
  0
VERTEX
  5
39f
  8
Layer_0
  10
252.35218
  20
186.05864
  0
VERTEX
  5
3a0
  8
Layer_0
  10
252.42559
  20
185.98036
  0
VERTEX
  5
3a1
  8
Layer_0
  10
252.53291
  20
185.85669
  0
VERTEX
  5
3a2
  8
Layer_0
  10
252.66954
  20
185.69321
  0
VERTEX
  5
3a3
  8
Layer_0
  10
252.83089
  20
185.49546
  0
VERTEX
  5
3a4
  8
Layer_0
  10
253.01238
  20
185.26901
  0
VERTEX
  5
3a5
  8
Layer_0
  10
253.2094
  20
185.01943
  0
VERTEX
  5
3a6
  8
Layer_0
  10
253.41737
  20
184.75228
  42
0.0031772763
  0
VERTEX
  5
3a7
  8
Layer_0
  10
254.75859
  20
183.02678
  42
-0.0011405633
  0
VERTEX
  5
3a8
  8
Layer_0
  10
255.36893
  20
182.25069
  0
VERTEX
  5
3a9
  8
Layer_0
  10
255.67032
  20
181.86639
  0
VERTEX
  5
3aa
  8
Layer_0
  10
257.55408
  20
181.88147
  0
VERTEX
  5
3ab
  8
Layer_0
  10
259.43781
  20
181.90408
  0
VERTEX
  5
3ac
  8
Layer_0
  10
259.46039
  20
184.368
  0
VERTEX
  5
3ad
  8
Layer_0
  10
259.47546
  20
186.83192
  0
VERTEX
  5
3ae
  8
Layer_0
  10
260.06317
  20
186.85452
  0
VERTEX
  5
3af
  8
Layer_0
  10
260.64337
  20
186.87714
  0
VERTEX
  5
3b0
  8
Layer_0
  10
260.64337
  20
187.47992
  0
VERTEX
  5
3b1
  8
Layer_0
  10
260.64337
  20
188.08272
  0
VERTEX
  5
3b2
  8
Layer_0
  10
258.6843
  20
188.08272
  0
VERTEX
  5
3b3
  8
Layer_0
  10
256.72522
  20
188.08272
  0
VERTEX
  5
3b4
  8
Layer_0
  10
256.72522
  20
187.47992
  0
VERTEX
  5
3b5
  8
Layer_0
  10
256.72522
  20
186.87714
  0
VERTEX
  5
3b6
  8
Layer_0
  10
257.29034
  20
186.85452
  0
VERTEX
  5
3b7
  8
Layer_0
  10
257.5225
  20
186.83793
  0
VERTEX
  5
3b8
  8
Layer_0
  10
257.71229
  20
186.81215
  0
VERTEX
  5
3b9
  8
Layer_0
  10
257.84557
  20
186.7793
  0
VERTEX
  5
3ba
  8
Layer_0
  10
257.9082
  20
186.7415
  0
VERTEX
  5
3bb
  8
Layer_0
  10
257.92145
  20
186.69038
  0
VERTEX
  5
3bc
  8
Layer_0
  10
257.93291
  20
186.58719
  0
VERTEX
  5
3bd
  8
Layer_0
  10
257.94259
  20
186.43935
  0
VERTEX
  5
3be
  8
Layer_0
  10
257.95047
  20
186.25432
  0
VERTEX
  5
3bf
  8
Layer_0
  10
257.96078
  20
185.80243
  0
VERTEX
  5
3c0
  8
Layer_0
  10
257.96377
  20
185.29103
  0
VERTEX
  5
3c1
  8
Layer_0
  10
257.95934
  20
184.77962
  0
VERTEX
  5
3c2
  8
Layer_0
  10
257.94741
  20
184.32773
  0
VERTEX
  5
3c3
  8
Layer_0
  10
257.9386
  20
184.14271
  0
VERTEX
  5
3c4
  8
Layer_0
  10
257.92788
  20
183.99487
  0
VERTEX
  5
3c5
  8
Layer_0
  10
257.91524
  20
183.89168
  0
VERTEX
  5
3c6
  8
Layer_0
  10
257.90067
  20
183.84055
  0
VERTEX
  5
3c7
  8
Layer_0
  10
257.85746
  20
183.82042
  0
VERTEX
  5
3c8
  8
Layer_0
  10
257.78105
  20
183.86598
  0
VERTEX
  5
3c9
  8
Layer_0
  10
257.6665
  20
183.9836
  0
VERTEX
  5
3ca
  8
Layer_0
  10
257.50885
  20
184.17963
  0
VERTEX
  5
3cb
  8
Layer_0
  10
256.57876
  20
185.38675
  0
VERTEX
  5
3cc
  8
Layer_0
  10
255.60063
  20
186.64261
  0
VERTEX
  5
3cd
  8
Layer_0
  10
255.37707
  20
186.92785
  0
VERTEX
  5
3ce
  8
Layer_0
  10
255.16949
  20
187.19191
  0
VERTEX
  5
3cf
  8
Layer_0
  10
254.98169
  20
187.42994
  0
VERTEX
  5
3d0
  8
Layer_0
  10
254.81747
  20
187.6371
  0
VERTEX
  5
3d1
  8
Layer_0
  10
254.68062
  20
187.80855
  0
VERTEX
  5
3d2
  8
Layer_0
  10
254.57494
  20
187.93943
  0
VERTEX
  5
3d3
  8
Layer_0
  10
254.50422
  20
188.0249
  0
VERTEX
  5
3d4
  8
Layer_0
  10
254.47227
  20
188.06012
  0
VERTEX
  5
3d5
  8
Layer_0
  10
254.40453
  20
188.0708
  0
VERTEX
  5
3d6
  8
Layer_0
  10
254.244
  20
188.08022
  0
VERTEX
  5
3d7
  8
Layer_0
  10
254.00385
  20
188.08836
  0
VERTEX
  5
3d8
  8
Layer_0
  10
253.69723
  20
188.0952
  0
VERTEX
  5
3d9
  8
Layer_0
  10
253.33733
  20
188.10072
  0
VERTEX
  5
3da
  8
Layer_0
  10
252.93731
  20
188.10489
  0
VERTEX
  5
3db
  8
Layer_0
  10
252.51033
  20
188.10769
  0
VERTEX
  5
3dc
  8
Layer_0
  10
252.06956
  20
188.1091
  0
VERTEX
  5
3dd
  8
Layer_0
  10
251.62818
  20
188.10909
  0
VERTEX
  5
3de
  8
Layer_0
  10
251.19935
  20
188.10765
  0
VERTEX
  5
3df
  8
Layer_0
  10
250.79624
  20
188.10476
  0
VERTEX
  5
3e0
  8
Layer_0
  10
250.43201
  20
188.10038
  0
VERTEX
  5
3e1
  8
Layer_0
  10
250.11983
  20
188.09451
  0
VERTEX
  5
3e2
  8
Layer_0
  10
249.87288
  20
188.08711
  0
VERTEX
  5
3e3
  8
Layer_0
  10
249.70431
  20
188.07817
  0
VERTEX
  5
3e4
  8
Layer_0
  10
249.6273
  20
188.06765
  0
VERTEX
  5
3e5
  8
Layer_0
  10
249.58339
  20
188.01809
  0
VERTEX
  5
3e6
  8
Layer_0
  10
249.5529
  20
187.90283
  0
VERTEX
  5
3e7
  8
Layer_0
  10
249.53513
  20
187.72116
  0
VERTEX
  5
3e8
  8
Layer_0
  10
249.52936
  20
187.47239
  0
VERTEX
  5
3e9
  8
Layer_0
  10
249.53021
  20
187.26406
  0
VERTEX
  5
3ea
  8
Layer_0
  10
249.53901
  20
187.10836
  0
VERTEX
  5
3eb
  8
Layer_0
  10
249.56512
  20
186.99716
  0
VERTEX
  5
3ec
  8
Layer_0
  10
249.61789
  20
186.92234
  0
VERTEX
  5
3ed
  8
Layer_0
  10
249.70669
  20
186.87578
  0
VERTEX
  5
3ee
  8
Layer_0
  10
249.84088
  20
186.84935
  0
VERTEX
  5
3ef
  8
Layer_0
  10
250.02981
  20
186.83493
  0
VERTEX
  5
3f0
  8
Layer_0
  10
250.28285
  20
186.82439
  0
VERTEX
  5
3f1
  8
Layer_0
  10
250.69727
  20
186.80179
  0
VERTEX
  5
3f2
  8
Layer_0
  10
250.71988
  20
185.07628
  0
VERTEX
  5
3f3
  8
Layer_0
  10
250.72376
  20
184.64405
  0
VERTEX
  5
3f4
  8
Layer_0
  10
250.72411
  20
184.27734
  0
VERTEX
  5
3f5
  8
Layer_0
  10
250.72093
  20
183.97244
  0
VERTEX
  5
3f6
  8
Layer_0
  10
250.71422
  20
183.72565
  0
VERTEX
  5
3f7
  8
Layer_0
  10
250.70398
  20
183.53324
  0
VERTEX
  5
3f8
  8
Layer_0
  10
250.6902
  20
183.39152
  0
VERTEX
  5
3f9
  8
Layer_0
  10
250.6729
  20
183.29677
  0
VERTEX
  5
3fa
  8
Layer_0
  10
250.65205
  20
183.24529
  0
VERTEX
  5
3fb
  8
Layer_0
  10
250.58448
  20
183.19844
  0
VERTEX
  5
3fc
  8
Layer_0
  10
250.47876
  20
183.16994
  0
VERTEX
  5
3fd
  8
Layer_0
  10
250.32782
  20
183.15841
  0
VERTEX
  5
3fe
  8
Layer_0
  10
250.12462
  20
183.16241
  0
VERTEX
  5
3ff
  8
Layer_0
  10
249.94484
  20
183.16253
  0
VERTEX
  5
400
  8
Layer_0
  10
249.78837
  20
183.15205
  0
VERTEX
  5
401
  8
Layer_0
  10
249.67005
  20
183.13168
  0
VERTEX
  5
402
  8
Layer_0
  10
249.60471
  20
183.10213
  0
VERTEX
  5
403
  8
Layer_0
  10
249.57091
  20
183.02643
  0
VERTEX
  5
404
  8
Layer_0
  10
249.54913
  20
182.88644
  0
VERTEX
  5
405
  8
Layer_0
  10
249.54007
  20
182.69418
  0
VERTEX
  5
406
  8
Layer_0
  10
249.54442
  20
182.46166
  0
VERTEX
  5
407
  8
Layer_0
  10
249.56703
  20
181.90408
  0
VERTEX
  5
408
  8
Layer_0
  10
251.51105
  20
181.88147
  0
VERTEX
  5
409
  8
Layer_0
  10
253.45505
  20
181.86639
  0
SEQEND
  0
POLYLINE
  5
40b
  8
Layer_0
  62
7
  70
1
  66
1
  10
0
  20
0
  30
0
  0
VERTEX
  5
40b
  8
Layer_0
  10
261.43457
  20
182.49933
  0
VERTEX
  5
40c
  8
Layer_0
  10
261.43457
  20
183.14734
  0
VERTEX
  5
40d
  8
Layer_0
  10
261.83392
  20
183.15488
  42
-0.036597048
  0
VERTEX
  5
40e
  8
Layer_0
  10
262.34628
  20
183.15488
  0
VERTEX
  5
40f
  8
Layer_0
  10
262.43676
  20
183.15616
  0
VERTEX
  5
410
  8
Layer_0
  10
262.5064
  20
183.19337
  0
VERTEX
  5
411
  8
Layer_0
  10
262.55767
  20
183.28269
  0
VERTEX
  5
412
  8
Layer_0
  10
262.59305
  20
183.44026
  0
VERTEX
  5
413
  8
Layer_0
  10
262.60555
  20
183.54969
  0
VERTEX
  5
414
  8
Layer_0
  10
262.61501
  20
183.68225
  0
VERTEX
  5
415
  8
Layer_0
  10
262.62172
  20
183.83994
  0
VERTEX
  5
416
  8
Layer_0
  10
262.62601
  20
184.02481
  0
VERTEX
  5
417
  8
Layer_0
  10
262.62819
  20
184.23885
  0
VERTEX
  5
418
  8
Layer_0
  10
262.62855
  20
184.4841
  0
VERTEX
  5
419
  8
Layer_0
  10
262.62741
  20
184.76257
  0
VERTEX
  5
41a
  8
Layer_0
  10
262.62508
  20
185.07628
  0
VERTEX
  5
41b
  8
Layer_0
  10
262.60248
  20
186.80179
  0
VERTEX
  5
41c
  8
Layer_0
  10
262.03735
  20
186.83946
  0
VERTEX
  5
41d
  8
Layer_0
  10
261.47223
  20
186.87714
  0
VERTEX
  5
41e
  8
Layer_0
  10
261.44962
  20
187.43472
  0
VERTEX
  5
41f
  8
Layer_0
  10
261.4455
  20
187.69138
  0
VERTEX
  5
420
  8
Layer_0
  10
261.45621
  20
187.8774
  0
VERTEX
  5
421
  8
Layer_0
  10
261.48247
  20
187.99843
  0
VERTEX
  5
422
  8
Layer_0
  10
261.52496
  20
188.06012
  0
VERTEX
  5
423
  8
Layer_0
  10
261.55335
  20
188.06692
  0
VERTEX
  5
424
  8
Layer_0
  10
261.61744
  20
188.07317
  0
VERTEX
  5
425
  8
Layer_0
  10
261.71536
  20
188.07888
  0
VERTEX
  5
426
  8
Layer_0
  10
261.8452
  20
188.08402
  0
VERTEX
  5
427
  8
Layer_0
  10
262.00506
  20
188.08859
  0
VERTEX
  5
428
  8
Layer_0
  10
262.19305
  20
188.09257
  0
VERTEX
  5
429
  8
Layer_0
  10
262.40725
  20
188.09596
  0
VERTEX
  5
42a
  8
Layer_0
  10
262.64579
  20
188.09873
  0
VERTEX
  5
42b
  8
Layer_0
  10
263.18825
  20
188.10243
  0
VERTEX
  5
42c
  8
Layer_0
  10
263.80523
  20
188.10356
  0
VERTEX
  5
42d
  8
Layer_0
  10
264.48155
  20
188.10205
  0
VERTEX
  5
42e
  8
Layer_0
  10
265.20203
  20
188.09779
  0
VERTEX
  5
42f
  8
Layer_0
  10
265.81619
  20
188.09245
  0
VERTEX
  5
430
  8
Layer_0
  10
266.35693
  20
188.08751
  0
VERTEX
  5
431
  8
Layer_0
  10
266.82977
  20
188.08268
  0
VERTEX
  5
432
  8
Layer_0
  10
267.24023
  20
188.07766
  0
VERTEX
  5
433
  8
Layer_0
  10
267.59382
  20
188.07216
  0
VERTEX
  5
434
  8
Layer_0
  10
267.89606
  20
188.06587
  0
VERTEX
  5
435
  8
Layer_0
  10
268.15248
  20
188.05851
  0
VERTEX
  5
436
  8
Layer_0
  10
268.36858
  20
188.04976
  0
VERTEX
  5
437
  8
Layer_0
  10
268.70194
  20
188.02693
  0
VERTEX
  5
438
  8
Layer_0
  10
268.94029
  20
187.99501
  0
VERTEX
  5
439
  8
Layer_0
  10
269.12778
  20
187.95161
  0
VERTEX
  5
43a
  8
Layer_0
  10
269.30856
  20
187.89435
  0
VERTEX
  5
43b
  8
Layer_0
  10
269.64821
  20
187.76733
  0
VERTEX
  5
43c
  8
Layer_0
  10
269.96021
  20
187.61285
  0
VERTEX
  5
43d
  8
Layer_0
  10
270.24379
  20
187.4317
  0
VERTEX
  5
43e
  8
Layer_0
  10
270.49814
  20
187.22468
  0
VERTEX
  5
43f
  8
Layer_0
  10
270.72246
  20
186.99259
  0
VERTEX
  5
440
  8
Layer_0
  10
270.91597
  20
186.73621
  0
VERTEX
  5
441
  8
Layer_0
  10
271.07787
  20
186.45634
  0
VERTEX
  5
442
  8
Layer_0
  10
271.20737
  20
186.15378
  0
VERTEX
  5
443
  8
Layer_0
  10
271.26166
  20
185.96086
  0
VERTEX
  5
444
  8
Layer_0
  10
271.30544
  20
185.71522
  0
VERTEX
  5
445
  8
Layer_0
  10
271.33809
  20
185.43338
  0
VERTEX
  5
446
  8
Layer_0
  10
271.359
  20
185.13185
  0
VERTEX
  5
447
  8
Layer_0
  10
271.36755
  20
184.82715
  0
VERTEX
  5
448
  8
Layer_0
  10
271.36312
  20
184.53577
  0
VERTEX
  5
449
  8
Layer_0
  10
271.34509
  20
184.27424
  0
VERTEX
  5
44a
  8
Layer_0
  10
271.31285
  20
184.05907
  0
VERTEX
  5
44b
  8
Layer_0
  10
271.22041
  20
183.71087
  0
VERTEX
  5
44c
  8
Layer_0
  10
271.10034
  20
183.39976
  0
VERTEX
  5
44d
  8
Layer_0
  10
270.95113
  20
183.12397
  0
VERTEX
  5
44e
  8
Layer_0
  10
270.77128
  20
182.88173
  0
VERTEX
  5
44f
  8
Layer_0
  10
270.55928
  20
182.67128
  0
VERTEX
  5
450
  8
Layer_0
  10
270.31365
  20
182.49086
  0
VERTEX
  5
451
  8
Layer_0
  10
270.03287
  20
182.33869
  0
VERTEX
  5
452
  8
Layer_0
  10
269.71544
  20
182.21301
  0
VERTEX
  5
453
  8
Layer_0
  10
269.43574
  20
182.12708
  0
VERTEX
  5
454
  8
Layer_0
  10
269.14208
  20
182.0596
  0
VERTEX
  5
455
  8
Layer_0
  10
268.79651
  20
182.00784
  0
VERTEX
  5
456
  8
Layer_0
  10
268.36104
  20
181.96907
  0
VERTEX
  5
457
  8
Layer_0
  10
268.09773
  20
181.95369
  0
VERTEX
  5
458
  8
Layer_0
  10
267.79772
  20
181.94053
  0
VERTEX
  5
459
  8
Layer_0
  10
267.45624
  20
181.92925
  0
VERTEX
  5
45a
  8
Layer_0
  10
267.06856
  20
181.9195
  0
VERTEX
  5
45b
  8
Layer_0
  10
266.62994
  20
181.91094
  0
VERTEX
  5
45c
  8
Layer_0
  10
266.13562
  20
181.90324
  0
VERTEX
  5
45d
  8
Layer_0
  10
265.58086
  20
181.89604
  0
VERTEX
  5
45e
  8
Layer_0
  10
264.96091
  20
181.88901
  0
VERTEX
  5
45f
  8
Layer_0
  10
261.43457
  20
181.8438
  0
SEQEND
  0
POLYLINE
  5
461
  8
Layer_0
  62
7
  70
1
  66
1
  10
0
  20
0
  30
0
  0
VERTEX
  5
461
  8
Layer_0
  10
266.13635
  20
183.23776
  0
VERTEX
  5
462
  8
Layer_0
  10
266.48204
  20
183.23702
  0
VERTEX
  5
463
  8
Layer_0
  10
266.80174
  20
183.24919
  0
VERTEX
  5
464
  8
Layer_0
  10
267.09594
  20
183.27463
  0
VERTEX
  5
465
  8
Layer_0
  10
267.36514
  20
183.3137
  0
VERTEX
  5
466
  8
Layer_0
  10
267.60983
  20
183.36676
  0
VERTEX
  5
467
  8
Layer_0
  10
267.83052
  20
183.43418
  0
VERTEX
  5
468
  8
Layer_0
  10
268.0277
  20
183.51633
  0
VERTEX
  5
469
  8
Layer_0
  10
268.20187
  20
183.61356
  0
VERTEX
  5
46a
  8
Layer_0
  10
268.35352
  20
183.72625
  0
VERTEX
  5
46b
  8
Layer_0
  10
268.48315
  20
183.85476
  0
VERTEX
  5
46c
  8
Layer_0
  10
268.59126
  20
183.99944
  0
VERTEX
  5
46d
  8
Layer_0
  10
268.67834
  20
184.16067
  0
VERTEX
  5
46e
  8
Layer_0
  10
268.74489
  20
184.33881
  0
VERTEX
  5
46f
  8
Layer_0
  10
268.7914
  20
184.53422
  0
VERTEX
  5
470
  8
Layer_0
  10
268.81838
  20
184.74728
  0
VERTEX
  5
471
  8
Layer_0
  10
268.82632
  20
184.97833
  0
VERTEX
  5
472
  8
Layer_0
  10
268.80148
  20
185.3997
  0
VERTEX
  5
473
  8
Layer_0
  10
268.72366
  20
185.73842
  0
VERTEX
  5
474
  8
Layer_0
  10
268.58791
  20
186.01356
  0
VERTEX
  5
475
  8
Layer_0
  10
268.3893
  20
186.2442
  0
VERTEX
  5
476
  8
Layer_0
  10
268.16419
  20
186.4281
  0
VERTEX
  5
477
  8
Layer_0
  10
267.91648
  20
186.5682
  0
VERTEX
  5
478
  8
Layer_0
  10
267.62638
  20
186.6744
  0
VERTEX
  5
479
  8
Layer_0
  10
267.27412
  20
186.75658
  0
VERTEX
  5
47a
  8
Layer_0
  10
267.03936
  20
186.7886
  0
VERTEX
  5
47b
  8
Layer_0
  10
266.72408
  20
186.81497
  0
VERTEX
  5
47c
  8
Layer_0
  10
266.36923
  20
186.83287
  0
VERTEX
  5
47d
  8
Layer_0
  10
266.01579
  20
186.83946
  0
VERTEX
  5
47e
  8
Layer_0
  10
265.75793
  20
186.83883
  0
VERTEX
  5
47f
  8
Layer_0
  10
265.56064
  20
186.83581
  0
VERTEX
  5
480
  8
Layer_0
  10
265.41527
  20
186.82873
  0
VERTEX
  5
481
  8
Layer_0
  10
265.31317
  20
186.81591
  0
VERTEX
  5
482
  8
Layer_0
  10
265.20415
  20
186.76635
  0
VERTEX
  5
483
  8
Layer_0
  10
265.16435
  20
186.67369
  0
VERTEX
  5
484
  8
Layer_0
  10
265.15658
  20
186.60498
  0
VERTEX
  5
485
  8
Layer_0
  10
265.15022
  20
186.47719
  0
VERTEX
  5
486
  8
Layer_0
  10
265.14527
  20
186.29766
  0
VERTEX
  5
487
  8
Layer_0
  10
265.14174
  20
186.07372
  0
VERTEX
  5
488
  8
Layer_0
  10
265.13891
  20
185.5219
  0
VERTEX
  5
489
  8
Layer_0
  10
265.14174
  20
184.88037
  0
VERTEX
  5
48a
  8
Layer_0
  10
265.16437
  20
183.26036
  0
VERTEX
  5
48b
  8
Layer_0
  10
266.13635
  20
183.23776
  0
SEQEND
  0
POLYLINE
  5
48d
  8
Layer_0
  62
7
  70
1
  66
1
  10
0
  20
0
  30
0
  0
VERTEX
  5
48d
  8
Layer_0
  10
273.49045
  20
181.90408
  0
VERTEX
  5
48e
  8
Layer_0
  10
275.56256
  20
181.90408
  0
VERTEX
  5
48f
  8
Layer_0
  10
275.58514
  20
182.46167
  0
VERTEX
  5
490
  8
Layer_0
  10
275.58858
  20
182.68559
  0
VERTEX
  5
491
  8
Layer_0
  10
275.57857
  20
182.87985
  0
VERTEX
  5
492
  8
Layer_0
  10
275.55868
  20
183.02325
  0
VERTEX
  5
493
  8
Layer_0
  10
275.53242
  20
183.0946
  0
VERTEX
  5
494
  8
Layer_0
  10
275.46579
  20
183.12532
  0
VERTEX
  5
495
  8
Layer_0
  10
275.34405
  20
183.14828
  0
VERTEX
  5
496
  8
Layer_0
  10
275.18275
  20
183.16135
  0
VERTEX
  5
497
  8
Layer_0
  10
274.99744
  20
183.16241
  0
VERTEX
  5
498
  8
Layer_0
  10
274.82472
  20
183.16366
  0
VERTEX
  5
499
  8
Layer_0
  10
274.6951
  20
183.17524
  0
VERTEX
  5
49a
  8
Layer_0
  10
274.60644
  20
183.20042
  0
VERTEX
  5
49b
  8
Layer_0
  10
274.55664
  20
183.24247
  0
VERTEX
  5
49c
  8
Layer_0
  10
274.54357
  20
183.30465
  0
VERTEX
  5
49d
  8
Layer_0
  10
274.56512
  20
183.39022
  0
VERTEX
  5
49e
  8
Layer_0
  10
274.61915
  20
183.50247
  0
VERTEX
  5
49f
  8
Layer_0
  10
274.70357
  20
183.64465
  0
VERTEX
  5
4a0
  8
Layer_0
  10
274.86182
  20
183.90083
  0
VERTEX
  5
4a1
  8
Layer_0
  10
276.37634
  20
183.90083
  0
VERTEX
  5
4a2
  8
Layer_0
  10
276.97347
  20
183.89565
  0
VERTEX
  5
4a3
  8
Layer_0
  10
277.47455
  20
183.882
  0
VERTEX
  5
4a4
  8
Layer_0
  10
277.67228
  20
183.87287
  0
VERTEX
  5
4a5
  8
Layer_0
  10
277.82587
  20
183.86269
  0
VERTEX
  5
4a6
  8
Layer_0
  10
277.92859
  20
183.8518
  0
VERTEX
  5
4a7
  8
Layer_0
  10
277.97374
  20
183.84055
  0
VERTEX
  5
4a8
  8
Layer_0
  10
278.09889
  20
183.72223
  0
VERTEX
  5
4a9
  8
Layer_0
  10
278.23463
  20
183.54952
  0
VERTEX
  5
4aa
  8
Layer_0
  10
278.34353
  20
183.37539
  0
VERTEX
  5
4ab
  8
Layer_0
  10
278.38815
  20
183.25283
  0
VERTEX
  5
4ac
  8
Layer_0
  10
278.36508
  20
183.20892
  0
VERTEX
  5
4ad
  8
Layer_0
  10
278.29397
  20
183.17842
  0
VERTEX
  5
4ae
  8
Layer_0
  10
278.17199
  20
183.16065
  0
VERTEX
  5
4af
  8
Layer_0
  10
277.99634
  20
183.15488
  0
VERTEX
  5
4b0
  8
Layer_0
  10
277.75772
  20
183.1586
  0
VERTEX
  5
4b1
  8
Layer_0
  10
277.58357
  20
183.15782
  0
VERTEX
  5
4b2
  8
Layer_0
  10
277.46416
  20
183.14309
  0
VERTEX
  5
4b3
  8
Layer_0
  10
277.38978
  20
183.10496
  0
VERTEX
  5
4b4
  8
Layer_0
  10
277.35072
  20
183.03398
  0
VERTEX
  5
4b5
  8
Layer_0
  10
277.33727
  20
182.9207
  0
VERTEX
  5
4b6
  8
Layer_0
  10
277.33972
  20
182.75569
  0
VERTEX
  5
4b7
  8
Layer_0
  10
277.34834
  20
182.52948
  0
VERTEX
  5
4b8
  8
Layer_0
  10
277.37094
  20
181.90408
  0
VERTEX
  5
4b9
  8
Layer_0
  10
280.00064
  20
181.88147
  0
VERTEX
  5
4ba
  8
Layer_0
  10
280.55165
  20
181.88003
  0
VERTEX
  5
4bb
  8
Layer_0
  10
281.05753
  20
181.88123
  0
VERTEX
  5
4bc
  8
Layer_0
  10
281.50991
  20
181.88491
  0
VERTEX
  5
4bd
  8
Layer_0
  10
281.90038
  20
181.89089
  0
VERTEX
  5
4be
  8
Layer_0
  10
282.22057
  20
181.89898
  0
VERTEX
  5
4bf
  8
Layer_0
  10
282.46209
  20
181.90902
  0
VERTEX
  5
4c0
  8
Layer_0
  10
282.61654
  20
181.92082
  0
VERTEX
  5
4c1
  8
Layer_0
  10
282.67554
  20
181.93422
  0
VERTEX
  5
4c2
  8
Layer_0
  10
282.69072
  20
182.00568
  0
VERTEX
  5
4c3
  8
Layer_0
  10
282.70096
  20
182.1499
  0
VERTEX
  5
4c4
  8
Layer_0
  10
282.70414
  20
182.3464
  0
VERTEX
  5
4c5
  8
Layer_0
  10
282.69814
  20
182.57468
  0
VERTEX
  5
4c6
  8
Layer_0
  10
282.668
  20
183.14734
  0
VERTEX
  5
4c7
  8
Layer_0
  10
282.20837
  20
183.14734
  0
VERTEX
  5
4c8
  8
Layer_0
  10
282.0154
  20
183.15122
  0
VERTEX
  5
4c9
  8
Layer_0
  10
281.83445
  20
183.16147
  0
VERTEX
  5
4ca
  8
Layer_0
  10
281.68598
  20
183.17595
  0
VERTEX
  5
4cb
  8
Layer_0
  10
281.5905
  20
183.19255
  0
VERTEX
  5
4cc
  8
Layer_0
  10
281.54975
  20
183.21483
  0
VERTEX
  5
4cd
  8
Layer_0
  10
281.4962
  20
183.26342
  0
VERTEX
  5
4ce
  8
Layer_0
  10
281.43117
  20
183.33639
  0
VERTEX
  5
4cf
  8
Layer_0
  10
281.35598
  20
183.43178
  0
VERTEX
  5
4d0
  8
Layer_0
  10
281.18044
  20
183.68208
  0
VERTEX
  5
4d1
  8
Layer_0
  10
280.98018
  20
183.99879
  0
VERTEX
  5
4d2
  8
Layer_0
  10
280.69753
  20
184.47154
  0
VERTEX
  5
4d3
  8
Layer_0
  10
280.43169
  20
184.91496
  0
VERTEX
  5
4d4
  8
Layer_0
  10
280.18266
  20
185.32902
  0
VERTEX
  5
4d5
  8
Layer_0
  10
279.95048
  20
185.71369
  0
VERTEX
  5
4d6
  8
Layer_0
  10
279.73516
  20
186.06896
  0
VERTEX
  5
4d7
  8
Layer_0
  10
279.53674
  20
186.39481
  0
VERTEX
  5
4d8
  8
Layer_0
  10
279.35522
  20
186.69121
  0
VERTEX
  5
4d9
  8
Layer_0
  10
279.19063
  20
186.95813
  0
VERTEX
  5
4da
  8
Layer_0
  10
279.04299
  20
187.19557
  0
VERTEX
  5
4db
  8
Layer_0
  10
278.91234
  20
187.40349
  0
VERTEX
  5
4dc
  8
Layer_0
  10
278.79868
  20
187.58187
  0
VERTEX
  5
4dd
  8
Layer_0
  10
278.70203
  20
187.7307
  0
VERTEX
  5
4de
  8
Layer_0
  10
278.62244
  20
187.84995
  0
VERTEX
  5
4df
  8
Layer_0
  10
278.5599
  20
187.93959
  0
VERTEX
  5
4e0
  8
Layer_0
  10
278.51445
  20
187.99961
  0
VERTEX
  5
4e1
  8
Layer_0
  10
278.48611
  20
188.02998
  0
VERTEX
  5
4e2
  8
Layer_0
  10
278.42367
  20
188.05332
  0
VERTEX
  5
4e3
  8
Layer_0
  10
278.30445
  20
188.0726
  0
VERTEX
  5
4e4
  8
Layer_0
  10
278.12042
  20
188.08799
  0
VERTEX
  5
4e5
  8
Layer_0
  10
277.86354
  20
188.09968
  0
VERTEX
  5
4e6
  8
Layer_0
  10
277.52577
  20
188.10783
  0
VERTEX
  5
4e7
  8
Layer_0
  10
277.09909
  20
188.11263
  0
VERTEX
  5
4e8
  8
Layer_0
  10
276.8499
  20
188.11382
  0
VERTEX
  5
4e9
  8
Layer_0
  10
276.57546
  20
188.11425
  0
VERTEX
  5
4ea
  8
Layer_0
  10
276.27478
  20
188.11392
  0
VERTEX
  5
4eb
  8
Layer_0
  10
275.94684
  20
188.11286
  0
VERTEX
  5
4ec
  8
Layer_0
  10
275.45797
  20
188.11185
  0
VERTEX
  5
4ed
  8
Layer_0
  10
274.9985
  20
188.10898
  0
VERTEX
  5
4ee
  8
Layer_0
  10
274.57876
  20
188.10452
  0
VERTEX
  5
4ef
  8
Layer_0
  10
274.20909
  20
188.09873
  0
VERTEX
  5
4f0
  8
Layer_0
  10
273.89982
  20
188.09189
  0
VERTEX
  5
4f1
  8
Layer_0
  10
273.66128
  20
188.08425
  0
VERTEX
  5
4f2
  8
Layer_0
  10
273.50379
  20
188.07609
  0
VERTEX
  5
4f3
  8
Layer_0
  10
273.4377
  20
188.06765
  0
VERTEX
  5
4f4
  8
Layer_0
  10
273.39379
  20
188.01821
  0
VERTEX
  5
4f5
  8
Layer_0
  10
273.3633
  20
187.90377
  0
VERTEX
  5
4f6
  8
Layer_0
  10
273.34552
  20
187.72434
  0
VERTEX
  5
4f7
  8
Layer_0
  10
273.33975
  20
187.47993
  0
VERTEX
  5
4f8
  8
Layer_0
  10
273.34124
  20
187.26852
  0
VERTEX
  5
4f9
  8
Layer_0
  10
273.35164
  20
187.10966
  0
VERTEX
  5
4fa
  8
Layer_0
  10
273.37988
  20
186.99582
  0
VERTEX
  5
4fb
  8
Layer_0
  10
273.43488
  20
186.91952
  0
VERTEX
  5
4fc
  8
Layer_0
  10
273.52555
  20
186.87323
  0
VERTEX
  5
4fd
  8
Layer_0
  10
273.66081
  20
186.84947
  0
VERTEX
  5
4fe
  8
Layer_0
  10
273.84958
  20
186.84071
  0
VERTEX
  5
4ff
  8
Layer_0
  10
274.10078
  20
186.83946
  0
VERTEX
  5
500
  8
Layer_0
  10
274.3187
  20
186.83393
  0
VERTEX
  5
501
  8
Layer_0
  10
274.48224
  20
186.8178
  0
VERTEX
  5
502
  8
Layer_0
  10
274.58502
  20
186.79178
  0
VERTEX
  5
503
  8
Layer_0
  10
274.6207
  20
186.75658
  0
VERTEX
  5
504
  8
Layer_0
  10
274.60616
  20
186.7067
  0
VERTEX
  5
505
  8
Layer_0
  10
274.5623
  20
186.60764
  0
VERTEX
  5
506
  8
Layer_0
  10
274.48877
  20
186.45896
  0
VERTEX
  5
507
  8
Layer_0
  10
274.38523
  20
186.26021
  0
VERTEX
  5
508
  8
Layer_0
  10
274.2513
  20
186.01095
  0
VERTEX
  5
509
  8
Layer_0
  10
274.08665
  20
185.71075
  0
VERTEX
  5
50a
  8
Layer_0
  10
273.89092
  20
185.35915
  0
VERTEX
  5
50b
  8
Layer_0
  10
273.66376
  20
184.95573
  42
0.0079868667
  0
VERTEX
  5
50c
  8
Layer_0
  10
273.12122
  20
183.95358
  0
VERTEX
  5
50d
  8
Layer_0
  10
272.97608
  20
183.68805
  0
VERTEX
  5
50e
  8
Layer_0
  10
272.85857
  20
183.48936
  0
VERTEX
  5
50f
  8
Layer_0
  10
272.75395
  20
183.34735
  0
VERTEX
  5
510
  8
Layer_0
  10
272.64747
  20
183.25189
  0
VERTEX
  5
511
  8
Layer_0
  10
272.5244
  20
183.1928
  0
VERTEX
  5
512
  8
Layer_0
  10
272.36998
  20
183.15994
  0
VERTEX
  5
513
  8
Layer_0
  10
272.16946
  20
183.14315
  0
VERTEX
  5
514
  8
Layer_0
  10
271.90811
  20
183.13227
  0
VERTEX
  5
515
  8
Layer_0
  10
271.41833
  20
183.10966
  0
VERTEX
  5
516
  8
Layer_0
  10
271.41833
  20
182.50687
  0
VERTEX
  5
517
  8
Layer_0
  10
271.41833
  20
181.90408
  0
SEQEND
  0
POLYLINE
  5
519
  8
Layer_0
  62
7
  70
1
  66
1
  10
0
  20
0
  30
0
  0
VERTEX
  5
519
  8
Layer_0
  10
276.51196
  20
185.25712
  0
VERTEX
  5
51a
  8
Layer_0
  10
276.3181
  20
185.25852
  0
VERTEX
  5
51b
  8
Layer_0
  10
276.14923
  20
185.26266
  0
VERTEX
  5
51c
  8
Layer_0
  10
276.00561
  20
185.26944
  0
VERTEX
  5
51d
  8
Layer_0
  10
275.8875
  20
185.27879
  0
VERTEX
  5
51e
  8
Layer_0
  10
275.79519
  20
185.2906
  0
VERTEX
  5
51f
  8
Layer_0
  10
275.72892
  20
185.3048
  0
VERTEX
  5
520
  8
Layer_0
  10
275.68896
  20
185.3213
  0
VERTEX
  5
521
  8
Layer_0
  10
275.67558
  20
185.34001
  0
VERTEX
  5
522
  8
Layer_0
  10
275.70549
  20
185.42825
  0
VERTEX
  5
523
  8
Layer_0
  10
275.78484
  20
185.59525
  0
VERTEX
  5
524
  8
Layer_0
  10
275.8981
  20
185.81312
  0
VERTEX
  5
525
  8
Layer_0
  10
276.02972
  20
186.05394
  0
VERTEX
  5
526
  8
Layer_0
  10
276.16417
  20
186.28982
  0
VERTEX
  5
527
  8
Layer_0
  10
276.28591
  20
186.49285
  0
VERTEX
  5
528
  8
Layer_0
  10
276.37939
  20
186.63513
  0
VERTEX
  5
529
  8
Layer_0
  10
276.42908
  20
186.68876
  0
VERTEX
  5
52a
  8
Layer_0
  10
276.48052
  20
186.6399
  0
VERTEX
  5
52b
  8
Layer_0
  10
276.58072
  20
186.50698
  0
VERTEX
  5
52c
  8
Layer_0
  10
276.71623
  20
186.31048
  0
VERTEX
  5
52d
  8
Layer_0
  10
276.87364
  20
186.0709
  0
VERTEX
  5
52e
  8
Layer_0
  10
277.03093
  20
185.82448
  0
VERTEX
  5
52f
  8
Layer_0
  10
277.16562
  20
185.60844
  0
VERTEX
  5
530
  8
Layer_0
  10
277.26357
  20
185.44467
  0
VERTEX
  5
531
  8
Layer_0
  10
277.31067
  20
185.35508
  0
VERTEX
  5
532
  8
Layer_0
  10
277.3122
  20
185.32923
  0
VERTEX
  5
533
  8
Layer_0
  10
277.29183
  20
185.30798
  0
VERTEX
  5
534
  8
Layer_0
  10
277.24603
  20
185.29097
  0
VERTEX
  5
535
  8
Layer_0
  10
277.17127
  20
185.27784
  0
VERTEX
  5
536
  8
Layer_0
  10
277.06401
  20
185.26825
  0
VERTEX
  5
537
  8
Layer_0
  10
276.92073
  20
185.26183
  0
VERTEX
  5
538
  8
Layer_0
  10
276.73789
  20
185.25824
  0
SEQEND
  0
POLYLINE
  5
53a
  8
Layer_0
  62
7
  70
1
  66
1
  10
0
  20
0
  30
0
  0
VERTEX
  5
53a
  8
Layer_0
  10
190.61378
  20
215.63374
  0
VERTEX
  5
53b
  8
Layer_0
  10
190.92031
  20
215.8006
  0
VERTEX
  5
53c
  8
Layer_0
  10
191.23126
  20
216.01018
  0
VERTEX
  5
53d
  8
Layer_0
  10
191.53549
  20
216.25131
  0
VERTEX
  5
53e
  8
Layer_0
  10
191.82181
  20
216.51281
  0
VERTEX
  5
53f
  8
Layer_0
  10
192.07906
  20
216.78354
  0
VERTEX
  5
540
  8
Layer_0
  10
192.29608
  20
217.05231
  0
VERTEX
  5
541
  8
Layer_0
  10
192.4617
  20
217.30797
  0
VERTEX
  5
542
  8
Layer_0
  10
192.56477
  20
217.53935
  0
VERTEX
  5
543
  8
Layer_0
  10
192.59944
  20
217.71339
  0
VERTEX
  5
544
  8
Layer_0
  10
192.59265
  20
217.89098
  0
VERTEX
  5
545
  8
Layer_0
  10
192.54828
  20
218.06573
  0
VERTEX
  5
546
  8
Layer_0
  10
192.47024
  20
218.23126
  0
VERTEX
  5
547
  8
Layer_0
  10
192.36242
  20
218.3812
  0
VERTEX
  5
548
  8
Layer_0
  10
192.22873
  20
218.50917
  0
VERTEX
  5
549
  8
Layer_0
  10
192.07306
  20
218.60877
  0
VERTEX
  5
54a
  8
Layer_0
  10
191.89931
  20
218.67364
  0
VERTEX
  5
54b
  8
Layer_0
  10
191.55524
  20
218.75304
  0
VERTEX
  5
54c
  8
Layer_0
  10
191.27924
  20
218.80975
  0
VERTEX
  5
54d
  8
Layer_0
  10
191.13697
  20
218.81613
  0
VERTEX
  5
54e
  8
Layer_0
  10
190.91248
  20
218.79274
  0
VERTEX
  5
54f
  8
Layer_0
  10
190.63694
  20
218.74382
  0
VERTEX
  5
550
  8
Layer_0
  10
190.34155
  20
218.67364
  0
VERTEX
  5
551
  8
Layer_0
  10
189.94589
  20
218.54756
  0
VERTEX
  5
552
  8
Layer_0
  10
189.57171
  20
218.39311
  0
VERTEX
  5
553
  8
Layer_0
  10
189.22173
  20
218.21415
  0
VERTEX
  5
554
  8
Layer_0
  10
188.89864
  20
218.01457
  0
VERTEX
  5
555
  8
Layer_0
  10
188.60515
  20
217.79824
  0
VERTEX
  5
556
  8
Layer_0
  10
188.34396
  20
217.56903
  0
VERTEX
  5
557
  8
Layer_0
  10
188.11777
  20
217.33084
  0
VERTEX
  5
558
  8
Layer_0
  10
187.92929
  20
217.08752
  0
VERTEX
  5
559
  8
Layer_0
  10
187.78122
  20
216.84297
  0
VERTEX
  5
55a
  8
Layer_0
  10
187.67626
  20
216.60105
  0
VERTEX
  5
55b
  8
Layer_0
  10
187.61712
  20
216.36564
  0
VERTEX
  5
55c
  8
Layer_0
  10
187.60649
  20
216.14062
  0
VERTEX
  5
55d
  8
Layer_0
  10
187.64709
  20
215.92988
  0
VERTEX
  5
55e
  8
Layer_0
  10
187.7416
  20
215.73727
  0
VERTEX
  5
55f
  8
Layer_0
  10
187.89275
  20
215.56669
  0
VERTEX
  5
560
  8
Layer_0
  10
188.10322
  20
215.422
  0
VERTEX
  5
561
  8
Layer_0
  10
188.32585
  20
215.33681
  0
VERTEX
  5
562
  8
Layer_0
  10
188.59971
  20
215.28494
  0
VERTEX
  5
563
  8
Layer_0
  10
188.9122
  20
215.26568
  0
VERTEX
  5
564
  8
Layer_0
  10
189.25074
  20
215.27833
  0
VERTEX
  5
565
  8
Layer_0
  10
189.60276
  20
215.32216
  0
VERTEX
  5
566
  8
Layer_0
  10
189.95566
  20
215.39648
  0
VERTEX
  5
567
  8
Layer_0
  10
190.29686
  20
215.50058
  0
SEQEND
  0
POLYLINE
  5
569
  8
Layer_0
  62
7
  70
1
  66
1
  10
0
  20
0
  30
0
  0
VERTEX
  5
569
  8
Layer_0
  10
162.02964
  20
215.63374
  0
VERTEX
  5
56a
  8
Layer_0
  10
162.44369
  20
215.85581
  0
VERTEX
  5
56b
  8
Layer_0
  10
162.81186
  20
216.09386
  0
VERTEX
  5
56c
  8
Layer_0
  10
163.13329
  20
216.34366
  0
VERTEX
  5
56d
  8
Layer_0
  10
163.4071
  20
216.60096
  0
VERTEX
  5
56e
  8
Layer_0
  10
163.63244
  20
216.86154
  0
VERTEX
  5
56f
  8
Layer_0
  10
163.80844
  20
217.12117
  0
VERTEX
  5
570
  8
Layer_0
  10
163.93425
  20
217.37561
  0
VERTEX
  5
571
  8
Layer_0
  10
164.00898
  20
217.62064
  0
VERTEX
  5
572
  8
Layer_0
  10
164.03179
  20
217.85202
  0
VERTEX
  5
573
  8
Layer_0
  10
164.0018
  20
218.06552
  0
VERTEX
  5
574
  8
Layer_0
  10
163.91816
  20
218.25692
  0
VERTEX
  5
575
  8
Layer_0
  10
163.78
  20
218.42197
  0
VERTEX
  5
576
  8
Layer_0
  10
163.58645
  20
218.55645
  0
VERTEX
  5
577
  8
Layer_0
  10
163.33665
  20
218.65612
  0
VERTEX
  5
578
  8
Layer_0
  10
163.02974
  20
218.71676
  0
VERTEX
  5
579
  8
Layer_0
  10
162.66485
  20
218.73413
  0
VERTEX
  5
57a
  8
Layer_0
  10
162.33614
  20
218.72634
  0
VERTEX
  5
57b
  8
Layer_0
  10
162.03154
  20
218.70578
  0
VERTEX
  5
57c
  8
Layer_0
  10
161.78648
  20
218.67671
  0
VERTEX
  5
57d
  8
Layer_0
  10
161.63643
  20
218.64339
  0
VERTEX
  5
57e
  8
Layer_0
  10
161.10476
  20
218.43204
  0
VERTEX
  5
57f
  8
Layer_0
  10
160.6158
  20
218.17762
  0
VERTEX
  5
580
  8
Layer_0
  10
160.17824
  20
217.88811
  0
VERTEX
  5
581
  8
Layer_0
  10
159.80076
  20
217.57149
  0
VERTEX
  5
582
  8
Layer_0
  10
159.49205
  20
217.23572
  0
VERTEX
  5
583
  8
Layer_0
  10
159.26079
  20
216.88878
  0
VERTEX
  5
584
  8
Layer_0
  10
159.11567
  20
216.53866
  0
VERTEX
  5
585
  8
Layer_0
  10
159.06536
  20
216.19332
  0
VERTEX
  5
586
  8
Layer_0
  10
159.08353
  20
216.02769
  0
VERTEX
  5
587
  8
Layer_0
  10
159.13629
  20
215.87711
  0
VERTEX
  5
588
  8
Layer_0
  10
159.22099
  20
215.74207
  0
VERTEX
  5
589
  8
Layer_0
  10
159.33499
  20
215.6231
  0
VERTEX
  5
58a
  8
Layer_0
  10
159.47568
  20
215.5207
  0
VERTEX
  5
58b
  8
Layer_0
  10
159.6404
  20
215.43538
  0
VERTEX
  5
58c
  8
Layer_0
  10
159.82652
  20
215.36766
  0
VERTEX
  5
58d
  8
Layer_0
  10
160.0314
  20
215.31803
  0
VERTEX
  5
58e
  8
Layer_0
  10
160.48692
  20
215.27511
  0
VERTEX
  5
58f
  8
Layer_0
  10
160.98586
  20
215.3107
  0
VERTEX
  5
590
  8
Layer_0
  10
161.50713
  20
215.42889
  0
SEQEND
  0
POLYLINE
  5
592
  8
Layer_0
  62
7
  70
1
  66
1
  10
0
  20
0
  30
0
  0
VERTEX
  5
592
  8
Layer_0
  10
155.43563
  20
209.90179
  0
VERTEX
  5
593
  8
Layer_0
  10
155.28262
  20
209.61266
  0
VERTEX
  5
594
  8
Layer_0
  10
155.16151
  20
209.36111
  0
VERTEX
  5
595
  8
Layer_0
  10
155.06876
  20
209.13508
  0
VERTEX
  5
596
  8
Layer_0
  10
155.00082
  20
208.92251
  0
VERTEX
  5
597
  8
Layer_0
  10
154.95415
  20
208.71137
  0
VERTEX
  5
598
  8
Layer_0
  10
154.9252
  20
208.48959
  0
VERTEX
  5
599
  8
Layer_0
  10
154.91043
  20
208.24513
  0
VERTEX
  5
59a
  8
Layer_0
  10
154.9063
  20
207.96593
  0
VERTEX
  5
59b
  8
Layer_0
  10
154.92892
  20
207.44268
  0
VERTEX
  5
59c
  8
Layer_0
  10
154.9994
  20
207.00414
  0
VERTEX
  5
59d
  8
Layer_0
  10
155.12163
  20
206.64572
  0
VERTEX
  5
59e
  8
Layer_0
  10
155.29952
  20
206.3628
  0
VERTEX
  5
59f
  8
Layer_0
  10
155.53695
  20
206.15077
  0
VERTEX
  5
5a0
  8
Layer_0
  10
155.83783
  20
206.00502
  0
VERTEX
  5
5a1
  8
Layer_0
  10
156.20606
  20
205.92096
  0
VERTEX
  5
5a2
  8
Layer_0
  10
156.64554
  20
205.89396
  0
VERTEX
  5
5a3
  8
Layer_0
  10
156.93201
  20
205.91806
  0
VERTEX
  5
5a4
  8
Layer_0
  10
157.2954
  20
205.98754
  0
VERTEX
  5
5a5
  8
Layer_0
  10
157.7233
  20
206.09813
  0
VERTEX
  5
5a6
  8
Layer_0
  10
158.2033
  20
206.24559
  0
VERTEX
  5
5a7
  8
Layer_0
  10
158.72301
  20
206.42566
  0
VERTEX
  5
5a8
  8
Layer_0
  10
159.27001
  20
206.63408
  0
VERTEX
  5
5a9
  8
Layer_0
  10
159.8319
  20
206.86661
  0
VERTEX
  5
5aa
  8
Layer_0
  10
160.39627
  20
207.11899
  0
VERTEX
  5
5ab
  8
Layer_0
  10
160.79764
  20
207.31534
  0
VERTEX
  5
5ac
  8
Layer_0
  10
161.23662
  20
207.54911
  0
VERTEX
  5
5ad
  8
Layer_0
  10
161.70541
  20
207.81482
  0
VERTEX
  5
5ae
  8
Layer_0
  10
162.19624
  20
208.10701
  0
VERTEX
  5
5af
  8
Layer_0
  10
163.21294
  20
208.74891
  0
VERTEX
  5
5b0
  8
Layer_0
  10
164.2245
  20
209.43106
  0
VERTEX
  5
5b1
  8
Layer_0
  10
164.70891
  20
209.77353
  0
VERTEX
  5
5b2
  8
Layer_0
  10
165.16871
  20
210.10965
  0
VERTEX
  5
5b3
  8
Layer_0
  10
165.59612
  20
210.43394
  0
VERTEX
  5
5b4
  8
Layer_0
  10
165.98336
  20
210.74093
  0
VERTEX
  5
5b5
  8
Layer_0
  10
166.32266
  20
211.02514
  0
VERTEX
  5
5b6
  8
Layer_0
  10
166.60624
  20
211.2811
  0
VERTEX
  5
5b7
  8
Layer_0
  10
166.82633
  20
211.50335
  0
VERTEX
  5
5b8
  8
Layer_0
  10
166.97515
  20
211.6864
  0
VERTEX
  5
5b9
  8
Layer_0
  10
167.0991
  20
211.84819
  0
VERTEX
  5
5ba
  8
Layer_0
  10
167.19823
  20
211.92579
  0
VERTEX
  5
5bb
  8
Layer_0
  10
167.27184
  20
211.92009
  0
VERTEX
  5
5bc
  8
Layer_0
  10
167.31922
  20
211.83197
  0
VERTEX
  5
5bd
  8
Layer_0
  10
167.33966
  20
211.66233
  0
VERTEX
  5
5be
  8
Layer_0
  10
167.33246
  20
211.41205
  0
VERTEX
  5
5bf
  8
Layer_0
  10
167.29689
  20
211.08201
  0
VERTEX
  5
5c0
  8
Layer_0
  10
167.23226
  20
210.6731
  0
VERTEX
  5
5c1
  8
Layer_0
  10
167.15714
  20
210.15337
  0
VERTEX
  5
5c2
  8
Layer_0
  10
167.1134
  20
209.66004
  0
VERTEX
  5
5c3
  8
Layer_0
  10
167.1012
  20
209.19259
  0
VERTEX
  5
5c4
  8
Layer_0
  10
167.12072
  20
208.75048
  0
VERTEX
  5
5c5
  8
Layer_0
  10
167.17215
  20
208.33319
  0
VERTEX
  5
5c6
  8
Layer_0
  10
167.25565
  20
207.94017
  0
VERTEX
  5
5c7
  8
Layer_0
  10
167.37142
  20
207.57091
  0
VERTEX
  5
5c8
  8
Layer_0
  10
167.51962
  20
207.22486
  0
VERTEX
  5
5c9
  8
Layer_0
  10
167.69929
  20
206.90695
  0
VERTEX
  5
5ca
  8
Layer_0
  10
167.91062
  20
206.63964
  0
VERTEX
  5
5cb
  8
Layer_0
  10
168.15549
  20
206.42319
  0
VERTEX
  5
5cc
  8
Layer_0
  10
168.43579
  20
206.25788
  0
VERTEX
  5
5cd
  8
Layer_0
  10
168.7534
  20
206.14396
  0
VERTEX
  5
5ce
  8
Layer_0
  10
169.11019
  20
206.08171
  0
VERTEX
  5
5cf
  8
Layer_0
  10
169.50806
  20
206.07138
  0
VERTEX
  5
5d0
  8
Layer_0
  10
169.94889
  20
206.11325
  0
VERTEX
  5
5d1
  8
Layer_0
  10
170.43455
  20
206.20759
  0
VERTEX
  5
5d2
  8
Layer_0
  10
170.96694
  20
206.35464
  0
VERTEX
  5
5d3
  8
Layer_0
  10
171.54794
  20
206.5547
  0
VERTEX
  5
5d4
  8
Layer_0
  10
172.17942
  20
206.80801
  0
VERTEX
  5
5d5
  8
Layer_0
  10
172.86328
  20
207.11484
  0
VERTEX
  5
5d6
  8
Layer_0
  10
173.60139
  20
207.47547
  0
VERTEX
  5
5d7
  8
Layer_0
  10
174.39564
  20
207.89015
  0
VERTEX
  5
5d8
  8
Layer_0
  10
175.24792
  20
208.35915
  0
VERTEX
  5
5d9
  8
Layer_0
  10
175.6344
  20
208.59014
  0
VERTEX
  5
5da
  8
Layer_0
  10
176.05988
  20
208.86864
  0
VERTEX
  5
5db
  8
Layer_0
  10
176.5123
  20
209.18541
  0
VERTEX
  5
5dc
  8
Layer_0
  10
176.9796
  20
209.53125
  0
VERTEX
  5
5dd
  8
Layer_0
  10
177.91067
  20
210.27327
  0
VERTEX
  5
5de
  8
Layer_0
  10
178.75666
  20
211.02095
  0
VERTEX
  5
5df
  8
Layer_0
  10
179.78508
  20
211.98888
  0
VERTEX
  5
5e0
  8
Layer_0
  10
180.42029
  20
211.56541
  0
VERTEX
  5
5e1
  8
Layer_0
  10
180.71379
  20
211.39172
  0
VERTEX
  5
5e2
  8
Layer_0
  10
181.01579
  20
211.25632
  0
VERTEX
  5
5e3
  8
Layer_0
  10
181.3263
  20
211.1592
  0
VERTEX
  5
5e4
  8
Layer_0
  10
181.64532
  20
211.10035
  0
VERTEX
  5
5e5
  8
Layer_0
  10
181.97285
  20
211.07979
  0
VERTEX
  5
5e6
  8
Layer_0
  10
182.30888
  20
211.09752
  0
VERTEX
  5
5e7
  8
Layer_0
  10
182.65342
  20
211.15352
  0
VERTEX
  5
5e8
  8
Layer_0
  10
183.00647
  20
211.24781
  0
VERTEX
  5
5e9
  8
Layer_0
  10
183.26928
  20
211.32083
  0
VERTEX
  5
5ea
  8
Layer_0
  10
183.50107
  20
211.36975
  0
VERTEX
  5
5eb
  8
Layer_0
  10
183.7006
  20
211.39456
  0
VERTEX
  5
5ec
  8
Layer_0
  10
183.86664
  20
211.39527
  0
VERTEX
  5
5ed
  8
Layer_0
  10
183.99794
  20
211.37187
  0
VERTEX
  5
5ee
  8
Layer_0
  10
184.09326
  20
211.32438
  0
VERTEX
  5
5ef
  8
Layer_0
  10
184.15136
  20
211.25277
  0
VERTEX
  5
5f0
  8
Layer_0
  10
184.17101
  20
211.15707
  0
VERTEX
  5
5f1
  8
Layer_0
  10
184.15494
  20
211.05805
  0
VERTEX
  5
5f2
  8
Layer_0
  10
184.11051
  20
210.90941
  0
VERTEX
  5
5f3
  8
Layer_0
  10
184.0434
  20
210.72958
  0
VERTEX
  5
5f4
  8
Layer_0
  10
183.95927
  20
210.53699
  0
VERTEX
  5
5f5
  8
Layer_0
  10
183.75389
  20
210.02606
  0
VERTEX
  5
5f6
  8
Layer_0
  10
183.58094
  20
209.52912
  0
VERTEX
  5
5f7
  8
Layer_0
  10
183.44167
  20
209.05169
  0
VERTEX
  5
5f8
  8
Layer_0
  10
183.33731
  20
208.59924
  0
VERTEX
  5
5f9
  8
Layer_0
  10
183.2691
  20
208.17728
  0
VERTEX
  5
5fa
  8
Layer_0
  10
183.23829
  20
207.7913
  0
VERTEX
  5
5fb
  8
Layer_0
  10
183.24612
  20
207.44678
  0
VERTEX
  5
5fc
  8
Layer_0
  10
183.29382
  20
207.14924
  42
0.16445196
  0
VERTEX
  5
5fd
  8
Layer_0
  10
183.83829
  20
206.34767
  0
VERTEX
  5
5fe
  8
Layer_0
  10
184.08334
  20
206.17777
  0
VERTEX
  5
5ff
  8
Layer_0
  10
184.34682
  20
206.08868
  0
VERTEX
  5
600
  8
Layer_0
  10
184.50896
  20
206.06957
  0
VERTEX
  5
601
  8
Layer_0
  10
184.70389
  20
206.06481
  0
VERTEX
  5
602
  8
Layer_0
  10
184.941
  20
206.07246
  0
VERTEX
  5
603
  8
Layer_0
  10
185.22968
  20
206.09057
  0
VERTEX
  5
604
  8
Layer_0
  10
185.68552
  20
206.14276
  0
VERTEX
  5
605
  8
Layer_0
  10
186.19099
  20
206.23873
  0
VERTEX
  5
606
  8
Layer_0
  10
186.72907
  20
206.37263
  0
VERTEX
  5
607
  8
Layer_0
  10
187.28275
  20
206.53861
  0
VERTEX
  5
608
  8
Layer_0
  10
187.835
  20
206.73082
  0
VERTEX
  5
609
  8
Layer_0
  10
188.36883
  20
206.94341
  0
VERTEX
  5
60a
  8
Layer_0
  10
188.86721
  20
207.17054
  0
VERTEX
  5
60b
  8
Layer_0
  10
189.31313
  20
207.40635
  0
VERTEX
  5
60c
  8
Layer_0
  10
189.37336
  20
207.44215
  0
VERTEX
  5
60d
  8
Layer_0
  10
189.46035
  20
207.49142
  0
VERTEX
  5
60e
  8
Layer_0
  10
189.56967
  20
207.55203
  0
VERTEX
  5
60f
  8
Layer_0
  10
189.6969
  20
207.62186
  0
VERTEX
  5
610
  8
Layer_0
  10
189.98732
  20
207.78066
  0
VERTEX
  5
611
  8
Layer_0
  10
190.29618
  20
207.95081
  0
VERTEX
  5
612
  8
Layer_0
  10
190.63083
  20
208.14216
  0
VERTEX
  5
613
  8
Layer_0
  10
191.02804
  20
208.38704
  0
VERTEX
  5
614
  8
Layer_0
  10
191.46246
  20
208.66807
  0
VERTEX
  5
615
  8
Layer_0
  10
191.90877
  20
208.96789
  0
VERTEX
  5
616
  8
Layer_0
  10
192.3416
  20
209.26912
  0
VERTEX
  5
617
  8
Layer_0
  10
192.73562
  20
209.55441
  0
VERTEX
  5
618
  8
Layer_0
  10
192.91015
  20
209.68564
  0
VERTEX
  5
619
  8
Layer_0
  10
193.06548
  20
209.80638
  0
VERTEX
  5
61a
  8
Layer_0
  10
193.19843
  20
209.91444
  0
VERTEX
  5
61b
  8
Layer_0
  10
193.30583
  20
210.00765
  0
VERTEX
  5
61c
  8
Layer_0
  10
193.47293
  20
210.14563
  0
VERTEX
  5
61d
  8
Layer_0
  10
193.61327
  20
210.22955
  0
VERTEX
  5
61e
  8
Layer_0
  10
193.72986
  20
210.25782
  0
VERTEX
  5
61f
  8
Layer_0
  10
193.82572
  20
210.22884
  0
VERTEX
  5
620
  8
Layer_0
  10
193.90385
  20
210.14102
  0
VERTEX
  5
621
  8
Layer_0
  10
193.96727
  20
209.99277
  0
VERTEX
  5
622
  8
Layer_0
  10
194.01899
  20
209.78248
  0
VERTEX
  5
623
  8
Layer_0
  10
194.06203
  20
209.50856
  0
VERTEX
  5
624
  8
Layer_0
  10
194.11568
  20
209.17578
  0
VERTEX
  5
625
  8
Layer_0
  10
194.18641
  20
208.86317
  0
VERTEX
  5
626
  8
Layer_0
  10
194.27501
  20
208.57002
  0
VERTEX
  5
627
  8
Layer_0
  10
194.38223
  20
208.29558
  0
VERTEX
  5
628
  8
Layer_0
  10
194.50886
  20
208.03914
  0
VERTEX
  5
629
  8
Layer_0
  10
194.65567
  20
207.79995
  0
VERTEX
  5
62a
  8
Layer_0
  10
194.82344
  20
207.57729
  0
VERTEX
  5
62b
  8
Layer_0
  10
195.01294
  20
207.37043
  0
VERTEX
  5
62c
  8
Layer_0
  10
195.22495
  20
207.17863
  0
VERTEX
  5
62d
  8
Layer_0
  10
195.46025
  20
207.00116
  0
VERTEX
  5
62e
  8
Layer_0
  10
195.7196
  20
206.8373
  0
VERTEX
  5
62f
  8
Layer_0
  10
196.00379
  20
206.68631
  0
VERTEX
  5
630
  8
Layer_0
  10
196.31359
  20
206.54746
  0
VERTEX
  5
631
  8
Layer_0
  10
196.64978
  20
206.42001
  0
VERTEX
  5
632
  8
Layer_0
  10
197.01312
  20
206.30325
  0
VERTEX
  5
633
  8
Layer_0
  10
197.4044
  20
206.19643
  0
VERTEX
  5
634
  8
Layer_0
  10
198.14016
  20
206.04257
  0
VERTEX
  5
635
  8
Layer_0
  10
198.90356
  20
205.94382
  0
VERTEX
  5
636
  8
Layer_0
  10
199.68965
  20
205.90001
  0
VERTEX
  5
637
  8
Layer_0
  10
200.49346
  20
205.91097
  0
VERTEX
  5
638
  8
Layer_0
  10
201.31003
  20
205.97652
  0
VERTEX
  5
639
  8
Layer_0
  10
202.1344
  20
206.09648
  0
VERTEX
  5
63a
  8
Layer_0
  10
202.9616
  20
206.27067
  0
VERTEX
  5
63b
  8
Layer_0
  10
203.78668
  20
206.49891
  0
VERTEX
  5
63c
  8
Layer_0
  10
204.52858
  20
206.75197
  0
VERTEX
  5
63d
  8
Layer_0
  10
205.28111
  20
207.06299
  0
VERTEX
  5
63e
  8
Layer_0
  10
206.02939
  20
207.42327
  0
VERTEX
  5
63f
  8
Layer_0
  10
206.75853
  20
207.82414
  0
VERTEX
  5
640
  8
Layer_0
  10
207.45364
  20
208.25692
  0
VERTEX
  5
641
  8
Layer_0
  10
208.09983
  20
208.71291
  0
VERTEX
  5
642
  8
Layer_0
  10
208.68222
  20
209.18343
  0
VERTEX
  5
643
  8
Layer_0
  10
209.18591
  20
209.6598
  0
VERTEX
  5
644
  8
Layer_0
  10
209.35715
  20
209.83426
  0
VERTEX
  5
645
  8
Layer_0
  10
209.48673
  20
209.97504
  0
VERTEX
  5
646
  8
Layer_0
  10
209.57697
  20
210.08676
  0
VERTEX
  5
647
  8
Layer_0
  10
209.63017
  20
210.17402
  0
VERTEX
  5
648
  8
Layer_0
  10
209.64863
  20
210.24142
  0
VERTEX
  5
649
  8
Layer_0
  10
209.63466
  20
210.29359
  0
VERTEX
  5
64a
  8
Layer_0
  10
209.59056
  20
210.33512
  0
VERTEX
  5
64b
  8
Layer_0
  10
209.51864
  20
210.37063
  0
VERTEX
  5
64c
  8
Layer_0
  10
209.32046
  20
210.41576
  0
VERTEX
  5
64d
  8
Layer_0
  10
209.07603
  20
210.42829
  0
VERTEX
  5
64e
  8
Layer_0
  10
208.80004
  20
210.41104
  0
VERTEX
  5
64f
  8
Layer_0
  10
208.50723
  20
210.36685
  0
VERTEX
  5
650
  8
Layer_0
  10
208.21228
  20
210.29855
  0
VERTEX
  5
651
  8
Layer_0
  10
207.92992
  20
210.20899
  0
VERTEX
  5
652
  8
Layer_0
  10
207.67485
  20
210.101
  0
VERTEX
  5
653
  8
Layer_0
  10
207.46178
  20
209.97741
  0
VERTEX
  5
654
  8
Layer_0
  10
207.14672
  20
209.77902
  0
VERTEX
  5
655
  8
Layer_0
  10
206.73915
  20
209.56433
  0
VERTEX
  5
656
  8
Layer_0
  10
206.26281
  20
209.34256
  0
VERTEX
  5
657
  8
Layer_0
  10
205.74145
  20
209.12291
  0
VERTEX
  5
658
  8
Layer_0
  10
205.19882
  20
208.9146
  0
VERTEX
  5
659
  8
Layer_0
  10
204.65867
  20
208.72685
  0
VERTEX
  5
65a
  8
Layer_0
  10
204.14475
  20
208.56888
  0
VERTEX
  5
65b
  8
Layer_0
  10
203.68082
  20
208.44989
  0
VERTEX
  5
65c
  8
Layer_0
  10
203.21505
  20
208.37238
  0
VERTEX
  5
65d
  8
Layer_0
  10
202.67697
  20
208.30622
  0
VERTEX
  5
65e
  8
Layer_0
  10
202.13038
  20
208.26274
  0
VERTEX
  5
65f
  8
Layer_0
  10
201.63909
  20
208.25328
  0
VERTEX
  5
660
  8
Layer_0
  10
201.01731
  20
208.2768
  0
VERTEX
  5
661
  8
Layer_0
  10
200.44631
  20
208.34007
  0
VERTEX
  5
662
  8
Layer_0
  10
199.92795
  20
208.44064
  0
VERTEX
  5
663
  8
Layer_0
  10
199.46409
  20
208.57608
  0
VERTEX
  5
664
  8
Layer_0
  10
199.05659
  20
208.74396
  0
VERTEX
  5
665
  8
Layer_0
  10
198.7073
  20
208.94183
  0
VERTEX
  5
666
  8
Layer_0
  10
198.4181
  20
209.16727
  0
VERTEX
  5
667
  8
Layer_0
  10
198.19085
  20
209.41782
  0
VERTEX
  5
668
  8
Layer_0
  10
198.02739
  20
209.69106
  0
VERTEX
  5
669
  8
Layer_0
  10
197.92961
  20
209.98455
  0
VERTEX
  5
66a
  8
Layer_0
  10
197.89934
  20
210.29586
  0
VERTEX
  5
66b
  8
Layer_0
  10
197.93847
  20
210.62253
  0
VERTEX
  5
66c
  8
Layer_0
  10
198.04884
  20
210.96215
  0
VERTEX
  5
66d
  8
Layer_0
  10
198.23232
  20
211.31227
  0
VERTEX
  5
66e
  8
Layer_0
  10
198.49077
  20
211.67045
  0
VERTEX
  5
66f
  8
Layer_0
  10
198.82605
  20
212.03425
  0
VERTEX
  5
670
  8
Layer_0
  10
199.34209
  20
212.49261
  0
VERTEX
  5
671
  8
Layer_0
  10
199.89748
  20
212.88237
  0
VERTEX
  5
672
  8
Layer_0
  10
200.50037
  20
213.20585
  0
VERTEX
  5
673
  8
Layer_0
  10
201.15891
  20
213.46535
  0
VERTEX
  5
674
  8
Layer_0
  10
201.88125
  20
213.66317
  0
VERTEX
  5
675
  8
Layer_0
  10
202.67555
  20
213.80162
  0
VERTEX
  5
676
  8
Layer_0
  10
203.10223
  20
213.8493
  0
VERTEX
  5
677
  8
Layer_0
  10
203.54996
  20
213.883
  0
VERTEX
  5
678
  8
Layer_0
  10
204.01975
  20
213.90301
  0
VERTEX
  5
679
  8
Layer_0
  10
204.51263
  20
213.90962
  0
VERTEX
  5
67a
  8
Layer_0
  10
205.03236
  20
213.91204
  0
VERTEX
  5
67b
  8
Layer_0
  10
205.4548
  20
213.92049
  0
VERTEX
  5
67c
  8
Layer_0
  10
205.79323
  20
213.93673
  0
VERTEX
  5
67d
  8
Layer_0
  10
206.06094
  20
213.96255
  0
VERTEX
  5
67e
  8
Layer_0
  10
206.27123
  20
213.99971
  0
VERTEX
  5
67f
  8
Layer_0
  10
206.43738
  20
214.04998
  0
VERTEX
  5
680
  8
Layer_0
  10
206.5727
  20
214.11515
  0
VERTEX
  5
681
  8
Layer_0
  10
206.69047
  20
214.19697
  0
VERTEX
  5
682
  8
Layer_0
  10
206.83361
  20
214.32109
  0
VERTEX
  5
683
  8
Layer_0
  10
206.92253
  20
214.43281
  0
VERTEX
  5
684
  8
Layer_0
  10
206.95685
  20
214.53247
  0
VERTEX
  5
685
  8
Layer_0
  10
206.93623
  20
214.62044
  0
VERTEX
  5
686
  8
Layer_0
  10
206.86032
  20
214.69706
  0
VERTEX
  5
687
  8
Layer_0
  10
206.72875
  20
214.7627
  0
VERTEX
  5
688
  8
Layer_0
  10
206.54118
  20
214.8177
  0
VERTEX
  5
689
  8
Layer_0
  10
206.29725
  20
214.86242
  0
VERTEX
  5
68a
  8
Layer_0
  10
205.85907
  20
214.92448
  0
VERTEX
  5
68b
  8
Layer_0
  10
205.45028
  20
214.98031
  0
VERTEX
  5
68c
  8
Layer_0
  10
205.06839
  20
215.03007
  0
VERTEX
  5
68d
  8
Layer_0
  10
204.71089
  20
215.07392
  0
VERTEX
  5
68e
  8
Layer_0
  10
204.05906
  20
215.14449
  0
VERTEX
  5
68f
  8
Layer_0
  10
203.47475
  20
215.19325
  0
VERTEX
  5
690
  8
Layer_0
  10
202.42861
  20
215.23036
  0
VERTEX
  5
691
  8
Layer_0
  10
201.41223
  20
215.19515
  0
VERTEX
  5
692
  8
Layer_0
  10
200.78506
  20
215.14989
  0
VERTEX
  5
693
  8
Layer_0
  10
200.23162
  20
215.09117
  0
VERTEX
  5
694
  8
Layer_0
  10
199.73632
  20
215.01543
  0
VERTEX
  5
695
  8
Layer_0
  10
199.28355
  20
214.91913
  0
VERTEX
  5
696
  8
Layer_0
  10
198.85771
  20
214.79873
  0
VERTEX
  5
697
  8
Layer_0
  10
198.44323
  20
214.65069
  0
VERTEX
  5
698
  8
Layer_0
  10
198.02448
  20
214.47144
  0
VERTEX
  5
699
  8
Layer_0
  10
197.58589
  20
214.25746
  42
-0.0065778933
  0
VERTEX
  5
69a
  8
Layer_0
  10
196.8297
  20
213.86424
  0
VERTEX
  5
69b
  8
Layer_0
  10
196.78083
  20
213.83622
  0
VERTEX
  5
69c
  8
Layer_0
  10
196.70888
  20
213.79246
  0
VERTEX
  5
69d
  8
Layer_0
  10
196.61522
  20
213.73391
  0
VERTEX
  5
69e
  8
Layer_0
  10
196.50123
  20
213.66149
  0
VERTEX
  5
69f
  8
Layer_0
  10
196.21771
  20
213.47876
  0
VERTEX
  5
6a0
  8
Layer_0
  10
195.86933
  20
213.25173
  0
VERTEX
  5
6a1
  8
Layer_0
  10
195.46707
  20
212.98783
  0
VERTEX
  5
6a2
  8
Layer_0
  10
195.02192
  20
212.69451
  0
VERTEX
  5
6a3
  8
Layer_0
  10
194.54487
  20
212.37921
  0
VERTEX
  5
6a4
  8
Layer_0
  10
194.04691
  20
212.04938
  0
VERTEX
  5
6a5
  8
Layer_0
  10
193.41711
  20
211.63445
  0
VERTEX
  5
6a6
  8
Layer_0
  10
192.8318
  20
211.26297
  0
VERTEX
  5
6a7
  8
Layer_0
  10
192.29044
  20
210.93477
  0
VERTEX
  5
6a8
  8
Layer_0
  10
191.7925
  20
210.64971
  0
VERTEX
  5
6a9
  8
Layer_0
  10
191.33746
  20
210.40763
  0
VERTEX
  5
6aa
  8
Layer_0
  10
190.92477
  20
210.20837
  0
VERTEX
  5
6ab
  8
Layer_0
  10
190.55391
  20
210.05178
  0
VERTEX
  5
6ac
  8
Layer_0
  10
190.22434
  20
209.93771
  0
VERTEX
  5
6ad
  8
Layer_0
  10
189.93554
  20
209.86599
  0
VERTEX
  5
6ae
  8
Layer_0
  10
189.68697
  20
209.83648
  0
VERTEX
  5
6af
  8
Layer_0
  10
189.4781
  20
209.84901
  0
VERTEX
  5
6b0
  8
Layer_0
  10
189.3084
  20
209.90344
  0
VERTEX
  5
6b1
  8
Layer_0
  10
189.17734
  20
209.99961
  0
VERTEX
  5
6b2
  8
Layer_0
  10
189.08438
  20
210.13736
  0
VERTEX
  5
6b3
  8
Layer_0
  10
189.02899
  20
210.31654
  0
VERTEX
  5
6b4
  8
Layer_0
  10
189.01065
  20
210.53699
  0
VERTEX
  5
6b5
  8
Layer_0
  10
189.03115
  20
210.76837
  0
VERTEX
  5
6b6
  8
Layer_0
  10
189.08958
  20
211.04671
  0
VERTEX
  5
6b7
  8
Layer_0
  10
189.18133
  20
211.36086
  0
VERTEX
  5
6b8
  8
Layer_0
  10
189.30179
  20
211.69964
  0
VERTEX
  5
6b9
  8
Layer_0
  10
189.61041
  20
212.40644
  0
VERTEX
  5
6ba
  8
Layer_0
  10
189.97858
  20
213.0778
  0
VERTEX
  5
6bb
  8
Layer_0
  10
190.13328
  20
213.31655
  0
VERTEX
  5
6bc
  8
Layer_0
  10
190.26697
  20
213.52384
  0
VERTEX
  5
6bd
  8
Layer_0
  10
190.37739
  20
213.70188
  0
VERTEX
  5
6be
  8
Layer_0
  10
190.46231
  20
213.8529
  0
VERTEX
  5
6bf
  8
Layer_0
  10
190.51949
  20
213.97911
  0
VERTEX
  5
6c0
  8
Layer_0
  10
190.5467
  20
214.08271
  0
VERTEX
  5
6c1
  8
Layer_0
  10
190.5417
  20
214.16594
  0
VERTEX
  5
6c2
  8
Layer_0
  10
190.50224
  20
214.231
  0
VERTEX
  5
6c3
  8
Layer_0
  10
190.4261
  20
214.28011
  0
VERTEX
  5
6c4
  8
Layer_0
  10
190.31104
  20
214.31548
  0
VERTEX
  5
6c5
  8
Layer_0
  10
190.15481
  20
214.33933
  0
VERTEX
  5
6c6
  8
Layer_0
  10
189.95518
  20
214.35388
  0
VERTEX
  5
6c7
  8
Layer_0
  10
189.70992
  20
214.36134
  0
VERTEX
  5
6c8
  8
Layer_0
  10
189.41678
  20
214.36392
  0
VERTEX
  5
6c9
  8
Layer_0
  10
189.07353
  20
214.36385
  0
VERTEX
  5
6ca
  8
Layer_0
  10
188.67793
  20
214.36333
  0
VERTEX
  5
6cb
  8
Layer_0
  10
186.69669
  20
214.36333
  0
VERTEX
  5
6cc
  8
Layer_0
  10
186.09174
  20
213.81888
  0
VERTEX
  5
6cd
  8
Layer_0
  10
185.76809
  20
213.55804
  0
VERTEX
  5
6ce
  8
Layer_0
  10
185.38825
  20
213.30324
  0
VERTEX
  5
6cf
  8
Layer_0
  10
184.97119
  20
213.06333
  0
VERTEX
  5
6d0
  8
Layer_0
  10
184.53588
  20
212.84716
  0
VERTEX
  5
6d1
  8
Layer_0
  10
184.10127
  20
212.66361
  0
VERTEX
  5
6d2
  8
Layer_0
  10
183.68634
  20
212.52153
  0
VERTEX
  5
6d3
  8
Layer_0
  10
183.31004
  20
212.42978
  0
VERTEX
  5
6d4
  8
Layer_0
  10
182.99135
  20
212.39723
  0
VERTEX
  5
6d5
  8
Layer_0
  10
182.69903
  20
212.41587
  0
VERTEX
  5
6d6
  8
Layer_0
  10
182.45634
  20
212.47261
  0
VERTEX
  5
6d7
  8
Layer_0
  10
182.26186
  20
212.5687
  0
VERTEX
  5
6d8
  8
Layer_0
  10
182.11416
  20
212.70538
  0
VERTEX
  5
6d9
  8
Layer_0
  10
182.01184
  20
212.88388
  0
VERTEX
  5
6da
  8
Layer_0
  10
181.95347
  20
213.10545
  0
VERTEX
  5
6db
  8
Layer_0
  10
181.93764
  20
213.37133
  0
VERTEX
  5
6dc
  8
Layer_0
  10
181.96292
  20
213.68276
  0
VERTEX
  5
6dd
  8
Layer_0
  10
182.06879
  20
214.36333
  0
VERTEX
  5
6de
  8
Layer_0
  10
180.2388
  20
214.36333
  0
VERTEX
  5
6df
  8
Layer_0
  10
178.39368
  20
214.36333
  0
VERTEX
  5
6e0
  8
Layer_0
  10
176.98717
  20
213.06268
  0
VERTEX
  5
6e1
  8
Layer_0
  10
176.39977
  20
212.52963
  0
VERTEX
  5
6e2
  8
Layer_0
  10
175.83477
  20
212.03673
  0
VERTEX
  5
6e3
  8
Layer_0
  10
175.29294
  20
211.58442
  0
VERTEX
  5
6e4
  8
Layer_0
  10
174.77506
  20
211.17314
  0
VERTEX
  5
6e5
  8
Layer_0
  10
174.28191
  20
210.80333
  0
VERTEX
  5
6e6
  8
Layer_0
  10
173.81425
  20
210.47543
  0
VERTEX
  5
6e7
  8
Layer_0
  10
173.37287
  20
210.18989
  0
VERTEX
  5
6e8
  8
Layer_0
  10
172.95854
  20
209.94716
  0
VERTEX
  5
6e9
  8
Layer_0
  10
172.57204
  20
209.74767
  0
VERTEX
  5
6ea
  8
Layer_0
  10
172.21413
  20
209.59186
  0
VERTEX
  5
6eb
  8
Layer_0
  10
171.88561
  20
209.48019
  0
VERTEX
  5
6ec
  8
Layer_0
  10
171.58723
  20
209.4131
  0
VERTEX
  5
6ed
  8
Layer_0
  10
171.31978
  20
209.39102
  0
VERTEX
  5
6ee
  8
Layer_0
  10
171.08404
  20
209.4144
  0
VERTEX
  5
6ef
  8
Layer_0
  10
170.88077
  20
209.48368
  0
VERTEX
  5
6f0
  8
Layer_0
  10
170.71075
  20
209.59931
  42
-0.2113091
  0
VERTEX
  5
6f1
  8
Layer_0
  10
170.40828
  20
210.27988
  0
VERTEX
  5
6f2
  8
Layer_0
  10
170.42745
  20
210.52872
  0
VERTEX
  5
6f3
  8
Layer_0
  10
170.48224
  20
210.83569
  0
VERTEX
  5
6f4
  8
Layer_0
  10
170.56858
  20
211.18803
  0
VERTEX
  5
6f5
  8
Layer_0
  10
170.6824
  20
211.57298
  0
VERTEX
  5
6f6
  8
Layer_0
  10
170.97613
  20
212.38967
  0
VERTEX
  5
6f7
  8
Layer_0
  10
171.33083
  20
213.18367
  0
VERTEX
  5
6f8
  8
Layer_0
  10
171.50145
  20
213.53577
  0
VERTEX
  5
6f9
  8
Layer_0
  10
171.64087
  20
213.84534
  0
VERTEX
  5
6fa
  8
Layer_0
  10
171.69446
  20
213.97442
  0
VERTEX
  5
6fb
  8
Layer_0
  10
171.73492
  20
214.08118
  0
VERTEX
  5
6fc
  8
Layer_0
  10
171.7605
  20
214.1617
  0
VERTEX
  5
6fd
  8
Layer_0
  10
171.76942
  20
214.21209
  0
VERTEX
  5
6fe
  8
Layer_0
  10
171.73862
  20
214.24464
  0
VERTEX
  5
6ff
  8
Layer_0
  10
171.64772
  20
214.27401
  0
VERTEX
  5
700
  8
Layer_0
  10
171.49906
  20
214.29982
  0
VERTEX
  5
701
  8
Layer_0
  10
171.29491
  20
214.32174
  0
VERTEX
  5
702
  8
Layer_0
  10
171.0376
  20
214.3394
  0
VERTEX
  5
703
  8
Layer_0
  10
170.72942
  20
214.35246
  0
VERTEX
  5
704
  8
Layer_0
  10
170.37268
  20
214.36055
  0
VERTEX
  5
705
  8
Layer_0
  10
169.96968
  20
214.36333
  0
VERTEX
  5
706
  8
Layer_0
  10
168.16994
  20
214.36333
  0
VERTEX
  5
707
  8
Layer_0
  10
166.70293
  20
213.13829
  0
VERTEX
  5
708
  8
Layer_0
  10
166.19984
  20
212.73054
  0
VERTEX
  5
709
  8
Layer_0
  10
165.71178
  20
212.34683
  0
VERTEX
  5
70a
  8
Layer_0
  10
165.23922
  20
211.9875
  0
VERTEX
  5
70b
  8
Layer_0
  10
164.78266
  20
211.65285
  0
VERTEX
  5
70c
  8
Layer_0
  10
164.34259
  20
211.34319
  0
VERTEX
  5
70d
  8
Layer_0
  10
163.91948
  20
211.05882
  0
VERTEX
  5
70e
  8
Layer_0
  10
163.51383
  20
210.80007
  0
VERTEX
  5
70f
  8
Layer_0
  10
163.12613
  20
210.56724
  0
VERTEX
  5
710
  8
Layer_0
  10
162.75685
  20
210.36063
  0
VERTEX
  5
711
  8
Layer_0
  10
162.4065
  20
210.18057
  0
VERTEX
  5
712
  8
Layer_0
  10
162.07555
  20
210.02736
  0
VERTEX
  5
713
  8
Layer_0
  10
161.7645
  20
209.90131
  0
VERTEX
  5
714
  8
Layer_0
  10
161.47383
  20
209.80273
  0
VERTEX
  5
715
  8
Layer_0
  10
161.20403
  20
209.73194
  0
VERTEX
  5
716
  8
Layer_0
  10
160.95559
  20
209.68923
  0
VERTEX
  5
717
  8
Layer_0
  10
160.72899
  20
209.67493
  42
-0.28927939
  0
VERTEX
  5
718
  8
Layer_0
  10
160.07866
  20
210.09839
  0
VERTEX
  5
719
  8
Layer_0
  10
159.98745
  20
210.32508
  0
VERTEX
  5
71a
  8
Layer_0
  10
159.95578
  20
210.5592
  0
VERTEX
  5
71b
  8
Layer_0
  10
159.98934
  20
210.81247
  0
VERTEX
  5
71c
  8
Layer_0
  10
160.09379
  20
211.09657
  0
VERTEX
  5
71d
  8
Layer_0
  10
160.2748
  20
211.42321
  0
VERTEX
  5
71e
  8
Layer_0
  10
160.53805
  20
211.80409
  0
VERTEX
  5
71f
  8
Layer_0
  10
160.70229
  20
212.01852
  0
VERTEX
  5
720
  8
Layer_0
  10
160.88921
  20
212.25089
  0
VERTEX
  5
721
  8
Layer_0
  10
161.09953
  20
212.50267
  0
VERTEX
  5
722
  8
Layer_0
  10
161.33395
  20
212.77532
  0
VERTEX
  5
723
  8
Layer_0
  10
161.77774
  20
213.2893
  0
VERTEX
  5
724
  8
Layer_0
  10
162.15064
  20
213.7338
  0
VERTEX
  5
725
  8
Layer_0
  10
162.29721
  20
213.91538
  0
VERTEX
  5
726
  8
Layer_0
  10
162.4101
  20
214.06204
  0
VERTEX
  5
727
  8
Layer_0
  10
162.48401
  20
214.16793
  0
VERTEX
  5
728
  8
Layer_0
  10
162.51361
  20
214.22722
  0
VERTEX
  5
729
  8
Layer_0
  10
162.48605
  20
214.25478
  0
VERTEX
  5
72a
  8
Layer_0
  10
162.38387
  20
214.28039
  0
VERTEX
  5
72b
  8
Layer_0
  10
162.21187
  20
214.30352
  0
VERTEX
  5
72c
  8
Layer_0
  10
161.97482
  20
214.32363
  0
VERTEX
  5
72d
  8
Layer_0
  10
161.67751
  20
214.3402
  0
VERTEX
  5
72e
  8
Layer_0
  10
161.32473
  20
214.3527
  0
VERTEX
  5
72f
  8
Layer_0
  10
160.92126
  20
214.36058
  0
VERTEX
  5
730
  8
Layer_0
  10
160.47189
  20
214.36333
  0
VERTEX
  5
731
  8
Layer_0
  10
158.3848
  20
214.36333
  0
VERTEX
  5
732
  8
Layer_0
  10
156.50943
  20
213.0173
  0
VERTEX
  5
733
  8
Layer_0
  10
156.16225
  20
212.77008
  0
VERTEX
  5
734
  8
Layer_0
  10
155.84888
  20
212.54811
  0
VERTEX
  5
735
  8
Layer_0
  10
155.56413
  20
212.3483
  0
VERTEX
  5
736
  8
Layer_0
  10
155.30282
  20
212.16753
  0
VERTEX
  5
737
  8
Layer_0
  10
154.82979
  20
211.85076
  0
VERTEX
  5
738
  8
Layer_0
  10
154.3883
  20
211.57298
  0
VERTEX
  5
739
  8
Layer_0
  10
153.93689
  20
211.30937
  0
VERTEX
  5
73a
  8
Layer_0
  10
153.43408
  20
211.03513
  0
VERTEX
  5
73b
  8
Layer_0
  10
153.15044
  20
210.88627
  0
VERTEX
  5
73c
  8
Layer_0
  10
152.8384
  20
210.72545
  0
VERTEX
  5
73d
  8
Layer_0
  10
152.49278
  20
210.54956
  0
VERTEX
  5
73e
  8
Layer_0
  10
152.10838
  20
210.3555
  0
VERTEX
  5
73f
  8
Layer_0
  10
150.96204
  20
209.81837
  0
VERTEX
  5
740
  8
Layer_0
  10
149.79726
  20
209.36489
  0
VERTEX
  5
741
  8
Layer_0
  10
148.62256
  20
208.99648
  0
VERTEX
  5
742
  8
Layer_0
  10
147.44644
  20
208.71456
  0
VERTEX
  5
743
  8
Layer_0
  10
146.27741
  20
208.52055
  0
VERTEX
  5
744
  8
Layer_0
  10
145.12398
  20
208.41586
  0
VERTEX
  5
745
  8
Layer_0
  10
143.99465
  20
208.40192
  0
VERTEX
  5
746
  8
Layer_0
  10
142.89793
  20
208.48014
  0
VERTEX
  5
747
  8
Layer_0
  10
142.34972
  20
208.55514
  0
VERTEX
  5
748
  8
Layer_0
  10
141.87825
  20
208.63493
  0
VERTEX
  5
749
  8
Layer_0
  10
141.47378
  20
208.72286
  0
VERTEX
  5
74a
  8
Layer_0
  10
141.12655
  20
208.82232
  0
VERTEX
  5
74b
  8
Layer_0
  10
140.82682
  20
208.93666
  0
VERTEX
  5
74c
  8
Layer_0
  10
140.56484
  20
209.06926
  0
VERTEX
  5
74d
  8
Layer_0
  10
140.33086
  20
209.22349
  0
VERTEX
  5
74e
  8
Layer_0
  10
140.11514
  20
209.4027
  0
VERTEX
  5
74f
  8
Layer_0
  10
139.77536
  20
209.77279
  0
VERTEX
  5
750
  8
Layer_0
  10
139.52017
  20
210.16572
  0
VERTEX
  5
751
  8
Layer_0
  10
139.3473
  20
210.57739
  0
VERTEX
  5
752
  8
Layer_0
  10
139.2545
  20
211.0037
  0
VERTEX
  5
753
  8
Layer_0
  10
139.2395
  20
211.44056
  0
VERTEX
  5
754
  8
Layer_0
  10
139.30004
  20
211.88387
  0
VERTEX
  5
755
  8
Layer_0
  10
139.43388
  20
212.32953
  0
VERTEX
  5
756
  8
Layer_0
  10
139.63874
  20
212.77343
  0
VERTEX
  5
757
  8
Layer_0
  10
139.91236
  20
213.21149
  0
VERTEX
  5
758
  8
Layer_0
  10
140.25249
  20
213.6396
  0
VERTEX
  5
759
  8
Layer_0
  10
140.65687
  20
214.05366
  0
VERTEX
  5
75a
  8
Layer_0
  10
141.12324
  20
214.44958
  0
VERTEX
  5
75b
  8
Layer_0
  10
141.64933
  20
214.82326
  0
VERTEX
  5
75c
  8
Layer_0
  10
142.2329
  20
215.1706
  0
VERTEX
  5
75d
  8
Layer_0
  10
142.87167
  20
215.48749
  0
VERTEX
  5
75e
  8
Layer_0
  10
143.56339
  20
215.76985
  0
VERTEX
  5
75f
  8
Layer_0
  10
144.14131
  20
215.96156
  0
VERTEX
  5
760
  8
Layer_0
  10
144.71304
  20
216.10683
  0
VERTEX
  5
761
  8
Layer_0
  10
145.32198
  20
216.20744
  0
VERTEX
  5
762
  8
Layer_0
  10
146.01156
  20
216.26516
  0
VERTEX
  5
763
  8
Layer_0
  10
146.40016
  20
216.27849
  0
VERTEX
  5
764
  8
Layer_0
  10
146.82521
  20
216.28176
  0
VERTEX
  5
765
  8
Layer_0
  10
147.29213
  20
216.2752
  0
VERTEX
  5
766
  8
Layer_0
  10
147.80634
  20
216.25902
  0
VERTEX
  5
767
  8
Layer_0
  10
148.37329
  20
216.23344
  0
VERTEX
  5
768
  8
Layer_0
  10
148.99838
  20
216.1987
  0
VERTEX
  5
769
  8
Layer_0
  10
149.68706
  20
216.155
  0
VERTEX
  5
76a
  8
Layer_0
  10
150.44475
  20
216.10258
  0
VERTEX
  5
76b
  8
Layer_0
  10
150.7978
  20
216.07969
  0
VERTEX
  5
76c
  8
Layer_0
  10
151.08562
  20
216.06973
  0
VERTEX
  5
76d
  8
Layer_0
  10
151.32524
  20
216.07573
  0
VERTEX
  5
76e
  8
Layer_0
  10
151.53367
  20
216.10069
  0
VERTEX
  5
76f
  8
Layer_0
  10
151.72792
  20
216.14762
  0
VERTEX
  5
770
  8
Layer_0
  10
151.925
  20
216.21955
  0
VERTEX
  5
771
  8
Layer_0
  10
152.14193
  20
216.31948
  0
VERTEX
  5
772
  8
Layer_0
  10
152.39573
  20
216.45043
  0
VERTEX
  5
773
  8
Layer_0
  10
152.71992
  20
216.62884
  0
VERTEX
  5
774
  8
Layer_0
  10
152.96737
  20
216.78032
  0
VERTEX
  5
775
  8
Layer_0
  10
153.13931
  20
216.90769
  0
VERTEX
  5
776
  8
Layer_0
  10
153.237
  20
217.01379
  0
VERTEX
  5
777
  8
Layer_0
  10
153.26166
  20
217.10146
  0
VERTEX
  5
778
  8
Layer_0
  10
153.21455
  20
217.17354
  0
VERTEX
  5
779
  8
Layer_0
  10
153.09689
  20
217.23285
  0
VERTEX
  5
77a
  8
Layer_0
  10
152.90994
  20
217.28224
  0
VERTEX
  5
77b
  8
Layer_0
  10
151.57603
  20
217.53238
  0
VERTEX
  5
77c
  8
Layer_0
  10
150.24956
  20
217.73785
  0
VERTEX
  5
77d
  8
Layer_0
  10
148.94506
  20
217.89795
  0
VERTEX
  5
77e
  8
Layer_0
  10
147.67708
  20
218.01197
  0
VERTEX
  5
77f
  8
Layer_0
  10
146.46014
  20
218.0792
  0
VERTEX
  5
780
  8
Layer_0
  10
145.30878
  20
218.09893
  0
VERTEX
  5
781
  8
Layer_0
  10
144.76223
  20
218.09076
  0
VERTEX
  5
782
  8
Layer_0
  10
144.23752
  20
218.07046
  0
VERTEX
  5
783
  8
Layer_0
  10
143.73647
  20
218.03792
  0
VERTEX
  5
784
  8
Layer_0
  10
143.26091
  20
217.99306
  0
VERTEX
  5
785
  8
Layer_0
  10
142.63117
  20
217.91627
  0
VERTEX
  5
786
  8
Layer_0
  10
142.04417
  20
217.8324
  0
VERTEX
  5
787
  8
Layer_0
  10
141.49656
  20
217.74007
  0
VERTEX
  5
788
  8
Layer_0
  10
140.985
  20
217.63789
  0
VERTEX
  5
789
  8
Layer_0
  10
140.50613
  20
217.52445
  0
VERTEX
  5
78a
  8
Layer_0
  10
140.05662
  20
217.39836
  0
VERTEX
  5
78b
  8
Layer_0
  10
139.63312
  20
217.25822
  0
VERTEX
  5
78c
  8
Layer_0
  10
139.23228
  20
217.10264
  0
VERTEX
  5
78d
  8
Layer_0
  10
138.48522
  20
216.73958
  0
VERTEX
  5
78e
  8
Layer_0
  10
137.78866
  20
216.29801
  0
VERTEX
  5
78f
  8
Layer_0
  10
137.45096
  20
216.04429
  0
VERTEX
  5
790
  8
Layer_0
  10
137.11585
  20
215.76675
  0
VERTEX
  5
791
  8
Layer_0
  10
136.77999
  20
215.464
  0
VERTEX
  5
792
  8
Layer_0
  10
136.44003
  20
215.13465
  0
VERTEX
  5
793
  8
Layer_0
  10
136.08417
  20
214.7643
  0
VERTEX
  5
794
  8
Layer_0
  10
135.75958
  20
214.3908
  0
VERTEX
  5
795
  8
Layer_0
  10
135.46636
  20
214.01456
  0
VERTEX
  5
796
  8
Layer_0
  10
135.2046
  20
213.63597
  0
VERTEX
  5
797
  8
Layer_0
  10
134.97439
  20
213.25543
  0
VERTEX
  5
798
  8
Layer_0
  10
134.77582
  20
212.87333
  0
VERTEX
  5
799
  8
Layer_0
  10
134.60897
  20
212.49009
  0
VERTEX
  5
79a
  8
Layer_0
  10
134.47393
  20
212.10609
  0
VERTEX
  5
79b
  8
Layer_0
  10
134.3708
  20
211.72174
  0
VERTEX
  5
79c
  8
Layer_0
  10
134.29965
  20
211.33743
  0
VERTEX
  5
79d
  8
Layer_0
  10
134.26059
  20
210.95357
  0
VERTEX
  5
79e
  8
Layer_0
  10
134.25369
  20
210.57055
  0
VERTEX
  5
79f
  8
Layer_0
  10
134.27905
  20
210.18876
  0
VERTEX
  5
7a0
  8
Layer_0
  10
134.33675
  20
209.80862
  0
VERTEX
  5
7a1
  8
Layer_0
  10
134.42689
  20
209.43052
  0
VERTEX
  5
7a2
  8
Layer_0
  10
134.54955
  20
209.05485
  0
VERTEX
  5
7a3
  8
Layer_0
  10
134.75697
  20
208.59638
  0
VERTEX
  5
7a4
  8
Layer_0
  10
135.02007
  20
208.16325
  0
VERTEX
  5
7a5
  8
Layer_0
  10
135.33603
  20
207.75671
  0
VERTEX
  5
7a6
  8
Layer_0
  10
135.70204
  20
207.37799
  0
VERTEX
  5
7a7
  8
Layer_0
  10
136.11527
  20
207.02834
  0
VERTEX
  5
7a8
  8
Layer_0
  10
136.57293
  20
206.70899
  0
VERTEX
  5
7a9
  8
Layer_0
  10
137.07219
  20
206.4212
  0
VERTEX
  5
7aa
  8
Layer_0
  10
137.61025
  20
206.16619
  0
VERTEX
  5
7ab
  8
Layer_0
  10
138.18428
  20
205.94521
  0
VERTEX
  5
7ac
  8
Layer_0
  10
138.79147
  20
205.7595
  0
VERTEX
  5
7ad
  8
Layer_0
  10
139.42902
  20
205.6103
  0
VERTEX
  5
7ae
  8
Layer_0
  10
140.09411
  20
205.49885
  0
VERTEX
  5
7af
  8
Layer_0
  10
140.78392
  20
205.42639
  0
VERTEX
  5
7b0
  8
Layer_0
  10
141.49564
  20
205.39416
  0
VERTEX
  5
7b1
  8
Layer_0
  10
142.22645
  20
205.40341
  0
VERTEX
  5
7b2
  8
Layer_0
  10
142.97355
  20
205.45537
  0
VERTEX
  5
7b3
  8
Layer_0
  10
143.52767
  20
205.51175
  0
VERTEX
  5
7b4
  8
Layer_0
  10
144.06035
  20
205.57754
  0
VERTEX
  5
7b5
  8
Layer_0
  10
144.56147
  20
205.65076
  0
VERTEX
  5
7b6
  8
Layer_0
  10
145.02095
  20
205.72949
  0
VERTEX
  5
7b7
  8
Layer_0
  10
145.42867
  20
205.81175
  0
VERTEX
  5
7b8
  8
Layer_0
  10
145.77454
  20
205.89561
  0
VERTEX
  5
7b9
  8
Layer_0
  10
146.04846
  20
205.97912
  0
VERTEX
  5
7ba
  8
Layer_0
  10
146.24031
  20
206.06032
  0
VERTEX
  5
7bb
  8
Layer_0
  10
146.48229
  20
206.15673
  0
VERTEX
  5
7bc
  8
Layer_0
  10
146.67891
  20
206.19643
  0
VERTEX
  5
7bd
  8
Layer_0
  10
146.79034
  20
206.22004
  0
VERTEX
  5
7be
  8
Layer_0
  10
146.97769
  20
206.28815
  0
VERTEX
  5
7bf
  8
Layer_0
  10
147.23323
  20
206.39672
  0
VERTEX
  5
7c0
  8
Layer_0
  10
147.54924
  20
206.54168
  0
VERTEX
  5
7c1
  8
Layer_0
  10
147.91797
  20
206.719
  0
VERTEX
  5
7c2
  8
Layer_0
  10
148.33169
  20
206.9246
  0
VERTEX
  5
7c3
  8
Layer_0
  10
148.78268
  20
207.15443
  0
VERTEX
  5
7c4
  8
Layer_0
  10
149.2632
  20
207.40446
  0
VERTEX
  5
7c5
  8
Layer_0
  10
150.2819
  20
207.94883
  0
VERTEX
  5
7c6
  8
Layer_0
  10
151.32595
  20
208.52528
  0
VERTEX
  5
7c7
  8
Layer_0
  10
151.83815
  20
208.8154
  0
VERTEX
  5
7c8
  8
Layer_0
  10
152.33349
  20
209.10137
  0
VERTEX
  5
7c9
  8
Layer_0
  10
152.80424
  20
209.37915
  0
VERTEX
  5
7ca
  8
Layer_0
  10
153.24267
  20
209.64468
  0
VERTEX
  5
7cb
  8
Layer_0
  10
153.60935
  20
209.86799
  0
VERTEX
  5
7cc
  8
Layer_0
  10
153.9394
  20
210.06788
  0
VERTEX
  5
7cd
  8
Layer_0
  10
154.23485
  20
210.2454
  0
VERTEX
  5
7ce
  8
Layer_0
  10
154.49772
  20
210.40158
  0
VERTEX
  5
7cf
  8
Layer_0
  10
154.73001
  20
210.53747
  0
VERTEX
  5
7d0
  8
Layer_0
  10
154.93374
  20
210.65411
  0
VERTEX
  5
7d1
  8
Layer_0
  10
155.11093
  20
210.75254
  0
VERTEX
  5
7d2
  8
Layer_0
  10
155.2636
  20
210.8338
  0
VERTEX
  5
7d3
  8
Layer_0
  10
155.50342
  20
210.94897
  0
VERTEX
  5
7d4
  8
Layer_0
  10
155.66934
  20
211.00796
  0
VERTEX
  5
7d5
  8
Layer_0
  10
155.77748
  20
211.01909
  0
VERTEX
  5
7d6
  8
Layer_0
  10
155.84398
  20
210.99071
  0
VERTEX
  5
7d7
  8
Layer_0
  10
155.85558
  20
210.94392
  0
VERTEX
  5
7d8
  8
Layer_0
  10
155.8461
  20
210.8631
  0
VERTEX
  5
7d9
  8
Layer_0
  10
155.81713
  20
210.7525
  0
VERTEX
  5
7da
  8
Layer_0
  10
155.77025
  20
210.61639
  0
VERTEX
  5
7db
  8
Layer_0
  10
155.62917
  20
210.28461
  0
SEQEND
  0
POLYLINE
  5
7dd
  8
Layer_0
  62
7
  70
1
  66
1
  10
0
  20
0
  30
0
  0
VERTEX
  5
7dd
  8
Layer_0
  10
122.38721
  20
200.0396
  0
VERTEX
  5
7de
  8
Layer_0
  10
122.62381
  20
200.03961
  0
VERTEX
  5
7df
  8
Layer_0
  10
122.83022
  20
200.03949
  0
VERTEX
  5
7e0
  8
Layer_0
  10
123.00862
  20
200.03898
  0
VERTEX
  5
7e1
  8
Layer_0
  10
123.1612
  20
200.03784
  0
VERTEX
  5
7e2
  8
Layer_0
  10
123.39763
  20
200.03267
  0
VERTEX
  5
7e3
  8
Layer_0
  10
123.557
  20
200.02201
  0
VERTEX
  5
7e4
  8
Layer_0
  10
123.65677
  20
200.00387
  0
VERTEX
  5
7e5
  8
Layer_0
  10
123.71443
  20
199.97627
  0
VERTEX
  5
7e6
  8
Layer_0
  10
123.74747
  20
199.93724
  0
VERTEX
  5
7e7
  8
Layer_0
  10
123.77336
  20
199.8848
  42
-0.33404819
  0
VERTEX
  5
7e8
  8
Layer_0
  10
123.70065
  20
199.57286
  0
VERTEX
  5
7e9
  8
Layer_0
  10
123.61856
  20
199.50015
  0
VERTEX
  5
7ea
  8
Layer_0
  10
122.39893
  20
199.50015
  0
VERTEX
  5
7eb
  8
Layer_0
  10
121.17696
  20
199.50015
  0
VERTEX
  5
7ec
  8
Layer_0
  10
121.09721
  20
199.5799
  42
-0.19891237
  0
VERTEX
  5
7ed
  8
Layer_0
  10
121.01746
  20
199.76987
  42
-0.19891237
  0
VERTEX
  5
7ee
  8
Layer_0
  10
121.09721
  20
199.95985
  0
VERTEX
  5
7ef
  8
Layer_0
  10
121.17696
  20
200.0396
  0
VERTEX
  5
7f0
  8
Layer_0
  10
122.38721
  20
200.0396
  0
SEQEND
  0
POLYLINE
  5
7f2
  8
Layer_0
  62
7
  70
1
  66
1
  10
0
  20
0
  30
0
  0
VERTEX
  5
7f2
  8
Layer_0
  10
119.42726
  20
197.89586
  0
VERTEX
  5
7f3
  8
Layer_0
  10
119.42458
  20
198.03781
  0
VERTEX
  5
7f4
  8
Layer_0
  10
119.41861
  20
198.14353
  0
VERTEX
  5
7f5
  8
Layer_0
  10
119.4045
  20
198.21835
  0
VERTEX
  5
7f6
  8
Layer_0
  10
119.37742
  20
198.26762
  0
VERTEX
  5
7f7
  8
Layer_0
  10
119.33252
  20
198.29665
  0
VERTEX
  5
7f8
  8
Layer_0
  10
119.26498
  20
198.31079
  0
VERTEX
  5
7f9
  8
Layer_0
  10
119.16995
  20
198.31536
  0
VERTEX
  5
7fa
  8
Layer_0
  10
119.0426
  20
198.3157
  0
VERTEX
  5
7fb
  8
Layer_0
  10
118.8848
  20
198.31449
  0
VERTEX
  5
7fc
  8
Layer_0
  10
118.79516
  20
198.30778
  0
VERTEX
  5
7fd
  8
Layer_0
  10
118.74774
  20
198.29096
  0
VERTEX
  5
7fe
  8
Layer_0
  10
118.71659
  20
198.25941
  0
VERTEX
  5
7ff
  8
Layer_0
  10
118.70255
  20
198.23747
  0
VERTEX
  5
800
  8
Layer_0
  10
118.69181
  20
198.20132
  0
VERTEX
  5
801
  8
Layer_0
  10
118.68393
  20
198.13741
  0
VERTEX
  5
802
  8
Layer_0
  10
118.67847
  20
198.03219
  0
VERTEX
  5
803
  8
Layer_0
  10
118.67499
  20
197.87211
  0
VERTEX
  5
804
  8
Layer_0
  10
118.67305
  20
197.64362
  0
VERTEX
  5
805
  8
Layer_0
  10
118.67221
  20
197.33316
  0
VERTEX
  5
806
  8
Layer_0
  10
118.67202
  20
196.9272
  0
VERTEX
  5
807
  8
Layer_0
  10
118.67207
  20
196.68979
  0
VERTEX
  5
808
  8
Layer_0
  10
118.67233
  20
196.48113
  0
VERTEX
  5
809
  8
Layer_0
  10
118.67292
  20
196.2993
  0
VERTEX
  5
80a
  8
Layer_0
  10
118.674
  20
196.14239
  0
VERTEX
  5
80b
  8
Layer_0
  10
118.67821
  20
195.89562
  0
VERTEX
  5
80c
  8
Layer_0
  10
118.6861
  20
195.72545
  0
VERTEX
  5
80d
  8
Layer_0
  10
118.69882
  20
195.61652
  0
VERTEX
  5
80e
  8
Layer_0
  10
118.71754
  20
195.55346
  0
VERTEX
  5
80f
  8
Layer_0
  10
118.7434
  20
195.52091
  0
VERTEX
  5
810
  8
Layer_0
  10
118.77757
  20
195.50351
  0
VERTEX
  5
811
  8
Layer_0
  10
118.88341
  20
195.49384
  0
VERTEX
  5
812
  8
Layer_0
  10
119.08248
  20
195.48944
  0
VERTEX
  5
813
  8
Layer_0
  10
119.19877
  20
195.48962
  0
VERTEX
  5
814
  8
Layer_0
  10
119.28503
  20
195.49439
  0
VERTEX
  5
815
  8
Layer_0
  10
119.34572
  20
195.51009
  0
VERTEX
  5
816
  8
Layer_0
  10
119.38533
  20
195.54309
  0
VERTEX
  5
817
  8
Layer_0
  10
119.40834
  20
195.59973
  0
VERTEX
  5
818
  8
Layer_0
  10
119.41923
  20
195.68635
  0
VERTEX
  5
819
  8
Layer_0
  10
119.42248
  20
195.8093
  0
VERTEX
  5
81a
  8
Layer_0
  10
119.42257
  20
195.97495
  0
VERTEX
  5
81b
  8
Layer_0
  10
119.42256
  20
196.35725
  0
VERTEX
  5
81c
  8
Layer_0
  10
119.4812
  20
196.39478
  42
-0.17866355
  0
VERTEX
  5
81d
  8
Layer_0
  10
119.62662
  20
196.42058
  0
VERTEX
  5
81e
  8
Layer_0
  10
119.71373
  20
196.3961
  0
VERTEX
  5
81f
  8
Layer_0
  10
119.76236
  20
196.33732
  0
VERTEX
  5
820
  8
Layer_0
  10
119.77644
  20
196.28379
  0
VERTEX
  5
821
  8
Layer_0
  10
119.78593
  20
196.20817
  0
VERTEX
  5
822
  8
Layer_0
  10
119.7925
  20
196.10594
  0
VERTEX
  5
823
  8
Layer_0
  10
119.79784
  20
195.9726
  0
VERTEX
  5
824
  8
Layer_0
  10
119.80501
  20
195.81077
  0
VERTEX
  5
825
  8
Layer_0
  10
119.81785
  20
195.68763
  0
VERTEX
  5
826
  8
Layer_0
  10
119.84179
  20
195.59792
  0
VERTEX
  5
827
  8
Layer_0
  10
119.88227
  20
195.53635
  0
VERTEX
  5
828
  8
Layer_0
  10
119.94475
  20
195.49765
  0
VERTEX
  5
829
  8
Layer_0
  10
120.03465
  20
195.47654
  0
VERTEX
  5
82a
  8
Layer_0
  10
120.15743
  20
195.46774
  0
VERTEX
  5
82b
  8
Layer_0
  10
120.31852
  20
195.46598
  0
VERTEX
  5
82c
  8
Layer_0
  10
120.56949
  20
195.46599
  0
VERTEX
  5
82d
  8
Layer_0
  10
120.69379
  20
195.35574
  42
-0.014966478
  0
VERTEX
  5
82e
  8
Layer_0
  10
120.9729
  20
195.09775
  42
0.041457188
  0
VERTEX
  5
82f
  8
Layer_0
  10
121.18399
  20
194.90778
  0
VERTEX
  5
830
  8
Layer_0
  10
121.21028
  20
194.89527
  0
VERTEX
  5
831
  8
Layer_0
  10
121.26015
  20
194.8856
  0
VERTEX
  5
832
  8
Layer_0
  10
121.34817
  20
194.87829
  0
VERTEX
  5
833
  8
Layer_0
  10
121.4889
  20
194.87288
  0
VERTEX
  5
834
  8
Layer_0
  10
121.69692
  20
194.8689
  0
VERTEX
  5
835
  8
Layer_0
  10
121.98679
  20
194.86588
  0
VERTEX
  5
836
  8
Layer_0
  10
122.16698
  20
194.86459
  0
VERTEX
  5
837
  8
Layer_0
  10
122.37309
  20
194.86336
  0
VERTEX
  5
838
  8
Layer_0
  10
122.60694
  20
194.86213
  0
VERTEX
  5
839
  8
Layer_0
  10
122.87037
  20
194.86086
  0
VERTEX
  5
83a
  8
Layer_0
  10
123.25082
  20
194.85955
  0
VERTEX
  5
83b
  8
Layer_0
  10
123.58452
  20
194.85914
  0
VERTEX
  5
83c
  8
Layer_0
  10
123.87111
  20
194.85966
  0
VERTEX
  5
83d
  8
Layer_0
  10
124.11023
  20
194.86115
  0
VERTEX
  5
83e
  8
Layer_0
  10
124.30152
  20
194.86363
  0
VERTEX
  5
83f
  8
Layer_0
  10
124.44464
  20
194.86713
  0
VERTEX
  5
840
  8
Layer_0
  10
124.53921
  20
194.87167
  0
VERTEX
  5
841
  8
Layer_0
  10
124.58489
  20
194.87728
  42
0.12919895
  0
VERTEX
  5
842
  8
Layer_0
  10
124.72562
  20
194.96407
  0
VERTEX
  5
843
  8
Layer_0
  10
124.75735
  20
195.0069
  0
VERTEX
  5
844
  8
Layer_0
  10
124.77545
  20
195.07459
  0
VERTEX
  5
845
  8
Layer_0
  10
124.78118
  20
195.13046
  0
VERTEX
  5
846
  8
Layer_0
  10
124.78564
  20
195.2078
  0
VERTEX
  5
847
  8
Layer_0
  10
124.78955
  20
195.31169
  0
VERTEX
  5
848
  8
Layer_0
  10
124.79363
  20
195.44722
  0
VERTEX
  5
849
  8
Layer_0
  10
124.79831
  20
195.61499
  0
VERTEX
  5
84a
  8
Layer_0
  10
124.8047
  20
195.73916
  0
VERTEX
  5
84b
  8
Layer_0
  10
124.81713
  20
195.82628
  0
VERTEX
  5
84c
  8
Layer_0
  10
124.83995
  20
195.88289
  0
VERTEX
  5
84d
  8
Layer_0
  10
124.87751
  20
195.91553
  0
VERTEX
  5
84e
  8
Layer_0
  10
124.93414
  20
195.93075
  0
VERTEX
  5
84f
  8
Layer_0
  10
125.01419
  20
195.93508
  0
VERTEX
  5
850
  8
Layer_0
  10
125.12199
  20
195.93507
  0
VERTEX
  5
851
  8
Layer_0
  10
125.23105
  20
195.93451
  0
VERTEX
  5
852
  8
Layer_0
  10
125.31282
  20
195.92965
  0
VERTEX
  5
853
  8
Layer_0
  10
125.37122
  20
195.91578
  0
VERTEX
  5
854
  8
Layer_0
  10
125.41019
  20
195.88816
  0
VERTEX
  5
855
  8
Layer_0
  10
125.43366
  20
195.84208
  0
VERTEX
  5
856
  8
Layer_0
  10
125.44555
  20
195.7728
  0
VERTEX
  5
857
  8
Layer_0
  10
125.44981
  20
195.67559
  0
VERTEX
  5
858
  8
Layer_0
  10
125.45036
  20
195.54573
  0
VERTEX
  5
859
  8
Layer_0
  10
125.45072
  20
195.40833
  0
VERTEX
  5
85a
  8
Layer_0
  10
125.45501
  20
195.30584
  0
VERTEX
  5
85b
  8
Layer_0
  10
125.46804
  20
195.23314
  0
VERTEX
  5
85c
  8
Layer_0
  10
125.49463
  20
195.18512
  0
VERTEX
  5
85d
  8
Layer_0
  10
125.53957
  20
195.15667
  0
VERTEX
  5
85e
  8
Layer_0
  10
125.60768
  20
195.14268
  0
VERTEX
  5
85f
  8
Layer_0
  10
125.70378
  20
195.13804
  0
VERTEX
  5
860
  8
Layer_0
  10
125.83266
  20
195.13762
  0
VERTEX
  5
861
  8
Layer_0
  10
125.98211
  20
195.13935
  0
VERTEX
  5
862
  8
Layer_0
  10
126.08011
  20
195.14613
  0
VERTEX
  5
863
  8
Layer_0
  10
126.14468
  20
195.16038
  0
VERTEX
  5
864
  8
Layer_0
  10
126.19386
  20
195.18453
  0
VERTEX
  5
865
  8
Layer_0
  10
126.28325
  20
195.25057
  0
VERTEX
  5
866
  8
Layer_0
  10
126.33195
  20
195.34871
  0
VERTEX
  5
867
  8
Layer_0
  10
126.34538
  20
195.42728
  0
VERTEX
  5
868
  8
Layer_0
  10
126.35383
  20
195.53481
  0
VERTEX
  5
869
  8
Layer_0
  10
126.35904
  20
195.67829
  0
VERTEX
  5
86a
  8
Layer_0
  10
126.36273
  20
195.86471
  0
VERTEX
  5
86b
  8
Layer_0
  10
126.36164
  20
196.10123
  0
VERTEX
  5
86c
  8
Layer_0
  10
126.35397
  20
196.39625
  0
VERTEX
  5
86d
  8
Layer_0
  10
126.34109
  20
196.72424
  0
VERTEX
  5
86e
  8
Layer_0
  10
126.32433
  20
197.05971
  0
VERTEX
  5
86f
  8
Layer_0
  10
126.30504
  20
197.37716
  0
VERTEX
  5
870
  8
Layer_0
  10
126.28456
  20
197.65106
  0
VERTEX
  5
871
  8
Layer_0
  10
126.26426
  20
197.85592
  0
VERTEX
  5
872
  8
Layer_0
  10
126.24546
  20
197.96623
  42
0.12548628
  0
VERTEX
  5
873
  8
Layer_0
  10
126.15399
  20
198.10461
  0
VERTEX
  5
874
  8
Layer_0
  10
126.06486
  20
198.16178
  0
VERTEX
  5
875
  8
Layer_0
  10
125.89834
  20
198.18201
  42
0.063305013
  0
VERTEX
  5
876
  8
Layer_0
  10
125.62861
  20
198.17732
  0
VERTEX
  5
877
  8
Layer_0
  10
125.54604
  20
198.15309
  0
VERTEX
  5
878
  8
Layer_0
  10
125.49932
  20
198.10666
  0
VERTEX
  5
879
  8
Layer_0
  10
125.47854
  20
198.01933
  0
VERTEX
  5
87a
  8
Layer_0
  10
125.47381
  20
197.87241
  0
VERTEX
  5
87b
  8
Layer_0
  10
125.46802
  20
197.70057
  0
VERTEX
  5
87c
  8
Layer_0
  10
125.42573
  20
197.61295
  0
VERTEX
  5
87d
  8
Layer_0
  10
125.37921
  20
197.59185
  0
VERTEX
  5
87e
  8
Layer_0
  10
125.30956
  20
197.58117
  0
VERTEX
  5
87f
  8
Layer_0
  10
125.21208
  20
197.57736
  0
VERTEX
  5
880
  8
Layer_0
  10
125.08212
  20
197.57688
  0
VERTEX
  5
881
  8
Layer_0
  10
124.95121
  20
197.57699
  0
VERTEX
  5
882
  8
Layer_0
  10
124.85414
  20
197.58084
  0
VERTEX
  5
883
  8
Layer_0
  10
124.78581
  20
197.5937
  0
VERTEX
  5
884
  8
Layer_0
  10
124.74115
  20
197.62086
  0
VERTEX
  5
885
  8
Layer_0
  10
124.71507
  20
197.66759
  0
VERTEX
  5
886
  8
Layer_0
  10
124.70249
  20
197.73916
  0
VERTEX
  5
887
  8
Layer_0
  10
124.69832
  20
197.84086
  0
VERTEX
  5
888
  8
Layer_0
  10
124.69747
  20
197.97795
  0
VERTEX
  5
889
  8
Layer_0
  10
124.69497
  20
198.15154
  0
VERTEX
  5
88a
  8
Layer_0
  10
124.68453
  20
198.28521
  0
VERTEX
  5
88b
  8
Layer_0
  10
124.66172
  20
198.38414
  0
VERTEX
  5
88c
  8
Layer_0
  10
124.62212
  20
198.45349
  0
VERTEX
  5
88d
  8
Layer_0
  10
124.5613
  20
198.49844
  0
VERTEX
  5
88e
  8
Layer_0
  10
124.47483
  20
198.52415
  0
VERTEX
  5
88f
  8
Layer_0
  10
124.3583
  20
198.53579
  0
VERTEX
  5
890
  8
Layer_0
  10
124.20727
  20
198.53852
  0
VERTEX
  5
891
  8
Layer_0
  10
124.07827
  20
198.54039
  0
VERTEX
  5
892
  8
Layer_0
  10
123.98621
  20
198.54643
  0
VERTEX
  5
893
  8
Layer_0
  10
123.92494
  20
198.55732
  0
VERTEX
  5
894
  8
Layer_0
  10
123.88829
  20
198.5737
  0
VERTEX
  5
895
  8
Layer_0
  10
123.82408
  20
198.64582
  0
VERTEX
  5
896
  8
Layer_0
  10
123.74053
  20
198.77072
  42
0.09893754
  0
VERTEX
  5
897
  8
Layer_0
  10
123.59277
  20
198.97243
  0
VERTEX
  5
898
  8
Layer_0
  10
123.5686
  20
198.98269
  0
VERTEX
  5
899
  8
Layer_0
  10
123.52563
  20
198.99078
  0
VERTEX
  5
89a
  8
Layer_0
  10
123.45539
  20
198.99695
  0
VERTEX
  5
89b
  8
Layer_0
  10
123.34942
  20
199.00145
  0
VERTEX
  5
89c
  8
Layer_0
  10
123.19926
  20
199.00451
  0
VERTEX
  5
89d
  8
Layer_0
  10
122.99644
  20
199.0064
  0
VERTEX
  5
89e
  8
Layer_0
  10
122.73248
  20
199.00734
  0
VERTEX
  5
89f
  8
Layer_0
  10
122.39893
  20
199.0076
  0
VERTEX
  5
8a0
  8
Layer_0
  10
122.03257
  20
199.00742
  0
VERTEX
  5
8a1
  8
Layer_0
  10
121.7535
  20
199.00654
  0
VERTEX
  5
8a2
  8
Layer_0
  10
121.54897
  20
199.00451
  0
VERTEX
  5
8a3
  8
Layer_0
  10
121.40622
  20
199.00086
  0
VERTEX
  5
8a4
  8
Layer_0
  10
121.25509
  20
198.98682
  0
VERTEX
  5
8a5
  8
Layer_0
  10
121.19807
  20
198.9607
  0
VERTEX
  5
8a6
  8
Layer_0
  10
121.16069
  20
198.92108
  0
VERTEX
  5
8a7
  8
Layer_0
  10
121.10308
  20
198.84782
  0
VERTEX
  5
8a8
  8
Layer_0
  10
121.03315
  20
198.75126
  0
VERTEX
  5
8a9
  8
Layer_0
  10
120.95883
  20
198.64172
  0
VERTEX
  5
8aa
  8
Layer_0
  10
120.8789
  20
198.52763
  0
VERTEX
  5
8ab
  8
Layer_0
  10
120.81019
  20
198.43796
  0
VERTEX
  5
8ac
  8
Layer_0
  10
120.75599
  20
198.37686
  0
VERTEX
  5
8ad
  8
Layer_0
  10
120.7196
  20
198.34854
  42
-0.092059547
  0
VERTEX
  5
8ae
  8
Layer_0
  10
120.52258
  20
198.32742
  42
0.11643897
  0
VERTEX
  5
8af
  8
Layer_0
  10
120.31384
  20
198.29224
  0
VERTEX
  5
8b0
  8
Layer_0
  10
120.2449
  20
198.23738
  0
VERTEX
  5
8b1
  8
Layer_0
  10
120.14584
  20
198.12777
  0
VERTEX
  5
8b2
  8
Layer_0
  10
120.01468
  20
197.96143
  0
VERTEX
  5
8b3
  8
Layer_0
  10
119.84944
  20
197.73637
  0
VERTEX
  5
8b4
  8
Layer_0
  10
119.7447
  20
197.60261
  0
VERTEX
  5
8b5
  8
Layer_0
  10
119.66063
  20
197.52998
  0
VERTEX
  5
8b6
  8
Layer_0
  10
119.58359
  20
197.51011
  0
VERTEX
  5
8b7
  8
Layer_0
  10
119.49996
  20
197.53467
  0
VERTEX
  5
8b8
  8
Layer_0
  10
119.4343
  20
197.56516
  0
VERTEX
  5
8b9
  8
Layer_0
  10
119.42725
  20
197.89586
  0
SEQEND
  0
POLYLINE
  5
8bb
  8
Layer_0
  62
7
  70
1
  66
1
  10
0
  20
0
  30
0
  0
VERTEX
  5
8bb
  8
Layer_0
  10
121.65543
  20
195.44253
  0
VERTEX
  5
8bc
  8
Layer_0
  10
121.63117
  20
195.46983
  0
VERTEX
  5
8bd
  8
Layer_0
  10
121.6566
  20
195.56948
  0
VERTEX
  5
8be
  8
Layer_0
  10
121.69111
  20
195.65474
  0
VERTEX
  5
8bf
  8
Layer_0
  10
121.74184
  20
195.76807
  0
VERTEX
  5
8c0
  8
Layer_0
  10
121.81005
  20
195.91279
  0
VERTEX
  5
8c1
  8
Layer_0
  10
121.89701
  20
196.09222
  0
VERTEX
  5
8c2
  8
Layer_0
  10
122.00149
  20
196.31064
  0
VERTEX
  5
8c3
  8
Layer_0
  10
122.08728
  20
196.49563
  0
VERTEX
  5
8c4
  8
Layer_0
  10
122.14537
  20
196.62786
  0
VERTEX
  5
8c5
  8
Layer_0
  10
122.16673
  20
196.68796
  0
VERTEX
  5
8c6
  8
Layer_0
  10
122.14896
  20
196.73392
  0
VERTEX
  5
8c7
  8
Layer_0
  10
122.08435
  20
196.76184
  0
VERTEX
  5
8c8
  8
Layer_0
  10
121.95597
  20
196.77569
  0
VERTEX
  5
8c9
  8
Layer_0
  10
121.7469
  20
196.77943
  0
VERTEX
  5
8ca
  8
Layer_0
  10
121.59034
  20
196.7809
  0
VERTEX
  5
8cb
  8
Layer_0
  10
121.48831
  20
196.78588
  0
VERTEX
  5
8cc
  8
Layer_0
  10
121.4329
  20
196.79526
  0
VERTEX
  5
8cd
  8
Layer_0
  10
121.41619
  20
196.80992
  0
VERTEX
  5
8ce
  8
Layer_0
  10
122.24472
  20
197.65399
  0
VERTEX
  5
8cf
  8
Layer_0
  10
123.11195
  20
198.46815
  42
-0.41421356
  0
VERTEX
  5
8d0
  8
Layer_0
  10
123.15182
  20
198.43532
  0
VERTEX
  5
8d1
  8
Layer_0
  10
123.13328
  20
198.3832
  0
VERTEX
  5
8d2
  8
Layer_0
  10
123.08263
  20
198.26644
  0
VERTEX
  5
8d3
  8
Layer_0
  10
123.00736
  20
198.10219
  0
VERTEX
  5
8d4
  8
Layer_0
  10
122.91493
  20
197.90759
  0
VERTEX
  5
8d5
  8
Layer_0
  10
122.82133
  20
197.70478
  0
VERTEX
  5
8d6
  8
Layer_0
  10
122.7484
  20
197.5376
  0
VERTEX
  5
8d7
  8
Layer_0
  10
122.70186
  20
197.41879
  0
VERTEX
  5
8d8
  8
Layer_0
  10
122.68742
  20
197.3611
  0
VERTEX
  5
8d9
  8
Layer_0
  10
122.69893
  20
197.33058
  0
VERTEX
  5
8da
  8
Layer_0
  10
122.7443
  20
197.31214
  0
VERTEX
  5
8db
  8
Layer_0
  10
122.85564
  20
197.29943
  0
VERTEX
  5
8dc
  8
Layer_0
  10
123.06504
  20
197.28605
  0
VERTEX
  5
8dd
  8
Layer_0
  10
123.25616
  20
197.27359
  0
VERTEX
  5
8de
  8
Layer_0
  10
123.3679
  20
197.26201
  0
VERTEX
  5
8df
  8
Layer_0
  10
123.42026
  20
197.24779
  0
VERTEX
  5
8e0
  8
Layer_0
  10
123.43327
  20
197.22741
  0
VERTEX
  5
8e1
  8
Layer_0
  10
122.56018
  20
196.31826
  0
SEQEND
  0
POLYLINE
  5
8e3
  8
Layer_0
  62
7
  70
1
  66
1
  10
0
  20
0
  30
0
  0
VERTEX
  5
8e3
  8
Layer_0
  10
120.90506
  20
189.93159
  0
VERTEX
  5
8e4
  8
Layer_0
  10
120.90761
  20
189.70748
  0
VERTEX
  5
8e5
  8
Layer_0
  10
120.90786
  20
189.53426
  0
VERTEX
  5
8e6
  8
Layer_0
  10
120.90475
  20
189.40374
  0
VERTEX
  5
8e7
  8
Layer_0
  10
120.89724
  20
189.30771
  0
VERTEX
  5
8e8
  8
Layer_0
  10
120.86483
  20
189.18635
  0
VERTEX
  5
8e9
  8
Layer_0
  10
120.80225
  20
189.10459
  42
-0.33237447
  0
VERTEX
  5
8ea
  8
Layer_0
  10
120.40216
  20
189.03754
  0
VERTEX
  5
8eb
  8
Layer_0
  10
120.29679
  20
189.10606
  0
VERTEX
  5
8ec
  8
Layer_0
  10
120.24151
  20
189.21858
  0
VERTEX
  5
8ed
  8
Layer_0
  10
120.2276
  20
189.31374
  0
VERTEX
  5
8ee
  8
Layer_0
  10
120.22017
  20
189.44678
  0
VERTEX
  5
8ef
  8
Layer_0
  10
120.21719
  20
189.62664
  0
VERTEX
  5
8f0
  8
Layer_0
  10
120.21664
  20
189.8623
  0
VERTEX
  5
8f1
  8
Layer_0
  10
120.21682
  20
190.05397
  0
VERTEX
  5
8f2
  8
Layer_0
  10
120.21765
  20
190.20246
  0
VERTEX
  5
8f3
  8
Layer_0
  10
120.21959
  20
190.31429
  0
VERTEX
  5
8f4
  8
Layer_0
  10
120.22307
  20
190.39594
  0
VERTEX
  5
8f5
  8
Layer_0
  10
120.23644
  20
190.49471
  0
VERTEX
  5
8f6
  8
Layer_0
  10
120.26134
  20
190.55072
  42
-0.11897625
  0
VERTEX
  5
8f7
  8
Layer_0
  10
120.37757
  20
190.66695
  42
-0.2620108
  0
VERTEX
  5
8f8
  8
Layer_0
  10
120.70837
  20
190.67813
  42
-0.12232591
  0
VERTEX
  5
8f9
  8
Layer_0
  10
120.83578
  20
190.5619
  0
VERTEX
  5
8fa
  8
Layer_0
  10
120.89836
  20
190.48143
  0
VERTEX
  5
8fb
  8
Layer_0
  10
120.90506
  20
189.93159
  0
SEQEND
  0
POLYLINE
  5
8fd
  8
Layer_0
  62
7
  70
1
  66
1
  10
0
  20
0
  30
0
  0
VERTEX
  5
8fd
  8
Layer_0
  10
123.55146
  20
189.84666
  0
VERTEX
  5
8fe
  8
Layer_0
  10
123.55386
  20
189.64802
  0
VERTEX
  5
8ff
  8
Layer_0
  10
123.55639
  20
189.49515
  0
VERTEX
  5
900
  8
Layer_0
  10
123.5596
  20
189.38119
  0
VERTEX
  5
901
  8
Layer_0
  10
123.56404
  20
189.29933
  0
VERTEX
  5
902
  8
Layer_0
  10
123.57881
  20
189.20451
  0
VERTEX
  5
903
  8
Layer_0
  10
123.60511
  20
189.156
  42
0.23690103
  0
VERTEX
  5
904
  8
Layer_0
  10
123.89344
  20
189.00401
  42
0.26705277
  0
VERTEX
  5
905
  8
Layer_0
  10
124.18401
  20
189.17165
  0
VERTEX
  5
906
  8
Layer_0
  10
124.20807
  20
189.22808
  0
VERTEX
  5
907
  8
Layer_0
  10
124.22228
  20
189.32308
  0
VERTEX
  5
908
  8
Layer_0
  10
124.22681
  20
189.39891
  0
VERTEX
  5
909
  8
Layer_0
  10
124.23021
  20
189.50105
  0
VERTEX
  5
90a
  8
Layer_0
  10
124.23293
  20
189.63504
  0
VERTEX
  5
90b
  8
Layer_0
  10
124.23541
  20
189.80643
  0
VERTEX
  5
90c
  8
Layer_0
  10
124.23762
  20
190.00644
  0
VERTEX
  5
90d
  8
Layer_0
  10
124.23712
  20
190.16607
  0
VERTEX
  5
90e
  8
Layer_0
  10
124.23333
  20
190.29102
  0
VERTEX
  5
90f
  8
Layer_0
  10
124.22564
  20
190.387
  0
VERTEX
  5
910
  8
Layer_0
  10
124.19612
  20
190.51489
  0
VERTEX
  5
911
  8
Layer_0
  10
124.14377
  20
190.59543
  42
0.36094277
  0
VERTEX
  5
912
  8
Layer_0
  10
123.70792
  20
190.66695
  42
0.11897892
  0
VERTEX
  5
913
  8
Layer_0
  10
123.5917
  20
190.55072
  0
VERTEX
  5
914
  8
Layer_0
  10
123.56686
  20
190.49572
  0
VERTEX
  5
915
  8
Layer_0
  10
123.55398
  20
190.39734
  0
VERTEX
  5
916
  8
Layer_0
  10
123.55103
  20
190.3144
  0
VERTEX
  5
917
  8
Layer_0
  10
123.54989
  20
190.19963
  0
VERTEX
  5
918
  8
Layer_0
  10
123.55017
  20
190.04605
  0
SEQEND
  0
POLYLINE
  5
91a
  8
Layer_0
  62
7
  70
1
  66
1
  10
0
  20
0
  30
0
  0
VERTEX
  5
91a
  8
Layer_0
  10
119.99313
  20
189.67008
  0
VERTEX
  5
91b
  8
Layer_0
  10
119.994
  20
189.51559
  0
VERTEX
  5
91c
  8
Layer_0
  10
119.99714
  20
189.39093
  0
VERTEX
  5
91d
  8
Layer_0
  10
120.00338
  20
189.29137
  0
VERTEX
  5
91e
  8
Layer_0
  10
120.01352
  20
189.21216
  0
VERTEX
  5
91f
  8
Layer_0
  10
120.04876
  20
189.09582
  0
VERTEX
  5
920
  8
Layer_0
  10
120.10935
  20
189.00401
  42
0.42395153
  0
VERTEX
  5
921
  8
Layer_0
  10
120.92294
  20
188.93025
  0
VERTEX
  5
922
  8
Layer_0
  10
121.03114
  20
189.03855
  0
VERTEX
  5
923
  8
Layer_0
  10
121.09114
  20
189.15796
  0
VERTEX
  5
924
  8
Layer_0
  10
121.10791
  20
189.23865
  0
VERTEX
  5
925
  8
Layer_0
  10
121.11845
  20
189.34232
  0
VERTEX
  5
926
  8
Layer_0
  10
121.12469
  20
189.47569
  0
VERTEX
  5
927
  8
Layer_0
  10
121.12858
  20
189.64549
  0
VERTEX
  5
928
  8
Layer_0
  10
121.13752
  20
190.08582
  0
VERTEX
  5
929
  8
Layer_0
  10
122.22826
  20
190.08582
  0
VERTEX
  5
92a
  8
Layer_0
  10
123.31901
  20
190.08582
  0
VERTEX
  5
92b
  8
Layer_0
  10
123.32795
  20
189.64549
  0
VERTEX
  5
92c
  8
Layer_0
  10
123.33181
  20
189.47782
  0
VERTEX
  5
92d
  8
Layer_0
  10
123.33787
  20
189.34595
  0
VERTEX
  5
92e
  8
Layer_0
  10
123.34791
  20
189.24337
  0
VERTEX
  5
92f
  8
Layer_0
  10
123.36371
  20
189.16354
  0
VERTEX
  5
930
  8
Layer_0
  10
123.41973
  20
189.04609
  0
VERTEX
  5
931
  8
Layer_0
  10
123.52017
  20
188.94143
  42
0.4117236
  0
VERTEX
  5
932
  8
Layer_0
  10
124.30917
  20
188.96155
  0
VERTEX
  5
933
  8
Layer_0
  10
124.3911
  20
189.0579
  0
VERTEX
  5
934
  8
Layer_0
  10
124.4349
  20
189.15907
  0
VERTEX
  5
935
  8
Layer_0
  10
124.44682
  20
189.23026
  0
VERTEX
  5
936
  8
Layer_0
  10
124.45439
  20
189.32521
  0
VERTEX
  5
937
  8
Layer_0
  10
124.45934
  20
189.45143
  0
VERTEX
  5
938
  8
Layer_0
  10
124.4634
  20
189.61644
  0
VERTEX
  5
939
  8
Layer_0
  10
124.47457
  20
190.07465
  0
VERTEX
  5
93a
  8
Layer_0
  10
124.73161
  20
190.07465
  0
VERTEX
  5
93b
  8
Layer_0
  10
124.86401
  20
190.07268
  0
VERTEX
  5
93c
  8
Layer_0
  10
124.95597
  20
190.0657
  0
VERTEX
  5
93d
  8
Layer_0
  10
125.02236
  20
190.05201
  0
VERTEX
  5
93e
  8
Layer_0
  10
125.07806
  20
190.02994
  42
-0.16228116
  0
VERTEX
  5
93f
  8
Layer_0
  10
125.36863
  20
189.73936
  0
VERTEX
  5
940
  8
Layer_0
  10
125.38338
  20
189.70327
  0
VERTEX
  5
941
  8
Layer_0
  10
125.39447
  20
189.64169
  0
VERTEX
  5
942
  8
Layer_0
  10
125.40242
  20
189.52662
  0
VERTEX
  5
943
  8
Layer_0
  10
125.40774
  20
189.33006
  0
VERTEX
  5
944
  8
Layer_0
  10
125.40959
  20
189.19248
  0
VERTEX
  5
945
  8
Layer_0
  10
125.41097
  20
189.02402
  0
VERTEX
  5
946
  8
Layer_0
  10
125.41197
  20
188.82119
  0
VERTEX
  5
947
  8
Layer_0
  10
125.41263
  20
188.58049
  0
VERTEX
  5
948
  8
Layer_0
  10
125.41304
  20
188.29841
  0
VERTEX
  5
949
  8
Layer_0
  10
125.41324
  20
187.97147
  0
VERTEX
  5
94a
  8
Layer_0
  10
125.41332
  20
187.59615
  0
VERTEX
  5
94b
  8
Layer_0
  10
125.41333
  20
187.16896
  0
VERTEX
  5
94c
  8
Layer_0
  10
125.4133
  20
186.75317
  0
VERTEX
  5
94d
  8
Layer_0
  10
125.41316
  20
186.38628
  0
VERTEX
  5
94e
  8
Layer_0
  10
125.41287
  20
186.06511
  0
VERTEX
  5
94f
  8
Layer_0
  10
125.41239
  20
185.7865
  0
VERTEX
  5
950
  8
Layer_0
  10
125.41165
  20
185.54727
  0
VERTEX
  5
951
  8
Layer_0
  10
125.41062
  20
185.34424
  0
VERTEX
  5
952
  8
Layer_0
  10
125.40924
  20
185.17426
  0
VERTEX
  5
953
  8
Layer_0
  10
125.40746
  20
185.03413
  0
VERTEX
  5
954
  8
Layer_0
  10
125.40253
  20
184.83078
  0
VERTEX
  5
955
  8
Layer_0
  10
125.39541
  20
184.70882
  0
VERTEX
  5
956
  8
Layer_0
  10
125.38574
  20
184.64285
  0
VERTEX
  5
957
  8
Layer_0
  10
125.3731
  20
184.6075
  42
-0.16614249
  0
VERTEX
  5
958
  8
Layer_0
  10
125.06689
  20
184.31023
  0
VERTEX
  5
959
  8
Layer_0
  10
124.9663
  20
184.26329
  0
VERTEX
  5
95a
  8
Layer_0
  10
122.22826
  20
184.26329
  0
VERTEX
  5
95b
  8
Layer_0
  10
119.49022
  20
184.26329
  0
VERTEX
  5
95c
  8
Layer_0
  10
119.38741
  20
184.31023
  42
-0.16600367
  0
VERTEX
  5
95d
  8
Layer_0
  10
119.08566
  20
184.6008
  0
VERTEX
  5
95e
  8
Layer_0
  10
119.07227
  20
184.63689
  0
VERTEX
  5
95f
  8
Layer_0
  10
119.06195
  20
184.69932
  0
VERTEX
  5
960
  8
Layer_0
  10
119.05419
  20
184.81481
  0
VERTEX
  5
961
  8
Layer_0
  10
119.0485
  20
185.01011
  0
VERTEX
  5
962
  8
Layer_0
  10
119.04628
  20
185.14604
  0
VERTEX
  5
963
  8
Layer_0
  10
119.04439
  20
185.31196
  0
VERTEX
  5
964
  8
Layer_0
  10
119.04276
  20
185.5112
  0
VERTEX
  5
965
  8
Layer_0
  10
119.04134
  20
185.74711
  0
VERTEX
  5
966
  8
Layer_0
  10
119.04007
  20
186.02302
  0
VERTEX
  5
967
  8
Layer_0
  10
119.03888
  20
186.34229
  0
VERTEX
  5
968
  8
Layer_0
  10
119.03771
  20
186.70826
  0
VERTEX
  5
969
  8
Layer_0
  10
119.03649
  20
187.12426
  0
VERTEX
  5
96a
  8
Layer_0
  10
119.03574
  20
187.51385
  0
VERTEX
  5
96b
  8
Layer_0
  10
119.03518
  20
187.86044
  0
VERTEX
  5
96c
  8
Layer_0
  10
119.03485
  20
188.16667
  0
VERTEX
  5
96d
  8
Layer_0
  10
119.03478
  20
188.43517
  0
VERTEX
  5
96e
  8
Layer_0
  10
119.03501
  20
188.66857
  0
VERTEX
  5
96f
  8
Layer_0
  10
119.03559
  20
188.8695
  0
VERTEX
  5
970
  8
Layer_0
  10
119.03653
  20
189.0406
  0
VERTEX
  5
971
  8
Layer_0
  10
119.03789
  20
189.1845
  0
VERTEX
  5
972
  8
Layer_0
  10
119.04197
  20
189.40122
  0
VERTEX
  5
973
  8
Layer_0
  10
119.04812
  20
189.54072
  0
VERTEX
  5
974
  8
Layer_0
  10
119.05663
  20
189.62407
  0
VERTEX
  5
975
  8
Layer_0
  10
119.06778
  20
189.67232
  42
-0.2309785
  0
VERTEX
  5
976
  8
Layer_0
  10
119.42764
  20
190.05452
  0
VERTEX
  5
977
  8
Layer_0
  10
119.55644
  20
190.07604
  0
VERTEX
  5
978
  8
Layer_0
  10
119.75397
  20
190.08582
  0
VERTEX
  5
979
  8
Layer_0
  10
119.99313
  20
190.08582
  0
VERTEX
  5
97a
  8
Layer_0
  10
119.99313
  20
189.67007
  0
SEQEND
  0
POLYLINE
  5
97c
  8
Layer_0
  62
7
  70
1
  66
1
  10
0
  20
0
  30
0
  0
VERTEX
  5
97c
  8
Layer_0
  10
124.90595
  20
186.65042
  0
VERTEX
  5
97d
  8
Layer_0
  10
124.91042
  20
188.52122
  0
VERTEX
  5
97e
  8
Layer_0
  10
124.53716
  20
188.52345
  0
VERTEX
  5
97f
  8
Layer_0
  10
122.97983
  20
188.52953
  0
VERTEX
  5
980
  8
Layer_0
  10
121.35544
  20
188.52849
  0
VERTEX
  5
981
  8
Layer_0
  10
120.9872
  20
188.52726
  0
VERTEX
  5
982
  8
Layer_0
  10
120.64698
  20
188.52568
  0
VERTEX
  5
983
  8
Layer_0
  10
120.34122
  20
188.52378
  0
VERTEX
  5
984
  8
Layer_0
  10
120.07639
  20
188.52157
  0
VERTEX
  5
985
  8
Layer_0
  10
119.85891
  20
188.51907
  0
VERTEX
  5
986
  8
Layer_0
  10
119.69523
  20
188.51631
  0
VERTEX
  5
987
  8
Layer_0
  10
119.59179
  20
188.51329
  0
VERTEX
  5
988
  8
Layer_0
  10
119.55504
  20
188.51005
  0
VERTEX
  5
989
  8
Layer_0
  10
119.55347
  20
188.46806
  0
VERTEX
  5
98a
  8
Layer_0
  10
119.55214
  20
188.35561
  0
VERTEX
  5
98b
  8
Layer_0
  10
119.55107
  20
188.18041
  0
VERTEX
  5
98c
  8
Layer_0
  10
119.55029
  20
187.95014
  0
VERTEX
  5
98d
  8
Layer_0
  10
119.54982
  20
187.67253
  0
VERTEX
  5
98e
  8
Layer_0
  10
119.5497
  20
187.35525
  0
VERTEX
  5
98f
  8
Layer_0
  10
119.54994
  20
187.00602
  0
VERTEX
  5
990
  8
Layer_0
  10
119.55057
  20
186.63253
  0
VERTEX
  5
991
  8
Layer_0
  10
119.55727
  20
184.77737
  0
VERTEX
  5
992
  8
Layer_0
  10
122.22826
  20
184.77737
  0
VERTEX
  5
993
  8
Layer_0
  10
124.89925
  20
184.77737
  0
SEQEND
  0
POLYLINE
  5
995
  8
Layer_0
  62
7
  70
1
  66
1
  10
0
  20
0
  30
0
  0
VERTEX
  5
995
  8
Layer_0
  10
120.68155
  20
187.77692
  0
VERTEX
  5
996
  8
Layer_0
  10
120.85304
  20
187.77485
  0
VERTEX
  5
997
  8
Layer_0
  10
120.97973
  20
187.77001
  0
VERTEX
  5
998
  8
Layer_0
  10
121.06839
  20
187.75688
  0
VERTEX
  5
999
  8
Layer_0
  10
121.12578
  20
187.72998
  0
VERTEX
  5
99a
  8
Layer_0
  10
121.15865
  20
187.68381
  0
VERTEX
  5
99b
  8
Layer_0
  10
121.17377
  20
187.61285
  0
VERTEX
  5
99c
  8
Layer_0
  10
121.17788
  20
187.51161
  0
VERTEX
  5
99d
  8
Layer_0
  10
121.17775
  20
187.3746
  0
VERTEX
  5
99e
  8
Layer_0
  10
121.17782
  20
187.23824
  0
VERTEX
  5
99f
  8
Layer_0
  10
121.17331
  20
187.13739
  0
VERTEX
  5
9a0
  8
Layer_0
  10
121.15712
  20
187.06673
  0
VERTEX
  5
9a1
  8
Layer_0
  10
121.12215
  20
187.02089
  0
VERTEX
  5
9a2
  8
Layer_0
  10
121.0613
  20
186.99454
  0
VERTEX
  5
9a3
  8
Layer_0
  10
120.96747
  20
186.98233
  0
VERTEX
  5
9a4
  8
Layer_0
  10
120.83357
  20
186.97892
  0
VERTEX
  5
9a5
  8
Layer_0
  10
120.65249
  20
186.97898
  0
VERTEX
  5
9a6
  8
Layer_0
  10
120.46885
  20
186.97864
  0
VERTEX
  5
9a7
  8
Layer_0
  10
120.33374
  20
186.98128
  0
VERTEX
  5
9a8
  8
Layer_0
  10
120.23976
  20
186.99241
  0
VERTEX
  5
9a9
  8
Layer_0
  10
120.17948
  20
187.01753
  0
VERTEX
  5
9aa
  8
Layer_0
  10
120.14551
  20
187.06214
  0
VERTEX
  5
9ab
  8
Layer_0
  10
120.13041
  20
187.13174
  0
VERTEX
  5
9ac
  8
Layer_0
  10
120.1268
  20
187.23182
  0
VERTEX
  5
9ad
  8
Layer_0
  10
120.12724
  20
187.36789
  0
VERTEX
  5
9ae
  8
Layer_0
  10
120.12993
  20
187.56619
  0
VERTEX
  5
9af
  8
Layer_0
  10
120.14372
  20
187.67858
  0
VERTEX
  5
9b0
  8
Layer_0
  10
120.17721
  20
187.73564
  0
VERTEX
  5
9b1
  8
Layer_0
  10
120.23899
  20
187.76798
  0
VERTEX
  5
9b2
  8
Layer_0
  10
120.28425
  20
187.77252
  0
VERTEX
  5
9b3
  8
Layer_0
  10
120.38316
  20
187.7758
  0
VERTEX
  5
9b4
  8
Layer_0
  10
120.52062
  20
187.77741
  0
SEQEND
  0
POLYLINE
  5
9b6
  8
Layer_0
  62
7
  70
1
  66
1
  10
0
  20
0
  30
0
  0
VERTEX
  5
9b6
  8
Layer_0
  10
122.21932
  20
186.97898
  0
VERTEX
  5
9b7
  8
Layer_0
  10
122.40159
  20
186.97865
  0
VERTEX
  5
9b8
  8
Layer_0
  10
122.53584
  20
186.98142
  0
VERTEX
  5
9b9
  8
Layer_0
  10
122.62939
  20
186.99289
  0
VERTEX
  5
9ba
  8
Layer_0
  10
122.68954
  20
187.01865
  0
VERTEX
  5
9bb
  8
Layer_0
  10
122.7236
  20
187.06432
  0
VERTEX
  5
9bc
  8
Layer_0
  10
122.73889
  20
187.13551
  0
VERTEX
  5
9bd
  8
Layer_0
  10
122.7427
  20
187.23781
  0
VERTEX
  5
9be
  8
Layer_0
  10
122.74234
  20
187.37683
  0
VERTEX
  5
9bf
  8
Layer_0
  10
122.74256
  20
187.51375
  0
VERTEX
  5
9c0
  8
Layer_0
  10
122.73861
  20
187.61474
  0
VERTEX
  5
9c1
  8
Layer_0
  10
122.7236
  20
187.68533
  0
VERTEX
  5
9c2
  8
Layer_0
  10
122.69066
  20
187.7311
  0
VERTEX
  5
9c3
  8
Layer_0
  10
122.63288
  20
187.75759
  0
VERTEX
  5
9c4
  8
Layer_0
  10
122.54338
  20
187.77036
  0
VERTEX
  5
9c5
  8
Layer_0
  10
122.41528
  20
187.77495
  0
VERTEX
  5
9c6
  8
Layer_0
  10
122.24167
  20
187.77692
  0
VERTEX
  5
9c7
  8
Layer_0
  10
122.0812
  20
187.77699
  0
VERTEX
  5
9c8
  8
Layer_0
  10
121.94189
  20
187.77413
  0
VERTEX
  5
9c9
  8
Layer_0
  10
121.83904
  20
187.76875
  0
VERTEX
  5
9ca
  8
Layer_0
  10
121.78794
  20
187.76128
  0
VERTEX
  5
9cb
  8
Layer_0
  10
121.73898
  20
187.72757
  0
VERTEX
  5
9cc
  8
Layer_0
  10
121.70971
  20
187.66433
  0
VERTEX
  5
9cd
  8
Layer_0
  10
121.69553
  20
187.55289
  0
VERTEX
  5
9ce
  8
Layer_0
  10
121.69183
  20
187.3746
  0
VERTEX
  5
9cf
  8
Layer_0
  10
121.69319
  20
187.22474
  0
VERTEX
  5
9d0
  8
Layer_0
  10
121.69937
  20
187.13293
  0
VERTEX
  5
9d1
  8
Layer_0
  10
121.71352
  20
187.07757
  0
VERTEX
  5
9d2
  8
Layer_0
  10
121.73877
  20
187.03709
  0
VERTEX
  5
9d3
  8
Layer_0
  10
121.78347
  20
186.97897
  0
VERTEX
  5
9d4
  8
Layer_0
  10
122.21932
  20
186.97897
  0
SEQEND
  0
POLYLINE
  5
9d6
  8
Layer_0
  62
7
  70
1
  66
1
  10
0
  20
0
  30
0
  0
VERTEX
  5
9d6
  8
Layer_0
  10
123.82862
  20
187.77916
  0
VERTEX
  5
9d7
  8
Layer_0
  10
124.00222
  20
187.77645
  0
VERTEX
  5
9d8
  8
Layer_0
  10
124.13033
  20
187.7713
  0
VERTEX
  5
9d9
  8
Layer_0
  10
124.21982
  20
187.75814
  0
VERTEX
  5
9da
  8
Layer_0
  10
124.2776
  20
187.73138
  0
VERTEX
  5
9db
  8
Layer_0
  10
124.31055
  20
187.68545
  0
VERTEX
  5
9dc
  8
Layer_0
  10
124.32555
  20
187.61477
  0
VERTEX
  5
9dd
  8
Layer_0
  10
124.3295
  20
187.51376
  0
VERTEX
  5
9de
  8
Layer_0
  10
124.32929
  20
187.37683
  0
VERTEX
  5
9df
  8
Layer_0
  10
124.32964
  20
187.23781
  0
VERTEX
  5
9e0
  8
Layer_0
  10
124.3258
  20
187.13551
  0
VERTEX
  5
9e1
  8
Layer_0
  10
124.31043
  20
187.06432
  0
VERTEX
  5
9e2
  8
Layer_0
  10
124.27621
  20
187.01865
  0
VERTEX
  5
9e3
  8
Layer_0
  10
124.21579
  20
186.99289
  0
VERTEX
  5
9e4
  8
Layer_0
  10
124.12184
  20
186.98142
  0
VERTEX
  5
9e5
  8
Layer_0
  10
123.98703
  20
186.97865
  0
VERTEX
  5
9e6
  8
Layer_0
  10
123.80403
  20
186.97898
  0
VERTEX
  5
9e7
  8
Layer_0
  10
123.62103
  20
186.97872
  0
VERTEX
  5
9e8
  8
Layer_0
  10
123.48622
  20
186.98156
  0
VERTEX
  5
9e9
  8
Layer_0
  10
123.39228
  20
186.99289
  0
VERTEX
  5
9ea
  8
Layer_0
  10
123.33186
  20
187.01809
  0
VERTEX
  5
9eb
  8
Layer_0
  10
123.29763
  20
187.06258
  0
VERTEX
  5
9ec
  8
Layer_0
  10
123.28227
  20
187.13174
  0
VERTEX
  5
9ed
  8
Layer_0
  10
123.27843
  20
187.23096
  0
VERTEX
  5
9ee
  8
Layer_0
  10
123.27878
  20
187.36566
  0
VERTEX
  5
9ef
  8
Layer_0
  10
123.28161
  20
187.55002
  0
VERTEX
  5
9f0
  8
Layer_0
  10
123.2947
  20
187.65874
  0
VERTEX
  5
9f1
  8
Layer_0
  10
123.32498
  20
187.71926
  0
VERTEX
  5
9f2
  8
Layer_0
  10
123.37936
  20
187.75904
  0
VERTEX
  5
9f3
  8
Layer_0
  10
123.42409
  20
187.7691
  0
VERTEX
  5
9f4
  8
Layer_0
  10
123.5143
  20
187.7758
  0
VERTEX
  5
9f5
  8
Layer_0
  10
123.64935
  20
187.77916
  0
SEQEND
  0
POLYLINE
  5
9f7
  8
Layer_0
  62
7
  70
1
  66
1
  10
0
  20
0
  30
0
  0
VERTEX
  5
9f7
  8
Layer_0
  10
120.64802
  20
185.54849
  0
VERTEX
  5
9f8
  8
Layer_0
  10
120.78554
  20
185.5486
  0
VERTEX
  5
9f9
  8
Layer_0
  10
120.88991
  20
185.54937
  0
VERTEX
  5
9fa
  8
Layer_0
  10
120.9665
  20
185.55144
  0
VERTEX
  5
9fb
  8
Layer_0
  10
121.02073
  20
185.55548
  0
VERTEX
  5
9fc
  8
Layer_0
  10
121.08366
  20
185.57207
  0
VERTEX
  5
9fd
  8
Layer_0
  10
121.12187
  20
185.60437
  0
VERTEX
  5
9fe
  8
Layer_0
  10
121.15323
  20
185.64059
  0
VERTEX
  5
9ff
  8
Layer_0
  10
121.16993
  20
185.69126
  0
VERTEX
  5
a00
  8
Layer_0
  10
121.17656
  20
185.7851
  0
VERTEX
  5
a01
  8
Layer_0
  10
121.17775
  20
185.95082
  0
VERTEX
  5
a02
  8
Layer_0
  10
121.17656
  20
186.11653
  0
VERTEX
  5
a03
  8
Layer_0
  10
121.16993
  20
186.21037
  0
VERTEX
  5
a04
  8
Layer_0
  10
121.15323
  20
186.26105
  0
VERTEX
  5
a05
  8
Layer_0
  10
121.12187
  20
186.29726
  0
VERTEX
  5
a06
  8
Layer_0
  10
121.0838
  20
186.32957
  0
VERTEX
  5
a07
  8
Layer_0
  10
121.02185
  20
186.34616
  0
VERTEX
  5
a08
  8
Layer_0
  10
120.96869
  20
186.3502
  0
VERTEX
  5
a09
  8
Layer_0
  10
120.89368
  20
186.35227
  0
VERTEX
  5
a0a
  8
Layer_0
  10
120.79153
  20
186.35303
  0
VERTEX
  5
a0b
  8
Layer_0
  10
120.65696
  20
186.35314
  0
VERTEX
  5
a0c
  8
Layer_0
  10
120.42989
  20
186.35209
  0
VERTEX
  5
a0d
  8
Layer_0
  10
120.29878
  20
186.34644
  0
VERTEX
  5
a0e
  8
Layer_0
  10
120.22886
  20
186.3324
  0
VERTEX
  5
a0f
  8
Layer_0
  10
120.18535
  20
186.3062
  0
VERTEX
  5
a10
  8
Layer_0
  10
120.15175
  20
186.27502
  0
VERTEX
  5
a11
  8
Layer_0
  10
120.1345
  20
186.22602
  0
VERTEX
  5
a12
  8
Layer_0
  10
120.12814
  20
186.12547
  0
VERTEX
  5
a13
  8
Layer_0
  10
120.12724
  20
185.93964
  0
VERTEX
  5
a14
  8
Layer_0
  10
120.12679
  20
185.80283
  0
VERTEX
  5
a15
  8
Layer_0
  10
120.13034
  20
185.70219
  0
VERTEX
  5
a16
  8
Layer_0
  10
120.14527
  20
185.6322
  0
VERTEX
  5
a17
  8
Layer_0
  10
120.17892
  20
185.58733
  0
VERTEX
  5
a18
  8
Layer_0
  10
120.23867
  20
185.56205
  0
VERTEX
  5
a19
  8
Layer_0
  10
120.33186
  20
185.55083
  0
VERTEX
  5
a1a
  8
Layer_0
  10
120.46585
  20
185.54816
  0
SEQEND
  0
POLYLINE
  5
a1c
  8
Layer_0
  62
7
  70
1
  66
1
  10
0
  20
0
  30
0
  0
VERTEX
  5
a1c
  8
Layer_0
  10
122.21262
  20
186.35314
  0
VERTEX
  5
a1d
  8
Layer_0
  10
122.07805
  20
186.35303
  0
VERTEX
  5
a1e
  8
Layer_0
  10
121.9759
  20
186.35227
  0
VERTEX
  5
a1f
  8
Layer_0
  10
121.90089
  20
186.3502
  0
VERTEX
  5
a20
  8
Layer_0
  10
121.84773
  20
186.34616
  0
VERTEX
  5
a21
  8
Layer_0
  10
121.78578
  20
186.32957
  0
VERTEX
  5
a22
  8
Layer_0
  10
121.74771
  20
186.29726
  0
VERTEX
  5
a23
  8
Layer_0
  10
121.71635
  20
186.26105
  0
VERTEX
  5
a24
  8
Layer_0
  10
121.69965
  20
186.21037
  0
VERTEX
  5
a25
  8
Layer_0
  10
121.69302
  20
186.11653
  0
VERTEX
  5
a26
  8
Layer_0
  10
121.69183
  20
185.95082
  0
VERTEX
  5
a27
  8
Layer_0
  10
121.69302
  20
185.7851
  0
VERTEX
  5
a28
  8
Layer_0
  10
121.69965
  20
185.69126
  0
VERTEX
  5
a29
  8
Layer_0
  10
121.71635
  20
185.64059
  0
VERTEX
  5
a2a
  8
Layer_0
  10
121.74771
  20
185.60437
  0
VERTEX
  5
a2b
  8
Layer_0
  10
121.78595
  20
185.57207
  0
VERTEX
  5
a2c
  8
Layer_0
  10
121.84913
  20
185.55548
  0
VERTEX
  5
a2d
  8
Layer_0
  10
121.90362
  20
185.55144
  0
VERTEX
  5
a2e
  8
Layer_0
  10
121.98062
  20
185.54937
  0
VERTEX
  5
a2f
  8
Layer_0
  10
122.08553
  20
185.5486
  0
VERTEX
  5
a30
  8
Layer_0
  10
122.22379
  20
185.54849
  0
VERTEX
  5
a31
  8
Layer_0
  10
122.40266
  20
185.54837
  0
VERTEX
  5
a32
  8
Layer_0
  10
122.5349
  20
185.55171
  0
VERTEX
  5
a33
  8
Layer_0
  10
122.62753
  20
185.56405
  0
VERTEX
  5
a34
  8
Layer_0
  10
122.68758
  20
185.59096
  0
VERTEX
  5
a35
  8
Layer_0
  10
122.72207
  20
185.63799
  0
VERTEX
  5
a36
  8
Layer_0
  10
122.73801
  20
185.71068
  0
VERTEX
  5
a37
  8
Layer_0
  10
122.74243
  20
185.8146
  0
VERTEX
  5
a38
  8
Layer_0
  10
122.74234
  20
185.95529
  0
VERTEX
  5
a39
  8
Layer_0
  10
122.74232
  20
186.09174
  0
VERTEX
  5
a3a
  8
Layer_0
  10
122.73752
  20
186.19284
  0
VERTEX
  5
a3b
  8
Layer_0
  10
122.72089
  20
186.26387
  0
VERTEX
  5
a3c
  8
Layer_0
  10
122.68535
  20
186.31011
  0
VERTEX
  5
a3d
  8
Layer_0
  10
122.62382
  20
186.33688
  0
VERTEX
  5
a3e
  8
Layer_0
  10
122.52924
  20
186.34944
  0
VERTEX
  5
a3f
  8
Layer_0
  10
122.39453
  20
186.3531
  0
SEQEND
  0
POLYLINE
  5
a41
  8
Layer_0
  62
7
  70
1
  66
1
  10
0
  20
0
  30
0
  0
VERTEX
  5
a41
  8
Layer_0
  10
123.80403
  20
185.54849
  0
VERTEX
  5
a42
  8
Layer_0
  10
124.03858
  20
185.55157
  0
VERTEX
  5
a43
  8
Layer_0
  10
124.18512
  20
185.56302
  0
VERTEX
  5
a44
  8
Layer_0
  10
124.26796
  20
185.58621
  0
VERTEX
  5
a45
  8
Layer_0
  10
124.31141
  20
185.62449
  0
VERTEX
  5
a46
  8
Layer_0
  10
124.31797
  20
185.65826
  0
VERTEX
  5
a47
  8
Layer_0
  10
124.3237
  20
185.73205
  0
VERTEX
  5
a48
  8
Layer_0
  10
124.32775
  20
185.83476
  0
VERTEX
  5
a49
  8
Layer_0
  10
124.32929
  20
185.95529
  0
VERTEX
  5
a4a
  8
Layer_0
  10
124.32926
  20
186.09174
  0
VERTEX
  5
a4b
  8
Layer_0
  10
124.32447
  20
186.19284
  0
VERTEX
  5
a4c
  8
Layer_0
  10
124.30784
  20
186.26387
  0
VERTEX
  5
a4d
  8
Layer_0
  10
124.27229
  20
186.31011
  0
VERTEX
  5
a4e
  8
Layer_0
  10
124.21077
  20
186.33688
  0
VERTEX
  5
a4f
  8
Layer_0
  10
124.11618
  20
186.34944
  0
VERTEX
  5
a50
  8
Layer_0
  10
123.98147
  20
186.3531
  0
VERTEX
  5
a51
  8
Layer_0
  10
123.79956
  20
186.35314
  0
VERTEX
  5
a52
  8
Layer_0
  10
123.66499
  20
186.35303
  0
VERTEX
  5
a53
  8
Layer_0
  10
123.56285
  20
186.35227
  0
VERTEX
  5
a54
  8
Layer_0
  10
123.48784
  20
186.3502
  0
VERTEX
  5
a55
  8
Layer_0
  10
123.43468
  20
186.34616
  0
VERTEX
  5
a56
  8
Layer_0
  10
123.37272
  20
186.32957
  0
VERTEX
  5
a57
  8
Layer_0
  10
123.33465
  20
186.29726
  0
VERTEX
  5
a58
  8
Layer_0
  10
123.30329
  20
186.26098
  0
VERTEX
  5
a59
  8
Layer_0
  10
123.2866
  20
186.20981
  0
VERTEX
  5
a5a
  8
Layer_0
  10
123.27996
  20
186.11465
  0
VERTEX
  5
a5b
  8
Layer_0
  10
123.27878
  20
185.94635
  0
VERTEX
  5
a5c
  8
Layer_0
  10
123.28031
  20
185.82911
  0
VERTEX
  5
a5d
  8
Layer_0
  10
123.28436
  20
185.72926
  0
VERTEX
  5
a5e
  8
Layer_0
  10
123.29009
  20
185.65749
  0
VERTEX
  5
a5f
  8
Layer_0
  10
123.29666
  20
185.62449
  0
VERTEX
  5
a60
  8
Layer_0
  10
123.3401
  20
185.58621
  0
VERTEX
  5
a61
  8
Layer_0
  10
123.42294
  20
185.56302
  0
VERTEX
  5
a62
  8
Layer_0
  10
123.56948
  20
185.55157
  0
SEQEND
  0
POLYLINE
  5
a64
  8
Layer_0
  62
7
  70
1
  66
1
  10
0
  20
0
  30
0
  0
VERTEX
  5
a64
  8
Layer_0
  10
190.04043
  20
195.74508
  0
VERTEX
  5
a65
  8
Layer_0
  10
189.78173
  20
195.46606
  0
VERTEX
  5
a66
  8
Layer_0
  10
189.51389
  20
195.0986
  0
VERTEX
  5
a67
  8
Layer_0
  10
189.41275
  20
194.94556
  0
VERTEX
  5
a68
  8
Layer_0
  10
189.32495
  20
194.83066
  0
VERTEX
  5
a69
  8
Layer_0
  10
189.2423
  20
194.75107
  0
VERTEX
  5
a6a
  8
Layer_0
  10
189.15659
  20
194.70395
  0
VERTEX
  5
a6b
  8
Layer_0
  10
189.05965
  20
194.68647
  0
VERTEX
  5
a6c
  8
Layer_0
  10
188.94326
  20
194.69579
  0
VERTEX
  5
a6d
  8
Layer_0
  10
188.79924
  20
194.72908
  0
VERTEX
  5
a6e
  8
Layer_0
  10
188.61938
  20
194.78349
  0
VERTEX
  5
a6f
  8
Layer_0
  10
188.41072
  20
194.85306
  0
VERTEX
  5
a70
  8
Layer_0
  10
188.26133
  20
194.91157
  0
VERTEX
  5
a71
  8
Layer_0
  10
188.15425
  20
194.96703
  0
VERTEX
  5
a72
  8
Layer_0
  10
188.07252
  20
195.02745
  42
-0.18056353
  0
VERTEX
  5
a73
  8
Layer_0
  10
187.88345
  20
195.38931
  0
VERTEX
  5
a74
  8
Layer_0
  10
187.88252
  20
195.44996
  0
VERTEX
  5
a75
  8
Layer_0
  10
187.89012
  20
195.5375
  0
VERTEX
  5
a76
  8
Layer_0
  10
187.90582
  20
195.64987
  0
VERTEX
  5
a77
  8
Layer_0
  10
187.92919
  20
195.78498
  0
VERTEX
  5
a78
  8
Layer_0
  10
187.99723
  20
196.11518
  0
VERTEX
  5
a79
  8
Layer_0
  10
188.09081
  20
196.51151
  0
VERTEX
  5
a7a
  8
Layer_0
  10
188.19768
  20
196.93802
  0
VERTEX
  5
a7b
  8
Layer_0
  10
188.28477
  20
197.29535
  0
VERTEX
  5
a7c
  8
Layer_0
  10
188.35404
  20
197.59302
  0
VERTEX
  5
a7d
  8
Layer_0
  10
188.40745
  20
197.84056
  0
VERTEX
  5
a7e
  8
Layer_0
  10
188.47447
  20
198.2234
  0
VERTEX
  5
a7f
  8
Layer_0
  10
188.50147
  20
198.52008
  0
VERTEX
  5
a80
  8
Layer_0
  10
188.51367
  20
198.78844
  0
VERTEX
  5
a81
  8
Layer_0
  10
188.46487
  20
198.78844
  42
0.041314109
  0
VERTEX
  5
a82
  8
Layer_0
  10
188.17213
  20
198.74777
  0
VERTEX
  5
a83
  8
Layer_0
  10
187.96537
  20
198.71804
  0
VERTEX
  5
a84
  8
Layer_0
  10
187.8217
  20
198.70813
  0
VERTEX
  5
a85
  8
Layer_0
  10
187.72872
  20
198.71804
  0
VERTEX
  5
a86
  8
Layer_0
  10
187.67406
  20
198.74777
  0
VERTEX
  5
a87
  8
Layer_0
  10
187.63578
  20
198.81283
  0
VERTEX
  5
a88
  8
Layer_0
  10
187.65296
  20
198.88703
  0
VERTEX
  5
a89
  8
Layer_0
  10
187.73152
  20
198.98106
  0
VERTEX
  5
a8a
  8
Layer_0
  10
187.87735
  20
199.10557
  0
VERTEX
  5
a8b
  8
Layer_0
  10
188.32247
  20
199.4264
  0
VERTEX
  5
a8c
  8
Layer_0
  10
188.76093
  20
199.68548
  0
VERTEX
  5
a8d
  8
Layer_0
  10
189.18756
  20
199.87975
  0
VERTEX
  5
a8e
  8
Layer_0
  10
189.59724
  20
200.00618
  42
0.29863995
  0
VERTEX
  5
a8f
  8
Layer_0
  10
189.71515
  20
200.10579
  42
0.07442358
  0
VERTEX
  5
a90
  8
Layer_0
  10
189.70294
  20
200.76651
  0
VERTEX
  5
a91
  8
Layer_0
  10
189.69059
  20
200.86755
  0
VERTEX
  5
a92
  8
Layer_0
  10
189.68796
  20
200.92533
  0
VERTEX
  5
a93
  8
Layer_0
  10
189.69638
  20
200.95605
  0
VERTEX
  5
a94
  8
Layer_0
  10
189.71719
  20
200.9759
  0
VERTEX
  5
a95
  8
Layer_0
  10
189.8567
  20
201.00284
  0
VERTEX
  5
a96
  8
Layer_0
  10
190.04043
  20
200.95354
  42
-0.16921325
  0
VERTEX
  5
a97
  8
Layer_0
  10
190.43481
  20
200.53882
  42
-0.11496346
  0
VERTEX
  5
a98
  8
Layer_0
  10
190.51004
  20
200.2115
  0
VERTEX
  5
a99
  8
Layer_0
  10
190.51004
  20
200.03464
  0
VERTEX
  5
a9a
  8
Layer_0
  10
190.63202
  20
200.00211
  0
VERTEX
  5
a9b
  8
Layer_0
  10
190.91808
  20
199.90933
  0
VERTEX
  5
a9c
  8
Layer_0
  10
191.20484
  20
199.78134
  0
VERTEX
  5
a9d
  8
Layer_0
  10
191.4905
  20
199.61953
  0
VERTEX
  5
a9e
  8
Layer_0
  10
191.77327
  20
199.42526
  0
VERTEX
  5
a9f
  8
Layer_0
  10
192.05138
  20
199.19992
  0
VERTEX
  5
aa0
  8
Layer_0
  10
192.32303
  20
198.94491
  0
VERTEX
  5
aa1
  8
Layer_0
  10
192.58644
  20
198.66159
  0
VERTEX
  5
aa2
  8
Layer_0
  10
192.83981
  20
198.35135
  42
-0.068707122
  0
VERTEX
  5
aa3
  8
Layer_0
  10
193.61234
  20
197.00958
  42
-0.10901594
  0
VERTEX
  5
aa4
  8
Layer_0
  10
193.66724
  20
196.69447
  0
VERTEX
  5
aa5
  8
Layer_0
  10
193.64303
  20
196.52638
  0
VERTEX
  5
aa6
  8
Layer_0
  10
193.58337
  20
196.37581
  0
VERTEX
  5
aa7
  8
Layer_0
  10
193.47569
  20
196.21991
  0
VERTEX
  5
aa8
  8
Layer_0
  10
193.3074
  20
196.0358
  42
0.0056270591
  0
VERTEX
  5
aa9
  8
Layer_0
  10
192.90691
  20
195.61497
  0
VERTEX
  5
aaa
  8
Layer_0
  10
192.73052
  20
195.42609
  0
VERTEX
  5
aab
  8
Layer_0
  10
192.48805
  20
195.16969
  0
VERTEX
  5
aac
  8
Layer_0
  10
192.2047
  20
194.87203
  0
VERTEX
  5
aad
  8
Layer_0
  10
191.90567
  20
194.55936
  0
VERTEX
  5
aae
  8
Layer_0
  10
191.61617
  20
194.25793
  0
VERTEX
  5
aaf
  8
Layer_0
  10
191.36141
  20
193.994
  0
VERTEX
  5
ab0
  8
Layer_0
  10
191.25493
  20
193.88431
  0
VERTEX
  5
ab1
  8
Layer_0
  10
191.16659
  20
193.79383
  0
VERTEX
  5
ab2
  8
Layer_0
  10
191.09953
  20
193.72585
  0
VERTEX
  5
ab3
  8
Layer_0
  10
191.05691
  20
193.68366
  0
VERTEX
  5
ab4
  8
Layer_0
  10
190.93242
  20
193.57655
  0
VERTEX
  5
ab5
  8
Layer_0
  10
190.8249
  20
193.51289
  0
VERTEX
  5
ab6
  8
Layer_0
  10
190.71699
  20
193.48583
  0
VERTEX
  5
ab7
  8
Layer_0
  10
190.59136
  20
193.48849
  42
-0.25796784
  0
VERTEX
  5
ab8
  8
Layer_0
  10
190.04044
  20
193.87883
  0
VERTEX
  5
ab9
  8
Layer_0
  10
189.99939
  20
193.99845
  0
VERTEX
  5
aba
  8
Layer_0
  10
189.98655
  20
194.13447
  0
VERTEX
  5
abb
  8
Layer_0
  10
190.00269
  20
194.30022
  0
VERTEX
  5
abc
  8
Layer_0
  10
190.04855
  20
194.50904
  0
VERTEX
  5
abd
  8
Layer_0
  10
190.0938
  20
194.6901
  0
VERTEX
  5
abe
  8
Layer_0
  10
190.12962
  20
194.83988
  0
VERTEX
  5
abf
  8
Layer_0
  10
190.15705
  20
194.96521
  0
VERTEX
  5
ac0
  8
Layer_0
  10
190.17714
  20
195.07294
  0
VERTEX
  5
ac1
  8
Layer_0
  10
190.1995
  20
195.26292
  0
VERTEX
  5
ac2
  8
Layer_0
  10
190.20509
  20
195.46453
  0
VERTEX
  5
ac3
  8
Layer_0
  10
190.20354
  20
195.59493
  0
VERTEX
  5
ac4
  8
Layer_0
  10
190.19874
  20
195.69197
  0
VERTEX
  5
ac5
  8
Layer_0
  10
190.19051
  20
195.75814
  0
VERTEX
  5
ac6
  8
Layer_0
  10
190.17867
  20
195.79591
  0
VERTEX
  5
ac7
  8
Layer_0
  10
190.15224
  20
195.84064
  0
VERTEX
  5
ac8
  8
Layer_0
  10
190.04044
  20
195.74509
  0
SEQEND
  0
POLYLINE
  5
aca
  8
Layer_0
  62
7
  70
1
  66
1
  10
0
  20
0
  30
0
  0
VERTEX
  5
aca
  8
Layer_0
  10
190.61981
  20
195.86096
  42
-0.079471671
  0
VERTEX
  5
acb
  8
Layer_0
  10
190.51207
  20
194.5253
  0
VERTEX
  5
acc
  8
Layer_0
  10
190.48348
  20
194.40149
  0
VERTEX
  5
acd
  8
Layer_0
  10
190.46023
  20
194.29101
  0
VERTEX
  5
ace
  8
Layer_0
  10
190.44461
  20
194.20569
  0
VERTEX
  5
acf
  8
Layer_0
  10
190.43889
  20
194.15734
  0
VERTEX
  5
ad0
  8
Layer_0
  10
190.44781
  20
194.1103
  0
VERTEX
  5
ad1
  8
Layer_0
  10
190.47523
  20
194.07221
  0
VERTEX
  5
ad2
  8
Layer_0
  10
190.52208
  20
194.04213
  0
VERTEX
  5
ad3
  8
Layer_0
  10
190.58932
  20
194.0191
  0
VERTEX
  5
ad4
  8
Layer_0
  10
190.62881
  20
194.02008
  0
VERTEX
  5
ad5
  8
Layer_0
  10
190.68716
  20
194.05747
  0
VERTEX
  5
ad6
  8
Layer_0
  10
190.73241
  20
194.09738
  0
VERTEX
  5
ad7
  8
Layer_0
  10
190.79316
  20
194.15547
  0
VERTEX
  5
ad8
  8
Layer_0
  10
190.87302
  20
194.23476
  0
VERTEX
  5
ad9
  8
Layer_0
  10
190.97559
  20
194.33827
  0
VERTEX
  5
ada
  8
Layer_0
  10
191.26998
  20
194.64017
  0
VERTEX
  5
adb
  8
Layer_0
  10
191.60247
  20
194.98781
  0
VERTEX
  5
adc
  8
Layer_0
  10
191.94978
  20
195.35603
  0
VERTEX
  5
add
  8
Layer_0
  10
192.28863
  20
195.71967
  0
VERTEX
  5
ade
  8
Layer_0
  10
192.59575
  20
196.05359
  0
VERTEX
  5
adf
  8
Layer_0
  10
192.84785
  20
196.33261
  0
VERTEX
  5
ae0
  8
Layer_0
  10
192.94601
  20
196.44368
  0
VERTEX
  5
ae1
  8
Layer_0
  10
193.02168
  20
196.53159
  0
VERTEX
  5
ae2
  8
Layer_0
  10
193.07196
  20
196.5932
  0
VERTEX
  5
ae3
  8
Layer_0
  10
193.09394
  20
196.62536
  0
VERTEX
  5
ae4
  8
Layer_0
  10
193.11909
  20
196.74657
  0
VERTEX
  5
ae5
  8
Layer_0
  10
193.06954
  20
196.91201
  42
0.051304618
  0
VERTEX
  5
ae6
  8
Layer_0
  10
192.5674
  20
197.81261
  42
0.077541576
  0
VERTEX
  5
ae7
  8
Layer_0
  10
191.56311
  20
198.93277
  0
VERTEX
  5
ae8
  8
Layer_0
  10
191.26735
  20
199.14916
  0
VERTEX
  5
ae9
  8
Layer_0
  10
190.97788
  20
199.32666
  0
VERTEX
  5
aea
  8
Layer_0
  10
190.70861
  20
199.45766
  0
VERTEX
  5
aeb
  8
Layer_0
  10
190.47345
  20
199.53453
  42
-0.12929159
  0
VERTEX
  5
aec
  8
Layer_0
  10
190.22949
  20
199.64227
  42
0.063115919
  0
VERTEX
  5
aed
  8
Layer_0
  10
190.09938
  20
199.73985
  0
VERTEX
  5
aee
  8
Layer_0
  10
190.0558
  20
199.75901
  0
VERTEX
  5
aef
  8
Layer_0
  10
190.03128
  20
199.75434
  0
VERTEX
  5
af0
  8
Layer_0
  10
190.02048
  20
199.71956
  0
VERTEX
  5
af1
  8
Layer_0
  10
190.01807
  20
199.64838
  42
-0.12200884
  0
VERTEX
  5
af2
  8
Layer_0
  10
189.96521
  20
199.42882
  0
VERTEX
  5
af3
  8
Layer_0
  10
189.88119
  20
199.30522
  0
VERTEX
  5
af4
  8
Layer_0
  10
189.7703
  20
199.19782
  0
VERTEX
  5
af5
  8
Layer_0
  10
189.65216
  20
199.12206
  0
VERTEX
  5
af6
  8
Layer_0
  10
189.54642
  20
199.09338
  0
VERTEX
  5
af7
  8
Layer_0
  10
189.47679
  20
199.14115
  0
VERTEX
  5
af8
  8
Layer_0
  10
189.4346
  20
199.27431
  0
VERTEX
  5
af9
  8
Layer_0
  10
189.40214
  20
199.39956
  0
VERTEX
  5
afa
  8
Layer_0
  10
189.34871
  20
199.47125
  0
VERTEX
  5
afb
  8
Layer_0
  10
189.27165
  20
199.49073
  0
VERTEX
  5
afc
  8
Layer_0
  10
189.16828
  20
199.45931
  42
0.1593762
  0
VERTEX
  5
afd
  8
Layer_0
  10
188.93042
  20
199.20926
  42
0.15850414
  0
VERTEX
  5
afe
  8
Layer_0
  10
188.90604
  20
199.02426
  42
-0.035493849
  0
VERTEX
  5
aff
  8
Layer_0
  10
188.9223
  20
198.52414
  42
-0.049571246
  0
VERTEX
  5
b00
  8
Layer_0
  10
188.82471
  20
197.66014
  42
-0.0060137516
  0
VERTEX
  5
b01
  8
Layer_0
  10
188.63971
  20
196.83679
  0
VERTEX
  5
b02
  8
Layer_0
  10
188.56591
  20
196.5313
  0
VERTEX
  5
b03
  8
Layer_0
  10
188.50331
  20
196.2565
  0
VERTEX
  5
b04
  8
Layer_0
  10
188.45224
  20
196.01429
  0
VERTEX
  5
b05
  8
Layer_0
  10
188.41304
  20
195.80658
  0
VERTEX
  5
b06
  8
Layer_0
  10
188.38603
  20
195.63527
  0
VERTEX
  5
b07
  8
Layer_0
  10
188.37155
  20
195.50227
  0
VERTEX
  5
b08
  8
Layer_0
  10
188.36994
  20
195.40949
  0
VERTEX
  5
b09
  8
Layer_0
  10
188.38152
  20
195.35882
  0
VERTEX
  5
b0a
  8
Layer_0
  10
188.41586
  20
195.33134
  0
VERTEX
  5
b0b
  8
Layer_0
  10
188.49156
  20
195.29453
  0
VERTEX
  5
b0c
  8
Layer_0
  10
188.60881
  20
195.24818
  0
VERTEX
  5
b0d
  8
Layer_0
  10
188.76779
  20
195.19212
  0
VERTEX
  5
b0e
  8
Layer_0
  10
188.92356
  20
195.14612
  0
VERTEX
  5
b0f
  8
Layer_0
  10
189.00158
  20
195.14739
  0
VERTEX
  5
b10
  8
Layer_0
  10
189.07299
  20
195.20864
  0
VERTEX
  5
b11
  8
Layer_0
  10
189.17032
  20
195.32629
  42
-0.026601068
  0
VERTEX
  5
b12
  8
Layer_0
  10
189.65213
  20
195.93619
  42
-0.068420847
  0
VERTEX
  5
b13
  8
Layer_0
  10
190.28641
  20
196.4424
  0
VERTEX
  5
b14
  8
Layer_0
  10
190.4332
  20
196.54312
  0
VERTEX
  5
b15
  8
Layer_0
  10
190.55959
  20
196.65357
  0
VERTEX
  5
b16
  8
Layer_0
  10
190.66121
  20
196.76973
  0
VERTEX
  5
b17
  8
Layer_0
  10
190.73367
  20
196.88761
  42
0.19557757
  0
VERTEX
  5
b18
  8
Layer_0
  10
190.76416
  20
197.50766
  42
0.097126096
  0
VERTEX
  5
b19
  8
Layer_0
  10
190.51817
  20
197.94678
  0
VERTEX
  5
b1a
  8
Layer_0
  10
190.46074
  20
198.022
  0
VERTEX
  5
b1b
  8
Layer_0
  10
190.43685
  20
198.07283
  0
VERTEX
  5
b1c
  8
Layer_0
  10
190.44076
  20
198.16012
  0
VERTEX
  5
b1d
  8
Layer_0
  10
190.46659
  20
198.2253
  0
VERTEX
  5
b1e
  8
Layer_0
  10
190.51261
  20
198.26609
  0
VERTEX
  5
b1f
  8
Layer_0
  10
190.57713
  20
198.28019
  0
VERTEX
  5
b20
  8
Layer_0
  10
190.65794
  20
198.25859
  0
VERTEX
  5
b21
  8
Layer_0
  10
190.7662
  20
198.16228
  42
-0.098381197
  0
VERTEX
  5
b22
  8
Layer_0
  10
191.11383
  20
197.60931
  0
VERTEX
  5
b23
  8
Layer_0
  10
191.13715
  20
197.54153
  0
VERTEX
  5
b24
  8
Layer_0
  10
191.15093
  20
197.46802
  0
VERTEX
  5
b25
  8
Layer_0
  10
191.15786
  20
197.3686
  0
VERTEX
  5
b26
  8
Layer_0
  10
191.16059
  20
197.22305
  0
VERTEX
  5
b27
  8
Layer_0
  10
191.15919
  20
197.07039
  0
VERTEX
  5
b28
  8
Layer_0
  10
191.15246
  20
196.97147
  0
VERTEX
  5
b29
  8
Layer_0
  10
191.13658
  20
196.89771
  0
VERTEX
  5
b2a
  8
Layer_0
  10
191.10773
  20
196.82052
  42
-0.094747753
  0
VERTEX
  5
b2b
  8
Layer_0
  10
190.75603
  20
196.29805
  0
VERTEX
  5
b2c
  8
Layer_0
  10
190.59543
  20
196.13541
  0
SEQEND
  0
POLYLINE
  5
b2e
  8
Layer_0
  62
7
  70
1
  66
1
  10
0
  20
0
  30
0
  0
VERTEX
  5
b2e
  8
Layer_0
  10
189.40817
  20
197.03805
  0
VERTEX
  5
b2f
  8
Layer_0
  10
189.44347
  20
197.09354
  0
VERTEX
  5
b30
  8
Layer_0
  10
189.50144
  20
197.1984
  0
VERTEX
  5
b31
  8
Layer_0
  10
189.57427
  20
197.33794
  0
VERTEX
  5
b32
  8
Layer_0
  10
189.65416
  20
197.4975
  0
VERTEX
  5
b33
  8
Layer_0
  10
189.72277
  20
197.64009
  0
VERTEX
  5
b34
  8
Layer_0
  10
189.77534
  20
197.75499
  0
VERTEX
  5
b35
  8
Layer_0
  10
189.81301
  20
197.84635
  0
VERTEX
  5
b36
  8
Layer_0
  10
189.83687
  20
197.91832
  0
VERTEX
  5
b37
  8
Layer_0
  10
189.84771
  20
198.02067
  0
VERTEX
  5
b38
  8
Layer_0
  10
189.8168
  20
198.09519
  42
0.30974091
  0
VERTEX
  5
b39
  8
Layer_0
  10
189.53421
  20
198.18465
  42
0.20742414
  0
VERTEX
  5
b3a
  8
Layer_0
  10
189.32076
  20
197.9976
  0
VERTEX
  5
b3b
  8
Layer_0
  10
189.22648
  20
197.57831
  0
VERTEX
  5
b3c
  8
Layer_0
  10
189.15812
  20
197.11937
  0
VERTEX
  5
b3d
  8
Layer_0
  10
189.18404
  20
197.0309
  0
VERTEX
  5
b3e
  8
Layer_0
  10
189.24808
  20
196.98341
  0
VERTEX
  5
b3f
  8
Layer_0
  10
189.32965
  20
196.98357
  0
SEQEND
  0
POLYLINE
  5
b41
  8
Layer_0
  62
7
  70
1
  66
1
  10
0
  20
0
  30
0
  0
VERTEX
  5
b41
  8
Layer_0
  10
187.67783
  20
188.724
  42
0.25043676
  0
VERTEX
  5
b42
  8
Layer_0
  10
186.72021
  20
185.34911
  0
VERTEX
  5
b43
  8
Layer_0
  10
186.76518
  20
185.17207
  0
VERTEX
  5
b44
  8
Layer_0
  10
186.82138
  20
184.9833
  0
VERTEX
  5
b45
  8
Layer_0
  10
186.87523
  20
184.82603
  0
VERTEX
  5
b46
  8
Layer_0
  10
186.91316
  20
184.74345
  0
VERTEX
  5
b47
  8
Layer_0
  10
187.04426
  20
184.78633
  0
VERTEX
  5
b48
  8
Layer_0
  10
187.16865
  20
184.85065
  42
0.082587479
  0
VERTEX
  5
b49
  8
Layer_0
  10
187.12576
  20
184.98643
  42
-0.1680806
  0
VERTEX
  5
b4a
  8
Layer_0
  10
187.10611
  20
187.26971
  42
-0.089232202
  0
VERTEX
  5
b4b
  8
Layer_0
  10
187.67783
  20
188.297
  42
-0.05724805
  0
VERTEX
  5
b4c
  8
Layer_0
  10
188.23167
  20
188.8437
  42
-0.12287214
  0
VERTEX
  5
b4d
  8
Layer_0
  10
189.79495
  20
189.53154
  42
-0.088668453
  0
VERTEX
  5
b4e
  8
Layer_0
  10
190.91158
  20
189.53154
  42
-0.20594612
  0
VERTEX
  5
b4f
  8
Layer_0
  10
193.23236
  20
188.00757
  42
-0.13750052
  0
VERTEX
  5
b50
  8
Layer_0
  10
193.77371
  20
186.25134
  42
-0.093881009
  0
VERTEX
  5
b51
  8
Layer_0
  10
193.58969
  20
185.02216
  42
-0.0054689044
  0
VERTEX
  5
b52
  8
Layer_0
  10
193.5343
  20
184.86673
  0
VERTEX
  5
b53
  8
Layer_0
  10
193.55552
  20
184.83368
  0
VERTEX
  5
b54
  8
Layer_0
  10
193.64507
  20
184.78991
  42
0.099008883
  0
VERTEX
  5
b55
  8
Layer_0
  10
193.77728
  20
184.74167
  0
VERTEX
  5
b56
  8
Layer_0
  10
193.8052
  20
184.78745
  0
VERTEX
  5
b57
  8
Layer_0
  10
193.85053
  20
184.89889
  42
0.17836019
  0
VERTEX
  5
b58
  8
Layer_0
  10
193.84161
  20
187.4305
  42
0.10875815
  0
VERTEX
  5
b59
  8
Layer_0
  10
192.97153
  20
188.77939
  42
0.16163789
  0
VERTEX
  5
b5a
  8
Layer_0
  10
190.87585
  20
189.82454
  42
0.057086136
  0
VERTEX
  5
b5b
  8
Layer_0
  10
190.09866
  20
189.85849
  42
0.077613794
  0
VERTEX
  5
b5c
  8
Layer_0
  10
188.8945
  20
189.56371
  42
0.10097009
  0
SEQEND
  0
POLYLINE
  5
b5e
  8
Layer_0
  62
7
  70
1
  66
1
  10
0
  20
0
  30
0
  0
VERTEX
  5
b5e
  8
Layer_0
  10
190.24161
  20
189.11884
  0
VERTEX
  5
b5f
  8
Layer_0
  10
190.24161
  20
188.85085
  0
VERTEX
  5
b60
  8
Layer_0
  10
190.3488
  20
188.85085
  0
VERTEX
  5
b61
  8
Layer_0
  10
190.45599
  20
188.85085
  0
VERTEX
  5
b62
  8
Layer_0
  10
190.45599
  20
189.11884
  0
VERTEX
  5
b63
  8
Layer_0
  10
190.45599
  20
189.38683
  0
VERTEX
  5
b64
  8
Layer_0
  10
190.3488
  20
189.38683
  0
VERTEX
  5
b65
  8
Layer_0
  10
190.24161
  20
189.38683
  0
SEQEND
  0
POLYLINE
  5
b67
  8
Layer_0
  62
7
  70
1
  66
1
  10
0
  20
0
  30
0
  0
VERTEX
  5
b67
  8
Layer_0
  10
189.175
  20
188.70435
  0
VERTEX
  5
b68
  8
Layer_0
  10
189.12093
  20
188.83044
  0
VERTEX
  5
b69
  8
Layer_0
  10
189.07339
  20
188.94933
  0
VERTEX
  5
b6a
  8
Layer_0
  10
189.03958
  20
189.04176
  0
VERTEX
  5
b6b
  8
Layer_0
  10
189.02671
  20
189.08847
  0
VERTEX
  5
b6c
  8
Layer_0
  10
189.04659
  20
189.11169
  0
VERTEX
  5
b6d
  8
Layer_0
  10
189.0946
  20
189.14028
  0
VERTEX
  5
b6e
  8
Layer_0
  10
189.17902
  20
189.16909
  0
VERTEX
  5
b6f
  8
Layer_0
  10
189.21788
  20
189.151
  0
VERTEX
  5
b70
  8
Layer_0
  10
189.3186
  20
188.92298
  0
VERTEX
  5
b71
  8
Layer_0
  10
189.4019
  20
188.69899
  0
VERTEX
  5
b72
  8
Layer_0
  10
189.3751
  20
188.67219
  0
VERTEX
  5
b73
  8
Layer_0
  10
189.31078
  20
188.64003
  0
VERTEX
  5
b74
  8
Layer_0
  10
189.22145
  20
188.60251
  0
SEQEND
  0
POLYLINE
  5
b76
  8
Layer_0
  62
7
  70
1
  66
1
  10
0
  20
0
  30
0
  0
VERTEX
  5
b76
  8
Layer_0
  10
191.48686
  20
188.62395
  0
VERTEX
  5
b77
  8
Layer_0
  10
191.59384
  20
188.8638
  0
VERTEX
  5
b78
  8
Layer_0
  10
191.68875
  20
189.09561
  0
VERTEX
  5
b79
  8
Layer_0
  10
191.60657
  20
189.13737
  0
VERTEX
  5
b7a
  8
Layer_0
  10
191.5083
  20
189.17244
  0
VERTEX
  5
b7b
  8
Layer_0
  10
191.48709
  20
189.15278
  0
VERTEX
  5
b7c
  8
Layer_0
  10
191.46185
  20
189.10633
  42
-0.0083906642
  0
VERTEX
  5
b7d
  8
Layer_0
  10
191.36537
  20
188.87766
  0
VERTEX
  5
b7e
  8
Layer_0
  10
191.31647
  20
188.75862
  0
VERTEX
  5
b7f
  8
Layer_0
  10
191.2957
  20
188.6972
  0
VERTEX
  5
b80
  8
Layer_0
  10
191.38592
  20
188.64048
  0
SEQEND
  0
POLYLINE
  5
b82
  8
Layer_0
  62
7
  70
1
  66
1
  10
0
  20
0
  30
0
  0
VERTEX
  5
b82
  8
Layer_0
  10
188.06017
  20
188.44351
  0
VERTEX
  5
b83
  8
Layer_0
  10
187.98155
  20
188.37025
  0
VERTEX
  5
b84
  8
Layer_0
  10
188.17273
  20
188.17731
  0
VERTEX
  5
b85
  8
Layer_0
  10
188.36566
  20
187.98434
  0
VERTEX
  5
b86
  8
Layer_0
  10
188.4407
  20
188.06117
  0
VERTEX
  5
b87
  8
Layer_0
  10
188.51753
  20
188.1362
  0
VERTEX
  5
b88
  8
Layer_0
  10
188.32635
  20
188.32559
  0
VERTEX
  5
b89
  8
Layer_0
  10
188.13699
  20
188.51675
  0
SEQEND
  0
POLYLINE
  5
b8b
  8
Layer_0
  62
7
  70
1
  66
1
  10
0
  20
0
  30
0
  0
VERTEX
  5
b8b
  8
Layer_0
  10
192.63565
  20
188.44886
  0
VERTEX
  5
b8c
  8
Layer_0
  10
192.68612
  20
188.39638
  0
VERTEX
  5
b8d
  8
Layer_0
  10
192.70711
  20
188.36668
  0
VERTEX
  5
b8e
  8
Layer_0
  10
192.52934
  20
188.17976
  0
VERTEX
  5
b8f
  8
Layer_0
  10
192.33549
  20
187.99685
  0
VERTEX
  5
b90
  8
Layer_0
  10
192.30557
  20
188.01539
  0
VERTEX
  5
b91
  8
Layer_0
  10
192.25153
  20
188.06474
  0
VERTEX
  5
b92
  8
Layer_0
  10
192.18185
  20
188.1362
  0
VERTEX
  5
b93
  8
Layer_0
  10
192.37302
  20
188.32738
  0
VERTEX
  5
b94
  8
Layer_0
  10
192.56418
  20
188.51854
  0
VERTEX
  5
b95
  8
Layer_0
  10
192.63565
  20
188.44887
  0
SEQEND
  0
POLYLINE
  5
b97
  8
Layer_0
  62
7
  70
1
  66
1
  10
0
  20
0
  30
0
  0
VERTEX
  5
b97
  8
Layer_0
  10
187.43307
  20
187.2429
  42
-0.010778181
  0
VERTEX
  5
b98
  8
Layer_0
  10
187.5885
  20
187.17859
  0
VERTEX
  5
b99
  8
Layer_0
  10
187.73254
  20
187.11985
  0
VERTEX
  5
b9a
  8
Layer_0
  10
187.80289
  20
187.09998
  0
VERTEX
  5
b9b
  8
Layer_0
  10
187.85046
  20
187.16988
  0
VERTEX
  5
b9c
  8
Layer_0
  10
187.88329
  20
187.27328
  42
0.32279923
  0
VERTEX
  5
b9d
  8
Layer_0
  10
187.83505
  20
187.31079
  42
-0.007039342
  0
VERTEX
  5
b9e
  8
Layer_0
  10
187.60994
  20
187.40192
  0
VERTEX
  5
b9f
  8
Layer_0
  10
187.4784
  20
187.45395
  0
VERTEX
  5
ba0
  8
Layer_0
  10
187.40984
  20
187.47517
  0
VERTEX
  5
ba1
  8
Layer_0
  10
187.38527
  20
187.45417
  0
VERTEX
  5
ba2
  8
Layer_0
  10
187.35803
  20
187.4037
  42
0.097401067
  0
VERTEX
  5
ba3
  8
Layer_0
  10
187.32944
  20
187.30902
  0
VERTEX
  5
ba4
  8
Layer_0
  10
187.35982
  20
187.27998
  0
VERTEX
  5
ba5
  8
Layer_0
  10
187.43307
  20
187.24291
  0
SEQEND
  0
POLYLINE
  5
ba7
  8
Layer_0
  62
7
  70
1
  66
1
  10
0
  20
0
  30
0
  0
VERTEX
  5
ba7
  8
Layer_0
  10
193.33599
  20
187.27149
  0
VERTEX
  5
ba8
  8
Layer_0
  10
193.08051
  20
187.16452
  0
VERTEX
  5
ba9
  8
Layer_0
  10
192.89471
  20
187.10712
  0
VERTEX
  5
baa
  8
Layer_0
  10
192.84133
  20
187.19512
  0
VERTEX
  5
bab
  8
Layer_0
  10
192.81609
  20
187.28579
  42
-0.015607216
  0
VERTEX
  5
bac
  8
Layer_0
  10
193.03763
  20
187.38226
  0
VERTEX
  5
bad
  8
Layer_0
  10
193.19865
  20
187.44546
  0
VERTEX
  5
bae
  8
Layer_0
  10
193.28597
  20
187.46981
  0
VERTEX
  5
baf
  8
Layer_0
  10
193.31902
  20
187.44613
  0
VERTEX
  5
bb0
  8
Layer_0
  10
193.35207
  20
187.38226
  0
VERTEX
  5
bb1
  8
Layer_0
  10
193.38602
  20
187.29651
  0
VERTEX
  5
bb2
  8
Layer_0
  10
193.336
  20
187.27148
  0
SEQEND
  0
POLYLINE
  5
bb4
  8
Layer_0
  62
7
  70
1
  66
1
  10
0
  20
0
  30
0
  0
VERTEX
  5
bb4
  8
Layer_0
  10
190.89908
  20
186.06375
  42
-0.24004779
  0
VERTEX
  5
bb5
  8
Layer_0
  10
190.58463
  20
185.65105
  42
-0.24259524
  0
VERTEX
  5
bb6
  8
Layer_0
  10
190.11655
  20
185.65105
  42
-0.15559122
  0
VERTEX
  5
bb7
  8
Layer_0
  10
189.85211
  20
185.9119
  42
-0.23059003
  0
VERTEX
  5
bb8
  8
Layer_0
  10
189.84497
  20
186.37819
  42
-0.45852311
  0
VERTEX
  5
bb9
  8
Layer_0
  10
190.6561
  20
186.61403
  0
VERTEX
  5
bba
  8
Layer_0
  10
190.74185
  20
186.56042
  0
VERTEX
  5
bbb
  8
Layer_0
  10
190.88835
  20
186.60687
  42
0.0017574623
  0
VERTEX
  5
bbc
  8
Layer_0
  10
192.05499
  20
186.98564
  0
VERTEX
  5
bbd
  8
Layer_0
  10
192.20812
  20
187.03326
  0
VERTEX
  5
bbe
  8
Layer_0
  10
192.30713
  20
187.0571
  0
VERTEX
  5
bbf
  8
Layer_0
  10
192.36629
  20
187.0595
  0
VERTEX
  5
bc0
  8
Layer_0
  10
192.39982
  20
187.04281
  42
-0.44700457
  0
VERTEX
  5
bc1
  8
Layer_0
  10
192.39088
  20
186.90167
  0
VERTEX
  5
bc2
  8
Layer_0
  10
192.37021
  20
186.88895
  0
VERTEX
  5
bc3
  8
Layer_0
  10
192.32232
  20
186.86259
  0
VERTEX
  5
bc4
  8
Layer_0
  10
192.25031
  20
186.82416
  0
VERTEX
  5
bc5
  8
Layer_0
  10
192.15728
  20
186.77526
  0
VERTEX
  5
bc6
  8
Layer_0
  10
191.92056
  20
186.65244
  0
VERTEX
  5
bc7
  8
Layer_0
  10
191.63694
  20
186.50683
  0
VERTEX
  5
bc8
  8
Layer_0
  10
190.91158
  20
186.13879
  0
SEQEND
  0
POLYLINE
  5
bca
  8
Layer_0
  62
7
  70
1
  66
1
  10
0
  20
0
  30
0
  0
VERTEX
  5
bca
  8
Layer_0
  10
187.11505
  20
186.15308
  0
VERTEX
  5
bcb
  8
Layer_0
  10
187.11505
  20
186.04588
  0
VERTEX
  5
bcc
  8
Layer_0
  10
187.38304
  20
186.04588
  0
VERTEX
  5
bcd
  8
Layer_0
  10
187.65103
  20
186.04588
  0
VERTEX
  5
bce
  8
Layer_0
  10
187.65103
  20
186.15308
  0
VERTEX
  5
bcf
  8
Layer_0
  10
187.65103
  20
186.26028
  0
VERTEX
  5
bd0
  8
Layer_0
  10
187.38304
  20
186.26028
  0
VERTEX
  5
bd1
  8
Layer_0
  10
187.11505
  20
186.26028
  0
SEQEND
  0
POLYLINE
  5
bd3
  8
Layer_0
  62
7
  70
1
  66
1
  10
0
  20
0
  30
0
  0
VERTEX
  5
bd3
  8
Layer_0
  10
193.31455
  20
186.04589
  0
VERTEX
  5
bd4
  8
Layer_0
  10
193.4689
  20
186.04656
  0
VERTEX
  5
bd5
  8
Layer_0
  10
193.54971
  20
186.05125
  0
VERTEX
  5
bd6
  8
Layer_0
  10
193.58263
  20
186.06398
  0
VERTEX
  5
bd7
  8
Layer_0
  10
193.59326
  20
186.08876
  42
0.083131169
  0
VERTEX
  5
bd8
  8
Layer_0
  10
193.59683
  20
186.1906
  0
VERTEX
  5
bd9
  8
Layer_0
  10
193.59148
  20
186.25134
  0
VERTEX
  5
bda
  8
Layer_0
  10
193.33063
  20
186.2567
  0
VERTEX
  5
bdb
  8
Layer_0
  10
193.22891
  20
186.25709
  0
VERTEX
  5
bdc
  8
Layer_0
  10
193.14393
  20
186.25581
  0
VERTEX
  5
bdd
  8
Layer_0
  10
193.08442
  20
186.25319
  0
VERTEX
  5
bde
  8
Layer_0
  10
193.05907
  20
186.24956
  0
VERTEX
  5
bdf
  8
Layer_0
  10
193.05014
  20
186.21249
  0
VERTEX
  5
be0
  8
Layer_0
  10
193.04656
  20
186.14058
  0
VERTEX
  5
be1
  8
Layer_0
  10
193.04657
  20
186.04588
  0
VERTEX
  5
be2
  8
Layer_0
  10
193.31454
  20
186.04588
  0
SEQEND
  0
POLYLINE
  5
be4
  8
Layer_0
  62
7
  70
1
  66
1
  10
0
  20
0
  30
0
  0
VERTEX
  5
be4
  8
Layer_0
  10
127.6131
  20
187.35193
  0
VERTEX
  5
be5
  8
Layer_0
  10
127.6131
  20
187.82158
  42
0.086608507
  0
VERTEX
  5
be6
  8
Layer_0
  10
128.05328
  20
188.07297
  42
0.14219489
  0
VERTEX
  5
be7
  8
Layer_0
  10
128.37927
  20
188.50487
  0
VERTEX
  5
be8
  8
Layer_0
  10
128.79918
  20
188.50487
  0
VERTEX
  5
be9
  8
Layer_0
  10
128.79918
  20
185.79381
  0
VERTEX
  5
bea
  8
Layer_0
  10
128.28165
  20
185.79381
  0
VERTEX
  5
beb
  8
Layer_0
  10
128.28165
  20
187.74422
  42
-0.10866784
  0
SEQEND
  0
POLYLINE
  5
bed
  8
Layer_0
  62
7
  70
1
  66
1
  10
0
  20
0
  30
0
  0
VERTEX
  5
bed
  8
Layer_0
  10
130.3131
  20
186.70547
  42
-0.20695314
  0
VERTEX
  5
bee
  8
Layer_0
  10
129.76334
  20
186.95135
  42
-0.19090087
  0
VERTEX
  5
bef
  8
Layer_0
  10
129.5322
  20
187.59135
  42
-0.19505085
  0
VERTEX
  5
bf0
  8
Layer_0
  10
129.77623
  20
188.25346
  42
-0.2027796
  0
VERTEX
  5
bf1
  8
Layer_0
  10
130.39783
  20
188.50487
  42
-0.22326182
  0
VERTEX
  5
bf2
  8
Layer_0
  10
131.0719
  20
188.18716
  0
VERTEX
  5
bf3
  8
Layer_0
  10
131.18712
  20
188.0027
  0
VERTEX
  5
bf4
  8
Layer_0
  10
131.26943
  20
187.76701
  0
VERTEX
  5
bf5
  8
Layer_0
  10
131.31881
  20
187.4801
  0
VERTEX
  5
bf6
  8
Layer_0
  10
131.33527
  20
187.14197
  0
VERTEX
  5
bf7
  8
Layer_0
  10
131.31812
  20
186.79757
  0
VERTEX
  5
bf8
  8
Layer_0
  10
131.26666
  20
186.50473
  0
VERTEX
  5
bf9
  8
Layer_0
  10
131.18091
  20
186.26346
  0
VERTEX
  5
bfa
  8
Layer_0
  10
131.06085
  20
186.07376
  42
-0.22200447
  0
VERTEX
  5
bfb
  8
Layer_0
  10
130.34625
  20
185.74593
  42
-0.17993331
  0
VERTEX
  5
bfc
  8
Layer_0
  10
129.83424
  20
185.91444
  0
VERTEX
  5
bfd
  8
Layer_0
  10
129.74538
  20
186.00912
  0
VERTEX
  5
bfe
  8
Layer_0
  10
129.67401
  20
186.12464
  0
VERTEX
  5
bff
  8
Layer_0
  10
129.62014
  20
186.26098
  0
VERTEX
  5
c00
  8
Layer_0
  10
129.58377
  20
186.41816
  0
VERTEX
  5
c01
  8
Layer_0
  10
130.08472
  20
186.47342
  42
0.17420985
  0
VERTEX
  5
c02
  8
Layer_0
  10
130.1805
  20
186.24689
  42
0.1925848
  0
VERTEX
  5
c03
  8
Layer_0
  10
130.38493
  20
186.17322
  42
0.23397257
  0
VERTEX
  5
c04
  8
Layer_0
  10
130.6575
  20
186.32056
  0
VERTEX
  5
c05
  8
Layer_0
  10
130.70862
  20
186.41402
  0
VERTEX
  5
c06
  8
Layer_0
  10
130.74959
  20
186.54709
  0
VERTEX
  5
c07
  8
Layer_0
  10
130.78044
  20
186.71975
  0
VERTEX
  5
c08
  8
Layer_0
  10
130.80116
  20
186.93201
  42
-0.21824128
  0
SEQEND
  0
POLYLINE
  5
c0a
  8
Layer_0
  62
7
  70
1
  66
1
  10
0
  20
0
  30
0
  0
VERTEX
  5
c0a
  8
Layer_0
  10
130.37387
  20
188.07574
  42
0.22195257
  0
VERTEX
  5
c0b
  8
Layer_0
  10
130.13538
  20
187.96246
  0
VERTEX
  5
c0c
  8
Layer_0
  10
130.06423
  20
187.81306
  0
VERTEX
  5
c0d
  8
Layer_0
  10
130.04052
  20
187.59136
  0
VERTEX
  5
c0e
  8
Layer_0
  10
130.06631
  20
187.36459
  0
VERTEX
  5
c0f
  8
Layer_0
  10
130.14366
  20
187.20735
  42
0.22123221
  0
VERTEX
  5
c10
  8
Layer_0
  10
130.4015
  20
187.08487
  42
0.21743244
  0
VERTEX
  5
c11
  8
Layer_0
  10
130.65291
  20
187.20274
  0
VERTEX
  5
c12
  8
Layer_0
  10
130.72956
  20
187.34825
  0
VERTEX
  5
c13
  8
Layer_0
  10
130.75512
  20
187.549
  0
VERTEX
  5
c14
  8
Layer_0
  10
130.72634
  20
187.77139
  0
VERTEX
  5
c15
  8
Layer_0
  10
130.64001
  20
187.93761
  42
0.22258274
  0
SEQEND
  0
POLYLINE
  5
c17
  8
Layer_0
  62
7
  70
1
  66
1
  10
0
  20
0
  30
0
  0
VERTEX
  5
c17
  8
Layer_0
  10
132.41084
  20
186.70547
  42
-0.20695153
  0
VERTEX
  5
c18
  8
Layer_0
  10
131.86108
  20
186.95135
  42
-0.19090087
  0
VERTEX
  5
c19
  8
Layer_0
  10
131.62994
  20
187.59135
  42
-0.19505085
  0
VERTEX
  5
c1a
  8
Layer_0
  10
131.87398
  20
188.25346
  42
-0.2027796
  0
VERTEX
  5
c1b
  8
Layer_0
  10
132.49557
  20
188.50487
  42
-0.22326042
  0
VERTEX
  5
c1c
  8
Layer_0
  10
133.16965
  20
188.18716
  0
VERTEX
  5
c1d
  8
Layer_0
  10
133.28487
  20
188.0027
  0
VERTEX
  5
c1e
  8
Layer_0
  10
133.36718
  20
187.76701
  0
VERTEX
  5
c1f
  8
Layer_0
  10
133.41656
  20
187.4801
  0
VERTEX
  5
c20
  8
Layer_0
  10
133.43302
  20
187.14197
  0
VERTEX
  5
c21
  8
Layer_0
  10
133.41587
  20
186.79757
  0
VERTEX
  5
c22
  8
Layer_0
  10
133.36441
  20
186.50473
  0
VERTEX
  5
c23
  8
Layer_0
  10
133.27866
  20
186.26346
  0
VERTEX
  5
c24
  8
Layer_0
  10
133.1586
  20
186.07376
  42
-0.22200447
  0
VERTEX
  5
c25
  8
Layer_0
  10
132.444
  20
185.74593
  42
-0.17993331
  0
VERTEX
  5
c26
  8
Layer_0
  10
131.93199
  20
185.91444
  0
VERTEX
  5
c27
  8
Layer_0
  10
131.84313
  20
186.00912
  0
VERTEX
  5
c28
  8
Layer_0
  10
131.77176
  20
186.12464
  0
VERTEX
  5
c29
  8
Layer_0
  10
131.71789
  20
186.26098
  0
VERTEX
  5
c2a
  8
Layer_0
  10
131.68152
  20
186.41816
  0
VERTEX
  5
c2b
  8
Layer_0
  10
132.18246
  20
186.47342
  42
0.1742051
  0
VERTEX
  5
c2c
  8
Layer_0
  10
132.27824
  20
186.24689
  42
0.1925848
  0
VERTEX
  5
c2d
  8
Layer_0
  10
132.48268
  20
186.17322
  42
0.23397581
  0
VERTEX
  5
c2e
  8
Layer_0
  10
132.75525
  20
186.32056
  0
VERTEX
  5
c2f
  8
Layer_0
  10
132.80636
  20
186.41402
  0
VERTEX
  5
c30
  8
Layer_0
  10
132.84734
  20
186.54709
  0
VERTEX
  5
c31
  8
Layer_0
  10
132.87819
  20
186.71975
  0
VERTEX
  5
c32
  8
Layer_0
  10
132.89891
  20
186.93201
  42
-0.21824128
  0
SEQEND
  0
POLYLINE
  5
c34
  8
Layer_0
  62
7
  70
1
  66
1
  10
0
  20
0
  30
0
  0
VERTEX
  5
c34
  8
Layer_0
  10
132.47162
  20
188.07574
  42
0.22194867
  0
VERTEX
  5
c35
  8
Layer_0
  10
132.23312
  20
187.96246
  0
VERTEX
  5
c36
  8
Layer_0
  10
132.16198
  20
187.81306
  0
VERTEX
  5
c37
  8
Layer_0
  10
132.13827
  20
187.59136
  0
VERTEX
  5
c38
  8
Layer_0
  10
132.16406
  20
187.36459
  0
VERTEX
  5
c39
  8
Layer_0
  10
132.24141
  20
187.20735
  42
0.22123221
  0
VERTEX
  5
c3a
  8
Layer_0
  10
132.49925
  20
187.08487
  42
0.21743244
  0
VERTEX
  5
c3b
  8
Layer_0
  10
132.75066
  20
187.20274
  0
VERTEX
  5
c3c
  8
Layer_0
  10
132.82731
  20
187.34825
  0
VERTEX
  5
c3d
  8
Layer_0
  10
132.85287
  20
187.549
  0
VERTEX
  5
c3e
  8
Layer_0
  10
132.82409
  20
187.77139
  0
VERTEX
  5
c3f
  8
Layer_0
  10
132.73776
  20
187.93761
  42
0.22258595
  0
SEQEND
  0
POLYLINE
  5
c41
  8
Layer_0
  62
7
  70
1
  66
1
  10
0
  20
0
  30
0
  0
VERTEX
  5
c41
  8
Layer_0
  10
134.59424
  20
186.41817
  42
-0.025672268
  0
VERTEX
  5
c42
  8
Layer_0
  10
134.90457
  20
186.71652
  42
0.040828964
  0
VERTEX
  5
c43
  8
Layer_0
  10
135.24345
  20
187.06094
  42
0.072214494
  0
VERTEX
  5
c44
  8
Layer_0
  10
135.45065
  20
187.40627
  42
0.094686766
  0
VERTEX
  5
c45
  8
Layer_0
  10
135.51604
  20
187.75343
  42
0.20646967
  0
VERTEX
  5
c46
  8
Layer_0
  10
135.28766
  20
188.28938
  0
VERTEX
  5
c47
  8
Layer_0
  10
135.16276
  20
188.38365
  0
VERTEX
  5
c48
  8
Layer_0
  10
135.01646
  20
188.45099
  0
VERTEX
  5
c49
  8
Layer_0
  10
134.84874
  20
188.4914
  0
VERTEX
  5
c4a
  8
Layer_0
  10
134.65962
  20
188.50486
  42
0.16475016
  0
VERTEX
  5
c4b
  8
Layer_0
  10
134.05185
  20
188.31885
  0
VERTEX
  5
c4c
  8
Layer_0
  10
133.94261
  20
188.21076
  0
VERTEX
  5
c4d
  8
Layer_0
  10
133.858
  20
188.07251
  0
VERTEX
  5
c4e
  8
Layer_0
  10
133.79803
  20
187.90411
  0
VERTEX
  5
c4f
  8
Layer_0
  10
133.76269
  20
187.70554
  0
VERTEX
  5
c50
  8
Layer_0
  10
134.27838
  20
187.65398
  0
VERTEX
  5
c51
  8
Layer_0
  10
134.31337
  20
187.84828
  0
VERTEX
  5
c52
  8
Layer_0
  10
134.38889
  20
187.97812
  42
-0.20138965
  0
VERTEX
  5
c53
  8
Layer_0
  10
134.64673
  20
188.07574
  42
-0.19891636
  0
VERTEX
  5
c54
  8
Layer_0
  10
134.90366
  20
187.98273
  42
-0.19891636
  0
VERTEX
  5
c55
  8
Layer_0
  10
134.99666
  20
187.7166
  42
-0.14806769
  0
VERTEX
  5
c56
  8
Layer_0
  10
134.88983
  20
187.39981
  0
VERTEX
  5
c57
  8
Layer_0
  10
134.83332
  20
187.32868
  0
VERTEX
  5
c58
  8
Layer_0
  10
134.74296
  20
187.2313
  0
VERTEX
  5
c59
  8
Layer_0
  10
134.61876
  20
187.10767
  0
VERTEX
  5
c5a
  8
Layer_0
  10
134.46071
  20
186.9578
  0
VERTEX
  5
c5b
  8
Layer_0
  10
134.26134
  20
186.76608
  0
VERTEX
  5
c5c
  8
Layer_0
  10
134.09789
  20
186.59428
  0
VERTEX
  5
c5d
  8
Layer_0
  10
133.97035
  20
186.44239
  0
VERTEX
  5
c5e
  8
Layer_0
  10
133.87872
  20
186.31042
  42
0.10930848
  0
VERTEX
  5
c5f
  8
Layer_0
  10
133.70192
  20
185.79381
  0
VERTEX
  5
c60
  8
Layer_0
  10
135.51604
  20
185.79381
  0
VERTEX
  5
c61
  8
Layer_0
  10
135.51604
  20
186.27451
  0
VERTEX
  5
c62
  8
Layer_0
  10
134.48834
  20
186.27451
  42
-0.050320525
  0
SEQEND
  0
POLYLINE
  5
c64
  8
Layer_0
  62
7
  70
1
  66
1
  10
0
  20
0
  30
0
  0
VERTEX
  5
c64
  8
Layer_0
  10
196.08859
  20
196.91254
  42
-0.20695162
  0
VERTEX
  5
c65
  8
Layer_0
  10
195.53883
  20
197.1584
  42
-0.19089927
  0
VERTEX
  5
c66
  8
Layer_0
  10
195.30769
  20
197.7984
  42
-0.19505237
  0
VERTEX
  5
c67
  8
Layer_0
  10
195.55173
  20
198.46051
  42
-0.20278418
  0
VERTEX
  5
c68
  8
Layer_0
  10
196.17331
  20
198.71191
  42
-0.22326346
  0
VERTEX
  5
c69
  8
Layer_0
  10
196.84738
  20
198.39421
  0
VERTEX
  5
c6a
  8
Layer_0
  10
196.96262
  20
198.20975
  0
VERTEX
  5
c6b
  8
Layer_0
  10
197.04492
  20
197.97407
  0
VERTEX
  5
c6c
  8
Layer_0
  10
197.0943
  20
197.68716
  0
VERTEX
  5
c6d
  8
Layer_0
  10
197.11076
  20
197.34902
  0
VERTEX
  5
c6e
  8
Layer_0
  10
197.09361
  20
197.00462
  0
VERTEX
  5
c6f
  8
Layer_0
  10
197.04216
  20
196.71178
  0
VERTEX
  5
c70
  8
Layer_0
  10
196.9564
  20
196.47051
  0
VERTEX
  5
c71
  8
Layer_0
  10
196.83634
  20
196.28081
  42
-0.22200807
  0
VERTEX
  5
c72
  8
Layer_0
  10
196.12173
  20
195.95297
  42
-0.17993331
  0
VERTEX
  5
c73
  8
Layer_0
  10
195.60974
  20
196.12151
  0
VERTEX
  5
c74
  8
Layer_0
  10
195.52088
  20
196.21618
  0
VERTEX
  5
c75
  8
Layer_0
  10
195.44951
  20
196.33169
  0
VERTEX
  5
c76
  8
Layer_0
  10
195.39564
  20
196.46804
  0
VERTEX
  5
c77
  8
Layer_0
  10
195.35926
  20
196.62522
  0
VERTEX
  5
c78
  8
Layer_0
  10
195.86021
  20
196.68047
  42
0.17418085
  0
VERTEX
  5
c79
  8
Layer_0
  10
195.95599
  20
196.45393
  42
0.19258456
  0
VERTEX
  5
c7a
  8
Layer_0
  10
196.16043
  20
196.38026
  42
0.2339701
  0
VERTEX
  5
c7b
  8
Layer_0
  10
196.433
  20
196.5276
  0
VERTEX
  5
c7c
  8
Layer_0
  10
196.48411
  20
196.62107
  0
VERTEX
  5
c7d
  8
Layer_0
  10
196.52509
  20
196.75414
  0
VERTEX
  5
c7e
  8
Layer_0
  10
196.55594
  20
196.9268
  0
VERTEX
  5
c7f
  8
Layer_0
  10
196.57665
  20
197.13906
  42
-0.21824455
  0
SEQEND
  0
POLYLINE
  5
c81
  8
Layer_0
  62
7
  70
1
  66
1
  10
0
  20
0
  30
0
  0
VERTEX
  5
c81
  8
Layer_0
  10
196.14937
  20
198.28279
  42
0.22195909
  0
VERTEX
  5
c82
  8
Layer_0
  10
195.91086
  20
198.16953
  0
VERTEX
  5
c83
  8
Layer_0
  10
195.83973
  20
198.02011
  0
VERTEX
  5
c84
  8
Layer_0
  10
195.81602
  20
197.79841
  0
VERTEX
  5
c85
  8
Layer_0
  10
195.8418
  20
197.57164
  0
VERTEX
  5
c86
  8
Layer_0
  10
195.91915
  20
197.41441
  42
0.22123881
  0
VERTEX
  5
c87
  8
Layer_0
  10
196.177
  20
197.29193
  42
0.21743195
  0
VERTEX
  5
c88
  8
Layer_0
  10
196.42841
  20
197.40981
  0
VERTEX
  5
c89
  8
Layer_0
  10
196.50506
  20
197.5553
  0
VERTEX
  5
c8a
  8
Layer_0
  10
196.53061
  20
197.75605
  0
VERTEX
  5
c8b
  8
Layer_0
  10
196.50183
  20
197.97844
  0
VERTEX
  5
c8c
  8
Layer_0
  10
196.4155
  20
198.14466
  42
0.222579
  0
SEQEND
  0
POLYLINE
  5
c8e
  8
Layer_0
  62
7
  70
1
  66
1
  10
0
  20
0
  30
0
  0
VERTEX
  5
c8e
  8
Layer_0
  10
199.19746
  20
197.33245
  0
VERTEX
  5
c8f
  8
Layer_0
  10
199.18089
  20
196.9763
  0
VERTEX
  5
c90
  8
Layer_0
  10
199.13116
  20
196.67402
  0
VERTEX
  5
c91
  8
Layer_0
  10
199.04828
  20
196.42562
  0
VERTEX
  5
c92
  8
Layer_0
  10
198.93225
  20
196.23108
  42
-0.22891098
  0
VERTEX
  5
c93
  8
Layer_0
  10
198.3208
  20
195.95482
  42
-0.22842645
  0
VERTEX
  5
c94
  8
Layer_0
  10
197.68539
  20
196.25778
  0
VERTEX
  5
c95
  8
Layer_0
  10
197.57983
  20
196.43891
  0
VERTEX
  5
c96
  8
Layer_0
  10
197.50443
  20
196.67932
  0
VERTEX
  5
c97
  8
Layer_0
  10
197.45919
  20
196.979
  0
VERTEX
  5
c98
  8
Layer_0
  10
197.44411
  20
197.33797
  0
VERTEX
  5
c99
  8
Layer_0
  10
197.46069
  20
197.69251
  0
VERTEX
  5
c9a
  8
Layer_0
  10
197.51042
  20
197.99363
  0
VERTEX
  5
c9b
  8
Layer_0
  10
197.5933
  20
198.24135
  0
VERTEX
  5
c9c
  8
Layer_0
  10
197.70933
  20
198.43565
  42
-0.22891231
  0
VERTEX
  5
c9d
  8
Layer_0
  10
198.3208
  20
198.71191
  42
-0.22953572
  0
VERTEX
  5
c9e
  8
Layer_0
  10
198.93408
  20
198.43198
  0
VERTEX
  5
c9f
  8
Layer_0
  10
199.04932
  20
198.23893
  0
VERTEX
  5
ca0
  8
Layer_0
  10
199.13162
  20
197.99133
  0
VERTEX
  5
ca1
  8
Layer_0
  10
199.181
  20
197.68917
  0
SEQEND
  0
POLYLINE
  5
ca3
  8
Layer_0
  62
7
  70
1
  66
1
  10
0
  20
0
  30
0
  0
VERTEX
  5
ca3
  8
Layer_0
  10
198.039
  20
198.00837
  0
VERTEX
  5
ca4
  8
Layer_0
  10
198.01563
  20
197.89084
  0
VERTEX
  5
ca5
  8
Layer_0
  10
197.99894
  20
197.73901
  0
VERTEX
  5
ca6
  8
Layer_0
  10
197.98893
  20
197.55288
  0
VERTEX
  5
ca7
  8
Layer_0
  10
197.98559
  20
197.33245
  0
VERTEX
  5
ca8
  8
Layer_0
  10
197.98858
  20
197.11345
  0
VERTEX
  5
ca9
  8
Layer_0
  10
197.99756
  20
196.93164
  0
VERTEX
  5
caa
  8
Layer_0
  10
198.01253
  20
196.787
  0
VERTEX
  5
cab
  8
Layer_0
  10
198.03348
  20
196.67955
  0
VERTEX
  5
cac
  8
Layer_0
  10
198.08758
  20
196.53152
  0
VERTEX
  5
cad
  8
Layer_0
  10
198.15411
  20
196.44288
  42
0.17188529
  0
VERTEX
  5
cae
  8
Layer_0
  10
198.3208
  20
196.38394
  42
0.17226362
  0
VERTEX
  5
caf
  8
Layer_0
  10
198.48839
  20
196.4438
  42
0.1593999
  0
VERTEX
  5
cb0
  8
Layer_0
  10
198.60257
  20
196.65837
  0
VERTEX
  5
cb1
  8
Layer_0
  10
198.62594
  20
196.77509
  0
VERTEX
  5
cb2
  8
Layer_0
  10
198.64264
  20
196.92634
  0
VERTEX
  5
cb3
  8
Layer_0
  10
198.65265
  20
197.11213
  0
VERTEX
  5
cb4
  8
Layer_0
  10
198.65599
  20
197.33245
  0
VERTEX
  5
cb5
  8
Layer_0
  10
198.653
  20
197.55144
  0
VERTEX
  5
cb6
  8
Layer_0
  10
198.64402
  20
197.73326
  0
VERTEX
  5
cb7
  8
Layer_0
  10
198.62905
  20
197.87789
  0
VERTEX
  5
cb8
  8
Layer_0
  10
198.6081
  20
197.98535
  0
VERTEX
  5
cb9
  8
Layer_0
  10
198.554
  20
198.13361
  0
VERTEX
  5
cba
  8
Layer_0
  10
198.48746
  20
198.22293
  42
0.17383556
  0
VERTEX
  5
cbb
  8
Layer_0
  10
198.3208
  20
198.28279
  42
0.1722576
  0
VERTEX
  5
cbc
  8
Layer_0
  10
198.1532
  20
198.22293
  42
0.1593939
  0
VERTEX
  5
cbd
  8
Layer_0
  10
198.039
  20
198.00836
  0
SEQEND
  0
POLYLINE
  5
cbf
  8
Layer_0
  62
7
  70
1
  66
1
  10
0
  20
0
  30
0
  0
VERTEX
  5
cbf
  8
Layer_0
  10
195.56113
  20
186.7636
  0
VERTEX
  5
cc0
  8
Layer_0
  10
195.56113
  20
187.23325
  42
0.086606617
  0
VERTEX
  5
cc1
  8
Layer_0
  10
196.00131
  20
187.48465
  42
0.14218547
  0
VERTEX
  5
cc2
  8
Layer_0
  10
196.3273
  20
187.91653
  0
VERTEX
  5
cc3
  8
Layer_0
  10
196.74721
  20
187.91653
  0
VERTEX
  5
cc4
  8
Layer_0
  10
196.74721
  20
185.20547
  0
VERTEX
  5
cc5
  8
Layer_0
  10
196.22968
  20
185.20547
  0
VERTEX
  5
cc6
  8
Layer_0
  10
196.22968
  20
187.15588
  42
-0.10866728
  0
SEQEND
  0
POLYLINE
  5
cc8
  8
Layer_0
  62
7
  70
1
  66
1
  10
0
  20
0
  30
0
  0
VERTEX
  5
cc8
  8
Layer_0
  10
199.17188
  20
186.39893
  42
-0.14963711
  0
VERTEX
  5
cc9
  8
Layer_0
  10
199.28882
  20
185.99927
  42
-0.20144762
  0
VERTEX
  5
cca
  8
Layer_0
  10
199.05032
  20
185.39149
  0
VERTEX
  5
ccb
  8
Layer_0
  10
198.92122
  20
185.28917
  0
VERTEX
  5
ccc
  8
Layer_0
  10
198.77244
  20
185.21607
  0
VERTEX
  5
ccd
  8
Layer_0
  10
198.60398
  20
185.17222
  0
VERTEX
  5
cce
  8
Layer_0
  10
198.41583
  20
185.1576
  42
-0.16863935
  0
VERTEX
  5
ccf
  8
Layer_0
  10
197.80252
  20
185.35098
  42
-0.22947627
  0
VERTEX
  5
cd0
  8
Layer_0
  10
197.51337
  20
185.97717
  42
-0.13461026
  0
VERTEX
  5
cd1
  8
Layer_0
  10
197.62204
  20
186.37959
  42
-0.15971913
  0
VERTEX
  5
cd2
  8
Layer_0
  10
197.9646
  20
186.66231
  42
-0.15629287
  0
VERTEX
  5
cd3
  8
Layer_0
  10
197.6727
  20
186.89528
  42
-0.13871471
  0
VERTEX
  5
cd4
  8
Layer_0
  10
197.58151
  20
187.22035
  42
-0.20772392
  0
VERTEX
  5
cd5
  8
Layer_0
  10
197.7924
  20
187.71947
  0
VERTEX
  5
cd6
  8
Layer_0
  10
197.90895
  20
187.80568
  0
VERTEX
  5
cd7
  8
Layer_0
  10
198.04772
  20
187.86726
  0
VERTEX
  5
cd8
  8
Layer_0
  10
198.2087
  20
187.90421
  0
VERTEX
  5
cd9
  8
Layer_0
  10
198.39189
  20
187.91653
  0
VERTEX
  5
cda
  8
Layer_0
  10
198.57359
  20
187.90421
  0
VERTEX
  5
cdb
  8
Layer_0
  10
198.73376
  20
187.86726
  0
VERTEX
  5
cdc
  8
Layer_0
  10
198.87241
  20
187.80568
  0
VERTEX
  5
cdd
  8
Layer_0
  10
198.98953
  20
187.71947
  42
-0.20885556
  0
VERTEX
  5
cde
  8
Layer_0
  10
199.20226
  20
187.22035
  42
-0.14807335
  0
VERTEX
  5
cdf
  8
Layer_0
  10
199.10464
  20
186.88608
  42
-0.14358004
  0
VERTEX
  5
ce0
  8
Layer_0
  10
198.83023
  20
186.66231
  42
-0.149799
  0
SEQEND
  0
POLYLINE
  5
ce2
  8
Layer_0
  62
7
  70
1
  66
1
  10
0
  20
0
  30
0
  0
VERTEX
  5
ce2
  8
Layer_0
  10
198.39189
  20
186.85568
  42
0.19755151
  0
VERTEX
  5
ce3
  8
Layer_0
  10
198.62762
  20
186.94318
  42
0.20027393
  0
VERTEX
  5
ce4
  8
Layer_0
  10
198.71603
  20
187.18536
  42
0.19891237
  0
VERTEX
  5
ce5
  8
Layer_0
  10
198.62856
  20
187.41833
  42
0.19890387
  0
VERTEX
  5
ce6
  8
Layer_0
  10
198.39742
  20
187.50583
  42
0.19891237
  0
VERTEX
  5
ce7
  8
Layer_0
  10
198.15982
  20
187.41742
  42
0.19891237
  0
VERTEX
  5
ce8
  8
Layer_0
  10
198.07143
  20
187.18352
  42
0.20027984
  0
VERTEX
  5
ce9
  8
Layer_0
  10
198.15891
  20
186.94225
  42
0.19752862
  0
SEQEND
  0
POLYLINE
  5
ceb
  8
Layer_0
  62
7
  70
1
  66
1
  10
0
  20
0
  30
0
  0
VERTEX
  5
ceb
  8
Layer_0
  10
198.40662
  20
185.57382
  42
0.21089839
  0
VERTEX
  5
cec
  8
Layer_0
  10
198.67184
  20
185.68893
  42
0.18698748
  0
VERTEX
  5
ced
  8
Layer_0
  10
198.77682
  20
186.02138
  42
0.18924534
  0
VERTEX
  5
cee
  8
Layer_0
  10
198.66998
  20
186.32619
  42
0.20863569
  0
VERTEX
  5
cef
  8
Layer_0
  10
198.39926
  20
186.44128
  42
0.24274768
  0
VERTEX
  5
cf0
  8
Layer_0
  10
198.11655
  20
186.31053
  42
0.15580555
  0
VERTEX
  5
cf1
  8
Layer_0
  10
198.02353
  20
186.0269
  42
0.18747168
  0
VERTEX
  5
cf2
  8
Layer_0
  10
198.13312
  20
185.69354
  42
0.21042316
  0
SEQEND
  0
POLYLINE
  5
cf4
  8
Layer_0
  62
7
  70
1
  66
1
  10
0
  20
0
  30
0
  0
VERTEX
  5
cf4
  8
Layer_0
  10
201.37
  20
186.53706
  0
VERTEX
  5
cf5
  8
Layer_0
  10
201.35342
  20
186.18092
  0
VERTEX
  5
cf6
  8
Layer_0
  10
201.30369
  20
185.87864
  0
VERTEX
  5
cf7
  8
Layer_0
  10
201.22081
  20
185.63023
  0
VERTEX
  5
cf8
  8
Layer_0
  10
201.10478
  20
185.4357
  42
-0.22891098
  0
VERTEX
  5
cf9
  8
Layer_0
  10
200.49332
  20
185.15944
  42
-0.22842158
  0
VERTEX
  5
cfa
  8
Layer_0
  10
199.85791
  20
185.4624
  0
VERTEX
  5
cfb
  8
Layer_0
  10
199.75236
  20
185.64353
  0
VERTEX
  5
cfc
  8
Layer_0
  10
199.67697
  20
185.88393
  0
VERTEX
  5
cfd
  8
Layer_0
  10
199.63173
  20
186.18362
  0
VERTEX
  5
cfe
  8
Layer_0
  10
199.61665
  20
186.54259
  0
VERTEX
  5
cff
  8
Layer_0
  10
199.63323
  20
186.89713
  0
VERTEX
  5
d00
  8
Layer_0
  10
199.68295
  20
187.19825
  0
VERTEX
  5
d01
  8
Layer_0
  10
199.76583
  20
187.44597
  0
VERTEX
  5
d02
  8
Layer_0
  10
199.88186
  20
187.64027
  42
-0.22890429
  0
VERTEX
  5
d03
  8
Layer_0
  10
200.49332
  20
187.91653
  42
-0.22953572
  0
VERTEX
  5
d04
  8
Layer_0
  10
201.10663
  20
187.63658
  0
VERTEX
  5
d05
  8
Layer_0
  10
201.22185
  20
187.44355
  0
VERTEX
  5
d06
  8
Layer_0
  10
201.30415
  20
187.19595
  0
VERTEX
  5
d07
  8
Layer_0
  10
201.35353
  20
186.89379
  0
SEQEND
  0
POLYLINE
  5
d09
  8
Layer_0
  62
7
  70
1
  66
1
  10
0
  20
0
  30
0
  0
VERTEX
  5
d09
  8
Layer_0
  10
200.21153
  20
187.21299
  0
VERTEX
  5
d0a
  8
Layer_0
  10
200.18817
  20
187.09546
  0
VERTEX
  5
d0b
  8
Layer_0
  10
200.17148
  20
186.94363
  0
VERTEX
  5
d0c
  8
Layer_0
  10
200.16146
  20
186.7575
  0
VERTEX
  5
d0d
  8
Layer_0
  10
200.15813
  20
186.53706
  0
VERTEX
  5
d0e
  8
Layer_0
  10
200.16112
  20
186.31807
  0
VERTEX
  5
d0f
  8
Layer_0
  10
200.1701
  20
186.13625
  0
VERTEX
  5
d10
  8
Layer_0
  10
200.18506
  20
185.99162
  0
VERTEX
  5
d11
  8
Layer_0
  10
200.20601
  20
185.88417
  0
VERTEX
  5
d12
  8
Layer_0
  10
200.26011
  20
185.73613
  0
VERTEX
  5
d13
  8
Layer_0
  10
200.32664
  20
185.6475
  42
0.17187306
  0
VERTEX
  5
d14
  8
Layer_0
  10
200.49332
  20
185.58856
  42
0.17226362
  0
VERTEX
  5
d15
  8
Layer_0
  10
200.66092
  20
185.64842
  42
0.15943114
  0
VERTEX
  5
d16
  8
Layer_0
  10
200.77512
  20
185.86298
  0
VERTEX
  5
d17
  8
Layer_0
  10
200.79848
  20
185.9797
  0
VERTEX
  5
d18
  8
Layer_0
  10
200.81517
  20
186.13096
  0
VERTEX
  5
d19
  8
Layer_0
  10
200.82518
  20
186.31674
  0
VERTEX
  5
d1a
  8
Layer_0
  10
200.82852
  20
186.53706
  0
VERTEX
  5
d1b
  8
Layer_0
  10
200.82553
  20
186.75606
  0
VERTEX
  5
d1c
  8
Layer_0
  10
200.81655
  20
186.93787
  0
VERTEX
  5
d1d
  8
Layer_0
  10
200.80158
  20
187.08251
  0
VERTEX
  5
d1e
  8
Layer_0
  10
200.78063
  20
187.18996
  0
VERTEX
  5
d1f
  8
Layer_0
  10
200.72653
  20
187.33822
  0
VERTEX
  5
d20
  8
Layer_0
  10
200.66
  20
187.42755
  42
0.1738416
  0
VERTEX
  5
d21
  8
Layer_0
  10
200.49332
  20
187.4874
  42
0.17224405
  0
VERTEX
  5
d22
  8
Layer_0
  10
200.32571
  20
187.42755
  42
0.1594059
  0
VERTEX
  5
d23
  8
Layer_0
  10
200.21153
  20
187.21298
  0
SEQEND
  0
POLYLINE
  5
d25
  8
Layer_0
  62
7
  70
1
  66
1
  10
0
  20
0
  30
0
  0
VERTEX
  5
d25
  8
Layer_0
  10
203.97974
  20
187.16141
  0
VERTEX
  5
d26
  8
Layer_0
  10
204.61699
  20
187.16141
  0
VERTEX
  5
d27
  8
Layer_0
  10
203.94844
  20
186.44682
  0
VERTEX
  5
d28
  8
Layer_0
  10
204.66489
  20
185.20547
  0
VERTEX
  5
d29
  8
Layer_0
  10
204.10683
  20
185.20547
  0
VERTEX
  5
d2a
  8
Layer_0
  10
203.61508
  20
186.084
  0
VERTEX
  5
d2b
  8
Layer_0
  10
203.37381
  20
185.83168
  0
VERTEX
  5
d2c
  8
Layer_0
  10
203.37381
  20
185.20547
  0
VERTEX
  5
d2d
  8
Layer_0
  10
202.85629
  20
185.20547
  0
VERTEX
  5
d2e
  8
Layer_0
  10
202.85629
  20
187.90549
  0
VERTEX
  5
d2f
  8
Layer_0
  10
203.37381
  20
187.90549
  0
VERTEX
  5
d30
  8
Layer_0
  10
203.37381
  20
186.4726
  0
SEQEND
  0
POLYLINE
  5
d32
  8
Layer_0
  62
7
  70
1
  66
1
  10
0
  20
0
  30
0
  0
VERTEX
  5
d32
  8
Layer_0
  10
206.0204
  20
187.20563
  42
-0.1283163
  0
VERTEX
  5
d33
  8
Layer_0
  10
206.34639
  20
187.12827
  42
-0.13741008
  0
VERTEX
  5
d34
  8
Layer_0
  10
206.57294
  20
186.89436
  42
-0.10121933
  0
VERTEX
  5
d35
  8
Layer_0
  10
206.85103
  20
187.12827
  42
-0.12015523
  0
VERTEX
  5
d36
  8
Layer_0
  10
207.16965
  20
187.20563
  42
-0.13337511
  0
VERTEX
  5
d37
  8
Layer_0
  10
207.53432
  20
187.11813
  42
-0.15889039
  0
VERTEX
  5
d38
  8
Layer_0
  10
207.75717
  20
186.86121
  0
VERTEX
  5
d39
  8
Layer_0
  10
207.79723
  20
186.6973
  0
VERTEX
  5
d3a
  8
Layer_0
  10
207.81058
  20
186.45603
  0
VERTEX
  5
d3b
  8
Layer_0
  10
207.81058
  20
185.20547
  0
VERTEX
  5
d3c
  8
Layer_0
  10
207.29306
  20
185.20547
  0
VERTEX
  5
d3d
  8
Layer_0
  10
207.29306
  20
186.32343
  0
VERTEX
  5
d3e
  8
Layer_0
  10
207.28971
  20
186.45603
  0
VERTEX
  5
d3f
  8
Layer_0
  10
207.2797
  20
186.56285
  0
VERTEX
  5
d40
  8
Layer_0
  10
207.26301
  20
186.64389
  0
VERTEX
  5
d41
  8
Layer_0
  10
207.23964
  20
186.69914
  42
0.25386454
  0
VERTEX
  5
d42
  8
Layer_0
  10
207.01863
  20
186.80965
  42
0.1525446
  0
VERTEX
  5
d43
  8
Layer_0
  10
206.81419
  20
186.74335
  42
0.16281619
  0
VERTEX
  5
d44
  8
Layer_0
  10
206.67606
  20
186.54904
  42
0.080061129
  0
VERTEX
  5
d45
  8
Layer_0
  10
206.6337
  20
186.14478
  0
VERTEX
  5
d46
  8
Layer_0
  10
206.6337
  20
185.20547
  0
VERTEX
  5
d47
  8
Layer_0
  10
206.11618
  20
185.20547
  0
VERTEX
  5
d48
  8
Layer_0
  10
206.11618
  20
186.27737
  0
VERTEX
  5
d49
  8
Layer_0
  10
206.11445
  20
186.40745
  0
VERTEX
  5
d4a
  8
Layer_0
  10
206.10927
  20
186.5122
  0
VERTEX
  5
d4b
  8
Layer_0
  10
206.10063
  20
186.59163
  0
VERTEX
  5
d4c
  8
Layer_0
  10
206.08855
  20
186.64573
  42
0.16121358
  0
VERTEX
  5
d4d
  8
Layer_0
  10
206.0029
  20
186.76912
  42
0.15359091
  0
VERTEX
  5
d4e
  8
Layer_0
  10
205.84543
  20
186.80965
  42
0.14918926
  0
VERTEX
  5
d4f
  8
Layer_0
  10
205.62994
  20
186.74518
  42
0.16389352
  0
VERTEX
  5
d50
  8
Layer_0
  10
205.49274
  20
186.55917
  0
VERTEX
  5
d51
  8
Layer_0
  10
205.46166
  20
186.39755
  0
VERTEX
  5
d52
  8
Layer_0
  10
205.4513
  20
186.15582
  0
VERTEX
  5
d53
  8
Layer_0
  10
205.45129
  20
185.20547
  0
VERTEX
  5
d54
  8
Layer_0
  10
204.93378
  20
185.20547
  0
VERTEX
  5
d55
  8
Layer_0
  10
204.93378
  20
187.16141
  0
VERTEX
  5
d56
  8
Layer_0
  10
205.41078
  20
187.16141
  0
VERTEX
  5
d57
  8
Layer_0
  10
205.41078
  20
186.89436
  42
-0.22427404
  0
SEQEND
  0
POLYLINE
  5
d59
  8
Layer_0
  62
7
  70
1
  66
1
  10
0
  20
0
  30
0
  0
VERTEX
  5
d59
  8
Layer_0
  10
208.43124
  20
185.15944
  0
VERTEX
  5
d5a
  8
Layer_0
  10
208.05002
  20
185.15944
  0
VERTEX
  5
d5b
  8
Layer_0
  10
208.71857
  20
187.95152
  0
VERTEX
  5
d5c
  8
Layer_0
  10
209.10718
  20
187.95152
  0
SEQEND
  0
POLYLINE
  5
d5e
  8
Layer_0
  62
7
  70
1
  66
1
  10
0
  20
0
  30
0
  0
VERTEX
  5
d5e
  8
Layer_0
  10
210.48848
  20
187.20563
  42
-0.10852182
  0
VERTEX
  5
d5f
  8
Layer_0
  10
210.81079
  20
187.13931
  42
-0.13176274
  0
VERTEX
  5
d60
  8
Layer_0
  10
211.02719
  20
186.96988
  42
-0.10141264
  0
VERTEX
  5
d61
  8
Layer_0
  10
211.12665
  20
186.7415
  42
-0.052580622
  0
VERTEX
  5
d62
  8
Layer_0
  10
211.15335
  20
186.35289
  0
VERTEX
  5
d63
  8
Layer_0
  10
211.15335
  20
185.20547
  0
VERTEX
  5
d64
  8
Layer_0
  10
210.63582
  20
185.20547
  0
VERTEX
  5
d65
  8
Layer_0
  10
210.63582
  20
186.23871
  0
VERTEX
  5
d66
  8
Layer_0
  10
210.63398
  20
186.37844
  0
VERTEX
  5
d67
  8
Layer_0
  10
210.62845
  20
186.4901
  0
VERTEX
  5
d68
  8
Layer_0
  10
210.61925
  20
186.57367
  0
VERTEX
  5
d69
  8
Layer_0
  10
210.60635
  20
186.62915
  42
0.16388175
  0
VERTEX
  5
d6a
  8
Layer_0
  10
210.50229
  20
186.76083
  42
0.14586339
  0
VERTEX
  5
d6b
  8
Layer_0
  10
210.31535
  20
186.80965
  42
0.13931064
  0
VERTEX
  5
d6c
  8
Layer_0
  10
210.08514
  20
186.74702
  42
0.16669209
  0
VERTEX
  5
d6d
  8
Layer_0
  10
209.93687
  20
186.55824
  42
0.089332177
  0
VERTEX
  5
d6e
  8
Layer_0
  10
209.88991
  20
186.18529
  0
VERTEX
  5
d6f
  8
Layer_0
  10
209.88991
  20
185.20547
  0
VERTEX
  5
d70
  8
Layer_0
  10
209.37238
  20
185.20547
  0
VERTEX
  5
d71
  8
Layer_0
  10
209.37238
  20
187.90549
  0
VERTEX
  5
d72
  8
Layer_0
  10
209.88991
  20
187.90549
  0
VERTEX
  5
d73
  8
Layer_0
  10
209.88991
  20
186.91278
  42
-0.21921542
  0
SEQEND
  0
POLYLINE
  5
d75
  8
Layer_0
  62
7
  70
1
  66
1
  10
0
  20
0
  30
0
  0
VERTEX
  5
d75
  8
Layer_0
  10
128.44551
  20
195.95888
  0
VERTEX
  5
d76
  8
Layer_0
  10
128.44551
  20
197.91481
  0
VERTEX
  5
d77
  8
Layer_0
  10
127.92798
  20
197.91481
  0
VERTEX
  5
d78
  8
Layer_0
  10
127.92798
  20
195.95888
  0
SEQEND
  0
POLYLINE
  5
d7a
  8
Layer_0
  62
7
  70
1
  66
1
  10
0
  20
0
  30
0
  0
VERTEX
  5
d7a
  8
Layer_0
  10
130.38118
  20
195.95888
  0
VERTEX
  5
d7b
  8
Layer_0
  10
130.38118
  20
196.5022
  0
VERTEX
  5
d7c
  8
Layer_0
  10
130.71637
  20
196.5022
  0
VERTEX
  5
d7d
  8
Layer_0
  10
130.71637
  20
196.95711
  0
VERTEX
  5
d7e
  8
Layer_0
  10
130.38118
  20
196.95711
  0
VERTEX
  5
d7f
  8
Layer_0
  10
130.38118
  20
198.66992
  0
VERTEX
  5
d80
  8
Layer_0
  10
129.94653
  20
198.66992
  0
VERTEX
  5
d81
  8
Layer_0
  10
128.77518
  20
196.95526
  0
VERTEX
  5
d82
  8
Layer_0
  10
128.77518
  20
196.5022
  0
VERTEX
  5
d83
  8
Layer_0
  10
129.88022
  20
196.5022
  0
VERTEX
  5
d84
  8
Layer_0
  10
129.88022
  20
195.95888
  0
SEQEND
  0
POLYLINE
  5
d86
  8
Layer_0
  62
7
  70
1
  66
1
  10
0
  20
0
  30
0
  0
VERTEX
  5
d86
  8
Layer_0
  10
129.25955
  20
196.95711
  0
VERTEX
  5
d87
  8
Layer_0
  10
129.88022
  20
196.95711
  0
VERTEX
  5
d88
  8
Layer_0
  10
129.88022
  20
197.87982
  0
SEQEND
  0
POLYLINE
  5
d8a
  8
Layer_0
  62
7
  70
1
  66
1
  10
0
  20
0
  30
0
  0
VERTEX
  5
d8a
  8
Layer_0
  10
132.14926
  20
197.517
  0
VERTEX
  5
d8b
  8
Layer_0
  10
132.14926
  20
197.98663
  42
0.086608507
  0
VERTEX
  5
d8c
  8
Layer_0
  10
132.58943
  20
198.23804
  42
0.14219298
  0
VERTEX
  5
d8d
  8
Layer_0
  10
132.91542
  20
198.66992
  0
VERTEX
  5
d8e
  8
Layer_0
  10
133.33534
  20
198.66992
  0
VERTEX
  5
d8f
  8
Layer_0
  10
133.33534
  20
195.95888
  0
VERTEX
  5
d90
  8
Layer_0
  10
132.81781
  20
195.95888
  0
VERTEX
  5
d91
  8
Layer_0
  10
132.81781
  20
197.90929
  42
-0.10866912
  0
SEQEND
  0
POLYLINE
  5
d93
  8
Layer_0
  62
7
  70
1
  66
1
  10
0
  20
0
  30
0
  0
VERTEX
  5
d93
  8
Layer_0
  10
135.12552
  20
197.71222
  42
-0.20743657
  0
VERTEX
  5
d94
  8
Layer_0
  10
135.6808
  20
197.46542
  42
-0.19041738
  0
VERTEX
  5
d95
  8
Layer_0
  10
135.91194
  20
196.82819
  0
VERTEX
  5
d96
  8
Layer_0
  10
135.89675
  20
196.63123
  0
VERTEX
  5
d97
  8
Layer_0
  10
135.85117
  20
196.45477
  0
VERTEX
  5
d98
  8
Layer_0
  10
135.77519
  20
196.29879
  0
VERTEX
  5
d99
  8
Layer_0
  10
135.66883
  20
196.16331
  42
-0.20279405
  0
VERTEX
  5
d9a
  8
Layer_0
  10
135.04448
  20
195.91283
  42
-0.22326066
  0
VERTEX
  5
d9b
  8
Layer_0
  10
134.37224
  20
196.23053
  0
VERTEX
  5
d9c
  8
Layer_0
  10
134.25702
  20
196.41477
  0
VERTEX
  5
d9d
  8
Layer_0
  10
134.17472
  20
196.64976
  0
VERTEX
  5
d9e
  8
Layer_0
  10
134.12533
  20
196.93552
  0
VERTEX
  5
d9f
  8
Layer_0
  10
134.10887
  20
197.27204
  0
VERTEX
  5
da0
  8
Layer_0
  10
134.12602
  20
197.61725
  0
VERTEX
  5
da1
  8
Layer_0
  10
134.17748
  20
197.91067
  0
VERTEX
  5
da2
  8
Layer_0
  10
134.26324
  20
198.15228
  0
VERTEX
  5
da3
  8
Layer_0
  10
134.3833
  20
198.34209
  42
-0.22200807
  0
VERTEX
  5
da4
  8
Layer_0
  10
135.09605
  20
198.66992
  42
-0.17854921
  0
VERTEX
  5
da5
  8
Layer_0
  10
135.60529
  20
198.49773
  42
-0.17605737
  0
VERTEX
  5
da6
  8
Layer_0
  10
135.86221
  20
197.99768
  0
VERTEX
  5
da7
  8
Layer_0
  10
135.36127
  20
197.94244
  42
0.17456924
  0
VERTEX
  5
da8
  8
Layer_0
  10
135.26549
  20
198.17081
  42
0.1925848
  0
VERTEX
  5
da9
  8
Layer_0
  10
135.06474
  20
198.24448
  42
0.23293092
  0
VERTEX
  5
daa
  8
Layer_0
  10
134.78755
  20
198.09714
  0
VERTEX
  5
dab
  8
Layer_0
  10
134.73616
  20
198.00356
  0
VERTEX
  5
dac
  8
Layer_0
  10
134.69524
  20
197.87015
  0
VERTEX
  5
dad
  8
Layer_0
  10
134.66479
  20
197.69691
  0
VERTEX
  5
dae
  8
Layer_0
  10
134.64482
  20
197.48384
  42
-0.2205199
  0
SEQEND
  0
POLYLINE
  5
db0
  8
Layer_0
  62
7
  70
1
  66
1
  10
0
  20
0
  30
0
  0
VERTEX
  5
db0
  8
Layer_0
  10
135.07027
  20
196.34196
  42
0.21965419
  0
VERTEX
  5
db1
  8
Layer_0
  10
135.30969
  20
196.4543
  0
VERTEX
  5
db2
  8
Layer_0
  10
135.38152
  20
196.60257
  0
VERTEX
  5
db3
  8
Layer_0
  10
135.40546
  20
196.82265
  0
VERTEX
  5
db4
  8
Layer_0
  10
135.37968
  20
197.0508
  0
VERTEX
  5
db5
  8
Layer_0
  10
135.30233
  20
197.2085
  42
0.22123523
  0
VERTEX
  5
db6
  8
Layer_0
  10
135.04448
  20
197.33098
  42
0.21525449
  0
VERTEX
  5
db7
  8
Layer_0
  10
134.79216
  20
197.21402
  0
VERTEX
  5
db8
  8
Layer_0
  10
134.71481
  20
197.06922
  0
VERTEX
  5
db9
  8
Layer_0
  10
134.68902
  20
196.8687
  0
VERTEX
  5
dba
  8
Layer_0
  10
134.71803
  20
196.64516
  0
VERTEX
  5
dbb
  8
Layer_0
  10
134.80505
  20
196.47917
  42
0.2206916
  0
SEQEND
  0
POLYLINE
  5
dbd
  8
Layer_0
  62
7
  70
1
  66
1
  10
0
  20
0
  30
0
  0
VERTEX
  5
dbd
  8
Layer_0
  10
136.97832
  20
196.91658
  0
VERTEX
  5
dbe
  8
Layer_0
  10
136.60997
  20
197.91481
  0
VERTEX
  5
dbf
  8
Layer_0
  10
136.06665
  20
197.91481
  0
VERTEX
  5
dc0
  8
Layer_0
  10
136.85492
  20
195.95888
  0
VERTEX
  5
dc1
  8
Layer_0
  10
137.32088
  20
195.95888
  0
VERTEX
  5
dc2
  8
Layer_0
  10
138.0981
  20
197.91481
  0
VERTEX
  5
dc3
  8
Layer_0
  10
137.56583
  20
197.91481
  0
VERTEX
  5
dc4
  8
Layer_0
  10
137.1938
  20
196.91658
  42
0.0099957168
  0
VERTEX
  5
dc5
  8
Layer_0
  10
137.13855
  20
196.75082
  42
-0.013881493
  0
VERTEX
  5
dc6
  8
Layer_0
  10
137.08514
  20
196.58322
  0
SEQEND
  0
POLYLINE
  5
dc8
  8
Layer_0
  62
7
  70
1
  66
1
  10
0
  20
0
  30
0
  0
VERTEX
  5
dc8
  8
Layer_0
  10
139.49046
  20
197.517
  0
VERTEX
  5
dc9
  8
Layer_0
  10
139.49046
  20
197.98663
  42
0.086607036
  0
VERTEX
  5
dca
  8
Layer_0
  10
139.93063
  20
198.23804
  42
0.14219149
  0
VERTEX
  5
dcb
  8
Layer_0
  10
140.25662
  20
198.66992
  0
VERTEX
  5
dcc
  8
Layer_0
  10
140.67654
  20
198.66992
  0
VERTEX
  5
dcd
  8
Layer_0
  10
140.67654
  20
195.95888
  0
VERTEX
  5
dce
  8
Layer_0
  10
140.15901
  20
195.95888
  0
VERTEX
  5
dcf
  8
Layer_0
  10
140.15901
  20
197.90929
  42
-0.10866728
  0
SEQEND
  0
POLYLINE
  5
dd1
  8
Layer_0
  62
7
  70
1
  66
1
  10
0
  20
0
  30
0
  0
VERTEX
  5
dd1
  8
Layer_0
  10
142.07811
  20
195.95888
  0
VERTEX
  5
dd2
  8
Layer_0
  10
142.07811
  20
196.47641
  0
VERTEX
  5
dd3
  8
Layer_0
  10
141.56058
  20
196.47641
  0
VERTEX
  5
dd4
  8
Layer_0
  10
141.56058
  20
195.95888
  0
SEQEND
  0
POLYLINE
  5
dd6
  8
Layer_0
  62
7
  70
1
  66
1
  10
0
  20
0
  30
0
  0
VERTEX
  5
dd6
  8
Layer_0
  10
143.22552
  20
198.13766
  0
VERTEX
  5
dd7
  8
Layer_0
  10
144.20164
  20
198.13766
  0
VERTEX
  5
dd8
  8
Layer_0
  10
144.20164
  20
198.62204
  0
VERTEX
  5
dd9
  8
Layer_0
  10
142.83322
  20
198.62204
  0
VERTEX
  5
dda
  8
Layer_0
  10
142.56802
  20
197.2168
  0
VERTEX
  5
ddb
  8
Layer_0
  10
142.98793
  20
197.15601
  42
-0.2130202
  0
VERTEX
  5
ddc
  8
Layer_0
  10
143.38759
  20
197.35307
  42
-0.21315017
  0
VERTEX
  5
ddd
  8
Layer_0
  10
143.67767
  20
197.22876
  0
VERTEX
  5
dde
  8
Layer_0
  10
143.76124
  20
197.07336
  0
VERTEX
  5
ddf
  8
Layer_0
  10
143.78909
  20
196.85581
  0
VERTEX
  5
de0
  8
Layer_0
  10
143.76101
  20
196.62398
  0
VERTEX
  5
de1
  8
Layer_0
  10
143.67675
  20
196.45891
  42
-0.21954774
  0
VERTEX
  5
de2
  8
Layer_0
  10
143.40233
  20
196.32722
  42
-0.19098264
  0
VERTEX
  5
de3
  8
Layer_0
  10
143.15186
  20
196.42944
  42
-0.17430184
  0
VERTEX
  5
de4
  8
Layer_0
  10
143.02109
  20
196.70662
  0
VERTEX
  5
de5
  8
Layer_0
  10
142.5054
  20
196.65321
  42
0.18464348
  0
VERTEX
  5
de6
  8
Layer_0
  10
142.78719
  20
196.11359
  42
0.17820119
  0
VERTEX
  5
de7
  8
Layer_0
  10
143.3968
  20
195.91283
  42
0.23825713
  0
VERTEX
  5
de8
  8
Layer_0
  10
144.12798
  20
196.27013
  42
0.16053351
  0
VERTEX
  5
de9
  8
Layer_0
  10
144.32135
  20
196.86502
  42
0.19305681
  0
VERTEX
  5
dea
  8
Layer_0
  10
144.08192
  20
197.51515
  42
0.2047827
  0
VERTEX
  5
deb
  8
Layer_0
  10
143.49809
  20
197.76563
  42
0.11643382
  0
VERTEX
  5
dec
  8
Layer_0
  10
143.14449
  20
197.67906
  0
SEQEND
  0
POLYLINE
  5
dee
  8
Layer_0
  62
7
  70
1
  66
1
  10
0
  20
0
  30
0
  0
VERTEX
  5
dee
  8
Layer_0
  10
146.62538
  20
195.95888
  0
VERTEX
  5
def
  8
Layer_0
  10
146.62538
  20
196.41379
  0
VERTEX
  5
df0
  8
Layer_0
  10
145.26985
  20
196.41379
  0
VERTEX
  5
df1
  8
Layer_0
  10
145.26985
  20
198.63678
  0
VERTEX
  5
df2
  8
Layer_0
  10
144.7247
  20
198.63678
  0
VERTEX
  5
df3
  8
Layer_0
  10
144.7247
  20
195.95888
  0
SEQEND
  0
ENDSEC
  0
EOF
