  0
SECTION
  2
HEADER
  9
$ACADVER
  1
AC1009
  0
ENDSEC
  0
SECTION
  2
TABLES
  0
TABLE
  2
LAYER
  70
1
  0
LAYER
  2
Layer_0
  70
0
  62
7
  6
CONTINUOUS
  0
ENDTAB
  0
ENDSEC
  0
SECTION
  2
ENTITIES
  0
POLYLINE
  5
90
  8
Layer_0
  62
7
  66
1
  10
0
  20
0
  30
0
  0
VERTEX
  5
90
  8
Layer_0
  10
280
  20
179.2382
  42
0.41421346
  0
VERTEX
  5
91
  8
Layer_0
  10
289.70001
  20
188.9382
  0
VERTEX
  5
92
  8
Layer_0
  10
289.70001
  20
212.1842
  42
0.4142135
  0
VERTEX
  5
93
  8
Layer_0
  10
280
  20
221.8842
  0
VERTEX
  5
94
  8
Layer_0
  10
120
  20
221.8842
  42
0.41421356
  0
VERTEX
  5
95
  8
Layer_0
  10
110.3
  20
212.1842
  0
VERTEX
  5
96
  8
Layer_0
  10
110.3
  20
188.9382
  0
SEQEND
  0
POLYLINE
  5
98
  8
Layer_0
  62
7
  70
1
  66
1
  10
0
  20
0
  30
0
  0
VERTEX
  5
98
  8
Layer_0
  10
185.99276
  20
197.01447
  0
VERTEX
  5
99
  8
Layer_0
  10
185.97966
  20
196.98034
  0
VERTEX
  5
9a
  8
Layer_0
  10
186.04991
  20
196.93192
  0
VERTEX
  5
9b
  8
Layer_0
  10
186.12333
  20
196.90047
  0
VERTEX
  5
9c
  8
Layer_0
  10
186.16342
  20
196.897
  0
VERTEX
  5
9d
  8
Layer_0
  10
186.17136
  20
196.9221
  0
VERTEX
  5
9e
  8
Layer_0
  10
186.14834
  20
196.97637
  42
0.44471882
  0
VERTEX
  5
9f
  8
Layer_0
  10
185.99277
  20
197.01447
  0
SEQEND
  0
POLYLINE
  5
a1
  8
Layer_0
  62
7
  70
1
  66
1
  10
0
  20
0
  30
0
  0
VERTEX
  5
a1
  8
Layer_0
  10
193.61276
  20
198.13525
  42
-0.22953232
  0
VERTEX
  5
a2
  8
Layer_0
  10
194.02234
  20
198.31305
  42
-0.21261471
  0
VERTEX
  5
a3
  8
Layer_0
  10
194.50494
  20
198.09715
  0
VERTEX
  5
a4
  8
Layer_0
  10
194.58669
  20
197.98766
  0
VERTEX
  5
a5
  8
Layer_0
  10
194.63511
  20
197.86894
  0
VERTEX
  5
a6
  8
Layer_0
  10
194.65496
  20
197.71987
  0
VERTEX
  5
a7
  8
Layer_0
  10
194.65099
  20
197.5193
  42
-0.13799626
  0
VERTEX
  5
a8
  8
Layer_0
  10
194.5462
  20
197.1637
  42
-0.19219912
  0
VERTEX
  5
a9
  8
Layer_0
  10
194.08585
  20
196.88429
  42
-0.37360833
  0
VERTEX
  5
aa
  8
Layer_0
  10
193.31113
  20
197.31927
  42
-0.1162502
  0
VERTEX
  5
ab
  8
Layer_0
  10
193.22858
  20
198.26225
  0
VERTEX
  5
ac
  8
Layer_0
  10
193.28529
  20
198.54056
  0
VERTEX
  5
ad
  8
Layer_0
  10
193.37265
  20
198.75278
  0
VERTEX
  5
ae
  8
Layer_0
  10
193.49514
  20
198.90786
  0
VERTEX
  5
af
  8
Layer_0
  10
193.65721
  20
199.01472
  0
VERTEX
  5
b0
  8
Layer_0
  10
193.85525
  20
199.06775
  0
VERTEX
  5
b1
  8
Layer_0
  10
194.07473
  20
199.06751
  0
VERTEX
  5
b2
  8
Layer_0
  10
194.28229
  20
199.01785
  0
VERTEX
  5
b3
  8
Layer_0
  10
194.44461
  20
198.92265
  0
VERTEX
  5
b4
  8
Layer_0
  10
194.55891
  20
198.76112
  0
VERTEX
  5
b5
  8
Layer_0
  10
194.62559
  20
198.60197
  0
VERTEX
  5
b6
  8
Layer_0
  10
194.52042
  20
198.54204
  0
VERTEX
  5
b7
  8
Layer_0
  10
194.35571
  20
198.50355
  0
VERTEX
  5
b8
  8
Layer_0
  10
194.32039
  20
198.53212
  0
VERTEX
  5
b9
  8
Layer_0
  10
194.28268
  20
198.5988
  0
VERTEX
  5
ba
  8
Layer_0
  10
194.17856
  20
198.72193
  0
VERTEX
  5
bb
  8
Layer_0
  10
194.02591
  20
198.77898
  0
VERTEX
  5
bc
  8
Layer_0
  10
193.85719
  20
198.76578
  0
VERTEX
  5
bd
  8
Layer_0
  10
193.70483
  20
198.67817
  0
VERTEX
  5
be
  8
Layer_0
  10
193.63851
  20
198.59141
  0
VERTEX
  5
bf
  8
Layer_0
  10
193.58855
  20
198.47458
  0
VERTEX
  5
c0
  8
Layer_0
  10
193.55705
  20
198.33572
  0
VERTEX
  5
c1
  8
Layer_0
  10
193.54609
  20
198.18287
  0
VERTEX
  5
c2
  8
Layer_0
  10
193.54608
  20
198.04953
  0
SEQEND
  0
POLYLINE
  5
c4
  8
Layer_0
  62
7
  70
1
  66
1
  10
0
  20
0
  30
0
  0
VERTEX
  5
c4
  8
Layer_0
  10
193.96836
  20
197.99555
  0
VERTEX
  5
c5
  8
Layer_0
  10
193.8364
  20
197.98056
  0
VERTEX
  5
c6
  8
Layer_0
  10
193.72468
  20
197.9376
  0
VERTEX
  5
c7
  8
Layer_0
  10
193.63796
  20
197.86964
  0
VERTEX
  5
c8
  8
Layer_0
  10
193.58101
  20
197.77965
  0
VERTEX
  5
c9
  8
Layer_0
  10
193.55809
  20
197.65637
  0
VERTEX
  5
ca
  8
Layer_0
  10
193.57625
  20
197.51493
  0
VERTEX
  5
cb
  8
Layer_0
  10
193.63013
  20
197.37647
  0
VERTEX
  5
cc
  8
Layer_0
  10
193.71436
  20
197.26212
  42
0.2239401
  0
VERTEX
  5
cd
  8
Layer_0
  10
193.98741
  20
197.17639
  0
VERTEX
  5
ce
  8
Layer_0
  10
194.13942
  20
197.20577
  0
VERTEX
  5
cf
  8
Layer_0
  10
194.23189
  20
197.278
  42
0.3907759
  0
VERTEX
  5
d0
  8
Layer_0
  10
194.21283
  20
197.90665
  42
0.19891916
  0
VERTEX
  5
d1
  8
Layer_0
  10
193.96835
  20
197.99554
  0
SEQEND
  0
POLYLINE
  5
d3
  8
Layer_0
  62
7
  70
1
  66
1
  10
0
  20
0
  30
0
  0
VERTEX
  5
d3
  8
Layer_0
  10
196.20039
  20
197.11607
  0
VERTEX
  5
d4
  8
Layer_0
  10
196.30732
  20
197.2916
  0
VERTEX
  5
d5
  8
Layer_0
  10
196.38077
  20
197.51419
  0
VERTEX
  5
d6
  8
Layer_0
  10
196.42117
  20
197.76721
  0
VERTEX
  5
d7
  8
Layer_0
  10
196.42899
  20
198.03404
  0
VERTEX
  5
d8
  8
Layer_0
  10
196.40465
  20
198.29805
  0
VERTEX
  5
d9
  8
Layer_0
  10
196.34862
  20
198.54259
  0
VERTEX
  5
da
  8
Layer_0
  10
196.26133
  20
198.75104
  0
VERTEX
  5
db
  8
Layer_0
  10
196.14323
  20
198.90677
  42
0.30268837
  0
VERTEX
  5
dc
  8
Layer_0
  10
195.36853
  20
199.01472
  42
0.21458212
  0
VERTEX
  5
dd
  8
Layer_0
  10
194.98755
  20
198.55118
  0
VERTEX
  5
de
  8
Layer_0
  10
194.92875
  20
198.22896
  0
VERTEX
  5
df
  8
Layer_0
  10
194.92206
  20
197.87133
  0
VERTEX
  5
e0
  8
Layer_0
  10
194.96477
  20
197.52738
  0
VERTEX
  5
e1
  8
Layer_0
  10
195.05421
  20
197.24625
  0
VERTEX
  5
e2
  8
Layer_0
  10
195.15204
  20
197.09832
  0
VERTEX
  5
e3
  8
Layer_0
  10
195.2784
  20
196.98614
  0
VERTEX
  5
e4
  8
Layer_0
  10
195.42552
  20
196.91066
  0
VERTEX
  5
e5
  8
Layer_0
  10
195.58563
  20
196.87279
  0
VERTEX
  5
e6
  8
Layer_0
  10
195.75094
  20
196.87346
  0
VERTEX
  5
e7
  8
Layer_0
  10
195.91369
  20
196.91362
  0
VERTEX
  5
e8
  8
Layer_0
  10
196.0661
  20
196.99418
  0
SEQEND
  0
POLYLINE
  5
ea
  8
Layer_0
  62
7
  70
1
  66
1
  10
0
  20
0
  30
0
  0
VERTEX
  5
ea
  8
Layer_0
  10
195.34631
  20
197.4177
  0
VERTEX
  5
eb
  8
Layer_0
  10
195.30995
  20
197.50883
  0
VERTEX
  5
ec
  8
Layer_0
  10
195.28876
  20
197.61097
  0
VERTEX
  5
ed
  8
Layer_0
  10
195.27889
  20
197.75301
  0
VERTEX
  5
ee
  8
Layer_0
  10
195.27646
  20
197.9638
  0
VERTEX
  5
ef
  8
Layer_0
  10
195.28355
  20
198.23382
  0
VERTEX
  5
f0
  8
Layer_0
  10
195.3094
  20
198.42139
  0
VERTEX
  5
f1
  8
Layer_0
  10
195.36085
  20
198.55717
  0
VERTEX
  5
f2
  8
Layer_0
  10
195.44474
  20
198.67182
  42
-0.42194728
  0
VERTEX
  5
f3
  8
Layer_0
  10
195.89558
  20
198.66864
  0
VERTEX
  5
f4
  8
Layer_0
  10
195.97779
  20
198.55782
  0
VERTEX
  5
f5
  8
Layer_0
  10
196.03172
  20
198.41068
  0
VERTEX
  5
f6
  8
Layer_0
  10
196.06123
  20
198.21234
  0
VERTEX
  5
f7
  8
Layer_0
  10
196.07021
  20
197.94792
  0
VERTEX
  5
f8
  8
Layer_0
  10
196.06547
  20
197.76502
  0
VERTEX
  5
f9
  8
Layer_0
  10
196.05072
  20
197.61043
  0
VERTEX
  5
fa
  8
Layer_0
  10
196.02517
  20
197.48241
  0
VERTEX
  5
fb
  8
Layer_0
  10
195.98806
  20
197.3792
  0
VERTEX
  5
fc
  8
Layer_0
  10
195.87599
  20
197.24024
  0
VERTEX
  5
fd
  8
Layer_0
  10
195.70826
  20
197.17957
  0
VERTEX
  5
fe
  8
Layer_0
  10
195.59322
  20
197.18061
  0
VERTEX
  5
ff
  8
Layer_0
  10
195.49752
  20
197.21886
  0
VERTEX
  5
100
  8
Layer_0
  10
195.41671
  20
197.297
  0
SEQEND
  0
POLYLINE
  5
102
  8
Layer_0
  62
7
  70
1
  66
1
  10
0
  20
0
  30
0
  0
VERTEX
  5
102
  8
Layer_0
  10
198.18159
  20
198.0019
  0
VERTEX
  5
103
  8
Layer_0
  10
198.15594
  20
198.36271
  0
VERTEX
  5
104
  8
Layer_0
  10
198.0788
  20
198.64999
  0
VERTEX
  5
105
  8
Layer_0
  10
197.94986
  20
198.86406
  0
VERTEX
  5
106
  8
Layer_0
  10
197.76884
  20
199.0052
  42
0.22494728
  0
VERTEX
  5
107
  8
Layer_0
  10
197.14655
  20
199.01472
  0
VERTEX
  5
108
  8
Layer_0
  10
197.02802
  20
198.94095
  0
VERTEX
  5
109
  8
Layer_0
  10
196.91992
  20
198.83414
  0
VERTEX
  5
10a
  8
Layer_0
  10
196.82909
  20
198.70174
  0
VERTEX
  5
10b
  8
Layer_0
  10
196.76236
  20
198.55117
  0
VERTEX
  5
10c
  8
Layer_0
  10
196.71821
  20
198.30536
  0
VERTEX
  5
10d
  8
Layer_0
  10
196.70442
  20
197.96578
  0
VERTEX
  5
10e
  8
Layer_0
  10
196.70873
  20
197.79106
  0
VERTEX
  5
10f
  8
Layer_0
  10
196.7204
  20
197.62918
  0
VERTEX
  5
110
  8
Layer_0
  10
196.73936
  20
197.49223
  0
VERTEX
  5
111
  8
Layer_0
  10
196.76554
  20
197.3923
  0
VERTEX
  5
112
  8
Layer_0
  10
196.88093
  20
197.1628
  0
VERTEX
  5
113
  8
Layer_0
  10
197.02906
  20
197.00177
  0
VERTEX
  5
114
  8
Layer_0
  10
197.21291
  20
196.90741
  0
VERTEX
  5
115
  8
Layer_0
  10
197.43546
  20
196.87795
  0
VERTEX
  5
116
  8
Layer_0
  10
197.61155
  20
196.89629
  0
VERTEX
  5
117
  8
Layer_0
  10
197.76368
  20
196.94909
  0
VERTEX
  5
118
  8
Layer_0
  10
197.89199
  20
197.03656
  0
VERTEX
  5
119
  8
Layer_0
  10
197.99664
  20
197.15893
  0
VERTEX
  5
11a
  8
Layer_0
  10
198.07778
  20
197.31643
  0
VERTEX
  5
11b
  8
Layer_0
  10
198.13555
  20
197.50928
  0
VERTEX
  5
11c
  8
Layer_0
  10
198.1701
  20
197.73769
  0
SEQEND
  0
POLYLINE
  5
11e
  8
Layer_0
  62
7
  70
1
  66
1
  10
0
  20
0
  30
0
  0
VERTEX
  5
11e
  8
Layer_0
  10
197.07034
  20
197.56693
  42
-0.060943102
  0
VERTEX
  5
11f
  8
Layer_0
  10
197.04494
  20
198.07175
  0
VERTEX
  5
120
  8
Layer_0
  10
197.06855
  20
198.33403
  0
VERTEX
  5
121
  8
Layer_0
  10
197.11717
  20
198.52934
  0
VERTEX
  5
122
  8
Layer_0
  10
197.19317
  20
198.66334
  0
VERTEX
  5
123
  8
Layer_0
  10
197.29893
  20
198.74167
  42
-0.20446604
  0
VERTEX
  5
124
  8
Layer_0
  10
197.56247
  20
198.74484
  0
VERTEX
  5
125
  8
Layer_0
  10
197.67775
  20
198.66666
  0
VERTEX
  5
126
  8
Layer_0
  10
197.75614
  20
198.53609
  0
VERTEX
  5
127
  8
Layer_0
  10
197.80356
  20
198.33765
  0
VERTEX
  5
128
  8
Layer_0
  10
197.82599
  20
198.05587
  0
VERTEX
  5
129
  8
Layer_0
  10
197.82941
  20
197.87187
  0
VERTEX
  5
12a
  8
Layer_0
  10
197.8248
  20
197.72924
  0
VERTEX
  5
12b
  8
Layer_0
  10
197.81125
  20
197.61341
  0
VERTEX
  5
12c
  8
Layer_0
  10
197.78789
  20
197.50977
  0
VERTEX
  5
12d
  8
Layer_0
  10
197.72124
  20
197.35309
  0
VERTEX
  5
12e
  8
Layer_0
  10
197.63157
  20
197.24456
  0
VERTEX
  5
12f
  8
Layer_0
  10
197.52708
  20
197.1835
  0
VERTEX
  5
130
  8
Layer_0
  10
197.41601
  20
197.16925
  0
VERTEX
  5
131
  8
Layer_0
  10
197.30658
  20
197.20114
  0
VERTEX
  5
132
  8
Layer_0
  10
197.20701
  20
197.27849
  0
VERTEX
  5
133
  8
Layer_0
  10
197.12552
  20
197.40064
  0
VERTEX
  5
134
  8
Layer_0
  10
197.07034
  20
197.56692
  0
SEQEND
  0
POLYLINE
  5
136
  8
Layer_0
  62
7
  70
1
  66
1
  10
0
  20
0
  30
0
  0
VERTEX
  5
136
  8
Layer_0
  10
192.10782
  20
198.45592
  42
0.030798663
  0
VERTEX
  5
137
  8
Layer_0
  10
192.36816
  20
198.58609
  0
VERTEX
  5
138
  8
Layer_0
  10
192.46897
  20
198.63968
  0
VERTEX
  5
139
  8
Layer_0
  10
192.51739
  20
198.6623
  0
VERTEX
  5
13a
  8
Layer_0
  10
192.51976
  20
198.64444
  0
VERTEX
  5
13b
  8
Layer_0
  10
192.52205
  20
198.59329
  0
VERTEX
  5
13c
  8
Layer_0
  10
192.5242
  20
198.51245
  0
VERTEX
  5
13d
  8
Layer_0
  10
192.52612
  20
198.40552
  0
VERTEX
  5
13e
  8
Layer_0
  10
192.529
  20
198.12785
  0
VERTEX
  5
13f
  8
Layer_0
  10
192.53009
  20
197.78917
  0
VERTEX
  5
140
  8
Layer_0
  10
192.53009
  20
196.91605
  0
VERTEX
  5
141
  8
Layer_0
  10
192.68884
  20
196.91605
  0
VERTEX
  5
142
  8
Layer_0
  10
192.8476
  20
196.91605
  0
VERTEX
  5
143
  8
Layer_0
  10
192.8476
  20
197.97968
  0
VERTEX
  5
144
  8
Layer_0
  10
192.8476
  20
199.0433
  0
VERTEX
  5
145
  8
Layer_0
  10
192.69202
  20
199.0433
  42
0.17028729
  0
VERTEX
  5
146
  8
Layer_0
  10
192.46341
  20
198.98615
  42
-0.042221624
  0
VERTEX
  5
147
  8
Layer_0
  10
192.19037
  20
198.82104
  0
VERTEX
  5
148
  8
Layer_0
  10
191.99034
  20
198.71628
  0
VERTEX
  5
149
  8
Layer_0
  10
191.99034
  20
198.5607
  0
VERTEX
  5
14a
  8
Layer_0
  10
191.99034
  20
198.40829
  0
SEQEND
  0
POLYLINE
  5
14c
  8
Layer_0
  62
7
  70
1
  66
1
  10
0
  20
0
  30
0
  0
VERTEX
  5
14c
  8
Layer_0
  10
130.08969
  20
197.00281
  0
VERTEX
  5
14d
  8
Layer_0
  10
130.32465
  20
197.01233
  0
VERTEX
  5
14e
  8
Layer_0
  10
130.40085
  20
197.25046
  42
0.0015391122
  0
VERTEX
  5
14f
  8
Layer_0
  10
130.58182
  20
197.82196
  42
-0.001800465
  0
VERTEX
  5
150
  8
Layer_0
  10
130.84853
  20
198.6665
  0
VERTEX
  5
151
  8
Layer_0
  10
130.91133
  20
198.86772
  0
VERTEX
  5
152
  8
Layer_0
  10
130.96282
  20
199.0356
  0
VERTEX
  5
153
  8
Layer_0
  10
130.99764
  20
199.15228
  0
VERTEX
  5
154
  8
Layer_0
  10
131.01044
  20
199.1999
  0
VERTEX
  5
155
  8
Layer_0
  10
130.95686
  20
199.2134
  0
VERTEX
  5
156
  8
Layer_0
  10
130.82947
  20
199.2126
  0
VERTEX
  5
157
  8
Layer_0
  10
130.64532
  20
199.20308
  0
VERTEX
  5
158
  8
Layer_0
  10
130.43259
  20
198.47282
  42
0.013559161
  0
VERTEX
  5
159
  8
Layer_0
  10
130.16272
  20
197.52985
  0
VERTEX
  5
15a
  8
Layer_0
  10
130.11906
  20
197.37666
  0
VERTEX
  5
15b
  8
Layer_0
  10
130.08969
  20
197.31395
  0
VERTEX
  5
15c
  8
Layer_0
  10
130.08139
  20
197.33066
  0
VERTEX
  5
15d
  8
Layer_0
  10
130.06434
  20
197.37854
  0
VERTEX
  5
15e
  8
Layer_0
  10
130.03963
  20
197.45426
  0
VERTEX
  5
15f
  8
Layer_0
  10
130.00833
  20
197.55446
  0
VERTEX
  5
160
  8
Layer_0
  10
129.9303
  20
197.81491
  0
VERTEX
  5
161
  8
Layer_0
  10
129.83887
  20
198.1331
  0
VERTEX
  5
162
  8
Layer_0
  10
129.77969
  20
198.34391
  0
VERTEX
  5
163
  8
Layer_0
  10
129.72892
  20
198.52536
  0
VERTEX
  5
164
  8
Layer_0
  10
129.68555
  20
198.67965
  0
VERTEX
  5
165
  8
Layer_0
  10
129.64862
  20
198.80898
  0
VERTEX
  5
166
  8
Layer_0
  10
129.59012
  20
199.00151
  0
VERTEX
  5
167
  8
Layer_0
  10
129.54558
  20
199.12053
  0
VERTEX
  5
168
  8
Layer_0
  10
129.46694
  20
199.20824
  0
VERTEX
  5
169
  8
Layer_0
  10
129.34991
  20
199.2126
  0
VERTEX
  5
16a
  8
Layer_0
  10
129.22252
  20
199.21181
  0
VERTEX
  5
16b
  8
Layer_0
  10
129.16895
  20
199.19673
  0
VERTEX
  5
16c
  8
Layer_0
  10
129.17495
  20
199.16981
  0
VERTEX
  5
16d
  8
Layer_0
  10
129.19435
  20
199.10163
  0
VERTEX
  5
16e
  8
Layer_0
  10
129.22565
  20
198.99676
  0
VERTEX
  5
16f
  8
Layer_0
  10
129.26737
  20
198.85978
  0
VERTEX
  5
170
  8
Layer_0
  10
129.37611
  20
198.5078
  0
VERTEX
  5
171
  8
Layer_0
  10
129.50867
  20
198.0823
  0
VERTEX
  5
172
  8
Layer_0
  10
129.85156
  20
196.99327
  0
SEQEND
  0
POLYLINE
  5
174
  8
Layer_0
  62
7
  70
1
  66
1
  10
0
  20
0
  30
0
  0
VERTEX
  5
174
  8
Layer_0
  10
132.36299
  20
198.06325
  42
-0.27118606
  0
VERTEX
  5
175
  8
Layer_0
  10
132.6297
  20
197.60922
  42
-0.21130447
  0
VERTEX
  5
176
  8
Layer_0
  10
132.43602
  20
197.13615
  0
VERTEX
  5
177
  8
Layer_0
  10
132.32861
  20
197.05445
  0
VERTEX
  5
178
  8
Layer_0
  10
132.21019
  20
197.00161
  0
VERTEX
  5
179
  8
Layer_0
  10
132.06498
  20
196.97319
  0
VERTEX
  5
17a
  8
Layer_0
  10
131.87721
  20
196.9647
  0
VERTEX
  5
17b
  8
Layer_0
  10
131.59539
  20
196.9963
  0
VERTEX
  5
17c
  8
Layer_0
  10
131.3847
  20
197.09369
  0
VERTEX
  5
17d
  8
Layer_0
  10
131.24009
  20
197.26072
  0
VERTEX
  5
17e
  8
Layer_0
  10
131.15649
  20
197.50128
  0
VERTEX
  5
17f
  8
Layer_0
  10
131.15654
  20
197.66727
  0
VERTEX
  5
180
  8
Layer_0
  10
131.21404
  20
197.8291
  0
VERTEX
  5
181
  8
Layer_0
  10
131.32214
  20
197.97544
  0
VERTEX
  5
182
  8
Layer_0
  10
131.474
  20
198.095
  0
VERTEX
  5
183
  8
Layer_0
  10
131.50341
  20
198.11499
  0
VERTEX
  5
184
  8
Layer_0
  10
131.50932
  20
198.13112
  0
VERTEX
  5
185
  8
Layer_0
  10
131.48962
  20
198.14903
  0
VERTEX
  5
186
  8
Layer_0
  10
131.44225
  20
198.17438
  0
VERTEX
  5
187
  8
Layer_0
  10
131.33737
  20
198.24239
  0
VERTEX
  5
188
  8
Layer_0
  10
131.26762
  20
198.33273
  0
VERTEX
  5
189
  8
Layer_0
  10
131.22882
  20
198.45343
  0
VERTEX
  5
18a
  8
Layer_0
  10
131.21681
  20
198.61253
  42
-0.28408085
  0
VERTEX
  5
18b
  8
Layer_0
  10
131.53114
  20
199.13957
  0
VERTEX
  5
18c
  8
Layer_0
  10
131.74481
  20
199.20724
  0
VERTEX
  5
18d
  8
Layer_0
  10
131.97604
  20
199.21657
  0
VERTEX
  5
18e
  8
Layer_0
  10
132.19596
  20
199.16994
  0
VERTEX
  5
18f
  8
Layer_0
  10
132.37569
  20
199.06973
  42
-0.22142462
  0
VERTEX
  5
190
  8
Layer_0
  10
132.56619
  20
198.62523
  0
VERTEX
  5
191
  8
Layer_0
  10
132.5524
  20
198.47501
  0
VERTEX
  5
192
  8
Layer_0
  10
132.51063
  20
198.35218
  0
VERTEX
  5
193
  8
Layer_0
  10
132.44029
  20
198.25554
  0
VERTEX
  5
194
  8
Layer_0
  10
132.34077
  20
198.1839
  0
VERTEX
  5
195
  8
Layer_0
  10
132.23917
  20
198.1331
  0
SEQEND
  0
POLYLINE
  5
197
  8
Layer_0
  62
7
  70
1
  66
1
  10
0
  20
0
  30
0
  0
VERTEX
  5
197
  8
Layer_0
  10
131.55019
  20
198.72683
  0
VERTEX
  5
198
  8
Layer_0
  10
131.6003
  20
198.82366
  0
VERTEX
  5
199
  8
Layer_0
  10
131.67719
  20
198.88716
  0
VERTEX
  5
19a
  8
Layer_0
  10
131.78504
  20
198.91971
  0
VERTEX
  5
19b
  8
Layer_0
  10
131.92802
  20
198.92368
  42
-0.20018212
  0
VERTEX
  5
19c
  8
Layer_0
  10
132.17567
  20
198.82526
  42
-0.39188325
  0
VERTEX
  5
19d
  8
Layer_0
  10
132.14075
  20
198.3744
  0
VERTEX
  5
19e
  8
Layer_0
  10
132.03203
  20
198.29618
  0
VERTEX
  5
19f
  8
Layer_0
  10
131.91631
  20
198.26293
  0
VERTEX
  5
1a0
  8
Layer_0
  10
131.80209
  20
198.26965
  0
VERTEX
  5
1a1
  8
Layer_0
  10
131.69783
  20
198.3113
  0
VERTEX
  5
1a2
  8
Layer_0
  10
131.61203
  20
198.38287
  0
VERTEX
  5
1a3
  8
Layer_0
  10
131.55317
  20
198.47933
  0
VERTEX
  5
1a4
  8
Layer_0
  10
131.52973
  20
198.59565
  0
SEQEND
  0
POLYLINE
  5
1a6
  8
Layer_0
  62
7
  70
1
  66
1
  10
0
  20
0
  30
0
  0
VERTEX
  5
1a6
  8
Layer_0
  10
131.87086
  20
197.25046
  42
-0.51080164
  0
VERTEX
  5
1a7
  8
Layer_0
  10
131.51845
  20
197.74258
  0
VERTEX
  5
1a8
  8
Layer_0
  10
131.62164
  20
197.88972
  0
VERTEX
  5
1a9
  8
Layer_0
  10
131.78911
  20
197.97197
  0
VERTEX
  5
1aa
  8
Layer_0
  10
131.97921
  20
197.97921
  0
VERTEX
  5
1ab
  8
Layer_0
  10
132.15027
  20
197.90133
  42
-0.3209312
  0
VERTEX
  5
1ac
  8
Layer_0
  10
132.2614
  20
197.47588
  0
VERTEX
  5
1ad
  8
Layer_0
  10
132.20395
  20
197.37234
  0
VERTEX
  5
1ae
  8
Layer_0
  10
132.12328
  20
197.30244
  0
VERTEX
  5
1af
  8
Layer_0
  10
132.01404
  20
197.2629
  0
VERTEX
  5
1b0
  8
Layer_0
  10
131.87086
  20
197.25045
  0
SEQEND
  0
POLYLINE
  5
1b2
  8
Layer_0
  62
7
  70
1
  66
1
  10
0
  20
0
  30
0
  0
VERTEX
  5
1b2
  8
Layer_0
  10
135.13794
  20
199.04433
  0
VERTEX
  5
1b3
  8
Layer_0
  10
135.13794
  20
198.86971
  0
VERTEX
  5
1b4
  8
Layer_0
  10
134.82045
  20
198.86971
  0
VERTEX
  5
1b5
  8
Layer_0
  10
134.50294
  20
198.86971
  0
VERTEX
  5
1b6
  8
Layer_0
  10
134.50294
  20
197.93307
  0
VERTEX
  5
1b7
  8
Layer_0
  10
134.50294
  20
196.99646
  0
VERTEX
  5
1b8
  8
Layer_0
  10
134.32832
  20
196.99646
  0
VERTEX
  5
1b9
  8
Layer_0
  10
134.15369
  20
196.99646
  0
VERTEX
  5
1ba
  8
Layer_0
  10
134.15369
  20
197.93307
  0
VERTEX
  5
1bb
  8
Layer_0
  10
134.15369
  20
198.86653
  0
VERTEX
  5
1bc
  8
Layer_0
  10
133.84572
  20
198.87605
  0
VERTEX
  5
1bd
  8
Layer_0
  10
133.53456
  20
198.88557
  0
VERTEX
  5
1be
  8
Layer_0
  10
133.52504
  20
199.0094
  42
-0.12556703
  0
VERTEX
  5
1bf
  8
Layer_0
  10
133.53139
  20
199.17133
  0
VERTEX
  5
1c0
  8
Layer_0
  10
133.57485
  20
199.19306
  0
VERTEX
  5
1c1
  8
Layer_0
  10
133.70523
  20
199.20705
  0
VERTEX
  5
1c2
  8
Layer_0
  10
133.81194
  20
199.2117
  0
VERTEX
  5
1c3
  8
Layer_0
  10
133.95109
  20
199.21508
  0
VERTEX
  5
1c4
  8
Layer_0
  10
134.12626
  20
199.21743
  0
VERTEX
  5
1c5
  8
Layer_0
  10
134.34102
  20
199.21895
  0
VERTEX
  5
1c6
  8
Layer_0
  10
135.13794
  20
199.22212
  0
SEQEND
  0
POLYLINE
  5
1c8
  8
Layer_0
  62
7
  70
1
  66
1
  10
0
  20
0
  30
0
  0
VERTEX
  5
1c8
  8
Layer_0
  10
137.65889
  20
199.21895
  42
-0.41421356
  0
VERTEX
  5
1c9
  8
Layer_0
  10
137.86844
  20
198.99353
  0
VERTEX
  5
1ca
  8
Layer_0
  10
137.84904
  20
198.92809
  0
VERTEX
  5
1cb
  8
Layer_0
  10
137.79899
  20
198.86772
  0
VERTEX
  5
1cc
  8
Layer_0
  10
137.73048
  20
198.82342
  0
VERTEX
  5
1cd
  8
Layer_0
  10
137.65572
  20
198.8062
  42
-0.66817334
  0
VERTEX
  5
1ce
  8
Layer_0
  10
137.5192
  20
199.15546
  42
-0.19889817
  0
SEQEND
  0
POLYLINE
  5
1d0
  8
Layer_0
  62
7
  70
1
  66
1
  10
0
  20
0
  30
0
  0
VERTEX
  5
1d0
  8
Layer_0
  10
141.24982
  20
196.99646
  0
VERTEX
  5
1d1
  8
Layer_0
  10
141.42444
  20
196.99646
  0
VERTEX
  5
1d2
  8
Layer_0
  10
141.42444
  20
197.93307
  0
VERTEX
  5
1d3
  8
Layer_0
  10
141.42444
  20
198.86653
  0
VERTEX
  5
1d4
  8
Layer_0
  10
141.72925
  20
198.87605
  0
VERTEX
  5
1d5
  8
Layer_0
  10
142.03722
  20
198.88557
  0
VERTEX
  5
1d6
  8
Layer_0
  10
142.03722
  20
199.04433
  0
VERTEX
  5
1d7
  8
Layer_0
  10
142.03722
  20
199.20308
  0
VERTEX
  5
1d8
  8
Layer_0
  10
141.26888
  20
199.2126
  0
VERTEX
  5
1d9
  8
Layer_0
  10
141.0526
  20
199.21435
  0
VERTEX
  5
1da
  8
Layer_0
  10
140.87934
  20
199.21469
  0
VERTEX
  5
1db
  8
Layer_0
  10
140.74447
  20
199.21338
  0
VERTEX
  5
1dc
  8
Layer_0
  10
140.64339
  20
199.21022
  0
VERTEX
  5
1dd
  8
Layer_0
  10
140.52414
  20
199.19742
  0
VERTEX
  5
1de
  8
Layer_0
  10
140.48465
  20
199.1745
  42
0.11401281
  0
VERTEX
  5
1df
  8
Layer_0
  10
140.47829
  20
199.0094
  0
VERTEX
  5
1e0
  8
Layer_0
  10
140.48782
  20
198.88557
  0
VERTEX
  5
1e1
  8
Layer_0
  10
140.78944
  20
198.87605
  0
VERTEX
  5
1e2
  8
Layer_0
  10
141.09106
  20
198.86653
  0
VERTEX
  5
1e3
  8
Layer_0
  10
141.08154
  20
197.93307
  0
VERTEX
  5
1e4
  8
Layer_0
  10
141.07202
  20
196.99646
  0
SEQEND
  0
POLYLINE
  5
1e6
  8
Layer_0
  62
7
  70
1
  66
1
  10
0
  20
0
  30
0
  0
VERTEX
  5
1e6
  8
Layer_0
  10
145.14554
  20
197.13933
  0
VERTEX
  5
1e7
  8
Layer_0
  10
145.26802
  20
197.03639
  0
VERTEX
  5
1e8
  8
Layer_0
  10
145.4301
  20
196.9778
  0
VERTEX
  5
1e9
  8
Layer_0
  10
145.60944
  20
196.96743
  0
VERTEX
  5
1ea
  8
Layer_0
  10
145.78372
  20
197.00915
  42
0.21576109
  0
VERTEX
  5
1eb
  8
Layer_0
  10
146.12662
  20
197.39967
  42
0.1731835
  0
VERTEX
  5
1ec
  8
Layer_0
  10
146.12662
  20
198.14897
  0
VERTEX
  5
1ed
  8
Layer_0
  10
146.06942
  20
198.27084
  0
VERTEX
  5
1ee
  8
Layer_0
  10
145.99108
  20
198.37554
  0
VERTEX
  5
1ef
  8
Layer_0
  10
145.89579
  20
198.46113
  0
VERTEX
  5
1f0
  8
Layer_0
  10
145.78769
  20
198.52561
  0
VERTEX
  5
1f1
  8
Layer_0
  10
145.67096
  20
198.56703
  0
VERTEX
  5
1f2
  8
Layer_0
  10
145.54976
  20
198.58341
  0
VERTEX
  5
1f3
  8
Layer_0
  10
145.42827
  20
198.57277
  0
VERTEX
  5
1f4
  8
Layer_0
  10
145.31064
  20
198.53315
  42
0.15125513
  0
VERTEX
  5
1f5
  8
Layer_0
  10
145.16142
  20
198.41251
  0
VERTEX
  5
1f6
  8
Layer_0
  10
145.14138
  20
198.39583
  0
VERTEX
  5
1f7
  8
Layer_0
  10
145.12729
  20
198.4387
  0
VERTEX
  5
1f8
  8
Layer_0
  10
145.11677
  20
198.55895
  0
VERTEX
  5
1f9
  8
Layer_0
  10
145.10744
  20
198.77445
  0
VERTEX
  5
1fa
  8
Layer_0
  10
145.09157
  20
199.20308
  0
VERTEX
  5
1fb
  8
Layer_0
  10
144.94234
  20
199.2126
  0
VERTEX
  5
1fc
  8
Layer_0
  10
144.79312
  20
199.22212
  0
VERTEX
  5
1fd
  8
Layer_0
  10
144.7836
  20
198.11087
  0
VERTEX
  5
1fe
  8
Layer_0
  10
144.77406
  20
196.99646
  0
VERTEX
  5
1ff
  8
Layer_0
  10
144.92647
  20
196.99646
  0
VERTEX
  5
200
  8
Layer_0
  10
145.0757
  20
196.99646
  0
VERTEX
  5
201
  8
Layer_0
  10
145.0757
  20
197.11075
  0
VERTEX
  5
202
  8
Layer_0
  10
145.0757
  20
197.22823
  0
SEQEND
  0
POLYLINE
  5
204
  8
Layer_0
  62
7
  70
1
  66
1
  10
0
  20
0
  30
0
  0
VERTEX
  5
204
  8
Layer_0
  10
145.10744
  20
197.74893
  0
VERTEX
  5
205
  8
Layer_0
  10
145.12917
  20
197.99549
  0
VERTEX
  5
206
  8
Layer_0
  10
145.19555
  20
198.16644
  0
VERTEX
  5
207
  8
Layer_0
  10
145.30836
  20
198.26596
  0
VERTEX
  5
208
  8
Layer_0
  10
145.46939
  20
198.2982
  42
-0.20497874
  0
VERTEX
  5
209
  8
Layer_0
  10
145.68846
  20
198.2093
  0
VERTEX
  5
20a
  8
Layer_0
  10
145.7534
  20
198.10924
  0
VERTEX
  5
20b
  8
Layer_0
  10
145.7984
  20
197.97554
  0
VERTEX
  5
20c
  8
Layer_0
  10
145.82018
  20
197.8222
  0
VERTEX
  5
20d
  8
Layer_0
  10
145.81548
  20
197.6632
  0
VERTEX
  5
20e
  8
Layer_0
  10
145.77326
  20
197.48352
  0
VERTEX
  5
20f
  8
Layer_0
  10
145.69919
  20
197.35443
  0
VERTEX
  5
210
  8
Layer_0
  10
145.59357
  20
197.27655
  0
VERTEX
  5
211
  8
Layer_0
  10
145.4567
  20
197.25045
  0
VERTEX
  5
212
  8
Layer_0
  10
145.30702
  20
197.2828
  0
VERTEX
  5
213
  8
Layer_0
  10
145.19753
  20
197.37825
  0
VERTEX
  5
214
  8
Layer_0
  10
145.13031
  20
197.53442
  0
SEQEND
  0
POLYLINE
  5
216
  8
Layer_0
  62
7
  70
1
  66
1
  10
0
  20
0
  30
0
  0
VERTEX
  5
216
  8
Layer_0
  10
138.50345
  20
198.4379
  0
VERTEX
  5
217
  8
Layer_0
  10
138.50345
  20
198.5522
  0
VERTEX
  5
218
  8
Layer_0
  10
138.35104
  20
198.5522
  0
VERTEX
  5
219
  8
Layer_0
  10
138.19547
  20
198.5522
  0
VERTEX
  5
21a
  8
Layer_0
  10
138.19864
  20
197.77432
  0
VERTEX
  5
21b
  8
Layer_0
  10
138.20181
  20
196.99646
  0
VERTEX
  5
21c
  8
Layer_0
  10
138.36691
  20
196.99646
  0
VERTEX
  5
21d
  8
Layer_0
  10
138.53201
  20
196.99646
  0
VERTEX
  5
21e
  8
Layer_0
  10
138.54155
  20
197.55525
  0
VERTEX
  5
21f
  8
Layer_0
  10
138.55107
  20
198.11404
  0
VERTEX
  5
220
  8
Layer_0
  10
138.65584
  20
198.20613
  0
VERTEX
  5
221
  8
Layer_0
  10
138.76379
  20
198.27637
  0
VERTEX
  5
222
  8
Layer_0
  10
138.87651
  20
198.30138
  0
VERTEX
  5
223
  8
Layer_0
  10
138.98446
  20
198.28114
  0
VERTEX
  5
224
  8
Layer_0
  10
139.07813
  20
198.21565
  0
VERTEX
  5
225
  8
Layer_0
  10
139.12098
  20
198.15815
  0
VERTEX
  5
226
  8
Layer_0
  10
139.14479
  20
198.06762
  0
VERTEX
  5
227
  8
Layer_0
  10
139.15179
  20
197.99257
  0
VERTEX
  5
228
  8
Layer_0
  10
139.1567
  20
197.88838
  0
VERTEX
  5
229
  8
Layer_0
  10
139.16042
  20
197.7481
  0
VERTEX
  5
22a
  8
Layer_0
  10
139.16385
  20
197.56478
  0
VERTEX
  5
22b
  8
Layer_0
  10
139.17337
  20
196.99646
  0
VERTEX
  5
22c
  8
Layer_0
  10
139.33212
  20
196.99646
  0
VERTEX
  5
22d
  8
Layer_0
  10
139.48769
  20
196.99646
  0
VERTEX
  5
22e
  8
Layer_0
  10
139.48769
  20
197.59335
  0
VERTEX
  5
22f
  8
Layer_0
  10
139.48718
  20
197.76758
  0
VERTEX
  5
230
  8
Layer_0
  10
139.4854
  20
197.90788
  0
VERTEX
  5
231
  8
Layer_0
  10
139.48199
  20
198.0193
  0
VERTEX
  5
232
  8
Layer_0
  10
139.47658
  20
198.10691
  0
VERTEX
  5
233
  8
Layer_0
  10
139.45822
  20
198.23093
  0
VERTEX
  5
234
  8
Layer_0
  10
139.42737
  20
198.32043
  0
VERTEX
  5
235
  8
Layer_0
  10
139.30845
  20
198.46836
  0
VERTEX
  5
236
  8
Layer_0
  10
139.13328
  20
198.55855
  0
VERTEX
  5
237
  8
Layer_0
  10
138.93132
  20
198.58207
  0
VERTEX
  5
238
  8
Layer_0
  10
138.73204
  20
198.52998
  42
0.12230471
  0
VERTEX
  5
239
  8
Layer_0
  10
138.56694
  20
198.3998
  0
VERTEX
  5
23a
  8
Layer_0
  10
138.50345
  20
198.32043
  0
SEQEND
  0
POLYLINE
  5
23c
  8
Layer_0
  62
7
  70
1
  66
1
  10
0
  20
0
  30
0
  0
VERTEX
  5
23c
  8
Layer_0
  10
144.02794
  20
198.43472
  0
VERTEX
  5
23d
  8
Layer_0
  10
144.02794
  20
198.5522
  0
VERTEX
  5
23e
  8
Layer_0
  10
143.86919
  20
198.5522
  0
VERTEX
  5
23f
  8
Layer_0
  10
143.71045
  20
198.5522
  0
VERTEX
  5
240
  8
Layer_0
  10
143.71045
  20
197.77432
  0
VERTEX
  5
241
  8
Layer_0
  10
143.71045
  20
196.99646
  0
VERTEX
  5
242
  8
Layer_0
  10
143.87872
  20
196.99646
  0
VERTEX
  5
243
  8
Layer_0
  10
144.04382
  20
196.99646
  0
VERTEX
  5
244
  8
Layer_0
  10
144.04382
  20
197.46635
  0
VERTEX
  5
245
  8
Layer_0
  10
144.0455
  20
197.64969
  0
VERTEX
  5
246
  8
Layer_0
  10
144.05131
  20
197.79779
  0
VERTEX
  5
247
  8
Layer_0
  10
144.0624
  20
197.91501
  0
VERTEX
  5
248
  8
Layer_0
  10
144.07993
  20
198.00571
  0
VERTEX
  5
249
  8
Layer_0
  10
144.13892
  20
198.12492
  0
VERTEX
  5
24a
  8
Layer_0
  10
144.23749
  20
198.19025
  42
-0.099949802
  0
VERTEX
  5
24b
  8
Layer_0
  10
144.44069
  20
198.23471
  0
VERTEX
  5
24c
  8
Layer_0
  10
144.49576
  20
198.23743
  0
VERTEX
  5
24d
  8
Layer_0
  10
144.52404
  20
198.25653
  0
VERTEX
  5
24e
  8
Layer_0
  10
144.53446
  20
198.30837
  0
VERTEX
  5
24f
  8
Layer_0
  10
144.53595
  20
198.40933
  0
VERTEX
  5
250
  8
Layer_0
  10
144.53396
  20
198.50358
  0
VERTEX
  5
251
  8
Layer_0
  10
144.52483
  20
198.55617
  0
VERTEX
  5
252
  8
Layer_0
  10
144.5038
  20
198.57899
  0
VERTEX
  5
253
  8
Layer_0
  10
144.46609
  20
198.58395
  42
0.091641226
  0
VERTEX
  5
254
  8
Layer_0
  10
144.28194
  20
198.53316
  42
0.12501755
  0
VERTEX
  5
255
  8
Layer_0
  10
144.10097
  20
198.3998
  0
VERTEX
  5
256
  8
Layer_0
  10
144.02794
  20
198.31407
  0
SEQEND
  0
POLYLINE
  5
258
  8
Layer_0
  62
7
  70
1
  66
1
  10
0
  20
0
  30
0
  0
VERTEX
  5
258
  8
Layer_0
  10
147.59348
  20
198.3998
  0
VERTEX
  5
259
  8
Layer_0
  10
147.70286
  20
198.27662
  0
VERTEX
  5
25a
  8
Layer_0
  10
147.77325
  20
198.14302
  0
VERTEX
  5
25b
  8
Layer_0
  10
147.81091
  20
197.98145
  0
VERTEX
  5
25c
  8
Layer_0
  10
147.82207
  20
197.77433
  0
VERTEX
  5
25d
  8
Layer_0
  10
147.81899
  20
197.61915
  0
VERTEX
  5
25e
  8
Layer_0
  10
147.80699
  20
197.50921
  0
VERTEX
  5
25f
  8
Layer_0
  10
147.78189
  20
197.42071
  0
VERTEX
  5
260
  8
Layer_0
  10
147.73952
  20
197.32983
  42
-0.26317654
  0
VERTEX
  5
261
  8
Layer_0
  10
147.20294
  20
196.97105
  0
VERTEX
  5
262
  8
Layer_0
  10
147.01879
  20
196.96723
  0
VERTEX
  5
263
  8
Layer_0
  10
146.8775
  20
196.98812
  0
VERTEX
  5
264
  8
Layer_0
  10
146.76003
  20
197.03936
  0
VERTEX
  5
265
  8
Layer_0
  10
146.64732
  20
197.12663
  0
VERTEX
  5
266
  8
Layer_0
  10
146.52999
  20
197.25978
  0
VERTEX
  5
267
  8
Layer_0
  10
146.45166
  20
197.40841
  0
VERTEX
  5
268
  8
Layer_0
  10
146.40845
  20
197.58204
  0
VERTEX
  5
269
  8
Layer_0
  10
146.3965
  20
197.7902
  0
VERTEX
  5
26a
  8
Layer_0
  10
146.42423
  20
198.03775
  0
VERTEX
  5
26b
  8
Layer_0
  10
146.49929
  20
198.23946
  0
VERTEX
  5
26c
  8
Layer_0
  10
146.62375
  20
198.39831
  0
VERTEX
  5
26d
  8
Layer_0
  10
146.79971
  20
198.51728
  42
-0.31610276
  0
VERTEX
  5
26e
  8
Layer_0
  10
147.59348
  20
198.3998
  0
SEQEND
  0
POLYLINE
  5
270
  8
Layer_0
  62
7
  70
1
  66
1
  10
0
  20
0
  30
0
  0
VERTEX
  5
270
  8
Layer_0
  10
147.08864
  20
198.2982
  0
VERTEX
  5
271
  8
Layer_0
  10
146.96314
  20
198.26724
  0
VERTEX
  5
272
  8
Layer_0
  10
146.86213
  20
198.18326
  0
VERTEX
  5
273
  8
Layer_0
  10
146.78805
  20
198.05961
  0
VERTEX
  5
274
  8
Layer_0
  10
146.74336
  20
197.90966
  0
VERTEX
  5
275
  8
Layer_0
  10
146.73053
  20
197.74676
  0
VERTEX
  5
276
  8
Layer_0
  10
146.75199
  20
197.58427
  0
VERTEX
  5
277
  8
Layer_0
  10
146.81022
  20
197.43555
  0
VERTEX
  5
278
  8
Layer_0
  10
146.90767
  20
197.31395
  42
0.33188905
  0
VERTEX
  5
279
  8
Layer_0
  10
147.28549
  20
197.27902
  0
VERTEX
  5
27a
  8
Layer_0
  10
147.37468
  20
197.36364
  0
VERTEX
  5
27b
  8
Layer_0
  10
147.4376
  20
197.48506
  0
VERTEX
  5
27c
  8
Layer_0
  10
147.47447
  20
197.63036
  0
VERTEX
  5
27d
  8
Layer_0
  10
147.48552
  20
197.78663
  0
VERTEX
  5
27e
  8
Layer_0
  10
147.47097
  20
197.94097
  0
VERTEX
  5
27f
  8
Layer_0
  10
147.43105
  20
198.08047
  0
VERTEX
  5
280
  8
Layer_0
  10
147.36597
  20
198.19221
  0
VERTEX
  5
281
  8
Layer_0
  10
147.27597
  20
198.26328
  42
0.10852798
  0
SEQEND
  0
POLYLINE
  5
283
  8
Layer_0
  62
7
  70
1
  66
1
  10
0
  20
0
  30
0
  0
VERTEX
  5
283
  8
Layer_0
  10
135.25859
  20
198.54585
  0
VERTEX
  5
284
  8
Layer_0
  10
135.43321
  20
198.53633
  0
VERTEX
  5
285
  8
Layer_0
  10
135.56975
  20
197.99658
  42
-0.0019179455
  0
VERTEX
  5
286
  8
Layer_0
  10
135.71579
  20
197.41238
  0
VERTEX
  5
287
  8
Layer_0
  10
135.73276
  20
197.44046
  0
VERTEX
  5
288
  8
Layer_0
  10
135.77056
  20
197.55128
  0
VERTEX
  5
289
  8
Layer_0
  10
135.82384
  20
197.72759
  0
VERTEX
  5
28a
  8
Layer_0
  10
135.88724
  20
197.95213
  0
VERTEX
  5
28b
  8
Layer_0
  10
136.04916
  20
198.53633
  0
VERTEX
  5
28c
  8
Layer_0
  10
136.18887
  20
198.54585
  0
VERTEX
  5
28d
  8
Layer_0
  10
136.32857
  20
198.55537
  0
VERTEX
  5
28e
  8
Layer_0
  10
136.48415
  20
197.98387
  0
VERTEX
  5
28f
  8
Layer_0
  10
136.54685
  20
197.76312
  0
VERTEX
  5
290
  8
Layer_0
  10
136.60241
  20
197.58462
  0
VERTEX
  5
291
  8
Layer_0
  10
136.64488
  20
197.46685
  0
VERTEX
  5
292
  8
Layer_0
  10
136.66829
  20
197.42825
  42
0.2361694
  0
VERTEX
  5
293
  8
Layer_0
  10
136.6937
  20
197.49176
  0
VERTEX
  5
294
  8
Layer_0
  10
136.70426
  20
197.54994
  0
VERTEX
  5
295
  8
Layer_0
  10
136.73298
  20
197.67392
  0
VERTEX
  5
296
  8
Layer_0
  10
136.7754
  20
197.84492
  0
VERTEX
  5
297
  8
Layer_0
  10
136.82704
  20
198.0442
  0
VERTEX
  5
298
  8
Layer_0
  10
136.95721
  20
198.5522
  0
VERTEX
  5
299
  8
Layer_0
  10
137.11279
  20
198.5522
  0
VERTEX
  5
29a
  8
Layer_0
  10
137.21995
  20
198.54784
  0
VERTEX
  5
29b
  8
Layer_0
  10
137.2652
  20
198.53633
  0
VERTEX
  5
29c
  8
Layer_0
  10
137.25066
  20
198.4764
  0
VERTEX
  5
29d
  8
Layer_0
  10
137.21082
  20
198.32598
  0
VERTEX
  5
29e
  8
Layer_0
  10
137.15134
  20
198.1077
  0
VERTEX
  5
29f
  8
Layer_0
  10
137.07787
  20
197.84418
  42
0.0015389226
  0
VERTEX
  5
2a0
  8
Layer_0
  10
136.87149
  20
197.08218
  0
VERTEX
  5
2a1
  8
Layer_0
  10
136.85631
  20
197.03227
  0
VERTEX
  5
2a2
  8
Layer_0
  10
136.82863
  20
197.00677
  0
VERTEX
  5
2a3
  8
Layer_0
  10
136.77238
  20
196.99913
  0
VERTEX
  5
2a4
  8
Layer_0
  10
136.67146
  20
197.0028
  0
VERTEX
  5
2a5
  8
Layer_0
  10
136.49367
  20
197.01233
  0
VERTEX
  5
2a6
  8
Layer_0
  10
136.34763
  20
197.52667
  0
VERTEX
  5
2a7
  8
Layer_0
  10
136.29018
  20
197.72516
  0
VERTEX
  5
2a8
  8
Layer_0
  10
136.24047
  20
197.88585
  0
VERTEX
  5
2a9
  8
Layer_0
  10
136.20386
  20
197.99236
  0
VERTEX
  5
2aa
  8
Layer_0
  10
136.1857
  20
198.02833
  0
VERTEX
  5
2ab
  8
Layer_0
  10
136.16759
  20
197.98358
  0
VERTEX
  5
2ac
  8
Layer_0
  10
136.13132
  20
197.87037
  0
VERTEX
  5
2ad
  8
Layer_0
  10
136.08256
  20
197.70597
  0
VERTEX
  5
2ae
  8
Layer_0
  10
136.02695
  20
197.50763
  0
VERTEX
  5
2af
  8
Layer_0
  10
135.88724
  20
196.99646
  0
VERTEX
  5
2b0
  8
Layer_0
  10
135.70627
  20
196.99646
  0
VERTEX
  5
2b1
  8
Layer_0
  10
135.52847
  20
196.99646
  0
VERTEX
  5
2b2
  8
Layer_0
  10
135.30621
  20
197.77432
  0
VERTEX
  5
2b3
  8
Layer_0
  10
135.08714
  20
198.55537
  0
SEQEND
  0
POLYLINE
  5
2b5
  8
Layer_0
  62
7
  70
1
  66
1
  10
0
  20
0
  30
0
  0
VERTEX
  5
2b5
  8
Layer_0
  10
137.48744
  20
197.77432
  0
VERTEX
  5
2b6
  8
Layer_0
  10
137.48744
  20
196.99646
  0
VERTEX
  5
2b7
  8
Layer_0
  10
137.66206
  20
196.99646
  0
VERTEX
  5
2b8
  8
Layer_0
  10
137.8367
  20
196.99646
  0
VERTEX
  5
2b9
  8
Layer_0
  10
137.8367
  20
197.77432
  0
VERTEX
  5
2ba
  8
Layer_0
  10
137.8367
  20
198.5522
  0
VERTEX
  5
2bb
  8
Layer_0
  10
137.66206
  20
198.5522
  0
VERTEX
  5
2bc
  8
Layer_0
  10
137.48744
  20
198.5522
  0
SEQEND
  0
POLYLINE
  5
2be
  8
Layer_0
  62
7
  70
1
  66
1
  10
0
  20
0
  30
0
  0
VERTEX
  5
2be
  8
Layer_0
  10
143.04369
  20
197.1171
  0
VERTEX
  5
2bf
  8
Layer_0
  10
143.04369
  20
196.99646
  0
VERTEX
  5
2c0
  8
Layer_0
  10
143.20244
  20
196.99646
  0
VERTEX
  5
2c1
  8
Layer_0
  10
143.36119
  20
196.99646
  0
VERTEX
  5
2c2
  8
Layer_0
  10
143.36119
  20
197.7775
  0
VERTEX
  5
2c3
  8
Layer_0
  10
143.36119
  20
198.55537
  0
VERTEX
  5
2c4
  8
Layer_0
  10
143.19609
  20
198.54585
  0
VERTEX
  5
2c5
  8
Layer_0
  10
143.1068
  20
198.53791
  0
VERTEX
  5
2c6
  8
Layer_0
  10
143.0556
  20
198.52521
  0
VERTEX
  5
2c7
  8
Layer_0
  10
143.03179
  20
198.50299
  0
VERTEX
  5
2c8
  8
Layer_0
  10
143.02464
  20
198.46648
  42
0.016176525
  0
VERTEX
  5
2c9
  8
Layer_0
  10
143.01512
  20
197.91721
  0
VERTEX
  5
2ca
  8
Layer_0
  10
143.0139
  20
197.7598
  0
VERTEX
  5
2cb
  8
Layer_0
  10
143.0119
  20
197.64028
  0
VERTEX
  5
2cc
  8
Layer_0
  10
143.00803
  20
197.55187
  0
VERTEX
  5
2cd
  8
Layer_0
  10
143.00123
  20
197.48778
  0
VERTEX
  5
2ce
  8
Layer_0
  10
142.97449
  20
197.40553
  0
VERTEX
  5
2cf
  8
Layer_0
  10
142.92305
  20
197.33935
  42
-0.20891901
  0
VERTEX
  5
2d0
  8
Layer_0
  10
142.68175
  20
197.24092
  42
-0.20676991
  0
VERTEX
  5
2d1
  8
Layer_0
  10
142.46266
  20
197.31078
  0
VERTEX
  5
2d2
  8
Layer_0
  10
142.42362
  20
197.36207
  0
VERTEX
  5
2d3
  8
Layer_0
  10
142.40274
  20
197.45207
  0
VERTEX
  5
2d4
  8
Layer_0
  10
142.39734
  20
197.5285
  0
VERTEX
  5
2d5
  8
Layer_0
  10
142.39436
  20
197.63493
  0
VERTEX
  5
2d6
  8
Layer_0
  10
142.39309
  20
197.77811
  0
VERTEX
  5
2d7
  8
Layer_0
  10
142.39282
  20
197.96483
  0
VERTEX
  5
2d8
  8
Layer_0
  10
142.39282
  20
198.5522
  0
VERTEX
  5
2d9
  8
Layer_0
  10
142.22455
  20
198.5522
  0
VERTEX
  5
2da
  8
Layer_0
  10
142.0531
  20
198.5522
  0
VERTEX
  5
2db
  8
Layer_0
  10
142.0658
  20
197.92673
  0
VERTEX
  5
2dc
  8
Layer_0
  10
142.06944
  20
197.74572
  0
VERTEX
  5
2dd
  8
Layer_0
  10
142.07353
  20
197.5996
  0
VERTEX
  5
2de
  8
Layer_0
  10
142.07852
  20
197.4837
  0
VERTEX
  5
2df
  8
Layer_0
  10
142.08484
  20
197.39333
  0
VERTEX
  5
2e0
  8
Layer_0
  10
142.10329
  20
197.2704
  0
VERTEX
  5
2e1
  8
Layer_0
  10
142.13246
  20
197.1933
  0
VERTEX
  5
2e2
  8
Layer_0
  10
142.20613
  20
197.09329
  0
VERTEX
  5
2e3
  8
Layer_0
  10
142.30272
  20
197.02185
  0
VERTEX
  5
2e4
  8
Layer_0
  10
142.42134
  20
196.97899
  0
VERTEX
  5
2e5
  8
Layer_0
  10
142.5611
  20
196.9647
  42
0.23285804
  0
VERTEX
  5
2e6
  8
Layer_0
  10
142.97702
  20
197.14568
  0
VERTEX
  5
2e7
  8
Layer_0
  10
143.04051
  20
197.23457
  0
SEQEND
  0
POLYLINE
  5
2e9
  8
Layer_0
  62
7
  70
1
  66
1
  10
0
  20
0
  30
0
  0
VERTEX
  5
2e9
  8
Layer_0
  10
123.95255
  20
200.59536
  0
VERTEX
  5
2ea
  8
Layer_0
  10
124.16607
  20
200.59538
  0
VERTEX
  5
2eb
  8
Layer_0
  10
124.35235
  20
200.59526
  0
VERTEX
  5
2ec
  8
Layer_0
  10
124.51335
  20
200.59481
  0
VERTEX
  5
2ed
  8
Layer_0
  10
124.65105
  20
200.59378
  0
VERTEX
  5
2ee
  8
Layer_0
  10
124.86442
  20
200.58911
  0
VERTEX
  5
2ef
  8
Layer_0
  10
125.00824
  20
200.57949
  0
VERTEX
  5
2f0
  8
Layer_0
  10
125.15032
  20
200.53821
  0
VERTEX
  5
2f1
  8
Layer_0
  10
125.20351
  20
200.45566
  42
-0.33404229
  0
VERTEX
  5
2f2
  8
Layer_0
  10
125.13788
  20
200.17415
  0
VERTEX
  5
2f3
  8
Layer_0
  10
125.0638
  20
200.10854
  0
VERTEX
  5
2f4
  8
Layer_0
  10
123.96313
  20
200.10854
  0
VERTEX
  5
2f5
  8
Layer_0
  10
122.86035
  20
200.10854
  0
VERTEX
  5
2f6
  8
Layer_0
  10
122.78839
  20
200.1805
  42
-0.19891641
  0
VERTEX
  5
2f7
  8
Layer_0
  10
122.71642
  20
200.35194
  42
-0.19891641
  0
VERTEX
  5
2f8
  8
Layer_0
  10
122.78839
  20
200.52339
  0
VERTEX
  5
2f9
  8
Layer_0
  10
122.86035
  20
200.59537
  0
VERTEX
  5
2fa
  8
Layer_0
  10
123.95255
  20
200.59537
  0
SEQEND
  0
POLYLINE
  5
2fc
  8
Layer_0
  62
7
  70
1
  66
1
  10
0
  20
0
  30
0
  0
VERTEX
  5
2fc
  8
Layer_0
  10
121.28131
  20
198.66073
  0
VERTEX
  5
2fd
  8
Layer_0
  10
121.2789
  20
198.78883
  0
VERTEX
  5
2fe
  8
Layer_0
  10
121.27351
  20
198.88424
  0
VERTEX
  5
2ff
  8
Layer_0
  10
121.26078
  20
198.95176
  0
VERTEX
  5
300
  8
Layer_0
  10
121.23634
  20
198.99622
  0
VERTEX
  5
301
  8
Layer_0
  10
121.19582
  20
199.02242
  0
VERTEX
  5
302
  8
Layer_0
  10
121.13487
  20
199.03518
  0
VERTEX
  5
303
  8
Layer_0
  10
121.04911
  20
199.03931
  0
VERTEX
  5
304
  8
Layer_0
  10
120.93419
  20
199.03961
  0
VERTEX
  5
305
  8
Layer_0
  10
120.79178
  20
199.03852
  0
VERTEX
  5
306
  8
Layer_0
  10
120.71088
  20
199.03247
  0
VERTEX
  5
307
  8
Layer_0
  10
120.66808
  20
199.01729
  0
VERTEX
  5
308
  8
Layer_0
  10
120.63997
  20
198.98881
  0
VERTEX
  5
309
  8
Layer_0
  10
120.6273
  20
198.96902
  0
VERTEX
  5
30a
  8
Layer_0
  10
120.61761
  20
198.93639
  0
VERTEX
  5
30b
  8
Layer_0
  10
120.6105
  20
198.87872
  0
VERTEX
  5
30c
  8
Layer_0
  10
120.60557
  20
198.78376
  0
VERTEX
  5
30d
  8
Layer_0
  10
120.60243
  20
198.63929
  0
VERTEX
  5
30e
  8
Layer_0
  10
120.60067
  20
198.43309
  0
VERTEX
  5
30f
  8
Layer_0
  10
120.59991
  20
198.15292
  0
VERTEX
  5
310
  8
Layer_0
  10
120.59975
  20
197.78655
  0
VERTEX
  5
311
  8
Layer_0
  10
120.60002
  20
197.38399
  0
VERTEX
  5
312
  8
Layer_0
  10
120.60153
  20
197.07829
  0
VERTEX
  5
313
  8
Layer_0
  10
120.60533
  20
196.85559
  0
VERTEX
  5
314
  8
Layer_0
  10
120.61245
  20
196.70202
  0
VERTEX
  5
315
  8
Layer_0
  10
120.62394
  20
196.60371
  0
VERTEX
  5
316
  8
Layer_0
  10
120.64083
  20
196.54681
  0
VERTEX
  5
317
  8
Layer_0
  10
120.66417
  20
196.51744
  0
VERTEX
  5
318
  8
Layer_0
  10
120.69501
  20
196.50173
  0
VERTEX
  5
319
  8
Layer_0
  10
120.79051
  20
196.493
  0
VERTEX
  5
31a
  8
Layer_0
  10
120.97017
  20
196.48903
  0
VERTEX
  5
31b
  8
Layer_0
  10
121.07512
  20
196.48919
  0
VERTEX
  5
31c
  8
Layer_0
  10
121.15296
  20
196.4935
  0
VERTEX
  5
31d
  8
Layer_0
  10
121.20773
  20
196.50767
  0
VERTEX
  5
31e
  8
Layer_0
  10
121.24348
  20
196.53745
  0
VERTEX
  5
31f
  8
Layer_0
  10
121.26425
  20
196.58856
  0
VERTEX
  5
320
  8
Layer_0
  10
121.27407
  20
196.66673
  0
VERTEX
  5
321
  8
Layer_0
  10
121.27701
  20
196.77769
  0
VERTEX
  5
322
  8
Layer_0
  10
121.27708
  20
196.92718
  0
VERTEX
  5
323
  8
Layer_0
  10
121.27708
  20
197.2722
  0
VERTEX
  5
324
  8
Layer_0
  10
121.33
  20
197.30606
  42
-0.17867304
  0
VERTEX
  5
325
  8
Layer_0
  10
121.46123
  20
197.32935
  0
VERTEX
  5
326
  8
Layer_0
  10
121.53985
  20
197.30725
  0
VERTEX
  5
327
  8
Layer_0
  10
121.58374
  20
197.25421
  0
VERTEX
  5
328
  8
Layer_0
  10
121.60501
  20
197.13766
  0
VERTEX
  5
329
  8
Layer_0
  10
121.61575
  20
196.92506
  0
VERTEX
  5
32a
  8
Layer_0
  10
121.62223
  20
196.77901
  0
VERTEX
  5
32b
  8
Layer_0
  10
121.63381
  20
196.66789
  0
VERTEX
  5
32c
  8
Layer_0
  10
121.65542
  20
196.58693
  0
VERTEX
  5
32d
  8
Layer_0
  10
121.69195
  20
196.53136
  0
VERTEX
  5
32e
  8
Layer_0
  10
121.74833
  20
196.49644
  0
VERTEX
  5
32f
  8
Layer_0
  10
121.82947
  20
196.47739
  0
VERTEX
  5
330
  8
Layer_0
  10
121.94027
  20
196.46945
  0
VERTEX
  5
331
  8
Layer_0
  10
122.08565
  20
196.46786
  0
VERTEX
  5
332
  8
Layer_0
  10
122.31213
  20
196.46786
  0
VERTEX
  5
333
  8
Layer_0
  10
122.42432
  20
196.36838
  42
-0.014969196
  0
VERTEX
  5
334
  8
Layer_0
  10
122.67621
  20
196.13554
  42
0.041462073
  0
VERTEX
  5
335
  8
Layer_0
  10
122.8667
  20
195.9641
  0
VERTEX
  5
336
  8
Layer_0
  10
122.89042
  20
195.95281
  0
VERTEX
  5
337
  8
Layer_0
  10
122.93543
  20
195.94409
  0
VERTEX
  5
338
  8
Layer_0
  10
123.01486
  20
195.93749
  0
VERTEX
  5
339
  8
Layer_0
  10
123.14187
  20
195.93261
  0
VERTEX
  5
33a
  8
Layer_0
  10
123.3296
  20
195.92902
  0
VERTEX
  5
33b
  8
Layer_0
  10
123.59119
  20
195.92629
  0
VERTEX
  5
33c
  8
Layer_0
  10
123.7538
  20
195.92513
  0
VERTEX
  5
33d
  8
Layer_0
  10
123.93981
  20
195.92402
  0
VERTEX
  5
33e
  8
Layer_0
  10
124.15085
  20
195.92291
  0
VERTEX
  5
33f
  8
Layer_0
  10
124.38858
  20
195.92176
  0
VERTEX
  5
340
  8
Layer_0
  10
124.73193
  20
195.92058
  0
VERTEX
  5
341
  8
Layer_0
  10
125.03308
  20
195.92021
  0
VERTEX
  5
342
  8
Layer_0
  10
125.29171
  20
195.92068
  0
VERTEX
  5
343
  8
Layer_0
  10
125.50751
  20
195.92203
  0
VERTEX
  5
344
  8
Layer_0
  10
125.68015
  20
195.92426
  0
VERTEX
  5
345
  8
Layer_0
  10
125.8093
  20
195.92742
  0
VERTEX
  5
346
  8
Layer_0
  10
125.89465
  20
195.93152
  0
VERTEX
  5
347
  8
Layer_0
  10
125.93587
  20
195.93658
  42
0.1292262
  0
VERTEX
  5
348
  8
Layer_0
  10
126.06287
  20
196.01489
  0
VERTEX
  5
349
  8
Layer_0
  10
126.09151
  20
196.05356
  0
VERTEX
  5
34a
  8
Layer_0
  10
126.10785
  20
196.11464
  0
VERTEX
  5
34b
  8
Layer_0
  10
126.11704
  20
196.23486
  0
VERTEX
  5
34c
  8
Layer_0
  10
126.12425
  20
196.45093
  0
VERTEX
  5
34d
  8
Layer_0
  10
126.12848
  20
196.60233
  0
VERTEX
  5
34e
  8
Layer_0
  10
126.13424
  20
196.71439
  0
VERTEX
  5
34f
  8
Layer_0
  10
126.14546
  20
196.79301
  0
VERTEX
  5
350
  8
Layer_0
  10
126.16605
  20
196.8441
  0
VERTEX
  5
351
  8
Layer_0
  10
126.25105
  20
196.88729
  0
VERTEX
  5
352
  8
Layer_0
  10
126.42058
  20
196.8912
  0
VERTEX
  5
353
  8
Layer_0
  10
126.59279
  20
196.8863
  0
VERTEX
  5
354
  8
Layer_0
  10
126.68067
  20
196.84886
  0
VERTEX
  5
355
  8
Layer_0
  10
126.70185
  20
196.80727
  0
VERTEX
  5
356
  8
Layer_0
  10
126.71259
  20
196.74475
  0
VERTEX
  5
357
  8
Layer_0
  10
126.71643
  20
196.65702
  0
VERTEX
  5
358
  8
Layer_0
  10
126.71692
  20
196.53983
  0
VERTEX
  5
359
  8
Layer_0
  10
126.71725
  20
196.41583
  0
VERTEX
  5
35a
  8
Layer_0
  10
126.72112
  20
196.32333
  0
VERTEX
  5
35b
  8
Layer_0
  10
126.73288
  20
196.25773
  0
VERTEX
  5
35c
  8
Layer_0
  10
126.75687
  20
196.21439
  0
VERTEX
  5
35d
  8
Layer_0
  10
126.79743
  20
196.18872
  0
VERTEX
  5
35e
  8
Layer_0
  10
126.8589
  20
196.17609
  0
VERTEX
  5
35f
  8
Layer_0
  10
126.94562
  20
196.1719
  0
VERTEX
  5
360
  8
Layer_0
  10
127.06194
  20
196.17153
  0
VERTEX
  5
361
  8
Layer_0
  10
127.19681
  20
196.17308
  0
VERTEX
  5
362
  8
Layer_0
  10
127.28524
  20
196.1792
  0
VERTEX
  5
363
  8
Layer_0
  10
127.34352
  20
196.19207
  0
VERTEX
  5
364
  8
Layer_0
  10
127.38791
  20
196.21386
  0
VERTEX
  5
365
  8
Layer_0
  10
127.46857
  20
196.27346
  0
VERTEX
  5
366
  8
Layer_0
  10
127.51252
  20
196.36203
  0
VERTEX
  5
367
  8
Layer_0
  10
127.52463
  20
196.43293
  0
VERTEX
  5
368
  8
Layer_0
  10
127.53226
  20
196.52997
  0
VERTEX
  5
369
  8
Layer_0
  10
127.53696
  20
196.65946
  0
VERTEX
  5
36a
  8
Layer_0
  10
127.5403
  20
196.8277
  0
VERTEX
  5
36b
  8
Layer_0
  10
127.53931
  20
197.04115
  0
VERTEX
  5
36c
  8
Layer_0
  10
127.53239
  20
197.30739
  0
VERTEX
  5
36d
  8
Layer_0
  10
127.52077
  20
197.60339
  0
VERTEX
  5
36e
  8
Layer_0
  10
127.50564
  20
197.90614
  0
VERTEX
  5
36f
  8
Layer_0
  10
127.48823
  20
198.19262
  0
VERTEX
  5
370
  8
Layer_0
  10
127.46976
  20
198.4398
  0
VERTEX
  5
371
  8
Layer_0
  10
127.45143
  20
198.62468
  0
VERTEX
  5
372
  8
Layer_0
  10
127.43446
  20
198.72423
  42
0.1255776
  0
VERTEX
  5
373
  8
Layer_0
  10
127.35191
  20
198.84912
  0
VERTEX
  5
374
  8
Layer_0
  10
127.27148
  20
198.90071
  0
VERTEX
  5
375
  8
Layer_0
  10
127.1212
  20
198.91896
  42
0.063328743
  0
VERTEX
  5
376
  8
Layer_0
  10
126.87779
  20
198.91473
  0
VERTEX
  5
377
  8
Layer_0
  10
126.80327
  20
198.89287
  0
VERTEX
  5
378
  8
Layer_0
  10
126.7611
  20
198.85097
  0
VERTEX
  5
379
  8
Layer_0
  10
126.74235
  20
198.77215
  0
VERTEX
  5
37a
  8
Layer_0
  10
126.73808
  20
198.63956
  0
VERTEX
  5
37b
  8
Layer_0
  10
126.73286
  20
198.48448
  0
VERTEX
  5
37c
  8
Layer_0
  10
126.69469
  20
198.40541
  0
VERTEX
  5
37d
  8
Layer_0
  10
126.65271
  20
198.38637
  0
VERTEX
  5
37e
  8
Layer_0
  10
126.58985
  20
198.37673
  0
VERTEX
  5
37f
  8
Layer_0
  10
126.50188
  20
198.3733
  0
VERTEX
  5
380
  8
Layer_0
  10
126.3846
  20
198.37286
  0
VERTEX
  5
381
  8
Layer_0
  10
126.26646
  20
198.37296
  0
VERTEX
  5
382
  8
Layer_0
  10
126.17885
  20
198.37644
  0
VERTEX
  5
383
  8
Layer_0
  10
126.11719
  20
198.38804
  0
VERTEX
  5
384
  8
Layer_0
  10
126.07689
  20
198.41255
  0
VERTEX
  5
385
  8
Layer_0
  10
126.05335
  20
198.45472
  0
VERTEX
  5
386
  8
Layer_0
  10
126.042
  20
198.51931
  0
VERTEX
  5
387
  8
Layer_0
  10
126.03824
  20
198.61109
  0
VERTEX
  5
388
  8
Layer_0
  10
126.03748
  20
198.73481
  0
VERTEX
  5
389
  8
Layer_0
  10
126.03522
  20
198.89146
  0
VERTEX
  5
38a
  8
Layer_0
  10
126.0258
  20
199.0121
  0
VERTEX
  5
38b
  8
Layer_0
  10
126.00521
  20
199.10138
  0
VERTEX
  5
38c
  8
Layer_0
  10
125.96947
  20
199.16397
  0
VERTEX
  5
38d
  8
Layer_0
  10
125.91458
  20
199.20453
  0
VERTEX
  5
38e
  8
Layer_0
  10
125.83655
  20
199.22773
  0
VERTEX
  5
38f
  8
Layer_0
  10
125.73138
  20
199.23823
  0
VERTEX
  5
390
  8
Layer_0
  10
125.59508
  20
199.2407
  0
VERTEX
  5
391
  8
Layer_0
  10
125.47866
  20
199.24238
  0
VERTEX
  5
392
  8
Layer_0
  10
125.39559
  20
199.24784
  0
VERTEX
  5
393
  8
Layer_0
  10
125.34029
  20
199.25766
  0
VERTEX
  5
394
  8
Layer_0
  10
125.30722
  20
199.27245
  0
VERTEX
  5
395
  8
Layer_0
  10
125.24927
  20
199.33753
  0
VERTEX
  5
396
  8
Layer_0
  10
125.17387
  20
199.45025
  42
0.098941129
  0
VERTEX
  5
397
  8
Layer_0
  10
125.04051
  20
199.63228
  0
VERTEX
  5
398
  8
Layer_0
  10
124.97993
  20
199.64885
  0
VERTEX
  5
399
  8
Layer_0
  10
124.82091
  20
199.65847
  0
VERTEX
  5
39a
  8
Layer_0
  10
124.6854
  20
199.66124
  0
VERTEX
  5
39b
  8
Layer_0
  10
124.50236
  20
199.66294
  0
VERTEX
  5
39c
  8
Layer_0
  10
124.26415
  20
199.66379
  0
VERTEX
  5
39d
  8
Layer_0
  10
123.96313
  20
199.66403
  0
VERTEX
  5
39e
  8
Layer_0
  10
123.63251
  20
199.66386
  0
VERTEX
  5
39f
  8
Layer_0
  10
123.38065
  20
199.66307
  0
VERTEX
  5
3a0
  8
Layer_0
  10
123.19607
  20
199.66124
  0
VERTEX
  5
3a1
  8
Layer_0
  10
123.06725
  20
199.65794
  0
VERTEX
  5
3a2
  8
Layer_0
  10
122.93086
  20
199.64528
  0
VERTEX
  5
3a3
  8
Layer_0
  10
122.87939
  20
199.6217
  0
VERTEX
  5
3a4
  8
Layer_0
  10
122.79367
  20
199.51983
  0
VERTEX
  5
3a5
  8
Layer_0
  10
122.6635
  20
199.33383
  0
VERTEX
  5
3a6
  8
Layer_0
  10
122.59137
  20
199.23087
  0
VERTEX
  5
3a7
  8
Layer_0
  10
122.52936
  20
199.14994
  0
VERTEX
  5
3a8
  8
Layer_0
  10
122.48044
  20
199.09481
  0
VERTEX
  5
3a9
  8
Layer_0
  10
122.4476
  20
199.06925
  42
-0.09207206
  0
VERTEX
  5
3aa
  8
Layer_0
  10
122.26981
  20
199.0502
  42
0.11645666
  0
VERTEX
  5
3ab
  8
Layer_0
  10
122.08142
  20
199.01845
  0
VERTEX
  5
3ac
  8
Layer_0
  10
122.01921
  20
198.96894
  0
VERTEX
  5
3ad
  8
Layer_0
  10
121.92981
  20
198.87001
  0
VERTEX
  5
3ae
  8
Layer_0
  10
121.81144
  20
198.7199
  0
VERTEX
  5
3af
  8
Layer_0
  10
121.66232
  20
198.5168
  0
VERTEX
  5
3b0
  8
Layer_0
  10
121.5678
  20
198.39608
  0
VERTEX
  5
3b1
  8
Layer_0
  10
121.49193
  20
198.33053
  0
VERTEX
  5
3b2
  8
Layer_0
  10
121.42241
  20
198.3126
  0
VERTEX
  5
3b3
  8
Layer_0
  10
121.34694
  20
198.33476
  0
VERTEX
  5
3b4
  8
Layer_0
  10
121.28767
  20
198.36227
  0
VERTEX
  5
3b5
  8
Layer_0
  10
121.28131
  20
198.66074
  0
SEQEND
  0
POLYLINE
  5
3b7
  8
Layer_0
  62
7
  70
1
  66
1
  10
0
  20
0
  30
0
  0
VERTEX
  5
3b7
  8
Layer_0
  10
123.29214
  20
196.4467
  0
VERTEX
  5
3b8
  8
Layer_0
  10
123.27025
  20
196.47134
  0
VERTEX
  5
3b9
  8
Layer_0
  10
123.29321
  20
196.56126
  0
VERTEX
  5
3ba
  8
Layer_0
  10
123.32435
  20
196.63821
  0
VERTEX
  5
3bb
  8
Layer_0
  10
123.37013
  20
196.74048
  0
VERTEX
  5
3bc
  8
Layer_0
  10
123.43169
  20
196.87108
  0
VERTEX
  5
3bd
  8
Layer_0
  10
123.51016
  20
197.03301
  0
VERTEX
  5
3be
  8
Layer_0
  10
123.60446
  20
197.23013
  0
VERTEX
  5
3bf
  8
Layer_0
  10
123.68188
  20
197.39708
  0
VERTEX
  5
3c0
  8
Layer_0
  10
123.7343
  20
197.51641
  0
VERTEX
  5
3c1
  8
Layer_0
  10
123.75359
  20
197.57065
  0
VERTEX
  5
3c2
  8
Layer_0
  10
123.73755
  20
197.61212
  0
VERTEX
  5
3c3
  8
Layer_0
  10
123.67924
  20
197.63732
  0
VERTEX
  5
3c4
  8
Layer_0
  10
123.56338
  20
197.64982
  0
VERTEX
  5
3c5
  8
Layer_0
  10
123.37469
  20
197.6532
  0
VERTEX
  5
3c6
  8
Layer_0
  10
123.23341
  20
197.65452
  0
VERTEX
  5
3c7
  8
Layer_0
  10
123.14133
  20
197.65902
  0
VERTEX
  5
3c8
  8
Layer_0
  10
123.09133
  20
197.66748
  0
VERTEX
  5
3c9
  8
Layer_0
  10
123.07625
  20
197.68071
  0
VERTEX
  5
3ca
  8
Layer_0
  10
123.82397
  20
198.44245
  0
VERTEX
  5
3cb
  8
Layer_0
  10
124.6066
  20
199.1772
  42
-0.41421356
  0
VERTEX
  5
3cc
  8
Layer_0
  10
124.64258
  20
199.14757
  0
VERTEX
  5
3cd
  8
Layer_0
  10
124.62584
  20
199.10053
  0
VERTEX
  5
3ce
  8
Layer_0
  10
124.58014
  20
198.99516
  0
VERTEX
  5
3cf
  8
Layer_0
  10
124.51221
  20
198.84693
  0
VERTEX
  5
3d0
  8
Layer_0
  10
124.4288
  20
198.67131
  0
VERTEX
  5
3d1
  8
Layer_0
  10
124.34433
  20
198.48829
  0
VERTEX
  5
3d2
  8
Layer_0
  10
124.27852
  20
198.33741
  0
VERTEX
  5
3d3
  8
Layer_0
  10
124.23651
  20
198.23019
  0
VERTEX
  5
3d4
  8
Layer_0
  10
124.22348
  20
198.17813
  0
VERTEX
  5
3d5
  8
Layer_0
  10
124.23386
  20
198.15058
  0
VERTEX
  5
3d6
  8
Layer_0
  10
124.27481
  20
198.13394
  0
VERTEX
  5
3d7
  8
Layer_0
  10
124.37529
  20
198.12247
  0
VERTEX
  5
3d8
  8
Layer_0
  10
124.56427
  20
198.1104
  0
VERTEX
  5
3d9
  8
Layer_0
  10
124.73675
  20
198.09915
  0
VERTEX
  5
3da
  8
Layer_0
  10
124.83759
  20
198.0887
  0
VERTEX
  5
3db
  8
Layer_0
  10
124.88485
  20
198.07587
  0
VERTEX
  5
3dc
  8
Layer_0
  10
124.89659
  20
198.05748
  0
VERTEX
  5
3dd
  8
Layer_0
  10
124.10866
  20
197.23701
  0
SEQEND
  0
POLYLINE
  5
3df
  8
Layer_0
  62
7
  70
1
  66
1
  10
0
  20
0
  30
0
  0
VERTEX
  5
3df
  8
Layer_0
  10
121.50417
  20
190.08893
  42
0.25043775
  0
VERTEX
  5
3e0
  8
Layer_0
  10
120.65326
  20
187.09015
  0
VERTEX
  5
3e1
  8
Layer_0
  10
120.69322
  20
186.93283
  0
VERTEX
  5
3e2
  8
Layer_0
  10
120.74315
  20
186.7651
  0
VERTEX
  5
3e3
  8
Layer_0
  10
120.791
  20
186.62535
  0
VERTEX
  5
3e4
  8
Layer_0
  10
120.82471
  20
186.55198
  0
VERTEX
  5
3e5
  8
Layer_0
  10
120.94119
  20
186.59008
  0
VERTEX
  5
3e6
  8
Layer_0
  10
121.05173
  20
186.64723
  42
0.082564504
  0
VERTEX
  5
3e7
  8
Layer_0
  10
121.01363
  20
186.76788
  42
-0.16807858
  0
VERTEX
  5
3e8
  8
Layer_0
  10
120.99615
  20
188.79671
  42
-0.089221482
  0
VERTEX
  5
3e9
  8
Layer_0
  10
121.50417
  20
189.70952
  42
-0.057251793
  0
VERTEX
  5
3ea
  8
Layer_0
  10
121.99629
  20
190.1953
  42
-0.12287434
  0
VERTEX
  5
3eb
  8
Layer_0
  10
123.38535
  20
190.80647
  42
-0.088670522
  0
VERTEX
  5
3ec
  8
Layer_0
  10
124.37753
  20
190.80647
  42
-0.2059466
  0
VERTEX
  5
3ed
  8
Layer_0
  10
126.4397
  20
189.45235
  42
-0.13749947
  0
VERTEX
  5
3ee
  8
Layer_0
  10
126.92072
  20
187.89183
  42
-0.093878433
  0
VERTEX
  5
3ef
  8
Layer_0
  10
126.7572
  20
186.79962
  42
-0.0054683212
  0
VERTEX
  5
3f0
  8
Layer_0
  10
126.70799
  20
186.66151
  0
VERTEX
  5
3f1
  8
Layer_0
  10
126.72684
  20
186.63215
  0
VERTEX
  5
3f2
  8
Layer_0
  10
126.80641
  20
186.59325
  42
0.09902789
  0
VERTEX
  5
3f3
  8
Layer_0
  10
126.92389
  20
186.55038
  0
VERTEX
  5
3f4
  8
Layer_0
  10
126.94869
  20
186.59107
  0
VERTEX
  5
3f5
  8
Layer_0
  10
126.98897
  20
186.69009
  42
0.17836216
  0
VERTEX
  5
3f6
  8
Layer_0
  10
126.98103
  20
188.93958
  42
0.10876507
  0
VERTEX
  5
3f7
  8
Layer_0
  10
126.20792
  20
190.13814
  42
0.16163924
  0
VERTEX
  5
3f8
  8
Layer_0
  10
124.34578
  20
191.06683
  42
0.057088409
  0
VERTEX
  5
3f9
  8
Layer_0
  10
123.65523
  20
191.09698
  42
0.077612513
  0
VERTEX
  5
3fa
  8
Layer_0
  10
122.58525
  20
190.83505
  42
0.10097105
  0
SEQEND
  0
POLYLINE
  5
3fc
  8
Layer_0
  62
7
  70
1
  66
1
  10
0
  20
0
  30
0
  0
VERTEX
  5
3fc
  8
Layer_0
  10
123.78223
  20
190.43976
  0
VERTEX
  5
3fd
  8
Layer_0
  10
123.78223
  20
190.20164
  0
VERTEX
  5
3fe
  8
Layer_0
  10
123.87747
  20
190.20164
  0
VERTEX
  5
3ff
  8
Layer_0
  10
123.97272
  20
190.20164
  0
VERTEX
  5
400
  8
Layer_0
  10
123.97272
  20
190.43976
  0
VERTEX
  5
401
  8
Layer_0
  10
123.97272
  20
190.67789
  0
VERTEX
  5
402
  8
Layer_0
  10
123.87747
  20
190.67789
  0
VERTEX
  5
403
  8
Layer_0
  10
123.78223
  20
190.67789
  0
SEQEND
  0
POLYLINE
  5
405
  8
Layer_0
  62
7
  70
1
  66
1
  10
0
  20
0
  30
0
  0
VERTEX
  5
405
  8
Layer_0
  10
122.83449
  20
190.07147
  0
VERTEX
  5
406
  8
Layer_0
  10
122.78644
  20
190.18351
  0
VERTEX
  5
407
  8
Layer_0
  10
122.7442
  20
190.28915
  0
VERTEX
  5
408
  8
Layer_0
  10
122.71416
  20
190.37128
  0
VERTEX
  5
409
  8
Layer_0
  10
122.70273
  20
190.41278
  0
VERTEX
  5
40a
  8
Layer_0
  10
122.72038
  20
190.43342
  0
VERTEX
  5
40b
  8
Layer_0
  10
122.76305
  20
190.45882
  0
VERTEX
  5
40c
  8
Layer_0
  10
122.83806
  20
190.48441
  0
VERTEX
  5
40d
  8
Layer_0
  10
122.87259
  20
190.46834
  0
VERTEX
  5
40e
  8
Layer_0
  10
122.96208
  20
190.26574
  0
VERTEX
  5
40f
  8
Layer_0
  10
123.0361
  20
190.0667
  0
VERTEX
  5
410
  8
Layer_0
  10
123.01229
  20
190.04289
  0
VERTEX
  5
411
  8
Layer_0
  10
122.95514
  20
190.01432
  0
VERTEX
  5
412
  8
Layer_0
  10
122.87576
  20
189.98097
  0
VERTEX
  5
413
  8
Layer_0
  10
122.83449
  20
190.07147
  0
SEQEND
  0
POLYLINE
  5
415
  8
Layer_0
  62
7
  70
1
  66
1
  10
0
  20
0
  30
0
  0
VERTEX
  5
415
  8
Layer_0
  10
124.88872
  20
190.00003
  0
VERTEX
  5
416
  8
Layer_0
  10
124.98376
  20
190.21315
  0
VERTEX
  5
417
  8
Layer_0
  10
125.0681
  20
190.41913
  0
VERTEX
  5
418
  8
Layer_0
  10
124.99507
  20
190.45624
  0
VERTEX
  5
419
  8
Layer_0
  10
124.90776
  20
190.48739
  0
VERTEX
  5
41a
  8
Layer_0
  10
124.88891
  20
190.46993
  0
VERTEX
  5
41b
  8
Layer_0
  10
124.86649
  20
190.42865
  42
-0.0084509992
  0
VERTEX
  5
41c
  8
Layer_0
  10
124.78076
  20
190.22545
  0
VERTEX
  5
41d
  8
Layer_0
  10
124.7373
  20
190.11969
  0
VERTEX
  5
41e
  8
Layer_0
  10
124.71884
  20
190.06512
  0
VERTEX
  5
41f
  8
Layer_0
  10
124.79901
  20
190.01471
  0
SEQEND
  0
POLYLINE
  5
421
  8
Layer_0
  62
7
  70
1
  66
1
  10
0
  20
0
  30
0
  0
VERTEX
  5
421
  8
Layer_0
  10
121.84389
  20
189.83969
  0
VERTEX
  5
422
  8
Layer_0
  10
121.77403
  20
189.7746
  0
VERTEX
  5
423
  8
Layer_0
  10
121.94389
  20
189.60315
  0
VERTEX
  5
424
  8
Layer_0
  10
122.11534
  20
189.4317
  0
VERTEX
  5
425
  8
Layer_0
  10
122.18202
  20
189.49997
  0
VERTEX
  5
426
  8
Layer_0
  10
122.25029
  20
189.56664
  0
VERTEX
  5
427
  8
Layer_0
  10
122.08043
  20
189.73491
  0
VERTEX
  5
428
  8
Layer_0
  10
121.91216
  20
189.90479
  0
SEQEND
  0
POLYLINE
  5
42a
  8
Layer_0
  62
7
  70
1
  66
1
  10
0
  20
0
  30
0
  0
VERTEX
  5
42a
  8
Layer_0
  10
125.56816
  20
189.50314
  0
VERTEX
  5
42b
  8
Layer_0
  10
125.61619
  20
189.45929
  0
VERTEX
  5
42c
  8
Layer_0
  10
125.64278
  20
189.44282
  0
VERTEX
  5
42d
  8
Layer_0
  10
125.81502
  20
189.60534
  0
VERTEX
  5
42e
  8
Layer_0
  10
125.97298
  20
189.77143
  0
VERTEX
  5
42f
  8
Layer_0
  10
125.95432
  20
189.79782
  0
VERTEX
  5
430
  8
Layer_0
  10
125.90947
  20
189.84445
  0
VERTEX
  5
431
  8
Layer_0
  10
125.84598
  20
189.90637
  0
VERTEX
  5
432
  8
Layer_0
  10
125.67612
  20
189.73651
  0
VERTEX
  5
433
  8
Layer_0
  10
125.50624
  20
189.56664
  0
VERTEX
  5
434
  8
Layer_0
  10
125.56816
  20
189.50314
  0
SEQEND
  0
POLYLINE
  5
436
  8
Layer_0
  62
7
  70
1
  66
1
  10
0
  20
0
  30
0
  0
VERTEX
  5
436
  8
Layer_0
  10
121.28667
  20
188.77289
  42
-0.010768674
  0
VERTEX
  5
437
  8
Layer_0
  10
121.42479
  20
188.71574
  0
VERTEX
  5
438
  8
Layer_0
  10
121.55278
  20
188.66355
  0
VERTEX
  5
439
  8
Layer_0
  10
121.61528
  20
188.64589
  0
VERTEX
  5
43a
  8
Layer_0
  10
121.65755
  20
188.708
  0
VERTEX
  5
43b
  8
Layer_0
  10
121.68672
  20
188.79988
  42
0.32284602
  0
VERTEX
  5
43c
  8
Layer_0
  10
121.64386
  20
188.83322
  42
-0.0070451306
  0
VERTEX
  5
43d
  8
Layer_0
  10
121.44383
  20
188.91418
  0
VERTEX
  5
43e
  8
Layer_0
  10
121.32695
  20
188.96041
  0
VERTEX
  5
43f
  8
Layer_0
  10
121.26604
  20
188.97927
  0
VERTEX
  5
440
  8
Layer_0
  10
121.24421
  20
188.96061
  0
VERTEX
  5
441
  8
Layer_0
  10
121.22
  20
188.91577
  42
0.097448862
  0
VERTEX
  5
442
  8
Layer_0
  10
121.1946
  20
188.83163
  0
VERTEX
  5
443
  8
Layer_0
  10
121.22158
  20
188.80583
  0
VERTEX
  5
444
  8
Layer_0
  10
121.28667
  20
188.77289
  0
SEQEND
  0
POLYLINE
  5
446
  8
Layer_0
  62
7
  70
1
  66
1
  10
0
  20
0
  30
0
  0
VERTEX
  5
446
  8
Layer_0
  10
126.53177
  20
188.79829
  0
VERTEX
  5
447
  8
Layer_0
  10
126.30476
  20
188.70324
  0
VERTEX
  5
448
  8
Layer_0
  10
126.13966
  20
188.65224
  0
VERTEX
  5
449
  8
Layer_0
  10
126.09223
  20
188.73043
  0
VERTEX
  5
44a
  8
Layer_0
  10
126.06981
  20
188.81099
  42
-0.015612457
  0
VERTEX
  5
44b
  8
Layer_0
  10
126.26666
  20
188.89671
  0
VERTEX
  5
44c
  8
Layer_0
  10
126.40973
  20
188.95287
  0
VERTEX
  5
44d
  8
Layer_0
  10
126.48732
  20
188.9745
  0
VERTEX
  5
44e
  8
Layer_0
  10
126.51669
  20
188.95347
  0
VERTEX
  5
44f
  8
Layer_0
  10
126.54607
  20
188.89672
  0
VERTEX
  5
450
  8
Layer_0
  10
126.57622
  20
188.82051
  0
VERTEX
  5
451
  8
Layer_0
  10
126.53177
  20
188.79829
  0
SEQEND
  0
POLYLINE
  5
453
  8
Layer_0
  62
7
  70
1
  66
1
  10
0
  20
0
  30
0
  0
VERTEX
  5
453
  8
Layer_0
  10
124.36642
  20
187.72514
  42
-0.24005187
  0
VERTEX
  5
454
  8
Layer_0
  10
124.08702
  20
187.35843
  42
-0.24259372
  0
VERTEX
  5
455
  8
Layer_0
  10
123.6711
  20
187.35843
  42
-0.15556608
  0
VERTEX
  5
456
  8
Layer_0
  10
123.43614
  20
187.59021
  42
-0.23056861
  0
VERTEX
  5
457
  8
Layer_0
  10
123.42979
  20
188.00455
  42
-0.45852098
  0
VERTEX
  5
458
  8
Layer_0
  10
124.15053
  20
188.2141
  0
VERTEX
  5
459
  8
Layer_0
  10
124.22672
  20
188.16647
  0
VERTEX
  5
45a
  8
Layer_0
  10
124.3569
  20
188.20773
  42
0.0017523651
  0
VERTEX
  5
45b
  8
Layer_0
  10
125.39354
  20
188.5443
  0
VERTEX
  5
45c
  8
Layer_0
  10
125.52959
  20
188.58661
  0
VERTEX
  5
45d
  8
Layer_0
  10
125.61757
  20
188.60779
  0
VERTEX
  5
45e
  8
Layer_0
  10
125.67013
  20
188.60992
  0
VERTEX
  5
45f
  8
Layer_0
  10
125.69992
  20
188.59509
  42
-0.44705565
  0
VERTEX
  5
460
  8
Layer_0
  10
125.69199
  20
188.46968
  0
VERTEX
  5
461
  8
Layer_0
  10
125.63107
  20
188.43495
  0
VERTEX
  5
462
  8
Layer_0
  10
125.48442
  20
188.35736
  0
VERTEX
  5
463
  8
Layer_0
  10
125.27408
  20
188.24822
  0
VERTEX
  5
464
  8
Layer_0
  10
125.02206
  20
188.11884
  0
VERTEX
  5
465
  8
Layer_0
  10
124.37753
  20
187.79181
  0
SEQEND
  0
POLYLINE
  5
467
  8
Layer_0
  62
7
  70
1
  66
1
  10
0
  20
0
  30
0
  0
VERTEX
  5
467
  8
Layer_0
  10
121.0041
  20
187.80452
  0
VERTEX
  5
468
  8
Layer_0
  10
121.0041
  20
187.70926
  0
VERTEX
  5
469
  8
Layer_0
  10
121.24222
  20
187.70926
  0
VERTEX
  5
46a
  8
Layer_0
  10
121.48035
  20
187.70926
  0
VERTEX
  5
46b
  8
Layer_0
  10
121.48035
  20
187.80452
  0
VERTEX
  5
46c
  8
Layer_0
  10
121.48035
  20
187.89977
  0
VERTEX
  5
46d
  8
Layer_0
  10
121.24222
  20
187.89977
  0
VERTEX
  5
46e
  8
Layer_0
  10
121.0041
  20
187.89977
  0
SEQEND
  0
POLYLINE
  5
470
  8
Layer_0
  62
7
  70
1
  66
1
  10
0
  20
0
  30
0
  0
VERTEX
  5
470
  8
Layer_0
  10
126.51273
  20
187.70927
  0
VERTEX
  5
471
  8
Layer_0
  10
126.64987
  20
187.70986
  0
VERTEX
  5
472
  8
Layer_0
  10
126.72168
  20
187.71403
  0
VERTEX
  5
473
  8
Layer_0
  10
126.75093
  20
187.72534
  0
VERTEX
  5
474
  8
Layer_0
  10
126.76038
  20
187.74737
  42
0.083080004
  0
VERTEX
  5
475
  8
Layer_0
  10
126.76355
  20
187.83786
  0
VERTEX
  5
476
  8
Layer_0
  10
126.75879
  20
187.89183
  0
VERTEX
  5
477
  8
Layer_0
  10
126.52701
  20
187.89659
  0
VERTEX
  5
478
  8
Layer_0
  10
126.36111
  20
187.8958
  0
VERTEX
  5
479
  8
Layer_0
  10
126.28571
  20
187.89024
  0
VERTEX
  5
47a
  8
Layer_0
  10
126.27777
  20
187.8573
  0
VERTEX
  5
47b
  8
Layer_0
  10
126.2746
  20
187.7934
  0
VERTEX
  5
47c
  8
Layer_0
  10
126.2746
  20
187.70926
  0
VERTEX
  5
47d
  8
Layer_0
  10
126.51273
  20
187.70926
  0
SEQEND
  0
POLYLINE
  5
47f
  8
Layer_0
  62
7
  70
1
  66
1
  10
0
  20
0
  30
0
  0
VERTEX
  5
47f
  8
Layer_0
  10
186.83263
  20
196.61717
  0
VERTEX
  5
480
  8
Layer_0
  10
186.59696
  20
196.36297
  0
VERTEX
  5
481
  8
Layer_0
  10
186.35294
  20
196.02821
  0
VERTEX
  5
482
  8
Layer_0
  10
186.2608
  20
195.88879
  0
VERTEX
  5
483
  8
Layer_0
  10
186.18081
  20
195.78411
  0
VERTEX
  5
484
  8
Layer_0
  10
186.10552
  20
195.7116
  0
VERTEX
  5
485
  8
Layer_0
  10
186.02744
  20
195.66867
  0
VERTEX
  5
486
  8
Layer_0
  10
185.93912
  20
195.65275
  0
VERTEX
  5
487
  8
Layer_0
  10
185.83309
  20
195.66124
  0
VERTEX
  5
488
  8
Layer_0
  10
185.70188
  20
195.69156
  0
VERTEX
  5
489
  8
Layer_0
  10
185.53802
  20
195.74114
  0
VERTEX
  5
48a
  8
Layer_0
  10
185.34793
  20
195.80451
  0
VERTEX
  5
48b
  8
Layer_0
  10
185.21183
  20
195.85782
  0
VERTEX
  5
48c
  8
Layer_0
  10
185.11428
  20
195.90834
  0
VERTEX
  5
48d
  8
Layer_0
  10
185.03982
  20
195.96339
  42
-0.18054859
  0
VERTEX
  5
48e
  8
Layer_0
  10
184.86758
  20
196.29306
  0
VERTEX
  5
48f
  8
Layer_0
  10
184.87365
  20
196.42806
  0
VERTEX
  5
490
  8
Layer_0
  10
184.90925
  20
196.65352
  0
VERTEX
  5
491
  8
Layer_0
  10
184.97123
  20
196.95434
  0
VERTEX
  5
492
  8
Layer_0
  10
185.05649
  20
197.31541
  0
VERTEX
  5
493
  8
Layer_0
  10
185.15384
  20
197.70397
  0
VERTEX
  5
494
  8
Layer_0
  10
185.23319
  20
198.0295
  0
VERTEX
  5
495
  8
Layer_0
  10
185.29629
  20
198.30069
  0
VERTEX
  5
496
  8
Layer_0
  10
185.34495
  20
198.52621
  0
VERTEX
  5
497
  8
Layer_0
  10
185.40601
  20
198.87498
  0
VERTEX
  5
498
  8
Layer_0
  10
185.4306
  20
199.14527
  0
VERTEX
  5
499
  8
Layer_0
  10
185.44171
  20
199.38974
  0
VERTEX
  5
49a
  8
Layer_0
  10
185.39728
  20
199.38974
  42
0.041309378
  0
VERTEX
  5
49b
  8
Layer_0
  10
185.13057
  20
199.35269
  0
VERTEX
  5
49c
  8
Layer_0
  10
184.94221
  20
199.32561
  0
VERTEX
  5
49d
  8
Layer_0
  10
184.81132
  20
199.31658
  0
VERTEX
  5
49e
  8
Layer_0
  10
184.72661
  20
199.32561
  0
VERTEX
  5
49f
  8
Layer_0
  10
184.67681
  20
199.3527
  0
VERTEX
  5
4a0
  8
Layer_0
  10
184.64194
  20
199.41197
  0
VERTEX
  5
4a1
  8
Layer_0
  10
184.65759
  20
199.47957
  0
VERTEX
  5
4a2
  8
Layer_0
  10
184.72916
  20
199.56523
  0
VERTEX
  5
4a3
  8
Layer_0
  10
184.86201
  20
199.67867
  0
VERTEX
  5
4a4
  8
Layer_0
  10
185.26754
  20
199.97095
  0
VERTEX
  5
4a5
  8
Layer_0
  10
185.66698
  20
200.20697
  0
VERTEX
  5
4a6
  8
Layer_0
  10
186.05566
  20
200.38396
  0
VERTEX
  5
4a7
  8
Layer_0
  10
186.42888
  20
200.49914
  42
0.29862511
  0
VERTEX
  5
4a8
  8
Layer_0
  10
186.5363
  20
200.58989
  42
0.074417787
  0
VERTEX
  5
4a9
  8
Layer_0
  10
186.52518
  20
201.19182
  0
VERTEX
  5
4aa
  8
Layer_0
  10
186.51393
  20
201.28387
  0
VERTEX
  5
4ab
  8
Layer_0
  10
186.51153
  20
201.33651
  0
VERTEX
  5
4ac
  8
Layer_0
  10
186.5192
  20
201.3645
  0
VERTEX
  5
4ad
  8
Layer_0
  10
186.53815
  20
201.38258
  0
VERTEX
  5
4ae
  8
Layer_0
  10
186.66525
  20
201.40712
  0
VERTEX
  5
4af
  8
Layer_0
  10
186.83263
  20
201.36221
  42
-0.16921954
  0
VERTEX
  5
4b0
  8
Layer_0
  10
187.19194
  20
200.98439
  42
-0.11495181
  0
VERTEX
  5
4b1
  8
Layer_0
  10
187.26047
  20
200.6862
  0
VERTEX
  5
4b2
  8
Layer_0
  10
187.26047
  20
200.52507
  0
VERTEX
  5
4b3
  8
Layer_0
  10
187.37158
  20
200.49544
  0
VERTEX
  5
4b4
  8
Layer_0
  10
187.6322
  20
200.41091
  0
VERTEX
  5
4b5
  8
Layer_0
  10
187.89344
  20
200.29431
  0
VERTEX
  5
4b6
  8
Layer_0
  10
188.15369
  20
200.14689
  0
VERTEX
  5
4b7
  8
Layer_0
  10
188.4113
  20
199.96991
  0
VERTEX
  5
4b8
  8
Layer_0
  10
188.66467
  20
199.76462
  0
VERTEX
  5
4b9
  8
Layer_0
  10
188.91215
  20
199.53229
  0
VERTEX
  5
4ba
  8
Layer_0
  10
189.15212
  20
199.27418
  0
VERTEX
  5
4bb
  8
Layer_0
  10
189.38295
  20
198.99154
  42
-0.068707725
  0
VERTEX
  5
4bc
  8
Layer_0
  10
190.08675
  20
197.76917
  42
-0.10902524
  0
VERTEX
  5
4bd
  8
Layer_0
  10
190.13675
  20
197.4821
  0
VERTEX
  5
4be
  8
Layer_0
  10
190.1147
  20
197.32895
  0
VERTEX
  5
4bf
  8
Layer_0
  10
190.06035
  20
197.19178
  0
VERTEX
  5
4c0
  8
Layer_0
  10
189.96225
  20
197.04975
  0
VERTEX
  5
4c1
  8
Layer_0
  10
189.80893
  20
196.88202
  42
0.0056285037
  0
VERTEX
  5
4c2
  8
Layer_0
  10
189.44406
  20
196.49864
  0
VERTEX
  5
4c3
  8
Layer_0
  10
189.28338
  20
196.32656
  0
VERTEX
  5
4c4
  8
Layer_0
  10
189.06248
  20
196.09297
  0
VERTEX
  5
4c5
  8
Layer_0
  10
188.80434
  20
195.8218
  0
VERTEX
  5
4c6
  8
Layer_0
  10
188.53192
  20
195.53694
  0
VERTEX
  5
4c7
  8
Layer_0
  10
188.26818
  20
195.26234
  0
VERTEX
  5
4c8
  8
Layer_0
  10
188.03608
  20
195.02189
  0
VERTEX
  5
4c9
  8
Layer_0
  10
187.93908
  20
194.92195
  0
VERTEX
  5
4ca
  8
Layer_0
  10
187.85859
  20
194.83953
  0
VERTEX
  5
4cb
  8
Layer_0
  10
187.7975
  20
194.7776
  0
VERTEX
  5
4cc
  8
Layer_0
  10
187.75867
  20
194.73916
  0
VERTEX
  5
4cd
  8
Layer_0
  10
187.64526
  20
194.64158
  0
VERTEX
  5
4ce
  8
Layer_0
  10
187.5473
  20
194.58358
  0
VERTEX
  5
4cf
  8
Layer_0
  10
187.449
  20
194.55893
  0
VERTEX
  5
4d0
  8
Layer_0
  10
187.33455
  20
194.56136
  42
-0.25796781
  0
VERTEX
  5
4d1
  8
Layer_0
  10
186.83264
  20
194.91696
  0
VERTEX
  5
4d2
  8
Layer_0
  10
186.79525
  20
195.02594
  0
VERTEX
  5
4d3
  8
Layer_0
  10
186.78356
  20
195.14986
  0
VERTEX
  5
4d4
  8
Layer_0
  10
186.79826
  20
195.30086
  0
VERTEX
  5
4d5
  8
Layer_0
  10
186.84004
  20
195.49111
  0
VERTEX
  5
4d6
  8
Layer_0
  10
186.91389
  20
195.7925
  0
VERTEX
  5
4d7
  8
Layer_0
  10
186.95719
  20
196.00483
  0
VERTEX
  5
4d8
  8
Layer_0
  10
186.97756
  20
196.17791
  0
VERTEX
  5
4d9
  8
Layer_0
  10
186.98265
  20
196.36158
  0
VERTEX
  5
4da
  8
Layer_0
  10
186.98123
  20
196.48038
  0
VERTEX
  5
4db
  8
Layer_0
  10
186.97686
  20
196.56879
  0
VERTEX
  5
4dc
  8
Layer_0
  10
186.96937
  20
196.62907
  0
VERTEX
  5
4dd
  8
Layer_0
  10
186.95857
  20
196.66348
  0
VERTEX
  5
4de
  8
Layer_0
  10
186.93451
  20
196.70422
  0
VERTEX
  5
4df
  8
Layer_0
  10
186.83264
  20
196.61717
  0
SEQEND
  0
POLYLINE
  5
4e1
  8
Layer_0
  62
7
  70
1
  66
1
  10
0
  20
0
  30
0
  0
VERTEX
  5
4e1
  8
Layer_0
  10
187.36047
  20
196.72275
  42
-0.079469979
  0
VERTEX
  5
4e2
  8
Layer_0
  10
187.26231
  20
195.50592
  0
VERTEX
  5
4e3
  8
Layer_0
  10
187.21509
  20
195.29247
  0
VERTEX
  5
4e4
  8
Layer_0
  10
187.19564
  20
195.17069
  0
VERTEX
  5
4e5
  8
Layer_0
  10
187.22875
  20
195.09314
  0
VERTEX
  5
4e6
  8
Layer_0
  10
187.3327
  20
195.04475
  0
VERTEX
  5
4e7
  8
Layer_0
  10
187.36867
  20
195.04565
  0
VERTEX
  5
4e8
  8
Layer_0
  10
187.42183
  20
195.07971
  0
VERTEX
  5
4e9
  8
Layer_0
  10
187.46305
  20
195.11607
  0
VERTEX
  5
4ea
  8
Layer_0
  10
187.5184
  20
195.16899
  0
VERTEX
  5
4eb
  8
Layer_0
  10
187.59115
  20
195.24122
  0
VERTEX
  5
4ec
  8
Layer_0
  10
187.68459
  20
195.33553
  0
VERTEX
  5
4ed
  8
Layer_0
  10
188.2557
  20
195.92727
  0
VERTEX
  5
4ee
  8
Layer_0
  10
188.88081
  20
196.59402
  0
VERTEX
  5
4ef
  8
Layer_0
  10
189.1606
  20
196.89823
  0
VERTEX
  5
4f0
  8
Layer_0
  10
189.39027
  20
197.15242
  0
VERTEX
  5
4f1
  8
Layer_0
  10
189.47969
  20
197.25361
  0
VERTEX
  5
4f2
  8
Layer_0
  10
189.54863
  20
197.3337
  0
VERTEX
  5
4f3
  8
Layer_0
  10
189.59444
  20
197.38982
  0
VERTEX
  5
4f4
  8
Layer_0
  10
189.61446
  20
197.41912
  0
VERTEX
  5
4f5
  8
Layer_0
  10
189.63738
  20
197.52955
  0
VERTEX
  5
4f6
  8
Layer_0
  10
189.59224
  20
197.68027
  42
0.051288841
  0
VERTEX
  5
4f7
  8
Layer_0
  10
189.13477
  20
198.50073
  42
0.077546827
  0
VERTEX
  5
4f8
  8
Layer_0
  10
188.21985
  20
199.52124
  0
VERTEX
  5
4f9
  8
Layer_0
  10
187.95039
  20
199.71837
  0
VERTEX
  5
4fa
  8
Layer_0
  10
187.68667
  20
199.88008
  0
VERTEX
  5
4fb
  8
Layer_0
  10
187.44136
  20
199.99942
  0
VERTEX
  5
4fc
  8
Layer_0
  10
187.22713
  20
200.06946
  42
-0.12928745
  0
VERTEX
  5
4fd
  8
Layer_0
  10
187.00488
  20
200.16762
  42
0.063113137
  0
VERTEX
  5
4fe
  8
Layer_0
  10
186.88635
  20
200.25652
  0
VERTEX
  5
4ff
  8
Layer_0
  10
186.84664
  20
200.27397
  0
VERTEX
  5
500
  8
Layer_0
  10
186.8243
  20
200.26971
  0
VERTEX
  5
501
  8
Layer_0
  10
186.81446
  20
200.23802
  0
VERTEX
  5
502
  8
Layer_0
  10
186.81226
  20
200.17317
  42
-0.12199687
  0
VERTEX
  5
503
  8
Layer_0
  10
186.7641
  20
199.97314
  0
VERTEX
  5
504
  8
Layer_0
  10
186.68756
  20
199.86055
  0
VERTEX
  5
505
  8
Layer_0
  10
186.58654
  20
199.7627
  0
VERTEX
  5
506
  8
Layer_0
  10
186.47891
  20
199.69368
  0
VERTEX
  5
507
  8
Layer_0
  10
186.38258
  20
199.66755
  0
VERTEX
  5
508
  8
Layer_0
  10
186.31915
  20
199.71108
  0
VERTEX
  5
509
  8
Layer_0
  10
186.28072
  20
199.83239
  0
VERTEX
  5
50a
  8
Layer_0
  10
186.25114
  20
199.94649
  0
VERTEX
  5
50b
  8
Layer_0
  10
186.20246
  20
200.01181
  0
VERTEX
  5
50c
  8
Layer_0
  10
186.13226
  20
200.02955
  0
VERTEX
  5
50d
  8
Layer_0
  10
186.03809
  20
200.00093
  42
0.1593924
  0
VERTEX
  5
50e
  8
Layer_0
  10
185.8214
  20
199.77312
  42
0.15850285
  0
VERTEX
  5
50f
  8
Layer_0
  10
185.79916
  20
199.60458
  42
-0.035489152
  0
VERTEX
  5
510
  8
Layer_0
  10
185.814
  20
199.14897
  42
-0.049564882
  0
VERTEX
  5
511
  8
Layer_0
  10
185.7251
  20
198.36183
  42
-0.0060059358
  0
VERTEX
  5
512
  8
Layer_0
  10
185.55655
  20
197.61174
  0
VERTEX
  5
513
  8
Layer_0
  10
185.48932
  20
197.33344
  0
VERTEX
  5
514
  8
Layer_0
  10
185.43228
  20
197.08309
  0
VERTEX
  5
515
  8
Layer_0
  10
185.38576
  20
196.86243
  0
VERTEX
  5
516
  8
Layer_0
  10
185.35004
  20
196.6732
  0
VERTEX
  5
517
  8
Layer_0
  10
185.32544
  20
196.51713
  0
VERTEX
  5
518
  8
Layer_0
  10
185.31225
  20
196.39596
  0
VERTEX
  5
519
  8
Layer_0
  10
185.31078
  20
196.31143
  0
VERTEX
  5
51a
  8
Layer_0
  10
185.32133
  20
196.26528
  0
VERTEX
  5
51b
  8
Layer_0
  10
185.35262
  20
196.24024
  0
VERTEX
  5
51c
  8
Layer_0
  10
185.42158
  20
196.2067
  0
VERTEX
  5
51d
  8
Layer_0
  10
185.52839
  20
196.16448
  0
VERTEX
  5
51e
  8
Layer_0
  10
185.67323
  20
196.11341
  0
VERTEX
  5
51f
  8
Layer_0
  10
185.81514
  20
196.0715
  0
VERTEX
  5
520
  8
Layer_0
  10
185.88622
  20
196.07266
  0
VERTEX
  5
521
  8
Layer_0
  10
185.95127
  20
196.12845
  0
VERTEX
  5
522
  8
Layer_0
  10
186.03994
  20
196.23564
  42
-0.026596938
  0
VERTEX
  5
523
  8
Layer_0
  10
186.47888
  20
196.79126
  42
-0.068417798
  0
VERTEX
  5
524
  8
Layer_0
  10
187.05673
  20
197.25244
  0
VERTEX
  5
525
  8
Layer_0
  10
187.19046
  20
197.3442
  0
VERTEX
  5
526
  8
Layer_0
  10
187.30561
  20
197.44482
  0
VERTEX
  5
527
  8
Layer_0
  10
187.39819
  20
197.55065
  0
VERTEX
  5
528
  8
Layer_0
  10
187.4642
  20
197.65804
  42
0.19556746
  0
VERTEX
  5
529
  8
Layer_0
  10
187.49197
  20
198.22293
  42
0.097129625
  0
VERTEX
  5
52a
  8
Layer_0
  10
187.26788
  20
198.62299
  0
VERTEX
  5
52b
  8
Layer_0
  10
187.21555
  20
198.69151
  0
VERTEX
  5
52c
  8
Layer_0
  10
187.19379
  20
198.73781
  0
VERTEX
  5
52d
  8
Layer_0
  10
187.19735
  20
198.81733
  0
VERTEX
  5
52e
  8
Layer_0
  10
187.22088
  20
198.87671
  0
VERTEX
  5
52f
  8
Layer_0
  10
187.26281
  20
198.91387
  0
VERTEX
  5
530
  8
Layer_0
  10
187.32159
  20
198.92672
  0
VERTEX
  5
531
  8
Layer_0
  10
187.3952
  20
198.90704
  0
VERTEX
  5
532
  8
Layer_0
  10
187.49383
  20
198.8193
  42
-0.098387132
  0
VERTEX
  5
533
  8
Layer_0
  10
187.81053
  20
198.31554
  0
VERTEX
  5
534
  8
Layer_0
  10
187.84434
  20
198.18681
  0
VERTEX
  5
535
  8
Layer_0
  10
187.85313
  20
197.96364
  42
-0.098397632
  0
VERTEX
  5
536
  8
Layer_0
  10
187.80498
  20
197.59692
  42
-0.094748383
  0
VERTEX
  5
537
  8
Layer_0
  10
187.48456
  20
197.12094
  0
VERTEX
  5
538
  8
Layer_0
  10
187.33826
  20
196.97278
  0
SEQEND
  0
POLYLINE
  5
53a
  8
Layer_0
  62
7
  70
1
  66
1
  10
0
  20
0
  30
0
  0
VERTEX
  5
53a
  8
Layer_0
  10
186.25664
  20
197.7951
  0
VERTEX
  5
53b
  8
Layer_0
  10
186.28879
  20
197.84565
  0
VERTEX
  5
53c
  8
Layer_0
  10
186.3416
  20
197.94118
  0
VERTEX
  5
53d
  8
Layer_0
  10
186.40795
  20
198.06831
  0
VERTEX
  5
53e
  8
Layer_0
  10
186.48074
  20
198.21367
  0
VERTEX
  5
53f
  8
Layer_0
  10
186.54324
  20
198.34357
  0
VERTEX
  5
540
  8
Layer_0
  10
186.59114
  20
198.44825
  0
VERTEX
  5
541
  8
Layer_0
  10
186.62545
  20
198.53148
  0
VERTEX
  5
542
  8
Layer_0
  10
186.64719
  20
198.59705
  0
VERTEX
  5
543
  8
Layer_0
  10
186.65706
  20
198.69029
  0
VERTEX
  5
544
  8
Layer_0
  10
186.62891
  20
198.75818
  42
0.30973743
  0
VERTEX
  5
545
  8
Layer_0
  10
186.37146
  20
198.83968
  42
0.20742262
  0
VERTEX
  5
546
  8
Layer_0
  10
186.177
  20
198.66928
  0
VERTEX
  5
547
  8
Layer_0
  10
186.09111
  20
198.28729
  0
VERTEX
  5
548
  8
Layer_0
  10
186.02883
  20
197.86918
  42
0.70080192
  0
VERTEX
  5
549
  8
Layer_0
  10
186.25664
  20
197.7951
  0
SEQEND
  0
POLYLINE
  5
54b
  8
Layer_0
  62
7
  70
1
  66
1
  10
0
  20
0
  30
0
  0
VERTEX
  5
54b
  8
Layer_0
  10
185.785
  20
195.39038
  0
VERTEX
  5
54c
  8
Layer_0
  10
185.7632
  20
195.36864
  0
VERTEX
  5
54d
  8
Layer_0
  10
185.76771
  20
195.34533
  0
VERTEX
  5
54e
  8
Layer_0
  10
185.79973
  20
195.3173
  0
VERTEX
  5
54f
  8
Layer_0
  10
185.86044
  20
195.28142
  0
VERTEX
  5
550
  8
Layer_0
  10
185.95736
  20
195.2399
  0
VERTEX
  5
551
  8
Layer_0
  10
186.01027
  20
195.23532
  0
VERTEX
  5
552
  8
Layer_0
  10
186.02074
  20
195.26845
  0
VERTEX
  5
553
  8
Layer_0
  10
185.99036
  20
195.34009
  42
0.44474877
  0
VERTEX
  5
554
  8
Layer_0
  10
185.785
  20
195.39038
  0
SEQEND
  0
POLYLINE
  5
556
  8
Layer_0
  62
7
  70
1
  66
1
  10
0
  20
0
  30
0
  0
VERTEX
  5
556
  8
Layer_0
  10
189.65329
  20
189.79539
  42
-0.15451504
  0
VERTEX
  5
557
  8
Layer_0
  10
190.29453
  20
187.94717
  42
-0.12844347
  0
VERTEX
  5
558
  8
Layer_0
  10
189.96342
  20
186.33783
  42
-0.17306113
  0
VERTEX
  5
559
  8
Layer_0
  10
188.42952
  20
184.87936
  42
-0.15754632
  0
VERTEX
  5
55a
  8
Layer_0
  10
186.50166
  20
184.68237
  42
-0.33787699
  0
VERTEX
  5
55b
  8
Layer_0
  10
183.91162
  20
187.65379
  0
VERTEX
  5
55c
  8
Layer_0
  10
183.90559
  20
187.94897
  0
VERTEX
  5
55d
  8
Layer_0
  10
183.92758
  20
188.23947
  0
VERTEX
  5
55e
  8
Layer_0
  10
183.97644
  20
188.52383
  0
VERTEX
  5
55f
  8
Layer_0
  10
184.05104
  20
188.80063
  0
VERTEX
  5
560
  8
Layer_0
  10
184.15022
  20
189.06841
  0
VERTEX
  5
561
  8
Layer_0
  10
184.27283
  20
189.32574
  0
VERTEX
  5
562
  8
Layer_0
  10
184.41772
  20
189.57117
  0
VERTEX
  5
563
  8
Layer_0
  10
184.58375
  20
189.80326
  0
VERTEX
  5
564
  8
Layer_0
  10
184.76978
  20
190.02056
  0
VERTEX
  5
565
  8
Layer_0
  10
184.97464
  20
190.22165
  0
VERTEX
  5
566
  8
Layer_0
  10
185.19719
  20
190.40506
  0
VERTEX
  5
567
  8
Layer_0
  10
185.43629
  20
190.56936
  0
VERTEX
  5
568
  8
Layer_0
  10
185.69079
  20
190.71311
  0
VERTEX
  5
569
  8
Layer_0
  10
185.95954
  20
190.83486
  0
VERTEX
  5
56a
  8
Layer_0
  10
186.24139
  20
190.93317
  0
VERTEX
  5
56b
  8
Layer_0
  10
186.53519
  20
191.0066
  0
VERTEX
  5
56c
  8
Layer_0
  10
186.96913
  20
191.0601
  0
VERTEX
  5
56d
  8
Layer_0
  10
187.40489
  20
191.04956
  0
VERTEX
  5
56e
  8
Layer_0
  10
187.83524
  20
190.97772
  0
VERTEX
  5
56f
  8
Layer_0
  10
188.25298
  20
190.84734
  0
VERTEX
  5
570
  8
Layer_0
  10
188.65087
  20
190.66117
  0
VERTEX
  5
571
  8
Layer_0
  10
189.0217
  20
190.42195
  0
VERTEX
  5
572
  8
Layer_0
  10
189.35824
  20
190.13245
  0
VERTEX
  5
573
  8
Layer_0
  10
189.65329
  20
189.7954
  0
SEQEND
  0
POLYLINE
  5
575
  8
Layer_0
  62
7
  70
1
  66
1
  10
0
  20
0
  30
0
  0
VERTEX
  5
575
  8
Layer_0
  10
186.43042
  20
188.09386
  0
VERTEX
  5
576
  8
Layer_0
  10
186.91238
  20
188.09386
  0
VERTEX
  5
577
  8
Layer_0
  10
186.91238
  20
188.83984
  0
VERTEX
  5
578
  8
Layer_0
  10
186.91552
  20
189.18057
  0
VERTEX
  5
579
  8
Layer_0
  10
186.92495
  20
189.42188
  0
VERTEX
  5
57a
  8
Layer_0
  10
186.94067
  20
189.57125
  0
VERTEX
  5
57b
  8
Layer_0
  10
186.96267
  20
189.63614
  0
VERTEX
  5
57c
  8
Layer_0
  10
187.04027
  20
189.67812
  0
VERTEX
  5
57d
  8
Layer_0
  10
187.13712
  20
189.68591
  0
VERTEX
  5
57e
  8
Layer_0
  10
187.22847
  20
189.66148
  0
VERTEX
  5
57f
  8
Layer_0
  10
187.28957
  20
189.6068
  0
VERTEX
  5
580
  8
Layer_0
  10
187.30672
  20
189.51892
  0
VERTEX
  5
581
  8
Layer_0
  10
187.31995
  20
189.34382
  0
VERTEX
  5
582
  8
Layer_0
  10
187.32847
  20
189.10113
  0
VERTEX
  5
583
  8
Layer_0
  10
187.33148
  20
188.81051
  0
VERTEX
  5
584
  8
Layer_0
  10
187.33148
  20
188.09386
  0
VERTEX
  5
585
  8
Layer_0
  10
187.79248
  20
188.09386
  0
VERTEX
  5
586
  8
Layer_0
  10
188.25351
  20
188.09386
  0
VERTEX
  5
587
  8
Layer_0
  10
188.25351
  20
188.81471
  0
VERTEX
  5
588
  8
Layer_0
  10
188.25503
  20
189.07958
  0
VERTEX
  5
589
  8
Layer_0
  10
188.26103
  20
189.28508
  0
VERTEX
  5
58a
  8
Layer_0
  10
188.27361
  20
189.43862
  0
VERTEX
  5
58b
  8
Layer_0
  10
188.29489
  20
189.54761
  0
VERTEX
  5
58c
  8
Layer_0
  10
188.32697
  20
189.61947
  0
VERTEX
  5
58d
  8
Layer_0
  10
188.37196
  20
189.66162
  0
VERTEX
  5
58e
  8
Layer_0
  10
188.43198
  20
189.68147
  0
VERTEX
  5
58f
  8
Layer_0
  10
188.50915
  20
189.68643
  0
VERTEX
  5
590
  8
Layer_0
  10
188.58475
  20
189.68061
  0
VERTEX
  5
591
  8
Layer_0
  10
188.64326
  20
189.65716
  0
VERTEX
  5
592
  8
Layer_0
  10
188.68684
  20
189.60709
  0
VERTEX
  5
593
  8
Layer_0
  10
188.71765
  20
189.52141
  0
VERTEX
  5
594
  8
Layer_0
  10
188.73785
  20
189.39114
  0
VERTEX
  5
595
  8
Layer_0
  10
188.74961
  20
189.20728
  0
VERTEX
  5
596
  8
Layer_0
  10
188.75507
  20
188.96086
  0
VERTEX
  5
597
  8
Layer_0
  10
188.75642
  20
188.64287
  0
VERTEX
  5
598
  8
Layer_0
  10
188.75593
  20
188.39369
  0
VERTEX
  5
599
  8
Layer_0
  10
188.75413
  20
188.19509
  0
VERTEX
  5
59a
  8
Layer_0
  10
188.75045
  20
188.0407
  0
VERTEX
  5
59b
  8
Layer_0
  10
188.74437
  20
187.92412
  0
VERTEX
  5
59c
  8
Layer_0
  10
188.72283
  20
187.77887
  0
VERTEX
  5
59d
  8
Layer_0
  10
188.68517
  20
187.70828
  0
VERTEX
  5
59e
  8
Layer_0
  10
188.62931
  20
187.66821
  0
VERTEX
  5
59f
  8
Layer_0
  10
188.5212
  20
187.64542
  0
VERTEX
  5
5a0
  8
Layer_0
  10
188.43416
  20
187.63903
  0
VERTEX
  5
5a1
  8
Layer_0
  10
188.318
  20
187.6352
  0
VERTEX
  5
5a2
  8
Layer_0
  10
188.16736
  20
187.63334
  0
VERTEX
  5
5a3
  8
Layer_0
  10
187.97689
  20
187.63284
  0
VERTEX
  5
5a4
  8
Layer_0
  10
187.33148
  20
187.63284
  0
VERTEX
  5
5a5
  8
Layer_0
  10
187.32309
  20
186.89104
  0
VERTEX
  5
5a6
  8
Layer_0
  10
187.31052
  20
186.14923
  0
VERTEX
  5
5a7
  8
Layer_0
  10
187.19736
  20
186.08636
  42
-0.32529682
  0
VERTEX
  5
5a8
  8
Layer_0
  10
187.0004
  20
186.09894
  0
VERTEX
  5
5a9
  8
Layer_0
  10
186.95128
  20
186.16108
  0
VERTEX
  5
5aa
  8
Layer_0
  10
186.92495
  20
186.27548
  0
VERTEX
  5
5ab
  8
Layer_0
  10
186.91812
  20
186.37156
  0
VERTEX
  5
5ac
  8
Layer_0
  10
186.91434
  20
186.50383
  0
VERTEX
  5
5ad
  8
Layer_0
  10
186.91272
  20
186.68001
  0
VERTEX
  5
5ae
  8
Layer_0
  10
186.91238
  20
186.9078
  0
VERTEX
  5
5af
  8
Layer_0
  10
186.91238
  20
187.63284
  0
VERTEX
  5
5b0
  8
Layer_0
  10
186.40945
  20
187.63284
  0
VERTEX
  5
5b1
  8
Layer_0
  10
185.90654
  20
187.63284
  0
VERTEX
  5
5b2
  8
Layer_0
  10
185.90654
  20
186.87846
  0
VERTEX
  5
5b3
  8
Layer_0
  10
185.90621
  20
186.64502
  0
VERTEX
  5
5b4
  8
Layer_0
  10
185.90471
  20
186.46467
  0
VERTEX
  5
5b5
  8
Layer_0
  10
185.90124
  20
186.32999
  0
VERTEX
  5
5b6
  8
Layer_0
  10
185.89502
  20
186.23357
  0
VERTEX
  5
5b7
  8
Layer_0
  10
185.87118
  20
186.12585
  0
VERTEX
  5
5b8
  8
Layer_0
  10
185.82691
  20
186.08217
  42
-0.32281598
  0
VERTEX
  5
5b9
  8
Layer_0
  10
185.57126
  20
186.12408
  0
VERTEX
  5
5ba
  8
Layer_0
  10
185.5448
  20
186.15603
  0
VERTEX
  5
5bb
  8
Layer_0
  10
185.52457
  20
186.20443
  0
VERTEX
  5
5bc
  8
Layer_0
  10
185.50975
  20
186.2877
  0
VERTEX
  5
5bd
  8
Layer_0
  10
185.49949
  20
186.42426
  0
VERTEX
  5
5be
  8
Layer_0
  10
185.49297
  20
186.63253
  0
VERTEX
  5
5bf
  8
Layer_0
  10
185.48934
  20
186.93092
  0
VERTEX
  5
5c0
  8
Layer_0
  10
185.48835
  20
187.11966
  0
VERTEX
  5
5c1
  8
Layer_0
  10
185.48778
  20
187.33784
  0
VERTEX
  5
5c2
  8
Layer_0
  10
185.48751
  20
187.58777
  0
VERTEX
  5
5c3
  8
Layer_0
  10
185.48744
  20
187.87173
  0
VERTEX
  5
5c4
  8
Layer_0
  10
185.48755
  20
188.13566
  0
VERTEX
  5
5c5
  8
Layer_0
  10
185.48792
  20
188.37071
  0
VERTEX
  5
5c6
  8
Layer_0
  10
185.48863
  20
188.57861
  0
VERTEX
  5
5c7
  8
Layer_0
  10
185.48973
  20
188.76114
  0
VERTEX
  5
5c8
  8
Layer_0
  10
185.49341
  20
189.05708
  0
VERTEX
  5
5c9
  8
Layer_0
  10
185.49949
  20
189.27257
  0
VERTEX
  5
5ca
  8
Layer_0
  10
185.50852
  20
189.42166
  0
VERTEX
  5
5cb
  8
Layer_0
  10
185.52103
  20
189.5184
  0
VERTEX
  5
5cc
  8
Layer_0
  10
185.53757
  20
189.57683
  0
VERTEX
  5
5cd
  8
Layer_0
  10
185.55869
  20
189.611
  0
VERTEX
  5
5ce
  8
Layer_0
  10
185.64368
  20
189.66751
  0
VERTEX
  5
5cf
  8
Layer_0
  10
185.74518
  20
189.68591
  0
VERTEX
  5
5d0
  8
Layer_0
  10
185.8404
  20
189.66581
  0
VERTEX
  5
5d1
  8
Layer_0
  10
185.90654
  20
189.6068
  0
VERTEX
  5
5d2
  8
Layer_0
  10
185.9237
  20
189.51892
  0
VERTEX
  5
5d3
  8
Layer_0
  10
185.93692
  20
189.34382
  0
VERTEX
  5
5d4
  8
Layer_0
  10
185.94544
  20
189.10113
  0
VERTEX
  5
5d5
  8
Layer_0
  10
185.94845
  20
188.81051
  0
VERTEX
  5
5d6
  8
Layer_0
  10
185.94846
  20
188.09386
  0
SEQEND
  0
POLYLINE
  5
5d8
  8
Layer_0
  62
7
  70
1
  66
1
  10
0
  20
0
  30
0
  0
VERTEX
  5
5d8
  8
Layer_0
  10
124.54175
  20
206.88789
  0
VERTEX
  5
5d9
  8
Layer_0
  10
125.28823
  20
206.91726
  0
VERTEX
  5
5da
  8
Layer_0
  10
125.93956
  20
206.9542
  0
VERTEX
  5
5db
  8
Layer_0
  10
126.51027
  20
207.00055
  0
VERTEX
  5
5dc
  8
Layer_0
  10
127.01487
  20
207.05815
  0
VERTEX
  5
5dd
  8
Layer_0
  10
127.46791
  20
207.12885
  0
VERTEX
  5
5de
  8
Layer_0
  10
127.88391
  20
207.2145
  0
VERTEX
  5
5df
  8
Layer_0
  10
128.2774
  20
207.31692
  0
VERTEX
  5
5e0
  8
Layer_0
  10
128.6629
  20
207.43796
  0
VERTEX
  5
5e1
  8
Layer_0
  10
129.28379
  20
207.6748
  0
VERTEX
  5
5e2
  8
Layer_0
  10
129.89251
  20
207.97057
  0
VERTEX
  5
5e3
  8
Layer_0
  10
130.20307
  20
208.14874
  0
VERTEX
  5
5e4
  8
Layer_0
  10
130.52353
  20
208.35147
  0
VERTEX
  5
5e5
  8
Layer_0
  10
130.85818
  20
208.58203
  0
VERTEX
  5
5e6
  8
Layer_0
  10
131.21133
  20
208.84369
  0
VERTEX
  5
5e7
  8
Layer_0
  10
131.58731
  20
209.13974
  0
VERTEX
  5
5e8
  8
Layer_0
  10
131.99041
  20
209.47343
  0
VERTEX
  5
5e9
  8
Layer_0
  10
132.42495
  20
209.84806
  0
VERTEX
  5
5ea
  8
Layer_0
  10
132.89523
  20
210.26689
  0
VERTEX
  5
5eb
  8
Layer_0
  10
133.40558
  20
210.73319
  0
VERTEX
  5
5ec
  8
Layer_0
  10
133.96029
  20
211.25024
  0
VERTEX
  5
5ed
  8
Layer_0
  10
134.56368
  20
211.82132
  0
VERTEX
  5
5ee
  8
Layer_0
  10
135.22006
  20
212.4497
  0
VERTEX
  5
5ef
  8
Layer_0
  10
135.52735
  20
212.74565
  0
VERTEX
  5
5f0
  8
Layer_0
  10
135.80265
  20
213.00956
  0
VERTEX
  5
5f1
  8
Layer_0
  10
136.04856
  20
213.24353
  0
VERTEX
  5
5f2
  8
Layer_0
  10
136.26768
  20
213.4497
  0
VERTEX
  5
5f3
  8
Layer_0
  10
136.46259
  20
213.63019
  0
VERTEX
  5
5f4
  8
Layer_0
  10
136.63591
  20
213.78711
  0
VERTEX
  5
5f5
  8
Layer_0
  10
136.79022
  20
213.92261
  0
VERTEX
  5
5f6
  8
Layer_0
  10
136.92811
  20
214.03879
  0
VERTEX
  5
5f7
  8
Layer_0
  10
137.16507
  20
214.2217
  0
VERTEX
  5
5f8
  8
Layer_0
  10
137.36754
  20
214.35284
  0
VERTEX
  5
5f9
  8
Layer_0
  10
137.5563
  20
214.44919
  0
VERTEX
  5
5fa
  8
Layer_0
  10
137.75212
  20
214.52774
  0
VERTEX
  5
5fb
  8
Layer_0
  10
137.82386
  20
214.5456
  0
VERTEX
  5
5fc
  8
Layer_0
  10
137.93064
  20
214.563
  0
VERTEX
  5
5fd
  8
Layer_0
  10
138.06699
  20
214.57969
  0
VERTEX
  5
5fe
  8
Layer_0
  10
138.22743
  20
214.5954
  0
VERTEX
  5
5ff
  8
Layer_0
  10
138.59872
  20
214.62289
  0
VERTEX
  5
600
  8
Layer_0
  10
139.0007
  20
214.64343
  0
VERTEX
  5
601
  8
Layer_0
  10
139.38958
  20
214.65495
  0
VERTEX
  5
602
  8
Layer_0
  10
139.72157
  20
214.65543
  0
VERTEX
  5
603
  8
Layer_0
  10
139.85255
  20
214.65089
  0
VERTEX
  5
604
  8
Layer_0
  10
139.95288
  20
214.64281
  0
VERTEX
  5
605
  8
Layer_0
  10
140.0171
  20
214.63095
  0
VERTEX
  5
606
  8
Layer_0
  10
140.03972
  20
214.61505
  0
VERTEX
  5
607
  8
Layer_0
  10
140.02789
  20
214.59986
  0
VERTEX
  5
608
  8
Layer_0
  10
139.99327
  20
214.56329
  0
VERTEX
  5
609
  8
Layer_0
  10
139.93717
  20
214.5066
  0
VERTEX
  5
60a
  8
Layer_0
  10
139.8609
  20
214.43103
  0
VERTEX
  5
60b
  8
Layer_0
  10
139.65307
  20
214.22818
  0
VERTEX
  5
60c
  8
Layer_0
  10
139.38024
  20
213.96471
  0
VERTEX
  5
60d
  8
Layer_0
  10
139.05287
  20
213.65053
  0
VERTEX
  5
60e
  8
Layer_0
  10
138.68143
  20
213.29559
  0
VERTEX
  5
60f
  8
Layer_0
  10
138.27637
  20
212.90983
  0
VERTEX
  5
610
  8
Layer_0
  10
137.84817
  20
212.50318
  0
VERTEX
  5
611
  8
Layer_0
  10
136.96417
  20
211.66697
  0
VERTEX
  5
612
  8
Layer_0
  10
136.11311
  20
210.86648
  0
VERTEX
  5
613
  8
Layer_0
  10
135.72609
  20
210.50447
  0
VERTEX
  5
614
  8
Layer_0
  10
135.37869
  20
210.18119
  0
VERTEX
  5
615
  8
Layer_0
  10
135.08138
  20
209.9066
  0
VERTEX
  5
616
  8
Layer_0
  10
134.84462
  20
209.69062
  0
VERTEX
  5
617
  8
Layer_0
  10
134.38103
  20
209.27389
  0
VERTEX
  5
618
  8
Layer_0
  10
133.95008
  20
208.89632
  0
VERTEX
  5
619
  8
Layer_0
  10
133.54757
  20
208.55553
  0
VERTEX
  5
61a
  8
Layer_0
  10
133.16931
  20
208.24915
  0
VERTEX
  5
61b
  8
Layer_0
  10
132.81111
  20
207.97479
  0
VERTEX
  5
61c
  8
Layer_0
  10
132.46877
  20
207.73008
  0
VERTEX
  5
61d
  8
Layer_0
  10
132.13809
  20
207.51264
  0
VERTEX
  5
61e
  8
Layer_0
  10
131.81488
  20
207.32009
  0
VERTEX
  5
61f
  8
Layer_0
  10
131.17409
  20
207.00014
  0
VERTEX
  5
620
  8
Layer_0
  10
130.51283
  20
206.75119
  0
VERTEX
  5
621
  8
Layer_0
  10
129.79755
  20
206.55423
  0
VERTEX
  5
622
  8
Layer_0
  10
128.99469
  20
206.39021
  0
VERTEX
  5
623
  8
Layer_0
  10
128.74844
  20
206.3537
  0
VERTEX
  5
624
  8
Layer_0
  10
128.45226
  20
206.32241
  0
VERTEX
  5
625
  8
Layer_0
  10
128.09223
  20
206.29582
  0
VERTEX
  5
626
  8
Layer_0
  10
127.65444
  20
206.27343
  0
VERTEX
  5
627
  8
Layer_0
  10
127.40203
  20
206.26365
  0
VERTEX
  5
628
  8
Layer_0
  10
127.12497
  20
206.25472
  0
VERTEX
  5
629
  8
Layer_0
  10
126.8215
  20
206.24659
  0
VERTEX
  5
62a
  8
Layer_0
  10
126.4899
  20
206.23919
  0
VERTEX
  5
62b
  8
Layer_0
  10
126.12843
  20
206.23245
  0
VERTEX
  5
62c
  8
Layer_0
  10
125.73533
  20
206.22631
  0
VERTEX
  5
62d
  8
Layer_0
  10
125.30888
  20
206.22071
  0
VERTEX
  5
62e
  8
Layer_0
  10
124.84734
  20
206.21559
  0
VERTEX
  5
62f
  8
Layer_0
  10
124.2015
  20
206.20782
  0
VERTEX
  5
630
  8
Layer_0
  10
123.63957
  20
206.20138
  0
VERTEX
  5
631
  8
Layer_0
  10
123.15728
  20
206.19696
  0
VERTEX
  5
632
  8
Layer_0
  10
122.75033
  20
206.19526
  0
VERTEX
  5
633
  8
Layer_0
  10
122.41445
  20
206.19699
  0
VERTEX
  5
634
  8
Layer_0
  10
122.14534
  20
206.20285
  0
VERTEX
  5
635
  8
Layer_0
  10
121.93872
  20
206.21354
  0
VERTEX
  5
636
  8
Layer_0
  10
121.79031
  20
206.22977
  0
VERTEX
  5
637
  8
Layer_0
  10
121.69582
  20
206.25225
  0
VERTEX
  5
638
  8
Layer_0
  10
121.65096
  20
206.28167
  0
VERTEX
  5
639
  8
Layer_0
  10
121.65147
  20
206.31874
  0
VERTEX
  5
63a
  8
Layer_0
  10
121.69304
  20
206.36415
  0
VERTEX
  5
63b
  8
Layer_0
  10
121.77139
  20
206.41863
  0
VERTEX
  5
63c
  8
Layer_0
  10
121.88224
  20
206.48286
  0
VERTEX
  5
63d
  8
Layer_0
  10
122.02131
  20
206.55756
  0
VERTEX
  5
63e
  8
Layer_0
  10
122.18431
  20
206.64342
  0
VERTEX
  5
63f
  8
Layer_0
  10
122.30172
  20
206.6994
  0
VERTEX
  5
640
  8
Layer_0
  10
122.4311
  20
206.74424
  0
VERTEX
  5
641
  8
Layer_0
  10
122.59179
  20
206.77986
  0
VERTEX
  5
642
  8
Layer_0
  10
122.80313
  20
206.80822
  0
VERTEX
  5
643
  8
Layer_0
  10
123.08446
  20
206.83126
  0
VERTEX
  5
644
  8
Layer_0
  10
123.45511
  20
206.85092
  0
VERTEX
  5
645
  8
Layer_0
  10
123.67998
  20
206.86009
  0
VERTEX
  5
646
  8
Layer_0
  10
123.93443
  20
206.86915
  0
VERTEX
  5
647
  8
Layer_0
  10
124.22088
  20
206.87834
  0
SEQEND
  0
POLYLINE
  5
649
  8
Layer_0
  62
7
  70
1
  66
1
  10
0
  20
0
  30
0
  0
VERTEX
  5
649
  8
Layer_0
  10
158.8119
  20
214.63251
  0
VERTEX
  5
64a
  8
Layer_0
  10
157.95308
  20
214.63664
  0
VERTEX
  5
64b
  8
Layer_0
  10
157.15757
  20
214.61807
  0
VERTEX
  5
64c
  8
Layer_0
  10
156.42013
  20
214.57455
  0
VERTEX
  5
64d
  8
Layer_0
  10
155.7355
  20
214.50386
  0
VERTEX
  5
64e
  8
Layer_0
  10
155.09846
  20
214.40375
  0
VERTEX
  5
64f
  8
Layer_0
  10
154.50375
  20
214.27199
  0
VERTEX
  5
650
  8
Layer_0
  10
153.94613
  20
214.10633
  0
VERTEX
  5
651
  8
Layer_0
  10
153.42035
  20
213.90454
  0
VERTEX
  5
652
  8
Layer_0
  10
152.92118
  20
213.66439
  0
VERTEX
  5
653
  8
Layer_0
  10
152.44337
  20
213.38362
  0
VERTEX
  5
654
  8
Layer_0
  10
151.98168
  20
213.06001
  0
VERTEX
  5
655
  8
Layer_0
  10
151.53086
  20
212.69131
  0
VERTEX
  5
656
  8
Layer_0
  10
151.08566
  20
212.27529
  0
VERTEX
  5
657
  8
Layer_0
  10
150.64085
  20
211.80971
  0
VERTEX
  5
658
  8
Layer_0
  10
150.19118
  20
211.29233
  0
VERTEX
  5
659
  8
Layer_0
  10
149.7314
  20
210.72091
  0
VERTEX
  5
65a
  8
Layer_0
  10
149.26933
  20
210.14426
  0
VERTEX
  5
65b
  8
Layer_0
  10
148.81953
  20
209.61927
  0
VERTEX
  5
65c
  8
Layer_0
  10
148.38201
  20
209.14606
  0
VERTEX
  5
65d
  8
Layer_0
  10
147.95678
  20
208.72473
  0
VERTEX
  5
65e
  8
Layer_0
  10
147.54381
  20
208.35537
  0
VERTEX
  5
65f
  8
Layer_0
  10
147.14313
  20
208.0381
  0
VERTEX
  5
660
  8
Layer_0
  10
146.75473
  20
207.77301
  0
VERTEX
  5
661
  8
Layer_0
  10
146.3786
  20
207.5602
  0
VERTEX
  5
662
  8
Layer_0
  10
146.0206
  20
207.39095
  0
VERTEX
  5
663
  8
Layer_0
  10
145.67232
  20
207.25392
  0
VERTEX
  5
664
  8
Layer_0
  10
145.31238
  20
207.14534
  0
VERTEX
  5
665
  8
Layer_0
  10
144.91939
  20
207.06143
  0
VERTEX
  5
666
  8
Layer_0
  10
144.47196
  20
206.99838
  0
VERTEX
  5
667
  8
Layer_0
  10
143.94872
  20
206.95242
  0
VERTEX
  5
668
  8
Layer_0
  10
143.65198
  20
206.93467
  0
VERTEX
  5
669
  8
Layer_0
  10
143.32827
  20
206.91976
  0
VERTEX
  5
66a
  8
Layer_0
  10
142.97491
  20
206.90724
  0
VERTEX
  5
66b
  8
Layer_0
  10
142.58923
  20
206.89662
  0
VERTEX
  5
66c
  8
Layer_0
  10
142.19887
  20
206.88973
  0
VERTEX
  5
66d
  8
Layer_0
  10
141.84791
  20
206.88566
  0
VERTEX
  5
66e
  8
Layer_0
  10
141.53382
  20
206.88479
  0
VERTEX
  5
66f
  8
Layer_0
  10
141.25404
  20
206.88748
  0
VERTEX
  5
670
  8
Layer_0
  10
141.00603
  20
206.89412
  0
VERTEX
  5
671
  8
Layer_0
  10
140.78724
  20
206.90507
  0
VERTEX
  5
672
  8
Layer_0
  10
140.59513
  20
206.92069
  0
VERTEX
  5
673
  8
Layer_0
  10
140.42716
  20
206.94137
  0
VERTEX
  5
674
  8
Layer_0
  10
140.15344
  20
206.99937
  0
VERTEX
  5
675
  8
Layer_0
  10
139.94572
  20
207.08203
  0
VERTEX
  5
676
  8
Layer_0
  10
139.78363
  20
207.19231
  0
VERTEX
  5
677
  8
Layer_0
  10
139.6468
  20
207.33319
  0
VERTEX
  5
678
  8
Layer_0
  10
139.50644
  20
207.53764
  0
VERTEX
  5
679
  8
Layer_0
  10
139.43739
  20
207.74915
  0
VERTEX
  5
67a
  8
Layer_0
  10
139.44713
  20
207.98378
  0
VERTEX
  5
67b
  8
Layer_0
  10
139.54312
  20
208.25761
  0
VERTEX
  5
67c
  8
Layer_0
  10
139.6258
  20
208.41423
  0
VERTEX
  5
67d
  8
Layer_0
  10
139.73284
  20
208.58668
  0
VERTEX
  5
67e
  8
Layer_0
  10
139.86518
  20
208.77696
  0
VERTEX
  5
67f
  8
Layer_0
  10
140.02375
  20
208.98708
  0
VERTEX
  5
680
  8
Layer_0
  10
140.20948
  20
209.21904
  0
VERTEX
  5
681
  8
Layer_0
  10
140.42332
  20
209.47485
  0
VERTEX
  5
682
  8
Layer_0
  10
140.66619
  20
209.75652
  0
VERTEX
  5
683
  8
Layer_0
  10
140.93903
  20
210.06607
  0
VERTEX
  5
684
  8
Layer_0
  10
141.31982
  20
210.48965
  0
VERTEX
  5
685
  8
Layer_0
  10
141.67176
  20
210.87461
  0
VERTEX
  5
686
  8
Layer_0
  10
141.99767
  20
211.22328
  0
VERTEX
  5
687
  8
Layer_0
  10
142.30043
  20
211.53796
  0
VERTEX
  5
688
  8
Layer_0
  10
142.58287
  20
211.82098
  0
VERTEX
  5
689
  8
Layer_0
  10
142.84785
  20
212.07465
  0
VERTEX
  5
68a
  8
Layer_0
  10
143.09823
  20
212.30127
  0
VERTEX
  5
68b
  8
Layer_0
  10
143.33685
  20
212.50318
  0
VERTEX
  5
68c
  8
Layer_0
  10
143.79025
  20
212.84208
  0
VERTEX
  5
68d
  8
Layer_0
  10
144.23085
  20
213.10986
  0
VERTEX
  5
68e
  8
Layer_0
  10
144.68149
  20
213.32506
  0
VERTEX
  5
68f
  8
Layer_0
  10
145.16496
  20
213.50618
  0
VERTEX
  5
690
  8
Layer_0
  10
145.45879
  20
213.59489
  0
VERTEX
  5
691
  8
Layer_0
  10
145.79334
  20
213.67726
  0
VERTEX
  5
692
  8
Layer_0
  10
146.16349
  20
213.75267
  0
VERTEX
  5
693
  8
Layer_0
  10
146.56414
  20
213.8205
  0
VERTEX
  5
694
  8
Layer_0
  10
147.43645
  20
213.93101
  0
VERTEX
  5
695
  8
Layer_0
  10
148.36932
  20
214.00386
  0
VERTEX
  5
696
  8
Layer_0
  10
148.79352
  20
214.02797
  0
VERTEX
  5
697
  8
Layer_0
  10
149.14354
  20
214.05598
  0
VERTEX
  5
698
  8
Layer_0
  10
149.43032
  20
214.09012
  0
VERTEX
  5
699
  8
Layer_0
  10
149.66482
  20
214.13265
  0
VERTEX
  5
69a
  8
Layer_0
  10
150.02076
  20
214.25188
  0
VERTEX
  5
69b
  8
Layer_0
  10
150.29893
  20
214.43169
  0
VERTEX
  5
69c
  8
Layer_0
  10
150.56087
  20
214.64998
  0
VERTEX
  5
69d
  8
Layer_0
  10
147.9415
  20
214.64124
  0
VERTEX
  5
69e
  8
Layer_0
  10
147.4444
  20
214.63762
  0
VERTEX
  5
69f
  8
Layer_0
  10
146.99211
  20
214.63313
  0
VERTEX
  5
6a0
  8
Layer_0
  10
146.58137
  20
214.62751
  0
VERTEX
  5
6a1
  8
Layer_0
  10
146.20889
  20
214.62051
  0
VERTEX
  5
6a2
  8
Layer_0
  10
145.87141
  20
214.61187
  0
VERTEX
  5
6a3
  8
Layer_0
  10
145.56564
  20
214.60134
  0
VERTEX
  5
6a4
  8
Layer_0
  10
145.28832
  20
214.58866
  0
VERTEX
  5
6a5
  8
Layer_0
  10
145.03617
  20
214.57358
  0
VERTEX
  5
6a6
  8
Layer_0
  10
144.59429
  20
214.53517
  0
VERTEX
  5
6a7
  8
Layer_0
  10
144.2138
  20
214.48408
  0
VERTEX
  5
6a8
  8
Layer_0
  10
143.8685
  20
214.41825
  0
VERTEX
  5
6a9
  8
Layer_0
  10
143.53221
  20
214.33565
  0
VERTEX
  5
6aa
  8
Layer_0
  10
143.12701
  20
214.22131
  0
VERTEX
  5
6ab
  8
Layer_0
  10
142.76919
  20
214.08722
  0
VERTEX
  5
6ac
  8
Layer_0
  10
142.41934
  20
213.90299
  0
VERTEX
  5
6ad
  8
Layer_0
  10
142.03808
  20
213.63824
  0
VERTEX
  5
6ae
  8
Layer_0
  10
141.82336
  20
213.46617
  0
VERTEX
  5
6af
  8
Layer_0
  10
141.58602
  20
213.26257
  0
VERTEX
  5
6b0
  8
Layer_0
  10
141.32112
  20
213.02365
  0
VERTEX
  5
6b1
  8
Layer_0
  10
141.02375
  20
212.74561
  0
VERTEX
  5
6b2
  8
Layer_0
  10
140.68899
  20
212.42464
  0
VERTEX
  5
6b3
  8
Layer_0
  10
140.3119
  20
212.05695
  0
VERTEX
  5
6b4
  8
Layer_0
  10
139.88756
  20
211.63874
  0
VERTEX
  5
6b5
  8
Layer_0
  10
139.41106
  20
211.16621
  0
VERTEX
  5
6b6
  8
Layer_0
  10
138.90255
  20
210.66184
  0
VERTEX
  5
6b7
  8
Layer_0
  10
138.41911
  20
210.17794
  0
VERTEX
  5
6b8
  8
Layer_0
  10
137.97189
  20
209.72596
  0
VERTEX
  5
6b9
  8
Layer_0
  10
137.57204
  20
209.31736
  0
VERTEX
  5
6ba
  8
Layer_0
  10
137.23072
  20
208.96361
  0
VERTEX
  5
6bb
  8
Layer_0
  10
136.95908
  20
208.67616
  0
VERTEX
  5
6bc
  8
Layer_0
  10
136.85287
  20
208.56088
  0
VERTEX
  5
6bd
  8
Layer_0
  10
136.76827
  20
208.46648
  0
VERTEX
  5
6be
  8
Layer_0
  10
136.70666
  20
208.39437
  0
VERTEX
  5
6bf
  8
Layer_0
  10
136.66945
  20
208.34601
  42
0.12986699
  0
VERTEX
  5
6c0
  8
Layer_0
  10
136.39005
  20
207.59512
  0
VERTEX
  5
6c1
  8
Layer_0
  10
136.3775
  20
207.36347
  0
VERTEX
  5
6c2
  8
Layer_0
  10
136.40097
  20
207.20222
  0
VERTEX
  5
6c3
  8
Layer_0
  10
136.47355
  20
207.06716
  0
VERTEX
  5
6c4
  8
Layer_0
  10
136.60834
  20
206.91409
  42
0.11643767
  0
VERTEX
  5
6c5
  8
Layer_0
  10
137.2981
  20
206.51245
  0
VERTEX
  5
6c6
  8
Layer_0
  10
137.61805
  20
206.41228
  0
VERTEX
  5
6c7
  8
Layer_0
  10
137.97995
  20
206.33319
  0
VERTEX
  5
6c8
  8
Layer_0
  10
138.18796
  20
206.30097
  0
VERTEX
  5
6c9
  8
Layer_0
  10
138.42003
  20
206.27333
  0
VERTEX
  5
6ca
  8
Layer_0
  10
138.6807
  20
206.25004
  0
VERTEX
  5
6cb
  8
Layer_0
  10
138.9745
  20
206.23087
  0
VERTEX
  5
6cc
  8
Layer_0
  10
139.30595
  20
206.21558
  0
VERTEX
  5
6cd
  8
Layer_0
  10
139.67958
  20
206.20396
  0
VERTEX
  5
6ce
  8
Layer_0
  10
140.09992
  20
206.19576
  0
VERTEX
  5
6cf
  8
Layer_0
  10
140.5715
  20
206.19076
  0
VERTEX
  5
6d0
  8
Layer_0
  10
141.09884
  20
206.18872
  0
VERTEX
  5
6d1
  8
Layer_0
  10
141.68648
  20
206.18943
  0
VERTEX
  5
6d2
  8
Layer_0
  10
142.33893
  20
206.19264
  0
VERTEX
  5
6d3
  8
Layer_0
  10
143.06073
  20
206.19812
  0
VERTEX
  5
6d4
  8
Layer_0
  10
143.71395
  20
206.20441
  0
VERTEX
  5
6d5
  8
Layer_0
  10
144.29233
  20
206.21039
  0
VERTEX
  5
6d6
  8
Layer_0
  10
144.80147
  20
206.21633
  0
VERTEX
  5
6d7
  8
Layer_0
  10
145.24695
  20
206.22254
  0
VERTEX
  5
6d8
  8
Layer_0
  10
145.63437
  20
206.22932
  0
VERTEX
  5
6d9
  8
Layer_0
  10
145.96931
  20
206.23695
  0
VERTEX
  5
6da
  8
Layer_0
  10
146.25736
  20
206.24574
  0
VERTEX
  5
6db
  8
Layer_0
  10
146.50411
  20
206.25597
  0
VERTEX
  5
6dc
  8
Layer_0
  10
146.89608
  20
206.28194
  0
VERTEX
  5
6dd
  8
Layer_0
  10
147.18992
  20
206.31722
  0
VERTEX
  5
6de
  8
Layer_0
  10
147.43036
  20
206.36417
  0
VERTEX
  5
6df
  8
Layer_0
  10
147.66209
  20
206.42514
  0
VERTEX
  5
6e0
  8
Layer_0
  10
148.22009
  20
206.6024
  0
VERTEX
  5
6e1
  8
Layer_0
  10
148.73727
  20
206.82009
  0
VERTEX
  5
6e2
  8
Layer_0
  10
149.22681
  20
207.08832
  0
VERTEX
  5
6e3
  8
Layer_0
  10
149.70193
  20
207.41722
  0
VERTEX
  5
6e4
  8
Layer_0
  10
150.17582
  20
207.81694
  0
VERTEX
  5
6e5
  8
Layer_0
  10
150.66169
  20
208.29758
  0
VERTEX
  5
6e6
  8
Layer_0
  10
150.91323
  20
208.57142
  0
VERTEX
  5
6e7
  8
Layer_0
  10
151.17272
  20
208.86929
  0
VERTEX
  5
6e8
  8
Layer_0
  10
151.4418
  20
209.19246
  0
VERTEX
  5
6e9
  8
Layer_0
  10
151.72212
  20
209.54219
  42
-0.029533296
  0
VERTEX
  5
6ea
  8
Layer_0
  10
153.65173
  20
211.69008
  0
VERTEX
  5
6eb
  8
Layer_0
  10
153.99036
  20
212.02321
  0
VERTEX
  5
6ec
  8
Layer_0
  10
154.27015
  20
212.29076
  0
VERTEX
  5
6ed
  8
Layer_0
  10
154.50676
  20
212.5049
  0
VERTEX
  5
6ee
  8
Layer_0
  10
154.71585
  20
212.6778
  0
VERTEX
  5
6ef
  8
Layer_0
  10
155.11408
  20
212.94861
  0
VERTEX
  5
6f0
  8
Layer_0
  10
155.59007
  20
213.20059
  0
VERTEX
  5
6f1
  8
Layer_0
  10
156.29949
  20
213.50413
  0
VERTEX
  5
6f2
  8
Layer_0
  10
157.06784
  20
213.73647
  0
VERTEX
  5
6f3
  8
Layer_0
  10
157.48127
  20
213.82721
  0
VERTEX
  5
6f4
  8
Layer_0
  10
157.91804
  20
213.90168
  0
VERTEX
  5
6f5
  8
Layer_0
  10
158.381
  20
213.96039
  0
VERTEX
  5
6f6
  8
Layer_0
  10
158.87302
  20
214.00386
  0
VERTEX
  5
6f7
  8
Layer_0
  10
159.11644
  20
214.02349
  0
VERTEX
  5
6f8
  8
Layer_0
  10
159.31586
  20
214.04465
  0
VERTEX
  5
6f9
  8
Layer_0
  10
159.48049
  20
214.0697
  0
VERTEX
  5
6fa
  8
Layer_0
  10
159.61954
  20
214.101
  0
VERTEX
  5
6fb
  8
Layer_0
  10
159.85774
  20
214.19172
  0
VERTEX
  5
6fc
  8
Layer_0
  10
160.10413
  20
214.33565
  0
VERTEX
  5
6fd
  8
Layer_0
  10
160.5145
  20
214.60632
  0
VERTEX
  5
6fe
  8
Layer_0
  10
158.8119
  20
214.63251
  0
SEQEND
  0
POLYLINE
  5
700
  8
Layer_0
  62
7
  70
1
  66
1
  10
0
  20
0
  30
0
  0
VERTEX
  5
700
  8
Layer_0
  10
144.43153
  20
210.76457
  0
VERTEX
  5
701
  8
Layer_0
  10
144.72223
  20
210.77557
  0
VERTEX
  5
702
  8
Layer_0
  10
144.98039
  20
210.78587
  0
VERTEX
  5
703
  8
Layer_0
  10
145.2085
  20
210.79578
  0
VERTEX
  5
704
  8
Layer_0
  10
145.40903
  20
210.80563
  0
VERTEX
  5
705
  8
Layer_0
  10
145.73718
  20
210.82642
  0
VERTEX
  5
706
  8
Layer_0
  10
145.9846
  20
210.85079
  0
VERTEX
  5
707
  8
Layer_0
  10
146.31625
  20
210.9205
  0
VERTEX
  5
708
  8
Layer_0
  10
146.56195
  20
211.03524
  0
VERTEX
  5
709
  8
Layer_0
  10
146.70847
  20
211.12337
  0
VERTEX
  5
70a
  8
Layer_0
  10
146.83699
  20
211.20986
  0
VERTEX
  5
70b
  8
Layer_0
  10
146.93277
  20
211.28326
  0
VERTEX
  5
70c
  8
Layer_0
  10
146.98106
  20
211.3321
  0
VERTEX
  5
70d
  8
Layer_0
  10
146.95434
  20
211.35349
  0
VERTEX
  5
70e
  8
Layer_0
  10
146.85161
  20
211.37182
  0
VERTEX
  5
70f
  8
Layer_0
  10
146.68322
  20
211.3871
  0
VERTEX
  5
710
  8
Layer_0
  10
146.45951
  20
211.39936
  0
VERTEX
  5
711
  8
Layer_0
  10
145.88752
  20
211.41483
  0
VERTEX
  5
712
  8
Layer_0
  10
145.21844
  20
211.41832
  0
VERTEX
  5
713
  8
Layer_0
  10
144.53503
  20
211.40995
  0
VERTEX
  5
714
  8
Layer_0
  10
143.92007
  20
211.38981
  0
VERTEX
  5
715
  8
Layer_0
  10
143.66413
  20
211.37536
  0
VERTEX
  5
716
  8
Layer_0
  10
143.45635
  20
211.358
  0
VERTEX
  5
717
  8
Layer_0
  10
143.30706
  20
211.33776
  0
VERTEX
  5
718
  8
Layer_0
  10
143.22662
  20
211.31464
  0
VERTEX
  5
719
  8
Layer_0
  10
143.03481
  20
211.18967
  0
VERTEX
  5
71a
  8
Layer_0
  10
142.85118
  20
211.03524
  0
VERTEX
  5
71b
  8
Layer_0
  10
142.71339
  20
210.88735
  0
VERTEX
  5
71c
  8
Layer_0
  10
142.65909
  20
210.78203
  0
VERTEX
  5
71d
  8
Layer_0
  10
142.6912
  20
210.76731
  0
VERTEX
  5
71e
  8
Layer_0
  10
142.78501
  20
210.75597
  0
VERTEX
  5
71f
  8
Layer_0
  10
142.93673
  20
210.74811
  0
VERTEX
  5
720
  8
Layer_0
  10
143.14258
  20
210.74383
  0
VERTEX
  5
721
  8
Layer_0
  10
143.39877
  20
210.74323
  0
VERTEX
  5
722
  8
Layer_0
  10
143.70152
  20
210.74642
  0
VERTEX
  5
723
  8
Layer_0
  10
144.04703
  20
210.7535
  0
SEQEND
  0
POLYLINE
  5
725
  8
Layer_0
  62
7
  70
1
  66
1
  10
0
  20
0
  30
0
  0
VERTEX
  5
725
  8
Layer_0
  10
163.12514
  20
213.14819
  42
0.0060929221
  0
VERTEX
  5
726
  8
Layer_0
  10
158.38406
  20
208.17139
  0
VERTEX
  5
727
  8
Layer_0
  10
158.05505
  20
207.81953
  0
VERTEX
  5
728
  8
Layer_0
  10
157.7652
  20
207.51179
  0
VERTEX
  5
729
  8
Layer_0
  10
157.50927
  20
207.2452
  0
VERTEX
  5
72a
  8
Layer_0
  10
157.28202
  20
207.01682
  0
VERTEX
  5
72b
  8
Layer_0
  10
157.0782
  20
206.82368
  0
VERTEX
  5
72c
  8
Layer_0
  10
156.89256
  20
206.66284
  0
VERTEX
  5
72d
  8
Layer_0
  10
156.71987
  20
206.53134
  0
VERTEX
  5
72e
  8
Layer_0
  10
156.55487
  20
206.42623
  0
VERTEX
  5
72f
  8
Layer_0
  10
156.22701
  20
206.28334
  0
VERTEX
  5
730
  8
Layer_0
  10
155.86702
  20
206.21054
  0
VERTEX
  5
731
  8
Layer_0
  10
155.66186
  20
206.19304
  0
VERTEX
  5
732
  8
Layer_0
  10
155.43294
  20
206.18419
  0
VERTEX
  5
733
  8
Layer_0
  10
155.17502
  20
206.18105
  0
VERTEX
  5
734
  8
Layer_0
  10
154.88284
  20
206.18066
  0
VERTEX
  5
735
  8
Layer_0
  10
153.73032
  20
206.18066
  0
VERTEX
  5
736
  8
Layer_0
  10
154.0883
  20
206.60849
  0
VERTEX
  5
737
  8
Layer_0
  10
154.17711
  20
206.70986
  0
VERTEX
  5
738
  8
Layer_0
  10
154.29955
  20
206.8438
  0
VERTEX
  5
739
  8
Layer_0
  10
154.45329
  20
207.008
  0
VERTEX
  5
73a
  8
Layer_0
  10
154.636
  20
207.20012
  0
VERTEX
  5
73b
  8
Layer_0
  10
154.84534
  20
207.41786
  0
VERTEX
  5
73c
  8
Layer_0
  10
155.07899
  20
207.65888
  0
VERTEX
  5
73d
  8
Layer_0
  10
155.3346
  20
207.92088
  0
VERTEX
  5
73e
  8
Layer_0
  10
155.60986
  20
208.20154
  0
VERTEX
  5
73f
  8
Layer_0
  10
156.20994
  20
208.80952
  0
VERTEX
  5
740
  8
Layer_0
  10
156.86059
  20
209.46428
  0
VERTEX
  5
741
  8
Layer_0
  10
157.54313
  20
210.14725
  0
VERTEX
  5
742
  8
Layer_0
  10
158.23892
  20
210.83987
  0
VERTEX
  5
743
  8
Layer_0
  10
158.92928
  20
211.5236
  0
VERTEX
  5
744
  8
Layer_0
  10
159.59555
  20
212.17987
  0
VERTEX
  5
745
  8
Layer_0
  10
160.21908
  20
212.79011
  0
VERTEX
  5
746
  8
Layer_0
  10
160.78121
  20
213.33578
  0
VERTEX
  5
747
  8
Layer_0
  10
161.03342
  20
213.5786
  0
VERTEX
  5
748
  8
Layer_0
  10
161.26327
  20
213.79832
  0
VERTEX
  5
749
  8
Layer_0
  10
161.46845
  20
213.99261
  0
VERTEX
  5
74a
  8
Layer_0
  10
161.64661
  20
214.15916
  0
VERTEX
  5
74b
  8
Layer_0
  10
161.79542
  20
214.29565
  0
VERTEX
  5
74c
  8
Layer_0
  10
161.91256
  20
214.39976
  0
VERTEX
  5
74d
  8
Layer_0
  10
161.99569
  20
214.46916
  0
VERTEX
  5
74e
  8
Layer_0
  10
162.04247
  20
214.50154
  0
VERTEX
  5
74f
  8
Layer_0
  10
162.24424
  20
214.57262
  0
VERTEX
  5
750
  8
Layer_0
  10
162.52377
  20
214.61832
  0
VERTEX
  5
751
  8
Layer_0
  10
162.70575
  20
214.63294
  0
VERTEX
  5
752
  8
Layer_0
  10
162.92282
  20
214.64274
  0
VERTEX
  5
753
  8
Layer_0
  10
163.18021
  20
214.64825
  0
VERTEX
  5
754
  8
Layer_0
  10
163.48312
  20
214.64997
  0
VERTEX
  5
755
  8
Layer_0
  10
164.60945
  20
214.64998
  0
SEQEND
  0
POLYLINE
  5
757
  8
Layer_0
  62
7
  70
1
  66
1
  10
0
  20
0
  30
0
  0
VERTEX
  5
757
  8
Layer_0
  10
174.57181
  20
214.34438
  0
VERTEX
  5
758
  8
Layer_0
  10
174.30946
  20
214.20454
  0
VERTEX
  5
759
  8
Layer_0
  10
174.0774
  20
214.10973
  0
VERTEX
  5
75a
  8
Layer_0
  10
173.86335
  20
214.05584
  0
VERTEX
  5
75b
  8
Layer_0
  10
173.65503
  20
214.03879
  0
VERTEX
  5
75c
  8
Layer_0
  10
173.42842
  20
214.02745
  0
VERTEX
  5
75d
  8
Layer_0
  10
173.18299
  20
213.99881
  0
VERTEX
  5
75e
  8
Layer_0
  10
172.91219
  20
213.95115
  0
VERTEX
  5
75f
  8
Layer_0
  10
172.60946
  20
213.88272
  0
VERTEX
  5
760
  8
Layer_0
  10
172.26826
  20
213.79177
  0
VERTEX
  5
761
  8
Layer_0
  10
171.88204
  20
213.67658
  0
VERTEX
  5
762
  8
Layer_0
  10
171.44425
  20
213.53539
  0
VERTEX
  5
763
  8
Layer_0
  10
170.94834
  20
213.36648
  0
VERTEX
  5
764
  8
Layer_0
  10
170.29985
  20
213.13721
  0
VERTEX
  5
765
  8
Layer_0
  10
169.67516
  20
212.9116
  0
VERTEX
  5
766
  8
Layer_0
  10
169.07618
  20
212.69044
  0
VERTEX
  5
767
  8
Layer_0
  10
168.50482
  20
212.47453
  0
VERTEX
  5
768
  8
Layer_0
  10
167.96297
  20
212.26465
  0
VERTEX
  5
769
  8
Layer_0
  10
167.45255
  20
212.0616
  0
VERTEX
  5
76a
  8
Layer_0
  10
166.97545
  20
211.86618
  0
VERTEX
  5
76b
  8
Layer_0
  10
166.5336
  20
211.67917
  0
VERTEX
  5
76c
  8
Layer_0
  10
166.12889
  20
211.50136
  0
VERTEX
  5
76d
  8
Layer_0
  10
165.76322
  20
211.33356
  0
VERTEX
  5
76e
  8
Layer_0
  10
165.43851
  20
211.17656
  0
VERTEX
  5
76f
  8
Layer_0
  10
165.15665
  20
211.03114
  0
VERTEX
  5
770
  8
Layer_0
  10
164.91957
  20
210.89811
  0
VERTEX
  5
771
  8
Layer_0
  10
164.72915
  20
210.77824
  0
VERTEX
  5
772
  8
Layer_0
  10
164.58731
  20
210.67235
  0
VERTEX
  5
773
  8
Layer_0
  10
164.49595
  20
210.58121
  0
VERTEX
  5
774
  8
Layer_0
  10
164.41634
  20
210.47079
  0
VERTEX
  5
775
  8
Layer_0
  10
164.3617
  20
210.36907
  0
VERTEX
  5
776
  8
Layer_0
  10
164.33326
  20
210.26673
  0
VERTEX
  5
777
  8
Layer_0
  10
164.33224
  20
210.15447
  0
VERTEX
  5
778
  8
Layer_0
  10
164.35986
  20
210.02297
  0
VERTEX
  5
779
  8
Layer_0
  10
164.41736
  20
209.86293
  0
VERTEX
  5
77a
  8
Layer_0
  10
164.50597
  20
209.66503
  0
VERTEX
  5
77b
  8
Layer_0
  10
164.62691
  20
209.41995
  0
VERTEX
  5
77c
  8
Layer_0
  10
164.96771
  20
208.84888
  0
VERTEX
  5
77d
  8
Layer_0
  10
165.40181
  20
208.30235
  0
VERTEX
  5
77e
  8
Layer_0
  10
165.64209
  20
208.05109
  0
VERTEX
  5
77f
  8
Layer_0
  10
165.89158
  20
207.82132
  0
VERTEX
  5
780
  8
Layer_0
  10
166.14557
  20
207.61815
  0
VERTEX
  5
781
  8
Layer_0
  10
166.39936
  20
207.44669
  0
VERTEX
  5
782
  8
Layer_0
  10
166.70932
  20
207.27106
  0
VERTEX
  5
783
  8
Layer_0
  10
167.00618
  20
207.1336
  0
VERTEX
  5
784
  8
Layer_0
  10
167.32269
  20
207.02908
  0
VERTEX
  5
785
  8
Layer_0
  10
167.69158
  20
206.95229
  0
VERTEX
  5
786
  8
Layer_0
  10
167.90591
  20
206.92266
  0
VERTEX
  5
787
  8
Layer_0
  10
168.14561
  20
206.898
  0
VERTEX
  5
788
  8
Layer_0
  10
168.41478
  20
206.87768
  0
VERTEX
  5
789
  8
Layer_0
  10
168.7175
  20
206.86102
  0
VERTEX
  5
78a
  8
Layer_0
  10
169.05789
  20
206.84738
  0
VERTEX
  5
78b
  8
Layer_0
  10
169.44002
  20
206.8361
  0
VERTEX
  5
78c
  8
Layer_0
  10
169.86799
  20
206.82654
  0
VERTEX
  5
78d
  8
Layer_0
  10
170.34589
  20
206.81804
  0
VERTEX
  5
78e
  8
Layer_0
  10
170.83534
  20
206.80997
  0
VERTEX
  5
78f
  8
Layer_0
  10
171.29266
  20
206.80542
  0
VERTEX
  5
790
  8
Layer_0
  10
171.71885
  20
206.80446
  0
VERTEX
  5
791
  8
Layer_0
  10
172.11492
  20
206.80713
  0
VERTEX
  5
792
  8
Layer_0
  10
172.48187
  20
206.81348
  0
VERTEX
  5
793
  8
Layer_0
  10
172.82073
  20
206.82357
  0
VERTEX
  5
794
  8
Layer_0
  10
173.1325
  20
206.83744
  0
VERTEX
  5
795
  8
Layer_0
  10
173.41819
  20
206.85515
  0
VERTEX
  5
796
  8
Layer_0
  10
173.91538
  20
206.90229
  0
VERTEX
  5
797
  8
Layer_0
  10
174.32037
  20
206.96538
  0
VERTEX
  5
798
  8
Layer_0
  10
174.64126
  20
207.04485
  0
VERTEX
  5
799
  8
Layer_0
  10
174.88613
  20
207.1411
  0
VERTEX
  5
79a
  8
Layer_0
  10
175.00735
  20
207.21583
  0
VERTEX
  5
79b
  8
Layer_0
  10
175.17853
  20
207.33951
  0
VERTEX
  5
79c
  8
Layer_0
  10
175.3958
  20
207.5087
  0
VERTEX
  5
79d
  8
Layer_0
  10
175.6553
  20
207.71995
  0
VERTEX
  5
79e
  8
Layer_0
  10
175.95317
  20
207.96983
  0
VERTEX
  5
79f
  8
Layer_0
  10
176.28555
  20
208.2549
  0
VERTEX
  5
7a0
  8
Layer_0
  10
176.64858
  20
208.5717
  0
VERTEX
  5
7a1
  8
Layer_0
  10
177.03839
  20
208.91682
  0
VERTEX
  5
7a2
  8
Layer_0
  10
177.88289
  20
209.67819
  0
VERTEX
  5
7a3
  8
Layer_0
  10
178.78818
  20
210.5115
  0
VERTEX
  5
7a4
  8
Layer_0
  10
179.72335
  20
211.38921
  0
VERTEX
  5
7a5
  8
Layer_0
  10
180.65749
  20
212.28381
  0
VERTEX
  5
7a6
  8
Layer_0
  10
180.96873
  20
212.58578
  0
VERTEX
  5
7a7
  8
Layer_0
  10
181.21888
  20
212.83497
  0
VERTEX
  5
7a8
  8
Layer_0
  10
181.41399
  20
213.03831
  0
VERTEX
  5
7a9
  8
Layer_0
  10
181.56008
  20
213.20277
  0
VERTEX
  5
7aa
  8
Layer_0
  10
181.6632
  20
213.33531
  0
VERTEX
  5
7ab
  8
Layer_0
  10
181.72938
  20
213.44288
  0
VERTEX
  5
7ac
  8
Layer_0
  10
181.76467
  20
213.53244
  0
VERTEX
  5
7ad
  8
Layer_0
  10
181.77509
  20
213.61095
  0
VERTEX
  5
7ae
  8
Layer_0
  10
181.76288
  20
213.74318
  0
VERTEX
  5
7af
  8
Layer_0
  10
181.71997
  20
213.84697
  0
VERTEX
  5
7b0
  8
Layer_0
  10
181.63695
  20
213.92497
  0
VERTEX
  5
7b1
  8
Layer_0
  10
181.50442
  20
213.97985
  0
VERTEX
  5
7b2
  8
Layer_0
  10
181.31294
  20
214.01426
  0
VERTEX
  5
7b3
  8
Layer_0
  10
181.05312
  20
214.03087
  0
VERTEX
  5
7b4
  8
Layer_0
  10
180.71554
  20
214.03234
  0
VERTEX
  5
7b5
  8
Layer_0
  10
180.29078
  20
214.02132
  0
VERTEX
  5
7b6
  8
Layer_0
  10
179.94229
  20
214.01104
  0
VERTEX
  5
7b7
  8
Layer_0
  10
179.66554
  20
213.99799
  0
VERTEX
  5
7b8
  8
Layer_0
  10
179.44465
  20
213.97942
  0
VERTEX
  5
7b9
  8
Layer_0
  10
179.26376
  20
213.95257
  0
VERTEX
  5
7ba
  8
Layer_0
  10
178.95858
  20
213.86293
  0
VERTEX
  5
7bb
  8
Layer_0
  10
178.62311
  20
213.707
  0
VERTEX
  5
7bc
  8
Layer_0
  10
178.51883
  20
213.64938
  0
VERTEX
  5
7bd
  8
Layer_0
  10
178.38931
  20
213.56815
  0
VERTEX
  5
7be
  8
Layer_0
  10
178.23446
  20
213.46324
  0
VERTEX
  5
7bf
  8
Layer_0
  10
178.05421
  20
213.33456
  0
VERTEX
  5
7c0
  8
Layer_0
  10
177.84849
  20
213.18204
  0
VERTEX
  5
7c1
  8
Layer_0
  10
177.61721
  20
213.0056
  0
VERTEX
  5
7c2
  8
Layer_0
  10
177.3603
  20
212.80517
  0
VERTEX
  5
7c3
  8
Layer_0
  10
177.07768
  20
212.58067
  0
VERTEX
  5
7c4
  8
Layer_0
  10
176.76927
  20
212.33202
  0
VERTEX
  5
7c5
  8
Layer_0
  10
176.43501
  20
212.05915
  0
VERTEX
  5
7c6
  8
Layer_0
  10
176.07481
  20
211.76197
  0
VERTEX
  5
7c7
  8
Layer_0
  10
175.68859
  20
211.44042
  0
VERTEX
  5
7c8
  8
Layer_0
  10
175.27628
  20
211.09442
  0
VERTEX
  5
7c9
  8
Layer_0
  10
174.83781
  20
210.72388
  0
VERTEX
  5
7ca
  8
Layer_0
  10
174.37309
  20
210.32873
  0
VERTEX
  5
7cb
  8
Layer_0
  10
173.88204
  20
209.90891
  0
VERTEX
  5
7cc
  8
Layer_0
  10
173.57751
  20
209.65159
  0
VERTEX
  5
7cd
  8
Layer_0
  10
173.32679
  20
209.45638
  0
VERTEX
  5
7ce
  8
Layer_0
  10
173.10268
  20
209.31417
  0
VERTEX
  5
7cf
  8
Layer_0
  10
172.87795
  20
209.21586
  0
VERTEX
  5
7d0
  8
Layer_0
  10
172.62539
  20
209.15234
  0
VERTEX
  5
7d1
  8
Layer_0
  10
172.31778
  20
209.1145
  0
VERTEX
  5
7d2
  8
Layer_0
  10
172.13483
  20
209.10236
  0
VERTEX
  5
7d3
  8
Layer_0
  10
171.92791
  20
209.09323
  0
VERTEX
  5
7d4
  8
Layer_0
  10
171.69362
  20
209.08597
  0
VERTEX
  5
7d5
  8
Layer_0
  10
171.42856
  20
209.07944
  0
VERTEX
  5
7d6
  8
Layer_0
  10
170.12759
  20
209.04451
  0
VERTEX
  5
7d7
  8
Layer_0
  10
171.99609
  20
210.59868
  0
VERTEX
  5
7d8
  8
Layer_0
  10
172.3402
  20
210.88468
  0
VERTEX
  5
7d9
  8
Layer_0
  10
172.66422
  20
211.15374
  0
VERTEX
  5
7da
  8
Layer_0
  10
172.96899
  20
211.40646
  0
VERTEX
  5
7db
  8
Layer_0
  10
173.25535
  20
211.64344
  0
VERTEX
  5
7dc
  8
Layer_0
  10
173.77616
  20
212.07259
  0
VERTEX
  5
7dd
  8
Layer_0
  10
174.23333
  20
212.44602
  0
VERTEX
  5
7de
  8
Layer_0
  10
174.63357
  20
212.76854
  0
VERTEX
  5
7df
  8
Layer_0
  10
174.98356
  20
213.04498
  0
VERTEX
  5
7e0
  8
Layer_0
  10
175.28998
  20
213.28015
  0
VERTEX
  5
7e1
  8
Layer_0
  10
175.55953
  20
213.47889
  0
VERTEX
  5
7e2
  8
Layer_0
  10
175.79889
  20
213.64602
  0
VERTEX
  5
7e3
  8
Layer_0
  10
176.01476
  20
213.78635
  0
VERTEX
  5
7e4
  8
Layer_0
  10
176.21383
  20
213.9047
  0
VERTEX
  5
7e5
  8
Layer_0
  10
176.40278
  20
214.00591
  0
VERTEX
  5
7e6
  8
Layer_0
  10
176.77708
  20
214.17615
  0
VERTEX
  5
7e7
  8
Layer_0
  10
177.19118
  20
214.33565
  0
VERTEX
  5
7e8
  8
Layer_0
  10
177.88968
  20
214.5976
  0
VERTEX
  5
7e9
  8
Layer_0
  10
180.48286
  20
214.63251
  0
VERTEX
  5
7ea
  8
Layer_0
  10
180.98893
  20
214.63796
  0
VERTEX
  5
7eb
  8
Layer_0
  10
181.44218
  20
214.64092
  0
VERTEX
  5
7ec
  8
Layer_0
  10
181.84626
  20
214.64093
  0
VERTEX
  5
7ed
  8
Layer_0
  10
182.20483
  20
214.63756
  0
VERTEX
  5
7ee
  8
Layer_0
  10
182.52156
  20
214.63035
  0
VERTEX
  5
7ef
  8
Layer_0
  10
182.80009
  20
214.61885
  0
VERTEX
  5
7f0
  8
Layer_0
  10
183.04409
  20
214.60262
  0
VERTEX
  5
7f1
  8
Layer_0
  10
183.25722
  20
214.58121
  0
VERTEX
  5
7f2
  8
Layer_0
  10
183.60548
  20
214.52107
  0
VERTEX
  5
7f3
  8
Layer_0
  10
183.87414
  20
214.43483
  0
VERTEX
  5
7f4
  8
Layer_0
  10
184.09245
  20
214.31892
  0
VERTEX
  5
7f5
  8
Layer_0
  10
184.28969
  20
214.16975
  0
VERTEX
  5
7f6
  8
Layer_0
  10
184.49806
  20
213.95968
  0
VERTEX
  5
7f7
  8
Layer_0
  10
184.61261
  20
213.74315
  0
VERTEX
  5
7f8
  8
Layer_0
  10
184.63172
  20
213.62688
  0
VERTEX
  5
7f9
  8
Layer_0
  10
184.62381
  20
213.50227
  0
VERTEX
  5
7fa
  8
Layer_0
  10
184.58769
  20
213.36711
  0
VERTEX
  5
7fb
  8
Layer_0
  10
184.52216
  20
213.21914
  0
VERTEX
  5
7fc
  8
Layer_0
  10
184.42604
  20
213.05613
  0
VERTEX
  5
7fd
  8
Layer_0
  10
184.29813
  20
212.87584
  0
VERTEX
  5
7fe
  8
Layer_0
  10
184.13725
  20
212.67603
  0
VERTEX
  5
7ff
  8
Layer_0
  10
183.94221
  20
212.45447
  0
VERTEX
  5
800
  8
Layer_0
  10
183.71182
  20
212.20892
  0
VERTEX
  5
801
  8
Layer_0
  10
183.44489
  20
211.93713
  0
VERTEX
  5
802
  8
Layer_0
  10
183.14023
  20
211.63687
  0
VERTEX
  5
803
  8
Layer_0
  10
182.79665
  20
211.3059
  0
VERTEX
  5
804
  8
Layer_0
  10
182.0599
  20
210.60855
  0
VERTEX
  5
805
  8
Layer_0
  10
181.3343
  20
209.93442
  0
VERTEX
  5
806
  8
Layer_0
  10
180.63674
  20
209.29855
  0
VERTEX
  5
807
  8
Layer_0
  10
179.98409
  20
208.716
  0
VERTEX
  5
808
  8
Layer_0
  10
179.67989
  20
208.44941
  0
VERTEX
  5
809
  8
Layer_0
  10
179.39325
  20
208.20179
  0
VERTEX
  5
80a
  8
Layer_0
  10
179.12628
  20
207.97502
  0
VERTEX
  5
80b
  8
Layer_0
  10
178.88109
  20
207.77098
  0
VERTEX
  5
80c
  8
Layer_0
  10
178.65979
  20
207.59154
  0
VERTEX
  5
80d
  8
Layer_0
  10
178.4645
  20
207.43859
  0
VERTEX
  5
80e
  8
Layer_0
  10
178.29732
  20
207.31401
  0
VERTEX
  5
80f
  8
Layer_0
  10
178.16035
  20
207.21968
  0
VERTEX
  5
810
  8
Layer_0
  10
177.89555
  20
207.06552
  0
VERTEX
  5
811
  8
Layer_0
  10
177.56117
  20
206.90317
  0
VERTEX
  5
812
  8
Layer_0
  10
177.19896
  20
206.75065
  0
VERTEX
  5
813
  8
Layer_0
  10
176.85066
  20
206.62596
  0
VERTEX
  5
814
  8
Layer_0
  10
176.37638
  20
206.48547
  0
VERTEX
  5
815
  8
Layer_0
  10
175.91642
  20
206.3763
  0
VERTEX
  5
816
  8
Layer_0
  10
175.42208
  20
206.29536
  0
VERTEX
  5
817
  8
Layer_0
  10
174.84466
  20
206.2396
  0
VERTEX
  5
818
  8
Layer_0
  10
174.50957
  20
206.2202
  0
VERTEX
  5
819
  8
Layer_0
  10
174.13545
  20
206.20594
  0
VERTEX
  5
81a
  8
Layer_0
  10
173.7162
  20
206.19643
  0
VERTEX
  5
81b
  8
Layer_0
  10
173.24575
  20
206.1913
  0
VERTEX
  5
81c
  8
Layer_0
  10
172.71799
  20
206.19017
  0
VERTEX
  5
81d
  8
Layer_0
  10
172.12685
  20
206.19263
  0
VERTEX
  5
81e
  8
Layer_0
  10
171.46624
  20
206.19832
  0
VERTEX
  5
81f
  8
Layer_0
  10
170.73006
  20
206.20686
  0
VERTEX
  5
820
  8
Layer_0
  10
169.88253
  20
206.21713
  0
VERTEX
  5
821
  8
Layer_0
  10
169.12885
  20
206.22926
  0
VERTEX
  5
822
  8
Layer_0
  10
168.46093
  20
206.24473
  0
VERTEX
  5
823
  8
Layer_0
  10
167.87071
  20
206.26497
  0
VERTEX
  5
824
  8
Layer_0
  10
167.35012
  20
206.29146
  0
VERTEX
  5
825
  8
Layer_0
  10
166.89109
  20
206.32565
  0
VERTEX
  5
826
  8
Layer_0
  10
166.48554
  20
206.36899
  0
VERTEX
  5
827
  8
Layer_0
  10
166.12542
  20
206.42295
  0
VERTEX
  5
828
  8
Layer_0
  10
165.80264
  20
206.48899
  0
VERTEX
  5
829
  8
Layer_0
  10
165.50913
  20
206.56855
  0
VERTEX
  5
82a
  8
Layer_0
  10
165.23683
  20
206.66311
  0
VERTEX
  5
82b
  8
Layer_0
  10
164.97767
  20
206.77411
  0
VERTEX
  5
82c
  8
Layer_0
  10
164.46646
  20
207.0513
  0
VERTEX
  5
82d
  8
Layer_0
  10
163.91095
  20
207.41177
  0
VERTEX
  5
82e
  8
Layer_0
  10
163.22623
  20
207.89362
  0
VERTEX
  5
82f
  8
Layer_0
  10
162.58489
  20
208.39185
  0
VERTEX
  5
830
  8
Layer_0
  10
162.29815
  20
208.63278
  0
VERTEX
  5
831
  8
Layer_0
  10
162.04342
  20
208.86061
  0
VERTEX
  5
832
  8
Layer_0
  10
161.82779
  20
209.06961
  0
VERTEX
  5
833
  8
Layer_0
  10
161.65829
  20
209.25406
  0
VERTEX
  5
834
  8
Layer_0
  10
161.46876
  20
209.51516
  0
VERTEX
  5
835
  8
Layer_0
  10
161.35843
  20
209.76798
  0
VERTEX
  5
836
  8
Layer_0
  10
161.32709
  20
210.0124
  0
VERTEX
  5
837
  8
Layer_0
  10
161.37453
  20
210.24833
  0
VERTEX
  5
838
  8
Layer_0
  10
161.50055
  20
210.47567
  0
VERTEX
  5
839
  8
Layer_0
  10
161.70495
  20
210.69431
  0
VERTEX
  5
83a
  8
Layer_0
  10
161.98752
  20
210.90415
  0
VERTEX
  5
83b
  8
Layer_0
  10
162.34806
  20
211.10509
  0
VERTEX
  5
83c
  8
Layer_0
  10
162.50684
  20
211.17951
  0
VERTEX
  5
83d
  8
Layer_0
  10
162.69234
  20
211.26161
  0
VERTEX
  5
83e
  8
Layer_0
  10
162.90291
  20
211.35085
  0
VERTEX
  5
83f
  8
Layer_0
  10
163.13692
  20
211.44666
  0
VERTEX
  5
840
  8
Layer_0
  10
163.66876
  20
211.65581
  0
VERTEX
  5
841
  8
Layer_0
  10
164.2748
  20
211.88462
  0
VERTEX
  5
842
  8
Layer_0
  10
164.94197
  20
212.12868
  0
VERTEX
  5
843
  8
Layer_0
  10
165.65722
  20
212.38357
  0
VERTEX
  5
844
  8
Layer_0
  10
166.40748
  20
212.64484
  0
VERTEX
  5
845
  8
Layer_0
  10
167.17971
  20
212.90809
  0
VERTEX
  5
846
  8
Layer_0
  10
168.73781
  20
213.42279
  0
VERTEX
  5
847
  8
Layer_0
  10
170.22706
  20
213.89226
  0
VERTEX
  5
848
  8
Layer_0
  10
170.91321
  20
214.09898
  0
VERTEX
  5
849
  8
Layer_0
  10
171.54297
  20
214.28111
  0
VERTEX
  5
84a
  8
Layer_0
  10
172.10328
  20
214.43424
  0
VERTEX
  5
84b
  8
Layer_0
  10
172.58109
  20
214.55393
  0
VERTEX
  5
84c
  8
Layer_0
  10
172.67017
  20
214.56986
  0
VERTEX
  5
84d
  8
Layer_0
  10
172.79609
  20
214.58476
  0
VERTEX
  5
84e
  8
Layer_0
  10
172.95312
  20
214.59844
  0
VERTEX
  5
84f
  8
Layer_0
  10
173.13552
  20
214.61068
  0
VERTEX
  5
850
  8
Layer_0
  10
173.55353
  20
214.63006
  0
VERTEX
  5
851
  8
Layer_0
  10
174.00428
  20
214.64124
  0
VERTEX
  5
852
  8
Layer_0
  10
175.09567
  20
214.64998
  0
VERTEX
  5
853
  8
Layer_0
  10
174.57181
  20
214.34438
  0
SEQEND
  0
POLYLINE
  5
855
  8
Layer_0
  62
7
  70
1
  66
1
  10
0
  20
0
  30
0
  0
VERTEX
  5
855
  8
Layer_0
  10
189.32762
  20
213.33155
  0
VERTEX
  5
856
  8
Layer_0
  10
188.99716
  20
213.28527
  0
VERTEX
  5
857
  8
Layer_0
  10
188.7238
  20
213.25106
  0
VERTEX
  5
858
  8
Layer_0
  10
188.50405
  20
213.22872
  0
VERTEX
  5
859
  8
Layer_0
  10
188.33444
  20
213.21805
  0
VERTEX
  5
85a
  8
Layer_0
  10
188.21149
  20
213.21883
  0
VERTEX
  5
85b
  8
Layer_0
  10
188.13171
  20
213.23087
  0
VERTEX
  5
85c
  8
Layer_0
  10
188.09164
  20
213.25396
  0
VERTEX
  5
85d
  8
Layer_0
  10
188.08778
  20
213.2879
  0
VERTEX
  5
85e
  8
Layer_0
  10
188.13117
  20
213.35833
  0
VERTEX
  5
85f
  8
Layer_0
  10
188.2122
  20
213.4306
  0
VERTEX
  5
860
  8
Layer_0
  10
188.32598
  20
213.50246
  0
VERTEX
  5
861
  8
Layer_0
  10
188.46759
  20
213.57167
  0
VERTEX
  5
862
  8
Layer_0
  10
188.81466
  20
213.69308
  0
VERTEX
  5
863
  8
Layer_0
  10
189.21411
  20
213.77685
  0
VERTEX
  5
864
  8
Layer_0
  10
189.55185
  20
213.81101
  0
VERTEX
  5
865
  8
Layer_0
  10
189.9384
  20
213.8291
  0
VERTEX
  5
866
  8
Layer_0
  10
190.34725
  20
213.83225
  0
VERTEX
  5
867
  8
Layer_0
  10
190.75191
  20
213.8216
  0
VERTEX
  5
868
  8
Layer_0
  10
191.12587
  20
213.79825
  0
VERTEX
  5
869
  8
Layer_0
  10
191.44263
  20
213.76334
  0
VERTEX
  5
86a
  8
Layer_0
  10
191.57128
  20
213.7419
  0
VERTEX
  5
86b
  8
Layer_0
  10
191.67569
  20
213.718
  0
VERTEX
  5
86c
  8
Layer_0
  10
191.75256
  20
213.69176
  0
VERTEX
  5
86d
  8
Layer_0
  10
191.79856
  20
213.66334
  0
VERTEX
  5
86e
  8
Layer_0
  10
191.84776
  20
213.60453
  0
VERTEX
  5
86f
  8
Layer_0
  10
191.87292
  20
213.54479
  0
VERTEX
  5
870
  8
Layer_0
  10
191.86717
  20
213.47257
  0
VERTEX
  5
871
  8
Layer_0
  10
191.82367
  20
213.3763
  0
VERTEX
  5
872
  8
Layer_0
  10
191.73555
  20
213.24443
  0
VERTEX
  5
873
  8
Layer_0
  10
191.59597
  20
213.06539
  0
VERTEX
  5
874
  8
Layer_0
  10
191.39807
  20
212.82762
  0
VERTEX
  5
875
  8
Layer_0
  10
191.13499
  20
212.51955
  0
VERTEX
  5
876
  8
Layer_0
  10
190.4976
  20
211.76866
  0
VERTEX
  5
877
  8
Layer_0
  10
190.0174
  20
211.76866
  0
VERTEX
  5
878
  8
Layer_0
  10
189.82216
  20
211.77507
  0
VERTEX
  5
879
  8
Layer_0
  10
189.67359
  20
211.79376
  0
VERTEX
  5
87a
  8
Layer_0
  10
189.57905
  20
211.82391
  0
VERTEX
  5
87b
  8
Layer_0
  10
189.5459
  20
211.8647
  0
VERTEX
  5
87c
  8
Layer_0
  10
189.53498
  20
211.90086
  0
VERTEX
  5
87d
  8
Layer_0
  10
189.50443
  20
211.91818
  0
VERTEX
  5
87e
  8
Layer_0
  10
189.45749
  20
211.9175
  0
VERTEX
  5
87f
  8
Layer_0
  10
189.39747
  20
211.89963
  0
VERTEX
  5
880
  8
Layer_0
  10
189.11462
  20
211.81943
  0
VERTEX
  5
881
  8
Layer_0
  10
188.75381
  20
211.76225
  0
VERTEX
  5
882
  8
Layer_0
  10
188.34921
  20
211.72819
  0
VERTEX
  5
883
  8
Layer_0
  10
187.93498
  20
211.71737
  0
VERTEX
  5
884
  8
Layer_0
  10
187.54532
  20
211.72986
  0
VERTEX
  5
885
  8
Layer_0
  10
187.21438
  20
211.7658
  0
VERTEX
  5
886
  8
Layer_0
  10
187.08162
  20
211.79258
  0
VERTEX
  5
887
  8
Layer_0
  10
186.97636
  20
211.82526
  0
VERTEX
  5
888
  8
Layer_0
  10
186.90286
  20
211.86385
  0
VERTEX
  5
889
  8
Layer_0
  10
186.86541
  20
211.90836
  0
VERTEX
  5
88a
  8
Layer_0
  10
186.86053
  20
211.99097
  0
VERTEX
  5
88b
  8
Layer_0
  10
186.89515
  20
212.09117
  0
VERTEX
  5
88c
  8
Layer_0
  10
186.96456
  20
212.20365
  0
VERTEX
  5
88d
  8
Layer_0
  10
187.06404
  20
212.32309
  0
VERTEX
  5
88e
  8
Layer_0
  10
187.33444
  20
212.56157
  0
VERTEX
  5
88f
  8
Layer_0
  10
187.66869
  20
212.76402
  0
VERTEX
  5
890
  8
Layer_0
  10
187.89936
  20
212.85256
  0
VERTEX
  5
891
  8
Layer_0
  10
188.18642
  20
212.92719
  0
VERTEX
  5
892
  8
Layer_0
  10
188.51174
  20
212.98626
  0
VERTEX
  5
893
  8
Layer_0
  10
188.85723
  20
213.02814
  0
VERTEX
  5
894
  8
Layer_0
  10
189.20475
  20
213.0512
  0
VERTEX
  5
895
  8
Layer_0
  10
189.53622
  20
213.05379
  0
VERTEX
  5
896
  8
Layer_0
  10
189.8335
  20
213.03428
  0
VERTEX
  5
897
  8
Layer_0
  10
190.07851
  20
212.99104
  0
VERTEX
  5
898
  8
Layer_0
  10
190.27141
  20
212.94411
  0
VERTEX
  5
899
  8
Layer_0
  10
190.3972
  20
212.93647
  0
VERTEX
  5
89a
  8
Layer_0
  10
190.48369
  20
212.97139
  0
VERTEX
  5
89b
  8
Layer_0
  10
190.55872
  20
213.05215
  0
VERTEX
  5
89c
  8
Layer_0
  10
190.64276
  20
213.18094
  0
VERTEX
  5
89d
  8
Layer_0
  10
190.68096
  20
213.27044
  0
VERTEX
  5
89e
  8
Layer_0
  10
190.64251
  20
213.30064
  0
VERTEX
  5
89f
  8
Layer_0
  10
190.53703
  20
213.32542
  0
VERTEX
  5
8a0
  8
Layer_0
  10
190.37938
  20
213.34426
  0
VERTEX
  5
8a1
  8
Layer_0
  10
190.18437
  20
213.35666
  0
VERTEX
  5
8a2
  8
Layer_0
  10
189.74167
  20
213.36007
  0
SEQEND
  0
POLYLINE
  5
8a4
  8
Layer_0
  62
7
  70
1
  66
1
  10
0
  20
0
  30
0
  0
VERTEX
  5
8a4
  8
Layer_0
  10
189.28397
  20
212.61559
  0
VERTEX
  5
8a5
  8
Layer_0
  10
188.97974
  20
212.61587
  0
VERTEX
  5
8a6
  8
Layer_0
  10
188.70334
  20
212.60468
  0
VERTEX
  5
8a7
  8
Layer_0
  10
188.48587
  20
212.58367
  0
VERTEX
  5
8a8
  8
Layer_0
  10
188.35845
  20
212.55447
  0
VERTEX
  5
8a9
  8
Layer_0
  10
188.20518
  20
212.47557
  0
VERTEX
  5
8aa
  8
Layer_0
  10
188.12271
  20
212.39799
  0
VERTEX
  5
8ab
  8
Layer_0
  10
188.10736
  20
212.32472
  0
VERTEX
  5
8ac
  8
Layer_0
  10
188.15545
  20
212.2587
  0
VERTEX
  5
8ad
  8
Layer_0
  10
188.26329
  20
212.20292
  0
VERTEX
  5
8ae
  8
Layer_0
  10
188.42721
  20
212.16034
  0
VERTEX
  5
8af
  8
Layer_0
  10
188.64351
  20
212.13393
  0
VERTEX
  5
8b0
  8
Layer_0
  10
188.90852
  20
212.12664
  0
VERTEX
  5
8b1
  8
Layer_0
  10
189.33731
  20
212.15407
  0
VERTEX
  5
8b2
  8
Layer_0
  10
189.69324
  20
212.22814
  0
VERTEX
  5
8b3
  8
Layer_0
  10
189.83136
  20
212.27884
  0
VERTEX
  5
8b4
  8
Layer_0
  10
189.93622
  20
212.3366
  0
VERTEX
  5
8b5
  8
Layer_0
  10
190.00281
  20
212.39989
  0
VERTEX
  5
8b6
  8
Layer_0
  10
190.02612
  20
212.46716
  0
VERTEX
  5
8b7
  8
Layer_0
  10
189.99365
  20
212.5321
  0
VERTEX
  5
8b8
  8
Layer_0
  10
189.87769
  20
212.57412
  0
VERTEX
  5
8b9
  8
Layer_0
  10
189.7797
  20
212.58858
  0
VERTEX
  5
8ba
  8
Layer_0
  10
189.6504
  20
212.59977
  0
VERTEX
  5
8bb
  8
Layer_0
  10
189.48632
  20
212.6085
  0
SEQEND
  0
POLYLINE
  5
8bd
  8
Layer_0
  62
7
  70
1
  66
1
  10
0
  20
0
  30
0
  0
VERTEX
  5
8bd
  8
Layer_0
  10
196.74045
  20
214.45789
  42
-0.026024661
  0
VERTEX
  5
8be
  8
Layer_0
  10
196.27769
  20
213.93401
  0
VERTEX
  5
8bf
  8
Layer_0
  10
196.16221
  20
213.80277
  0
VERTEX
  5
8c0
  8
Layer_0
  10
196.08397
  20
213.69772
  0
VERTEX
  5
8c1
  8
Layer_0
  10
196.04257
  20
213.61969
  0
VERTEX
  5
8c2
  8
Layer_0
  10
196.03759
  20
213.56948
  0
VERTEX
  5
8c3
  8
Layer_0
  10
196.06862
  20
213.54793
  0
VERTEX
  5
8c4
  8
Layer_0
  10
196.13527
  20
213.55584
  0
VERTEX
  5
8c5
  8
Layer_0
  10
196.23711
  20
213.59404
  0
VERTEX
  5
8c6
  8
Layer_0
  10
196.37374
  20
213.66334
  0
VERTEX
  5
8c7
  8
Layer_0
  10
196.58541
  20
213.73534
  0
VERTEX
  5
8c8
  8
Layer_0
  10
196.88998
  20
213.78749
  0
VERTEX
  5
8c9
  8
Layer_0
  10
197.25348
  20
213.81958
  0
VERTEX
  5
8ca
  8
Layer_0
  10
197.64195
  20
213.83142
  0
VERTEX
  5
8cb
  8
Layer_0
  10
198.02142
  20
213.82279
  0
VERTEX
  5
8cc
  8
Layer_0
  10
198.35791
  20
213.79349
  0
VERTEX
  5
8cd
  8
Layer_0
  10
198.49943
  20
213.77103
  0
VERTEX
  5
8ce
  8
Layer_0
  10
198.61746
  20
213.74332
  0
VERTEX
  5
8cf
  8
Layer_0
  10
198.70777
  20
213.71034
  0
VERTEX
  5
8d0
  8
Layer_0
  10
198.7661
  20
213.67207
  0
VERTEX
  5
8d1
  8
Layer_0
  10
198.84509
  20
213.58258
  0
VERTEX
  5
8d2
  8
Layer_0
  10
198.87415
  20
213.50618
  0
VERTEX
  5
8d3
  8
Layer_0
  10
198.85573
  20
213.41668
  0
VERTEX
  5
8d4
  8
Layer_0
  10
198.7923
  20
213.2879
  0
VERTEX
  5
8d5
  8
Layer_0
  10
198.70921
  20
213.15734
  0
VERTEX
  5
8d6
  8
Layer_0
  10
198.56637
  20
212.97685
  0
VERTEX
  5
8d7
  8
Layer_0
  10
198.38588
  20
212.76853
  0
VERTEX
  5
8d8
  8
Layer_0
  10
198.18984
  20
212.55447
  0
VERTEX
  5
8d9
  8
Layer_0
  10
197.95966
  20
212.33406
  0
VERTEX
  5
8da
  8
Layer_0
  10
197.73336
  20
212.15488
  0
VERTEX
  5
8db
  8
Layer_0
  10
197.5001
  20
212.01315
  0
VERTEX
  5
8dc
  8
Layer_0
  10
197.24905
  20
211.90509
  0
VERTEX
  5
8dd
  8
Layer_0
  10
196.96934
  20
211.8269
  0
VERTEX
  5
8de
  8
Layer_0
  10
196.65014
  20
211.7748
  0
VERTEX
  5
8df
  8
Layer_0
  10
196.28059
  20
211.74501
  0
VERTEX
  5
8e0
  8
Layer_0
  10
195.84986
  20
211.73374
  0
VERTEX
  5
8e1
  8
Layer_0
  10
195.58932
  20
211.73224
  0
VERTEX
  5
8e2
  8
Layer_0
  10
195.37974
  20
211.73483
  0
VERTEX
  5
8e3
  8
Layer_0
  10
195.21477
  20
211.74233
  0
VERTEX
  5
8e4
  8
Layer_0
  10
195.08806
  20
211.75556
  0
VERTEX
  5
8e5
  8
Layer_0
  10
194.92408
  20
211.80249
  0
VERTEX
  5
8e6
  8
Layer_0
  10
194.83704
  20
211.88217
  0
VERTEX
  5
8e7
  8
Layer_0
  10
194.74413
  20
211.98558
  0
VERTEX
  5
8e8
  8
Layer_0
  10
194.66351
  20
212.02187
  0
VERTEX
  5
8e9
  8
Layer_0
  10
194.57797
  20
211.99267
  0
VERTEX
  5
8ea
  8
Layer_0
  10
194.47033
  20
211.89963
  0
VERTEX
  5
8eb
  8
Layer_0
  10
194.38097
  20
211.84233
  0
VERTEX
  5
8ec
  8
Layer_0
  10
194.24659
  20
211.8014
  0
VERTEX
  5
8ed
  8
Layer_0
  10
194.07128
  20
211.77685
  0
VERTEX
  5
8ee
  8
Layer_0
  10
193.85914
  20
211.76866
  0
VERTEX
  5
8ef
  8
Layer_0
  10
193.66819
  20
211.76605
  0
VERTEX
  5
8f0
  8
Layer_0
  10
193.53649
  20
211.77398
  0
VERTEX
  5
8f1
  8
Layer_0
  10
193.49705
  20
211.78928
  0
VERTEX
  5
8f2
  8
Layer_0
  10
193.47744
  20
211.81609
  0
VERTEX
  5
8f3
  8
Layer_0
  10
193.47934
  20
211.85734
  0
VERTEX
  5
8f4
  8
Layer_0
  10
193.50443
  20
211.916
  0
VERTEX
  5
8f5
  8
Layer_0
  10
193.55439
  20
211.99502
  0
VERTEX
  5
8f6
  8
Layer_0
  10
193.63088
  20
212.09736
  0
VERTEX
  5
8f7
  8
Layer_0
  10
193.73559
  20
212.22597
  0
VERTEX
  5
8f8
  8
Layer_0
  10
193.87019
  20
212.38381
  0
VERTEX
  5
8f9
  8
Layer_0
  10
194.03636
  20
212.57382
  0
VERTEX
  5
8fa
  8
Layer_0
  10
194.23576
  20
212.79897
  0
VERTEX
  5
8fb
  8
Layer_0
  10
194.47008
  20
213.0622
  0
VERTEX
  5
8fc
  8
Layer_0
  10
194.741
  20
213.36648
  0
VERTEX
  5
8fd
  8
Layer_0
  10
195.87607
  20
214.64998
  0
VERTEX
  5
8fe
  8
Layer_0
  10
196.3912
  20
214.64998
  0
VERTEX
  5
8ff
  8
Layer_0
  10
196.90634
  20
214.64998
  0
SEQEND
  0
POLYLINE
  5
901
  8
Layer_0
  62
7
  70
1
  66
1
  10
0
  20
0
  30
0
  0
VERTEX
  5
901
  8
Layer_0
  10
197.09843
  20
212.51082
  0
VERTEX
  5
902
  8
Layer_0
  10
196.94796
  20
212.42296
  0
VERTEX
  5
903
  8
Layer_0
  10
196.74591
  20
212.36457
  0
VERTEX
  5
904
  8
Layer_0
  10
196.61352
  20
212.34438
  0
VERTEX
  5
905
  8
Layer_0
  10
196.45382
  20
212.3291
  0
VERTEX
  5
906
  8
Layer_0
  10
196.26199
  20
212.31791
  0
VERTEX
  5
907
  8
Layer_0
  10
196.03322
  20
212.31
  0
VERTEX
  5
908
  8
Layer_0
  10
195.69106
  20
212.29977
  0
VERTEX
  5
909
  8
Layer_0
  10
195.41112
  20
212.30672
  0
VERTEX
  5
90a
  8
Layer_0
  10
195.30061
  20
212.31588
  0
VERTEX
  5
90b
  8
Layer_0
  10
195.21303
  20
212.32842
  0
VERTEX
  5
90c
  8
Layer_0
  10
195.15082
  20
212.34402
  0
VERTEX
  5
90d
  8
Layer_0
  10
195.11644
  20
212.36238
  0
VERTEX
  5
90e
  8
Layer_0
  10
195.09536
  20
212.44257
  0
VERTEX
  5
90f
  8
Layer_0
  10
195.141
  20
212.55693
  0
VERTEX
  5
910
  8
Layer_0
  10
195.23984
  20
212.69298
  0
VERTEX
  5
911
  8
Layer_0
  10
195.37838
  20
212.83824
  0
VERTEX
  5
912
  8
Layer_0
  10
195.54311
  20
212.98022
  0
VERTEX
  5
913
  8
Layer_0
  10
195.72053
  20
213.10645
  0
VERTEX
  5
914
  8
Layer_0
  10
195.89714
  20
213.20444
  0
VERTEX
  5
915
  8
Layer_0
  10
196.05942
  20
213.2617
  0
VERTEX
  5
916
  8
Layer_0
  10
196.44864
  20
213.30168
  0
VERTEX
  5
917
  8
Layer_0
  10
196.92053
  20
213.30645
  0
VERTEX
  5
918
  8
Layer_0
  10
197.14374
  20
213.29692
  0
VERTEX
  5
919
  8
Layer_0
  10
197.33513
  20
213.28012
  0
VERTEX
  5
91a
  8
Layer_0
  10
197.4772
  20
213.25657
  0
VERTEX
  5
91b
  8
Layer_0
  10
197.55246
  20
213.22678
  0
VERTEX
  5
91c
  8
Layer_0
  10
197.56948
  20
213.17704
  0
VERTEX
  5
91d
  8
Layer_0
  10
197.55764
  20
213.10386
  0
VERTEX
  5
91e
  8
Layer_0
  10
197.52084
  20
213.01329
  0
VERTEX
  5
91f
  8
Layer_0
  10
197.46296
  20
212.91136
  0
VERTEX
  5
920
  8
Layer_0
  10
197.29952
  20
212.69758
  0
SEQEND
  0
POLYLINE
  5
922
  8
Layer_0
  62
7
  70
1
  66
1
  10
0
  20
0
  30
0
  0
VERTEX
  5
922
  8
Layer_0
  10
203.60321
  20
212.99104
  0
VERTEX
  5
923
  8
Layer_0
  10
204.0144
  20
212.98653
  0
VERTEX
  5
924
  8
Layer_0
  10
204.37156
  20
212.97467
  0
VERTEX
  5
925
  8
Layer_0
  10
204.51812
  20
212.96674
  0
VERTEX
  5
926
  8
Layer_0
  10
204.63705
  20
212.95788
  0
VERTEX
  5
927
  8
Layer_0
  10
204.72364
  20
212.94842
  0
VERTEX
  5
928
  8
Layer_0
  10
204.7732
  20
212.93865
  0
VERTEX
  5
929
  8
Layer_0
  10
204.87141
  20
212.87148
  0
VERTEX
  5
92a
  8
Layer_0
  10
204.90731
  20
212.77289
  0
VERTEX
  5
92b
  8
Layer_0
  10
204.8857
  20
212.64995
  0
VERTEX
  5
92c
  8
Layer_0
  10
204.8114
  20
212.50973
  0
VERTEX
  5
92d
  8
Layer_0
  10
204.68921
  20
212.35926
  0
VERTEX
  5
92e
  8
Layer_0
  10
204.52395
  20
212.20563
  0
VERTEX
  5
92f
  8
Layer_0
  10
204.32042
  20
212.05589
  0
VERTEX
  5
930
  8
Layer_0
  10
204.08344
  20
211.91709
  0
VERTEX
  5
931
  8
Layer_0
  10
203.85478
  20
211.82159
  0
VERTEX
  5
932
  8
Layer_0
  10
203.55083
  20
211.76211
  0
VERTEX
  5
933
  8
Layer_0
  10
203.34094
  20
211.74179
  0
VERTEX
  5
934
  8
Layer_0
  10
203.07661
  20
211.72555
  0
VERTEX
  5
935
  8
Layer_0
  10
202.74598
  20
211.71177
  0
VERTEX
  5
936
  8
Layer_0
  10
202.33718
  20
211.69881
  0
VERTEX
  5
937
  8
Layer_0
  10
202.03487
  20
211.69241
  0
VERTEX
  5
938
  8
Layer_0
  10
201.76247
  20
211.68974
  0
VERTEX
  5
939
  8
Layer_0
  10
201.519
  20
211.69106
  0
VERTEX
  5
93a
  8
Layer_0
  10
201.30348
  20
211.69663
  0
VERTEX
  5
93b
  8
Layer_0
  10
201.11492
  20
211.7067
  0
VERTEX
  5
93c
  8
Layer_0
  10
200.95234
  20
211.72153
  0
VERTEX
  5
93d
  8
Layer_0
  10
200.81475
  20
211.74137
  0
VERTEX
  5
93e
  8
Layer_0
  10
200.70116
  20
211.76648
  0
VERTEX
  5
93f
  8
Layer_0
  10
200.54207
  20
211.83353
  0
VERTEX
  5
940
  8
Layer_0
  10
200.46719
  20
211.92473
  0
VERTEX
  5
941
  8
Layer_0
  10
200.46864
  20
212.04213
  0
VERTEX
  5
942
  8
Layer_0
  10
200.53854
  20
212.18776
  0
VERTEX
  5
943
  8
Layer_0
  10
200.60558
  20
212.23875
  0
VERTEX
  5
944
  8
Layer_0
  10
200.7294
  20
212.27971
  0
VERTEX
  5
945
  8
Layer_0
  10
200.89231
  20
212.30962
  0
VERTEX
  5
946
  8
Layer_0
  10
201.07661
  20
212.32746
  0
VERTEX
  5
947
  8
Layer_0
  10
201.26458
  20
212.3322
  0
VERTEX
  5
948
  8
Layer_0
  10
201.43854
  20
212.32282
  0
VERTEX
  5
949
  8
Layer_0
  10
201.58079
  20
212.2983
  0
VERTEX
  5
94a
  8
Layer_0
  10
201.67361
  20
212.25761
  0
VERTEX
  5
94b
  8
Layer_0
  10
201.79215
  20
212.2129
  0
VERTEX
  5
94c
  8
Layer_0
  10
201.99817
  20
212.18312
  0
VERTEX
  5
94d
  8
Layer_0
  10
202.26374
  20
212.16767
  0
VERTEX
  5
94e
  8
Layer_0
  10
202.56092
  20
212.16593
  0
VERTEX
  5
94f
  8
Layer_0
  10
202.86179
  20
212.17729
  0
VERTEX
  5
950
  8
Layer_0
  10
203.13841
  20
212.20113
  0
VERTEX
  5
951
  8
Layer_0
  10
203.36285
  20
212.23684
  0
VERTEX
  5
952
  8
Layer_0
  10
203.50717
  20
212.28381
  0
VERTEX
  5
953
  8
Layer_0
  10
203.60755
  20
212.35059
  0
VERTEX
  5
954
  8
Layer_0
  10
203.64551
  20
212.40713
  0
VERTEX
  5
955
  8
Layer_0
  10
203.61921
  20
212.45386
  0
VERTEX
  5
956
  8
Layer_0
  10
203.52682
  20
212.49117
  0
VERTEX
  5
957
  8
Layer_0
  10
203.36648
  20
212.51948
  0
VERTEX
  5
958
  8
Layer_0
  10
203.13636
  20
212.53919
  0
VERTEX
  5
959
  8
Layer_0
  10
202.83462
  20
212.55072
  0
VERTEX
  5
95a
  8
Layer_0
  10
202.45942
  20
212.55447
  0
VERTEX
  5
95b
  8
Layer_0
  10
202.21327
  20
212.55613
  0
VERTEX
  5
95c
  8
Layer_0
  10
201.99803
  20
212.56116
  0
VERTEX
  5
95d
  8
Layer_0
  10
201.81266
  20
212.56967
  0
VERTEX
  5
95e
  8
Layer_0
  10
201.65614
  20
212.58176
  0
VERTEX
  5
95f
  8
Layer_0
  10
201.52746
  20
212.59753
  0
VERTEX
  5
960
  8
Layer_0
  10
201.42559
  20
212.61709
  0
VERTEX
  5
961
  8
Layer_0
  10
201.34949
  20
212.64054
  0
VERTEX
  5
962
  8
Layer_0
  10
201.29816
  20
212.66798
  0
VERTEX
  5
963
  8
Layer_0
  10
201.20962
  20
212.73988
  0
VERTEX
  5
964
  8
Layer_0
  10
201.1792
  20
212.80441
  0
VERTEX
  5
965
  8
Layer_0
  10
201.20608
  20
212.89022
  0
VERTEX
  5
966
  8
Layer_0
  10
201.28944
  20
213.02596
  0
VERTEX
  5
967
  8
Layer_0
  10
201.39102
  20
213.15204
  0
VERTEX
  5
968
  8
Layer_0
  10
201.52259
  20
213.2733
  0
VERTEX
  5
969
  8
Layer_0
  10
201.67973
  20
213.38741
  0
VERTEX
  5
96a
  8
Layer_0
  10
201.85806
  20
213.49199
  0
VERTEX
  5
96b
  8
Layer_0
  10
202.26065
  20
213.66321
  0
VERTEX
  5
96c
  8
Layer_0
  10
202.69517
  20
213.76812
  0
VERTEX
  5
96d
  8
Layer_0
  10
202.98374
  20
213.79622
  0
VERTEX
  5
96e
  8
Layer_0
  10
203.36011
  20
213.80959
  0
VERTEX
  5
96f
  8
Layer_0
  10
203.78763
  20
213.80986
  0
VERTEX
  5
970
  8
Layer_0
  10
204.22968
  20
213.79868
  0
VERTEX
  5
971
  8
Layer_0
  10
204.64964
  20
213.77767
  0
VERTEX
  5
972
  8
Layer_0
  10
205.01086
  20
213.74847
  0
VERTEX
  5
973
  8
Layer_0
  10
205.158
  20
213.73132
  0
VERTEX
  5
974
  8
Layer_0
  10
205.27672
  20
213.71273
  0
VERTEX
  5
975
  8
Layer_0
  10
205.36244
  20
213.69291
  0
VERTEX
  5
976
  8
Layer_0
  10
205.41058
  20
213.67207
  42
-0.36759801
  0
VERTEX
  5
977
  8
Layer_0
  10
205.44551
  20
213.43633
  0
VERTEX
  5
978
  8
Layer_0
  10
205.41111
  20
213.39523
  0
VERTEX
  5
979
  8
Layer_0
  10
205.35369
  20
213.36293
  0
VERTEX
  5
97a
  8
Layer_0
  10
205.26333
  20
213.33841
  0
VERTEX
  5
97b
  8
Layer_0
  10
205.13009
  20
213.32064
  0
VERTEX
  5
97c
  8
Layer_0
  10
204.94406
  20
213.3086
  0
VERTEX
  5
97d
  8
Layer_0
  10
204.6953
  20
213.30127
  0
VERTEX
  5
97e
  8
Layer_0
  10
204.3739
  20
213.29762
  0
VERTEX
  5
97f
  8
Layer_0
  10
203.96992
  20
213.29663
  0
VERTEX
  5
980
  8
Layer_0
  10
203.42286
  20
213.29199
  0
VERTEX
  5
981
  8
Layer_0
  10
202.96583
  20
213.27917
  0
VERTEX
  5
982
  8
Layer_0
  10
202.78592
  20
213.2702
  0
VERTEX
  5
983
  8
Layer_0
  10
202.64632
  20
213.2598
  0
VERTEX
  5
984
  8
Layer_0
  10
202.55298
  20
213.24816
  0
VERTEX
  5
985
  8
Layer_0
  10
202.51181
  20
213.23551
  0
VERTEX
  5
986
  8
Layer_0
  10
202.46667
  20
213.17487
  0
VERTEX
  5
987
  8
Layer_0
  10
202.46993
  20
213.12364
  0
VERTEX
  5
988
  8
Layer_0
  10
202.52332
  20
213.08142
  0
VERTEX
  5
989
  8
Layer_0
  10
202.62859
  20
213.04779
  0
VERTEX
  5
98a
  8
Layer_0
  10
202.78747
  20
213.02235
  0
VERTEX
  5
98b
  8
Layer_0
  10
203.00171
  20
213.00468
  0
VERTEX
  5
98c
  8
Layer_0
  10
203.27304
  20
212.99438
  0
SEQEND
  0
POLYLINE
  5
98e
  8
Layer_0
  62
7
  70
1
  66
1
  10
0
  20
0
  30
0
  0
VERTEX
  5
98e
  8
Layer_0
  10
207.61086
  20
212.79895
  0
VERTEX
  5
98f
  8
Layer_0
  10
207.88161
  20
213.09535
  0
VERTEX
  5
990
  8
Layer_0
  10
208.15451
  20
213.33333
  0
VERTEX
  5
991
  8
Layer_0
  10
208.44563
  20
213.51831
  0
VERTEX
  5
992
  8
Layer_0
  10
208.77102
  20
213.6557
  0
VERTEX
  5
993
  8
Layer_0
  10
209.14676
  20
213.75095
  0
VERTEX
  5
994
  8
Layer_0
  10
209.5889
  20
213.80945
  0
VERTEX
  5
995
  8
Layer_0
  10
209.83989
  20
213.82663
  0
VERTEX
  5
996
  8
Layer_0
  10
210.11351
  20
213.83665
  0
VERTEX
  5
997
  8
Layer_0
  10
210.41176
  20
213.84021
  0
VERTEX
  5
998
  8
Layer_0
  10
210.73665
  20
213.83797
  0
VERTEX
  5
999
  8
Layer_0
  10
211.08244
  20
213.83086
  0
VERTEX
  5
99a
  8
Layer_0
  10
211.36489
  20
213.822
  0
VERTEX
  5
99b
  8
Layer_0
  10
211.59106
  20
213.81049
  0
VERTEX
  5
99c
  8
Layer_0
  10
211.76803
  20
213.7954
  0
VERTEX
  5
99d
  8
Layer_0
  10
211.90283
  20
213.77581
  0
VERTEX
  5
99e
  8
Layer_0
  10
212.00254
  20
213.75079
  0
VERTEX
  5
99f
  8
Layer_0
  10
212.07422
  20
213.71943
  0
VERTEX
  5
9a0
  8
Layer_0
  10
212.12492
  20
213.68081
  0
VERTEX
  5
9a1
  8
Layer_0
  10
212.19368
  20
213.59608
  0
VERTEX
  5
9a2
  8
Layer_0
  10
212.21659
  20
213.52037
  0
VERTEX
  5
9a3
  8
Layer_0
  10
212.19368
  20
213.42664
  0
VERTEX
  5
9a4
  8
Layer_0
  10
212.12492
  20
213.2879
  0
VERTEX
  5
9a5
  8
Layer_0
  10
211.87812
  20
212.92773
  0
VERTEX
  5
9a6
  8
Layer_0
  10
211.53228
  20
212.55447
  0
VERTEX
  5
9a7
  8
Layer_0
  10
211.3414
  20
212.38135
  0
VERTEX
  5
9a8
  8
Layer_0
  10
211.14879
  20
212.22705
  0
VERTEX
  5
9a9
  8
Layer_0
  10
210.9621
  20
212.09895
  0
VERTEX
  5
9aa
  8
Layer_0
  10
210.78903
  20
212.00441
  0
VERTEX
  5
9ab
  8
Layer_0
  10
210.52205
  20
211.904
  0
VERTEX
  5
9ac
  8
Layer_0
  10
210.19858
  20
211.84288
  0
VERTEX
  5
9ad
  8
Layer_0
  10
209.98165
  20
211.82296
  0
VERTEX
  5
9ae
  8
Layer_0
  10
209.70977
  20
211.80795
  0
VERTEX
  5
9af
  8
Layer_0
  10
209.36933
  20
211.79622
  0
VERTEX
  5
9b0
  8
Layer_0
  10
208.94674
  20
211.78613
  0
VERTEX
  5
9b1
  8
Layer_0
  10
208.54029
  20
211.77845
  0
VERTEX
  5
9b2
  8
Layer_0
  10
208.2114
  20
211.77548
  0
VERTEX
  5
9b3
  8
Layer_0
  10
207.95005
  20
211.77784
  0
VERTEX
  5
9b4
  8
Layer_0
  10
207.74619
  20
211.78612
  0
VERTEX
  5
9b5
  8
Layer_0
  10
207.58981
  20
211.80096
  0
VERTEX
  5
9b6
  8
Layer_0
  10
207.47088
  20
211.82296
  0
VERTEX
  5
9b7
  8
Layer_0
  10
207.37938
  20
211.85273
  0
VERTEX
  5
9b8
  8
Layer_0
  10
207.30527
  20
211.8909
  0
VERTEX
  5
9b9
  8
Layer_0
  10
207.22457
  20
211.95212
  0
VERTEX
  5
9ba
  8
Layer_0
  10
207.17375
  20
212.01559
  0
VERTEX
  5
9bb
  8
Layer_0
  10
207.15485
  20
212.08766
  0
VERTEX
  5
9bc
  8
Layer_0
  10
207.16993
  20
212.17467
  0
VERTEX
  5
9bd
  8
Layer_0
  10
207.22102
  20
212.28295
  0
VERTEX
  5
9be
  8
Layer_0
  10
207.31017
  20
212.41887
  0
VERTEX
  5
9bf
  8
Layer_0
  10
207.43944
  20
212.58875
  0
SEQEND
  0
POLYLINE
  5
9c1
  8
Layer_0
  62
7
  70
1
  66
1
  10
0
  20
0
  30
0
  0
VERTEX
  5
9c1
  8
Layer_0
  10
208.46652
  20
212.37112
  0
VERTEX
  5
9c2
  8
Layer_0
  10
208.57029
  20
212.32854
  0
VERTEX
  5
9c3
  8
Layer_0
  10
208.76461
  20
212.29895
  0
VERTEX
  5
9c4
  8
Layer_0
  10
209.02135
  20
212.28225
  0
VERTEX
  5
9c5
  8
Layer_0
  10
209.31236
  20
212.27835
  0
VERTEX
  5
9c6
  8
Layer_0
  10
209.60951
  20
212.28713
  0
VERTEX
  5
9c7
  8
Layer_0
  10
209.88467
  20
212.3085
  0
VERTEX
  5
9c8
  8
Layer_0
  10
210.10968
  20
212.34235
  0
VERTEX
  5
9c9
  8
Layer_0
  10
210.25642
  20
212.38858
  0
VERTEX
  5
9ca
  8
Layer_0
  10
210.46107
  20
212.53647
  0
VERTEX
  5
9cb
  8
Layer_0
  10
210.68208
  20
212.75311
  0
VERTEX
  5
9cc
  8
Layer_0
  10
210.7803
  20
212.86675
  0
VERTEX
  5
9cd
  8
Layer_0
  10
210.86052
  20
212.97303
  0
VERTEX
  5
9ce
  8
Layer_0
  10
210.91536
  20
213.06375
  0
VERTEX
  5
9cf
  8
Layer_0
  10
210.93746
  20
213.13074
  0
VERTEX
  5
9d0
  8
Layer_0
  10
210.9054
  20
213.17248
  0
VERTEX
  5
9d1
  8
Layer_0
  10
210.8185
  20
213.21587
  0
VERTEX
  5
9d2
  8
Layer_0
  10
210.69067
  20
213.25598
  0
VERTEX
  5
9d3
  8
Layer_0
  10
210.53583
  20
213.2879
  42
0.077504584
  0
VERTEX
  5
9d4
  8
Layer_0
  10
209.47061
  20
213.25298
  0
VERTEX
  5
9d5
  8
Layer_0
  10
209.28995
  20
213.20219
  0
VERTEX
  5
9d6
  8
Layer_0
  10
209.09762
  20
213.11027
  0
VERTEX
  5
9d7
  8
Layer_0
  10
208.90734
  20
212.9893
  0
VERTEX
  5
9d8
  8
Layer_0
  10
208.73282
  20
212.85134
  0
VERTEX
  5
9d9
  8
Layer_0
  10
208.58777
  20
212.70846
  0
VERTEX
  5
9da
  8
Layer_0
  10
208.48589
  20
212.57275
  0
VERTEX
  5
9db
  8
Layer_0
  10
208.44091
  20
212.45628
  0
SEQEND
  0
POLYLINE
  5
9dd
  8
Layer_0
  62
7
  70
1
  66
1
  10
0
  20
0
  30
0
  0
VERTEX
  5
9dd
  8
Layer_0
  10
216.90964
  20
214.37057
  0
VERTEX
  5
9de
  8
Layer_0
  10
216.83477
  20
214.28933
  0
VERTEX
  5
9df
  8
Layer_0
  10
216.72492
  20
214.16757
  0
VERTEX
  5
9e0
  8
Layer_0
  10
216.58518
  20
214.01143
  0
VERTEX
  5
9e1
  8
Layer_0
  10
216.42069
  20
213.82705
  0
VERTEX
  5
9e2
  8
Layer_0
  10
216.03788
  20
213.39813
  0
VERTEX
  5
9e3
  8
Layer_0
  10
215.61742
  20
212.92992
  0
VERTEX
  5
9e4
  8
Layer_0
  10
214.59586
  20
211.76866
  0
VERTEX
  5
9e5
  8
Layer_0
  10
214.11563
  20
211.76866
  0
VERTEX
  5
9e6
  8
Layer_0
  10
213.92468
  20
211.76534
  0
VERTEX
  5
9e7
  8
Layer_0
  10
213.79286
  20
211.77153
  0
VERTEX
  5
9e8
  8
Layer_0
  10
213.75328
  20
211.78577
  0
VERTEX
  5
9e9
  8
Layer_0
  10
213.73348
  20
211.81148
  0
VERTEX
  5
9ea
  8
Layer_0
  10
213.73511
  20
211.8517
  0
VERTEX
  5
9eb
  8
Layer_0
  10
213.75984
  20
211.90945
  0
VERTEX
  5
9ec
  8
Layer_0
  10
213.80933
  20
211.98777
  0
VERTEX
  5
9ed
  8
Layer_0
  10
213.88525
  20
212.08969
  0
VERTEX
  5
9ee
  8
Layer_0
  10
213.98925
  20
212.21823
  0
VERTEX
  5
9ef
  8
Layer_0
  10
214.12301
  20
212.37644
  0
VERTEX
  5
9f0
  8
Layer_0
  10
214.28817
  20
212.56734
  0
VERTEX
  5
9f1
  8
Layer_0
  10
214.48641
  20
212.79395
  0
VERTEX
  5
9f2
  8
Layer_0
  10
214.71939
  20
213.05933
  0
VERTEX
  5
9f3
  8
Layer_0
  10
214.98876
  20
213.36648
  0
VERTEX
  5
9f4
  8
Layer_0
  10
216.1151
  20
214.64998
  0
VERTEX
  5
9f5
  8
Layer_0
  10
216.63898
  20
214.64998
  0
VERTEX
  5
9f6
  8
Layer_0
  10
217.17157
  20
214.64998
  0
SEQEND
  0
POLYLINE
  5
9f8
  8
Layer_0
  62
7
  70
1
  66
1
  10
0
  20
0
  30
0
  0
VERTEX
  5
9f8
  8
Layer_0
  10
222.66354
  20
213.75938
  0
VERTEX
  5
9f9
  8
Layer_0
  10
222.16585
  20
213.78558
  0
VERTEX
  5
9fa
  8
Layer_0
  10
221.57213
  20
213.13074
  0
VERTEX
  5
9fb
  8
Layer_0
  10
221.27895
  20
212.82678
  0
VERTEX
  5
9fc
  8
Layer_0
  10
221.03406
  20
212.60468
  0
VERTEX
  5
9fd
  8
Layer_0
  10
220.82683
  20
212.45788
  0
VERTEX
  5
9fe
  8
Layer_0
  10
220.64661
  20
212.37985
  0
VERTEX
  5
9ff
  8
Layer_0
  10
220.47219
  20
212.34163
  0
VERTEX
  5
a00
  8
Layer_0
  10
220.25644
  20
212.31805
  0
VERTEX
  5
a01
  8
Layer_0
  10
220.01858
  20
212.30817
  0
VERTEX
  5
a02
  8
Layer_0
  10
219.77786
  20
212.31109
  0
VERTEX
  5
a03
  8
Layer_0
  10
219.5535
  20
212.32587
  0
VERTEX
  5
a04
  8
Layer_0
  10
219.36476
  20
212.35161
  0
VERTEX
  5
a05
  8
Layer_0
  10
219.23086
  20
212.38737
  0
VERTEX
  5
a06
  8
Layer_0
  10
219.17104
  20
212.43224
  0
VERTEX
  5
a07
  8
Layer_0
  10
219.17559
  20
212.4629
  0
VERTEX
  5
a08
  8
Layer_0
  10
219.20091
  20
212.51382
  0
VERTEX
  5
a09
  8
Layer_0
  10
219.24486
  20
212.58234
  0
VERTEX
  5
a0a
  8
Layer_0
  10
219.30528
  20
212.6658
  0
VERTEX
  5
a0b
  8
Layer_0
  10
219.46694
  20
212.86689
  0
VERTEX
  5
a0c
  8
Layer_0
  10
219.66872
  20
213.09581
  0
VERTEX
  5
a0d
  8
Layer_0
  10
219.87213
  20
213.32296
  0
VERTEX
  5
a0e
  8
Layer_0
  10
220.0387
  20
213.51819
  0
VERTEX
  5
a0f
  8
Layer_0
  10
220.1028
  20
213.59692
  0
VERTEX
  5
a10
  8
Layer_0
  10
220.15125
  20
213.65939
  0
VERTEX
  5
a11
  8
Layer_0
  10
220.1819
  20
213.70282
  0
VERTEX
  5
a12
  8
Layer_0
  10
220.19259
  20
213.72446
  0
VERTEX
  5
a13
  8
Layer_0
  10
220.15575
  20
213.7437
  0
VERTEX
  5
a14
  8
Layer_0
  10
220.05507
  20
213.76048
  0
VERTEX
  5
a15
  8
Layer_0
  10
219.90528
  20
213.77235
  0
VERTEX
  5
a16
  8
Layer_0
  10
219.7211
  20
213.77685
  0
VERTEX
  5
a17
  8
Layer_0
  10
219.54811
  20
213.77175
  0
VERTEX
  5
a18
  8
Layer_0
  10
219.39968
  20
213.74915
  0
VERTEX
  5
a19
  8
Layer_0
  10
219.26189
  20
213.69811
  0
VERTEX
  5
a1a
  8
Layer_0
  10
219.12083
  20
213.60768
  0
VERTEX
  5
a1b
  8
Layer_0
  10
218.96257
  20
213.46691
  0
VERTEX
  5
a1c
  8
Layer_0
  10
218.77322
  20
213.26484
  0
VERTEX
  5
a1d
  8
Layer_0
  10
218.66252
  20
213.13741
  0
VERTEX
  5
a1e
  8
Layer_0
  10
218.53884
  20
212.99054
  0
VERTEX
  5
a1f
  8
Layer_0
  10
218.40042
  20
212.82288
  0
VERTEX
  5
a20
  8
Layer_0
  10
218.24552
  20
212.63306
  0
VERTEX
  5
a21
  8
Layer_0
  10
218.1235
  20
212.47252
  0
VERTEX
  5
a22
  8
Layer_0
  10
218.03229
  20
212.33592
  0
VERTEX
  5
a23
  8
Layer_0
  10
217.97156
  20
212.2202
  0
VERTEX
  5
a24
  8
Layer_0
  10
217.94102
  20
212.12228
  0
VERTEX
  5
a25
  8
Layer_0
  10
217.94035
  20
212.03909
  0
VERTEX
  5
a26
  8
Layer_0
  10
217.96926
  20
211.96757
  0
VERTEX
  5
a27
  8
Layer_0
  10
218.02743
  20
211.90464
  0
VERTEX
  5
a28
  8
Layer_0
  10
218.11456
  20
211.84724
  0
VERTEX
  5
a29
  8
Layer_0
  10
218.28089
  20
211.79189
  0
VERTEX
  5
a2a
  8
Layer_0
  10
218.51701
  20
211.75638
  0
VERTEX
  5
a2b
  8
Layer_0
  10
218.80183
  20
211.74012
  0
VERTEX
  5
a2c
  8
Layer_0
  10
219.11428
  20
211.74247
  0
VERTEX
  5
a2d
  8
Layer_0
  10
219.43328
  20
211.76283
  0
VERTEX
  5
a2e
  8
Layer_0
  10
219.73774
  20
211.80059
  0
VERTEX
  5
a2f
  8
Layer_0
  10
220.0066
  20
211.85512
  0
VERTEX
  5
a30
  8
Layer_0
  10
220.21878
  20
211.92582
  0
VERTEX
  5
a31
  8
Layer_0
  10
220.35582
  20
211.9823
  0
VERTEX
  5
a32
  8
Layer_0
  10
220.46544
  20
212.02078
  0
VERTEX
  5
a33
  8
Layer_0
  10
220.54723
  20
212.04124
  0
VERTEX
  5
a34
  8
Layer_0
  10
220.60077
  20
212.04369
  0
VERTEX
  5
a35
  8
Layer_0
  10
220.62567
  20
212.02814
  0
VERTEX
  5
a36
  8
Layer_0
  10
220.62151
  20
211.99458
  0
VERTEX
  5
a37
  8
Layer_0
  10
220.58788
  20
211.94301
  0
VERTEX
  5
a38
  8
Layer_0
  10
220.52438
  20
211.87344
  0
VERTEX
  5
a39
  8
Layer_0
  10
220.49846
  20
211.82391
  0
VERTEX
  5
a3a
  8
Layer_0
  10
220.54621
  20
211.79158
  0
VERTEX
  5
a3b
  8
Layer_0
  10
220.67909
  20
211.77398
  0
VERTEX
  5
a3c
  8
Layer_0
  10
220.90855
  20
211.76866
  0
VERTEX
  5
a3d
  8
Layer_0
  10
221.40623
  20
211.76866
  0
VERTEX
  5
a3e
  8
Layer_0
  10
222.27936
  20
212.75529
  0
VERTEX
  5
a3f
  8
Layer_0
  10
223.15248
  20
213.73318
  0
SEQEND
  0
POLYLINE
  5
a41
  8
Layer_0
  62
7
  70
1
  66
1
  10
0
  20
0
  30
0
  0
VERTEX
  5
a41
  8
Layer_0
  10
229.01115
  20
213.55857
  0
VERTEX
  5
a42
  8
Layer_0
  10
228.87664
  20
213.43974
  0
VERTEX
  5
a43
  8
Layer_0
  10
228.70774
  20
213.37412
  0
VERTEX
  5
a44
  8
Layer_0
  10
228.58533
  20
213.3564
  0
VERTEX
  5
a45
  8
Layer_0
  10
228.42425
  20
213.34615
  0
VERTEX
  5
a46
  8
Layer_0
  10
228.21446
  20
213.34143
  0
VERTEX
  5
a47
  8
Layer_0
  10
227.94594
  20
213.34029
  0
VERTEX
  5
a48
  8
Layer_0
  10
227.66011
  20
213.33974
  0
VERTEX
  5
a49
  8
Layer_0
  10
227.44212
  20
213.33592
  0
VERTEX
  5
a4a
  8
Layer_0
  10
227.27877
  20
213.32555
  0
VERTEX
  5
a4b
  8
Layer_0
  10
227.15685
  20
213.30536
  0
VERTEX
  5
a4c
  8
Layer_0
  10
226.98455
  20
213.22241
  0
VERTEX
  5
a4d
  8
Layer_0
  10
226.81961
  20
213.06089
  0
VERTEX
  5
a4e
  8
Layer_0
  10
226.66265
  20
212.88855
  0
VERTEX
  5
a4f
  8
Layer_0
  10
226.53802
  20
212.74301
  0
VERTEX
  5
a50
  8
Layer_0
  10
226.4445
  20
212.62163
  0
VERTEX
  5
a51
  8
Layer_0
  10
226.38086
  20
212.52173
  0
VERTEX
  5
a52
  8
Layer_0
  10
226.34587
  20
212.44066
  0
VERTEX
  5
a53
  8
Layer_0
  10
226.3383
  20
212.37576
  0
VERTEX
  5
a54
  8
Layer_0
  10
226.35692
  20
212.32436
  0
VERTEX
  5
a55
  8
Layer_0
  10
226.40051
  20
212.28381
  0
VERTEX
  5
a56
  8
Layer_0
  10
226.56777
  20
212.2351
  0
VERTEX
  5
a57
  8
Layer_0
  10
226.7956
  20
212.25434
  0
VERTEX
  5
a58
  8
Layer_0
  10
227.04635
  20
212.33415
  0
VERTEX
  5
a59
  8
Layer_0
  10
227.28236
  20
212.46716
  0
VERTEX
  5
a5a
  8
Layer_0
  10
227.53489
  20
212.58735
  0
VERTEX
  5
a5b
  8
Layer_0
  10
227.82261
  20
212.64288
  0
VERTEX
  5
a5c
  8
Layer_0
  10
227.94974
  20
212.6446
  0
VERTEX
  5
a5d
  8
Layer_0
  10
228.04976
  20
212.62801
  0
VERTEX
  5
a5e
  8
Layer_0
  10
228.11069
  20
212.59238
  0
VERTEX
  5
a5f
  8
Layer_0
  10
228.12056
  20
212.53701
  0
VERTEX
  5
a60
  8
Layer_0
  10
228.075
  20
212.47193
  0
VERTEX
  5
a61
  8
Layer_0
  10
227.98523
  20
212.37657
  0
VERTEX
  5
a62
  8
Layer_0
  10
227.86272
  20
212.2632
  0
VERTEX
  5
a63
  8
Layer_0
  10
227.71893
  20
212.1441
  0
VERTEX
  5
a64
  8
Layer_0
  10
227.48037
  20
212.00166
  0
VERTEX
  5
a65
  8
Layer_0
  10
227.18236
  20
211.88367
  0
VERTEX
  5
a66
  8
Layer_0
  10
226.84241
  20
211.79249
  0
VERTEX
  5
a67
  8
Layer_0
  10
226.478
  20
211.73046
  0
VERTEX
  5
a68
  8
Layer_0
  10
226.10663
  20
211.69995
  0
VERTEX
  5
a69
  8
Layer_0
  10
225.7458
  20
211.70331
  0
VERTEX
  5
a6a
  8
Layer_0
  10
225.41301
  20
211.74289
  0
VERTEX
  5
a6b
  8
Layer_0
  10
225.12575
  20
211.82105
  0
VERTEX
  5
a6c
  8
Layer_0
  10
225.05293
  20
211.86462
  0
VERTEX
  5
a6d
  8
Layer_0
  10
225.01142
  20
211.92405
  0
VERTEX
  5
a6e
  8
Layer_0
  10
225.00143
  20
212.00047
  0
VERTEX
  5
a6f
  8
Layer_0
  10
225.02315
  20
212.09499
  0
VERTEX
  5
a70
  8
Layer_0
  10
225.0768
  20
212.20875
  0
VERTEX
  5
a71
  8
Layer_0
  10
225.16258
  20
212.34288
  0
VERTEX
  5
a72
  8
Layer_0
  10
225.28069
  20
212.49849
  0
VERTEX
  5
a73
  8
Layer_0
  10
225.43134
  20
212.67671
  0
VERTEX
  5
a74
  8
Layer_0
  10
225.60269
  20
212.8748
  0
VERTEX
  5
a75
  8
Layer_0
  10
225.7413
  20
213.04997
  0
VERTEX
  5
a76
  8
Layer_0
  10
225.83407
  20
213.18258
  0
VERTEX
  5
a77
  8
Layer_0
  10
225.8679
  20
213.25298
  0
VERTEX
  5
a78
  8
Layer_0
  10
225.81661
  20
213.31518
  0
VERTEX
  5
a79
  8
Layer_0
  10
225.69328
  20
213.35775
  0
VERTEX
  5
a7a
  8
Layer_0
  10
225.59805
  20
213.37726
  0
VERTEX
  5
a7b
  8
Layer_0
  10
225.56013
  20
213.40904
  0
VERTEX
  5
a7c
  8
Layer_0
  10
225.57786
  20
213.47194
  0
VERTEX
  5
a7d
  8
Layer_0
  10
225.64962
  20
213.58476
  42
-0.23890165
  0
VERTEX
  5
a7e
  8
Layer_0
  10
226.07745
  20
213.77686
  0
VERTEX
  5
a7f
  8
Layer_0
  10
226.22083
  20
213.79199
  0
VERTEX
  5
a80
  8
Layer_0
  10
226.35358
  20
213.83906
  0
VERTEX
  5
a81
  8
Layer_0
  10
226.48141
  20
213.92051
  0
VERTEX
  5
a82
  8
Layer_0
  10
226.61006
  20
214.03879
  0
VERTEX
  5
a83
  8
Layer_0
  10
226.75753
  20
214.17549
  0
VERTEX
  5
a84
  8
Layer_0
  10
226.89928
  20
214.25489
  0
VERTEX
  5
a85
  8
Layer_0
  10
227.07541
  20
214.29172
  0
VERTEX
  5
a86
  8
Layer_0
  10
227.32602
  20
214.30072
  0
VERTEX
  5
a87
  8
Layer_0
  10
227.50515
  20
214.29459
  0
VERTEX
  5
a88
  8
Layer_0
  10
227.65235
  20
214.2778
  0
VERTEX
  5
a89
  8
Layer_0
  10
227.75208
  20
214.25284
  0
VERTEX
  5
a8a
  8
Layer_0
  10
227.78878
  20
214.22214
  0
VERTEX
  5
a8b
  8
Layer_0
  10
227.74949
  20
214.13701
  0
VERTEX
  5
a8c
  8
Layer_0
  10
227.65781
  20
214.03879
  0
VERTEX
  5
a8d
  8
Layer_0
  10
227.58982
  20
213.97238
  0
VERTEX
  5
a8e
  8
Layer_0
  10
227.56408
  20
213.91682
  0
VERTEX
  5
a8f
  8
Layer_0
  10
227.58276
  20
213.87149
  0
VERTEX
  5
a90
  8
Layer_0
  10
227.64799
  20
213.83578
  0
VERTEX
  5
a91
  8
Layer_0
  10
227.76192
  20
213.80908
  0
VERTEX
  5
a92
  8
Layer_0
  10
227.9267
  20
213.79076
  0
VERTEX
  5
a93
  8
Layer_0
  10
228.14449
  20
213.78022
  0
VERTEX
  5
a94
  8
Layer_0
  10
228.41743
  20
213.77685
  0
VERTEX
  5
a95
  8
Layer_0
  10
229.21198
  20
213.77686
  0
VERTEX
  5
a96
  8
Layer_0
  10
229.01115
  20
213.55856
  0
SEQEND
  0
POLYLINE
  5
a98
  8
Layer_0
  62
7
  70
1
  66
1
  10
0
  20
0
  30
0
  0
VERTEX
  5
a98
  8
Layer_0
  10
261.22714
  20
217.75314
  42
-0.086928445
  0
VERTEX
  5
a99
  8
Layer_0
  10
261.55481
  20
217.83887
  0
VERTEX
  5
a9a
  8
Layer_0
  10
261.90152
  20
217.84291
  0
VERTEX
  5
a9b
  8
Layer_0
  10
262.16251
  20
217.80267
  0
VERTEX
  5
a9c
  8
Layer_0
  10
262.24634
  20
217.77219
  0
VERTEX
  5
a9d
  8
Layer_0
  10
262.233
  20
217.6579
  42
0.022673643
  0
VERTEX
  5
a9e
  8
Layer_0
  10
262.22156
  20
217.48073
  0
VERTEX
  5
a9f
  8
Layer_0
  10
262.22156
  20
217.41786
  0
VERTEX
  5
aa0
  8
Layer_0
  10
262.11298
  20
217.46739
  42
0.10217215
  0
VERTEX
  5
aa1
  8
Layer_0
  10
261.7796
  20
217.51501
  0
VERTEX
  5
aa2
  8
Layer_0
  10
261.57743
  20
217.50763
  0
VERTEX
  5
aa3
  8
Layer_0
  10
261.46528
  20
217.46739
  0
VERTEX
  5
aa4
  8
Layer_0
  10
261.28406
  20
217.33636
  0
VERTEX
  5
aa5
  8
Layer_0
  10
261.15429
  20
217.16211
  0
VERTEX
  5
aa6
  8
Layer_0
  10
261.07951
  20
216.95143
  0
VERTEX
  5
aa7
  8
Layer_0
  10
261.06332
  20
216.71111
  0
VERTEX
  5
aa8
  8
Layer_0
  10
261.09144
  20
216.53195
  0
VERTEX
  5
aa9
  8
Layer_0
  10
261.15113
  20
216.37582
  0
VERTEX
  5
aaa
  8
Layer_0
  10
261.23966
  20
216.24471
  0
VERTEX
  5
aab
  8
Layer_0
  10
261.35431
  20
216.14056
  0
VERTEX
  5
aac
  8
Layer_0
  10
261.49236
  20
216.06534
  0
VERTEX
  5
aad
  8
Layer_0
  10
261.65107
  20
216.02102
  0
VERTEX
  5
aae
  8
Layer_0
  10
261.82774
  20
216.00956
  0
VERTEX
  5
aaf
  8
Layer_0
  10
262.01963
  20
216.03292
  0
VERTEX
  5
ab0
  8
Layer_0
  10
262.13345
  20
216.06055
  0
VERTEX
  5
ab1
  8
Layer_0
  10
262.19299
  20
216.08245
  0
VERTEX
  5
ab2
  8
Layer_0
  10
262.21409
  20
216.08573
  0
VERTEX
  5
ab3
  8
Layer_0
  10
262.22894
  20
216.05436
  0
VERTEX
  5
ab4
  8
Layer_0
  10
262.23772
  20
215.98655
  0
VERTEX
  5
ab5
  8
Layer_0
  10
262.24061
  20
215.88052
  0
VERTEX
  5
ab6
  8
Layer_0
  10
262.2406
  20
215.74527
  0
VERTEX
  5
ab7
  8
Layer_0
  10
262.08441
  20
215.71289
  0
VERTEX
  5
ab8
  8
Layer_0
  10
261.85339
  20
215.68484
  0
VERTEX
  5
ab9
  8
Layer_0
  10
261.6222
  20
215.68859
  0
VERTEX
  5
aba
  8
Layer_0
  10
261.40637
  20
215.72306
  0
VERTEX
  5
abb
  8
Layer_0
  10
261.22144
  20
215.78718
  42
0.10960119
  0
VERTEX
  5
abc
  8
Layer_0
  10
261.09952
  20
215.83481
  0
VERTEX
  5
abd
  8
Layer_0
  10
261.09062
  20
215.82108
  0
VERTEX
  5
abe
  8
Layer_0
  10
261.08404
  20
215.78075
  0
VERTEX
  5
abf
  8
Layer_0
  10
261.07996
  20
215.71506
  0
VERTEX
  5
ac0
  8
Layer_0
  10
261.07856
  20
215.62526
  0
VERTEX
  5
ac1
  8
Layer_0
  10
261.07855
  20
215.41571
  0
VERTEX
  5
ac2
  8
Layer_0
  10
260.96426
  20
215.4138
  42
0.0020357862
  0
VERTEX
  5
ac3
  8
Layer_0
  10
260.76044
  20
215.40808
  0
VERTEX
  5
ac4
  8
Layer_0
  10
260.66898
  20
215.40617
  0
VERTEX
  5
ac5
  8
Layer_0
  10
260.66898
  20
215.63097
  0
VERTEX
  5
ac6
  8
Layer_0
  10
260.66756
  20
215.78813
  0
VERTEX
  5
ac7
  8
Layer_0
  10
260.66327
  20
215.85386
  0
VERTEX
  5
ac8
  8
Layer_0
  10
260.62041
  20
215.83742
  0
VERTEX
  5
ac9
  8
Layer_0
  10
260.52611
  20
215.7967
  0
VERTEX
  5
aca
  8
Layer_0
  10
260.29445
  20
215.71693
  0
VERTEX
  5
acb
  8
Layer_0
  10
260.05439
  20
215.68002
  0
VERTEX
  5
acc
  8
Layer_0
  10
259.79397
  20
215.68526
  0
VERTEX
  5
acd
  8
Layer_0
  10
259.50122
  20
215.73193
  0
VERTEX
  5
ace
  8
Layer_0
  10
259.46407
  20
215.75956
  0
VERTEX
  5
acf
  8
Layer_0
  10
259.46122
  20
215.87862
  42
-0.061331207
  0
VERTEX
  5
ad0
  8
Layer_0
  10
259.47266
  20
216.05769
  0
VERTEX
  5
ad1
  8
Layer_0
  10
259.48218
  20
216.09769
  0
VERTEX
  5
ad2
  8
Layer_0
  10
259.60791
  20
216.0596
  42
0.066654723
  0
VERTEX
  5
ad3
  8
Layer_0
  10
259.92032
  20
216.0215
  42
0.11664548
  0
VERTEX
  5
ad4
  8
Layer_0
  10
260.26514
  20
216.09769
  42
0.10415147
  0
VERTEX
  5
ad5
  8
Layer_0
  10
260.47659
  20
216.23866
  42
-0.011871813
  0
VERTEX
  5
ad6
  8
Layer_0
  10
260.54706
  20
216.32629
  0
VERTEX
  5
ad7
  8
Layer_0
  10
260.63231
  20
216.50108
  0
VERTEX
  5
ad8
  8
Layer_0
  10
260.6747
  20
216.73587
  42
0.10675999
  0
VERTEX
  5
ad9
  8
Layer_0
  10
260.63278
  20
217.03496
  42
0.11366439
  0
VERTEX
  5
ada
  8
Layer_0
  10
260.54517
  20
217.19688
  42
-0.21133713
  0
VERTEX
  5
adb
  8
Layer_0
  10
260.50705
  20
217.25594
  0
VERTEX
  5
adc
  8
Layer_0
  10
260.48349
  20
217.29094
  0
VERTEX
  5
add
  8
Layer_0
  10
260.42705
  20
217.34166
  42
-0.064489899
  0
VERTEX
  5
ade
  8
Layer_0
  10
260.3356
  20
217.41786
  42
0.092046944
  0
VERTEX
  5
adf
  8
Layer_0
  10
260.23273
  20
217.47119
  42
0.10081376
  0
VERTEX
  5
ae0
  8
Layer_0
  10
259.92603
  20
217.5112
  42
0.1059004
  0
VERTEX
  5
ae1
  8
Layer_0
  10
259.6041
  20
217.46358
  0
VERTEX
  5
ae2
  8
Layer_0
  10
259.52837
  20
217.43119
  0
VERTEX
  5
ae3
  8
Layer_0
  10
259.49551
  20
217.42167
  42
-0.050230513
  0
VERTEX
  5
ae4
  8
Layer_0
  10
259.47073
  20
217.62932
  0
VERTEX
  5
ae5
  8
Layer_0
  10
259.46645
  20
217.75766
  0
VERTEX
  5
ae6
  8
Layer_0
  10
259.49932
  20
217.79886
  0
VERTEX
  5
ae7
  8
Layer_0
  10
259.60222
  20
217.82523
  0
VERTEX
  5
ae8
  8
Layer_0
  10
259.77245
  20
217.84267
  0
VERTEX
  5
ae9
  8
Layer_0
  10
259.96946
  20
217.84869
  0
VERTEX
  5
aea
  8
Layer_0
  10
260.15273
  20
217.84077
  42
-0.092411814
  0
VERTEX
  5
aeb
  8
Layer_0
  10
260.49564
  20
217.75314
  0
VERTEX
  5
aec
  8
Layer_0
  10
260.59945
  20
217.7029
  0
VERTEX
  5
aed
  8
Layer_0
  10
260.65184
  20
217.68266
  0
VERTEX
  5
aee
  8
Layer_0
  10
260.65791
  20
217.70206
  0
VERTEX
  5
aef
  8
Layer_0
  10
260.66184
  20
217.75504
  0
VERTEX
  5
af0
  8
Layer_0
  10
260.66363
  20
217.83375
  0
VERTEX
  5
af1
  8
Layer_0
  10
260.66327
  20
217.93031
  0
VERTEX
  5
af2
  8
Layer_0
  10
260.65564
  20
218.17795
  0
VERTEX
  5
af3
  8
Layer_0
  10
260.8671
  20
218.17795
  0
VERTEX
  5
af4
  8
Layer_0
  10
261.07855
  20
218.17795
  0
VERTEX
  5
af5
  8
Layer_0
  10
261.07855
  20
217.93221
  0
VERTEX
  5
af6
  8
Layer_0
  10
261.07855
  20
217.68456
  0
SEQEND
  0
POLYLINE
  5
af8
  8
Layer_0
  62
7
  70
1
  66
1
  10
0
  20
0
  30
0
  0
VERTEX
  5
af8
  8
Layer_0
  10
255.21307
  20
196.48001
  42
-0.042295799
  0
VERTEX
  5
af9
  8
Layer_0
  10
255.32547
  20
196.30855
  42
0.058661943
  0
VERTEX
  5
afa
  8
Layer_0
  10
255.40929
  20
196.18663
  42
-0.18166278
  0
VERTEX
  5
afb
  8
Layer_0
  10
255.45882
  20
196.11043
  42
0.16807229
  0
VERTEX
  5
afc
  8
Layer_0
  10
255.49881
  20
196.04185
  42
-0.01948445
  0
VERTEX
  5
afd
  8
Layer_0
  10
255.64169
  20
195.83801
  0
VERTEX
  5
afe
  8
Layer_0
  10
255.72027
  20
195.7261
  0
VERTEX
  5
aff
  8
Layer_0
  10
255.76171
  20
195.6799
  0
VERTEX
  5
b00
  8
Layer_0
  10
255.78052
  20
195.66252
  0
VERTEX
  5
b01
  8
Layer_0
  10
255.80362
  20
195.62085
  42
0.090719127
  0
VERTEX
  5
b02
  8
Layer_0
  10
255.89125
  20
195.4913
  42
-0.12719247
  0
VERTEX
  5
b03
  8
Layer_0
  10
255.96555
  20
195.37891
  42
0.32284354
  0
VERTEX
  5
b04
  8
Layer_0
  10
255.99031
  20
195.33701
  0
VERTEX
  5
b05
  8
Layer_0
  10
256.06008
  20
195.25866
  0
VERTEX
  5
b06
  8
Layer_0
  10
256.17128
  20
195.09888
  42
0.084549849
  0
VERTEX
  5
b07
  8
Layer_0
  10
256.23987
  20
195.01315
  42
-0.069475343
  0
VERTEX
  5
b08
  8
Layer_0
  10
256.32178
  20
194.90839
  42
0.016893967
  0
VERTEX
  5
b09
  8
Layer_0
  10
256.4494
  20
194.73692
  42
-0.0052544425
  0
VERTEX
  5
b0a
  8
Layer_0
  10
256.63611
  20
194.49881
  42
0.00080504683
  0
VERTEX
  5
b0b
  8
Layer_0
  10
256.78659
  20
194.3083
  42
-0.0034880647
  0
VERTEX
  5
b0c
  8
Layer_0
  10
256.91425
  20
194.1559
  42
2.0517457e-06
  0
VERTEX
  5
b0d
  8
Layer_0
  10
257.07236
  20
193.96921
  42
-0.0041180869
  0
VERTEX
  5
b0e
  8
Layer_0
  10
257.32379
  20
193.67966
  42
0.015807434
  0
VERTEX
  5
b0f
  8
Layer_0
  10
257.86484
  20
193.0853
  0
VERTEX
  5
b10
  8
Layer_0
  10
257.95508
  20
192.98838
  0
VERTEX
  5
b11
  8
Layer_0
  10
257.99246
  20
192.94432
  0
VERTEX
  5
b12
  8
Layer_0
  10
258.3918
  20
192.53332
  0
VERTEX
  5
b13
  8
Layer_0
  10
258.80399
  20
192.1366
  42
-0.28408677
  0
VERTEX
  5
b14
  8
Layer_0
  10
258.8497
  20
192.08897
  42
0.28406745
  0
VERTEX
  5
b15
  8
Layer_0
  10
258.88971
  20
192.04135
  0
VERTEX
  5
b16
  8
Layer_0
  10
258.9321
  20
192.00778
  0
VERTEX
  5
b17
  8
Layer_0
  10
259.01735
  20
191.92705
  0
VERTEX
  5
b18
  8
Layer_0
  10
259.10212
  20
191.84633
  0
VERTEX
  5
b19
  8
Layer_0
  10
259.14118
  20
191.81275
  0
VERTEX
  5
b1a
  8
Layer_0
  10
259.17189
  20
191.78894
  0
VERTEX
  5
b1b
  8
Layer_0
  10
259.23262
  20
191.73084
  42
0.013877465
  0
VERTEX
  5
b1c
  8
Layer_0
  10
259.43835
  20
191.54605
  42
-0.0032593251
  0
VERTEX
  5
b1d
  8
Layer_0
  10
259.6441
  20
191.36508
  42
0.023454205
  0
VERTEX
  5
b1e
  8
Layer_0
  10
259.92603
  20
191.12314
  42
-0.092283736
  0
VERTEX
  5
b1f
  8
Layer_0
  10
260.00604
  20
191.04884
  42
0.096226873
  0
VERTEX
  5
b20
  8
Layer_0
  10
260.0994
  20
190.97266
  42
-0.054158652
  0
VERTEX
  5
b21
  8
Layer_0
  10
260.23083
  20
190.86978
  42
0.12368218
  0
VERTEX
  5
b22
  8
Layer_0
  10
260.31085
  20
190.80119
  42
-0.078727417
  0
VERTEX
  5
b23
  8
Layer_0
  10
260.41373
  20
190.7231
  42
0.047199425
  0
VERTEX
  5
b24
  8
Layer_0
  10
260.77948
  20
190.44496
  0
VERTEX
  5
b25
  8
Layer_0
  10
260.85568
  20
190.40306
  0
VERTEX
  5
b26
  8
Layer_0
  10
260.93948
  20
190.44305
  0
VERTEX
  5
b27
  8
Layer_0
  10
260.9976
  20
190.47473
  0
VERTEX
  5
b28
  8
Layer_0
  10
261.02141
  20
190.4964
  0
VERTEX
  5
b29
  8
Layer_0
  10
261.05118
  20
190.52688
  0
VERTEX
  5
b2a
  8
Layer_0
  10
261.12238
  20
190.58022
  42
0.028156527
  0
VERTEX
  5
b2b
  8
Layer_0
  10
261.29001
  20
190.71167
  42
-0.037655504
  0
VERTEX
  5
b2c
  8
Layer_0
  10
261.43671
  20
190.82977
  0
VERTEX
  5
b2d
  8
Layer_0
  10
261.49314
  20
190.87264
  0
VERTEX
  5
b2e
  8
Layer_0
  10
261.51671
  20
190.89835
  0
VERTEX
  5
b2f
  8
Layer_0
  10
261.53791
  20
190.92264
  0
VERTEX
  5
b30
  8
Layer_0
  10
261.5891
  20
190.96122
  42
0.042192397
  0
VERTEX
  5
b31
  8
Layer_0
  10
261.72055
  20
191.06218
  0
VERTEX
  5
b32
  8
Layer_0
  10
261.88342
  20
191.20696
  0
VERTEX
  5
b33
  8
Layer_0
  10
261.99487
  20
191.29459
  42
0.075282204
  0
VERTEX
  5
b34
  8
Layer_0
  10
262.09201
  20
191.38033
  42
-0.015823419
  0
VERTEX
  5
b35
  8
Layer_0
  10
262.28632
  20
191.55557
  42
0.021501608
  0
VERTEX
  5
b36
  8
Layer_0
  10
262.82544
  20
192.05469
  0
VERTEX
  5
b37
  8
Layer_0
  10
262.88641
  20
192.11279
  0
VERTEX
  5
b38
  8
Layer_0
  10
262.91879
  20
192.1366
  0
VERTEX
  5
b39
  8
Layer_0
  10
263.23383
  20
192.44164
  0
VERTEX
  5
b3a
  8
Layer_0
  10
263.53601
  20
192.75954
  42
-0.28407904
  0
VERTEX
  5
b3b
  8
Layer_0
  10
263.58554
  20
192.80336
  42
0.10968917
  0
VERTEX
  5
b3c
  8
Layer_0
  10
263.67508
  20
192.88908
  42
-0.045801724
  0
VERTEX
  5
b3d
  8
Layer_0
  10
263.79129
  20
193.02243
  42
0.018784541
  0
VERTEX
  5
b3e
  8
Layer_0
  10
264.32468
  20
193.60345
  42
-0.003852351
  0
VERTEX
  5
b3f
  8
Layer_0
  10
264.4866
  20
193.79205
  42
-0.015091661
  0
VERTEX
  5
b40
  8
Layer_0
  10
264.62949
  20
193.95398
  42
0.049756133
  0
VERTEX
  5
b41
  8
Layer_0
  10
264.73044
  20
194.08351
  0
VERTEX
  5
b42
  8
Layer_0
  10
264.76926
  20
194.13471
  0
VERTEX
  5
b43
  8
Layer_0
  10
264.79522
  20
194.1559
  0
VERTEX
  5
b44
  8
Layer_0
  10
264.82236
  20
194.17948
  0
VERTEX
  5
b45
  8
Layer_0
  10
264.8638
  20
194.23591
  42
-0.044435217
  0
VERTEX
  5
b46
  8
Layer_0
  10
264.95523
  20
194.35402
  42
0.019354856
  0
VERTEX
  5
b47
  8
Layer_0
  10
265.15527
  20
194.60358
  0
VERTEX
  5
b48
  8
Layer_0
  10
265.27813
  20
194.75931
  0
VERTEX
  5
b49
  8
Layer_0
  10
265.34957
  20
194.83789
  42
0.24474603
  0
VERTEX
  5
b4a
  8
Layer_0
  10
265.38385
  20
194.88742
  42
-0.1989083
  0
VERTEX
  5
b4b
  8
Layer_0
  10
265.43719
  20
194.96744
  42
0.035631842
  0
VERTEX
  5
b4c
  8
Layer_0
  10
265.53625
  20
195.09126
  0
VERTEX
  5
b4d
  8
Layer_0
  10
265.63258
  20
195.23038
  0
VERTEX
  5
b4e
  8
Layer_0
  10
265.72676
  20
195.36129
  0
VERTEX
  5
b4f
  8
Layer_0
  10
265.80522
  20
195.46577
  0
VERTEX
  5
b50
  8
Layer_0
  10
265.8544
  20
195.5256
  42
0.19891237
  0
VERTEX
  5
b51
  8
Layer_0
  10
265.89822
  20
195.59418
  42
-0.19891237
  0
VERTEX
  5
b52
  8
Layer_0
  10
265.94394
  20
195.66277
  42
0.055119173
  0
VERTEX
  5
b53
  8
Layer_0
  10
266.07919
  20
195.85135
  0
VERTEX
  5
b54
  8
Layer_0
  10
266.15086
  20
195.95684
  0
VERTEX
  5
b55
  8
Layer_0
  10
266.19539
  20
196.00947
  42
0.28405199
  0
VERTEX
  5
b56
  8
Layer_0
  10
266.22205
  20
196.05899
  0
VERTEX
  5
b57
  8
Layer_0
  10
266.24183
  20
196.104
  0
VERTEX
  5
b58
  8
Layer_0
  10
266.28874
  20
196.16758
  42
0.06804368
  0
VERTEX
  5
b59
  8
Layer_0
  10
266.38208
  20
196.29903
  42
-0.048266133
  0
VERTEX
  5
b5a
  8
Layer_0
  10
266.48685
  20
196.45905
  0
VERTEX
  5
b5b
  8
Layer_0
  10
266.54234
  20
196.54025
  0
VERTEX
  5
b5c
  8
Layer_0
  10
266.56496
  20
196.58859
  42
-0.19891237
  0
VERTEX
  5
b5d
  8
Layer_0
  10
266.60306
  20
196.65146
  42
0.065463907
  0
VERTEX
  5
b5e
  8
Layer_0
  10
266.73068
  20
196.84576
  0
VERTEX
  5
b5f
  8
Layer_0
  10
266.79785
  20
196.9603
  0
VERTEX
  5
b60
  8
Layer_0
  10
266.83357
  20
197.0134
  42
0.071636086
  0
VERTEX
  5
b61
  8
Layer_0
  10
266.90787
  20
197.13724
  42
-0.036052078
  0
VERTEX
  5
b62
  8
Layer_0
  10
267.01074
  20
197.30678
  42
0.032667833
  0
VERTEX
  5
b63
  8
Layer_0
  10
267.20886
  20
197.6611
  42
-0.04200277
  0
VERTEX
  5
b64
  8
Layer_0
  10
267.3479
  20
197.89351
  42
0.15313967
  0
VERTEX
  5
b65
  8
Layer_0
  10
267.40317
  20
197.99257
  0
VERTEX
  5
b66
  8
Layer_0
  10
267.42816
  20
198.04949
  0
VERTEX
  5
b67
  8
Layer_0
  10
267.48889
  20
198.1564
  0
VERTEX
  5
b68
  8
Layer_0
  10
267.54961
  20
198.26713
  0
VERTEX
  5
b69
  8
Layer_0
  10
267.57461
  20
198.33357
  42
-0.41421356
  0
VERTEX
  5
b6a
  8
Layer_0
  10
267.58984
  20
198.36595
  0
VERTEX
  5
b6b
  8
Layer_0
  10
267.62152
  20
198.40953
  0
VERTEX
  5
b6c
  8
Layer_0
  10
267.67748
  20
198.51454
  42
0.0047222721
  0
VERTEX
  5
b6d
  8
Layer_0
  10
267.77655
  20
198.70886
  42
0.0035670359
  0
VERTEX
  5
b6e
  8
Layer_0
  10
267.94608
  20
199.05176
  42
-0.0011795155
  0
VERTEX
  5
b6f
  8
Layer_0
  10
268.16705
  20
199.49944
  0
VERTEX
  5
b70
  8
Layer_0
  10
268.21922
  20
199.61087
  0
VERTEX
  5
b71
  8
Layer_0
  10
268.24136
  20
199.66516
  0
VERTEX
  5
b72
  8
Layer_0
  10
268.26636
  20
199.72684
  0
VERTEX
  5
b73
  8
Layer_0
  10
268.32709
  20
199.85566
  0
VERTEX
  5
b74
  8
Layer_0
  10
268.38781
  20
199.98687
  0
VERTEX
  5
b75
  8
Layer_0
  10
268.41281
  20
200.05378
  0
VERTEX
  5
b76
  8
Layer_0
  10
268.43781
  20
200.11832
  0
VERTEX
  5
b77
  8
Layer_0
  10
268.49854
  20
200.24428
  0
VERTEX
  5
b78
  8
Layer_0
  10
268.55926
  20
200.37406
  0
VERTEX
  5
b79
  8
Layer_0
  10
268.58426
  20
200.44812
  42
-0.12637918
  0
VERTEX
  5
b7a
  8
Layer_0
  10
268.62238
  20
200.55289
  42
0.045993782
  0
VERTEX
  5
b7b
  8
Layer_0
  10
268.76523
  20
200.88817
  42
-0.026724298
  0
VERTEX
  5
b7c
  8
Layer_0
  10
268.85858
  20
201.1282
  0
VERTEX
  5
b7d
  8
Layer_0
  10
268.90716
  20
201.24846
  0
VERTEX
  5
b7e
  8
Layer_0
  10
268.92716
  20
201.31299
  42
-0.13592921
  0
VERTEX
  5
b7f
  8
Layer_0
  10
268.9462
  20
201.37204
  42
0.058488876
  0
VERTEX
  5
b80
  8
Layer_0
  10
269.08908
  20
201.74733
  42
-0.032998321
  0
VERTEX
  5
b81
  8
Layer_0
  10
269.18243
  20
202.01022
  0
VERTEX
  5
b82
  8
Layer_0
  10
269.23101
  20
202.13928
  0
VERTEX
  5
b83
  8
Layer_0
  10
269.25101
  20
202.21405
  0
VERTEX
  5
b84
  8
Layer_0
  10
269.26982
  20
202.28549
  0
VERTEX
  5
b85
  8
Layer_0
  10
269.31578
  20
202.40836
  42
0.035120894
  0
VERTEX
  5
b86
  8
Layer_0
  10
269.41104
  20
202.69983
  42
-0.014679561
  0
VERTEX
  5
b87
  8
Layer_0
  10
269.47391
  20
202.9189
  0
VERTEX
  5
b88
  8
Layer_0
  10
269.53203
  20
203.08776
  0
VERTEX
  5
b89
  8
Layer_0
  10
269.56891
  20
203.20251
  0
VERTEX
  5
b8a
  8
Layer_0
  10
269.58829
  20
203.27547
  0
VERTEX
  5
b8b
  8
Layer_0
  10
269.59391
  20
203.31895
  42
-0.19891237
  0
VERTEX
  5
b8c
  8
Layer_0
  10
269.60724
  20
203.38373
  42
0.19891237
  0
VERTEX
  5
b8d
  8
Layer_0
  10
269.62439
  20
203.41992
  42
-0.036909857
  0
VERTEX
  5
b8e
  8
Layer_0
  10
269.67773
  20
203.60471
  42
0.016820002
  0
VERTEX
  5
b8f
  8
Layer_0
  10
269.79584
  20
204.03905
  42
-0.026240152
  0
VERTEX
  5
b90
  8
Layer_0
  10
269.9006
  20
204.41814
  42
0.078171063
  0
VERTEX
  5
b91
  8
Layer_0
  10
269.9368
  20
204.57625
  42
-0.062257035
  0
VERTEX
  5
b92
  8
Layer_0
  10
269.99396
  20
204.84486
  42
0.020929027
  0
VERTEX
  5
b93
  8
Layer_0
  10
270.08731
  20
205.25444
  42
-0.01275602
  0
VERTEX
  5
b94
  8
Layer_0
  10
270.19208
  20
205.72498
  0
VERTEX
  5
b95
  8
Layer_0
  10
270.24066
  20
205.93976
  0
VERTEX
  5
b96
  8
Layer_0
  10
270.26066
  20
206.06596
  42
-0.057542392
  0
VERTEX
  5
b97
  8
Layer_0
  10
270.29877
  20
206.29076
  0
VERTEX
  5
b98
  8
Layer_0
  10
270.35255
  20
206.53034
  0
VERTEX
  5
b99
  8
Layer_0
  10
270.39473
  20
206.73295
  0
VERTEX
  5
b9a
  8
Layer_0
  10
270.42226
  20
206.88306
  0
VERTEX
  5
b9b
  8
Layer_0
  10
270.43211
  20
206.96512
  42
-0.05080599
  0
VERTEX
  5
b9c
  8
Layer_0
  10
270.47974
  20
207.26041
  42
0.020410984
  0
VERTEX
  5
b9d
  8
Layer_0
  10
270.60358
  20
207.98621
  42
-0.015043677
  0
VERTEX
  5
b9e
  8
Layer_0
  10
270.68738
  20
208.56723
  42
0.013160186
  0
VERTEX
  5
b9f
  8
Layer_0
  10
270.7731
  20
209.18636
  42
-0.00086033465
  0
VERTEX
  5
ba0
  8
Layer_0
  10
270.8512
  20
209.86263
  42
0.010724812
  0
VERTEX
  5
ba1
  8
Layer_0
  10
271.01312
  20
211.65332
  42
-0.015740033
  0
VERTEX
  5
ba2
  8
Layer_0
  10
271.05124
  20
212.11053
  42
0.03026541
  0
VERTEX
  5
ba3
  8
Layer_0
  10
271.06265
  20
212.42485
  0
VERTEX
  5
ba4
  8
Layer_0
  10
271.06265
  20
212.66298
  0
VERTEX
  5
ba5
  8
Layer_0
  10
270.97122
  20
212.74489
  42
0.0059532863
  0
VERTEX
  5
ba6
  8
Layer_0
  10
270.79214
  20
212.90681
  42
0.0080719875
  0
VERTEX
  5
ba7
  8
Layer_0
  10
270.60358
  20
213.07256
  42
-0.024592337
  0
VERTEX
  5
ba8
  8
Layer_0
  10
270.43402
  20
213.23067
  0
VERTEX
  5
ba9
  8
Layer_0
  10
270.38044
  20
213.2802
  0
VERTEX
  5
baa
  8
Layer_0
  10
270.34829
  20
213.30116
  0
VERTEX
  5
bab
  8
Layer_0
  10
270.31281
  20
213.32354
  0
VERTEX
  5
bac
  8
Layer_0
  10
270.25304
  20
213.37735
  42
0.031789672
  0
VERTEX
  5
bad
  8
Layer_0
  10
269.89871
  20
213.68596
  42
-0.025692378
  0
VERTEX
  5
bae
  8
Layer_0
  10
269.79395
  20
213.7717
  42
0.069685023
  0
VERTEX
  5
baf
  8
Layer_0
  10
269.72345
  20
213.82693
  42
-0.046935847
  0
VERTEX
  5
bb0
  8
Layer_0
  10
269.60916
  20
213.91457
  0
VERTEX
  5
bb1
  8
Layer_0
  10
269.48973
  20
214.01719
  0
VERTEX
  5
bb2
  8
Layer_0
  10
269.40532
  20
214.08697
  0
VERTEX
  5
bb3
  8
Layer_0
  10
269.34662
  20
214.13102
  0
VERTEX
  5
bb4
  8
Layer_0
  10
269.30435
  20
214.1565
  0
VERTEX
  5
bb5
  8
Layer_0
  10
269.26625
  20
214.18007
  0
VERTEX
  5
bb6
  8
Layer_0
  10
269.25101
  20
214.1965
  0
VERTEX
  5
bb7
  8
Layer_0
  10
269.22744
  20
214.22222
  0
VERTEX
  5
bb8
  8
Layer_0
  10
269.171
  20
214.26508
  42
-0.049393814
  0
VERTEX
  5
bb9
  8
Layer_0
  10
269.07956
  20
214.32985
  42
0.03283873
  0
VERTEX
  5
bba
  8
Layer_0
  10
268.96527
  20
214.41939
  42
-0.005155347
  0
VERTEX
  5
bbb
  8
Layer_0
  10
268.77475
  20
214.56798
  42
0.021686449
  0
VERTEX
  5
bbc
  8
Layer_0
  10
268.62808
  20
214.67847
  0
VERTEX
  5
bbd
  8
Layer_0
  10
268.50074
  20
214.76729
  0
VERTEX
  5
bbe
  8
Layer_0
  10
268.37805
  20
214.85611
  0
VERTEX
  5
bbf
  8
Layer_0
  10
268.28464
  20
214.92707
  0
VERTEX
  5
bc0
  8
Layer_0
  10
268.24517
  20
214.96231
  42
0.28407904
  0
VERTEX
  5
bc1
  8
Layer_0
  10
268.21658
  20
214.97755
  0
VERTEX
  5
bc2
  8
Layer_0
  10
268.16969
  20
215.00256
  0
VERTEX
  5
bc3
  8
Layer_0
  10
268.08706
  20
215.06328
  0
VERTEX
  5
bc4
  8
Layer_0
  10
268.00609
  20
215.124
  0
VERTEX
  5
bc5
  8
Layer_0
  10
267.96514
  20
215.14901
  0
VERTEX
  5
bc6
  8
Layer_0
  10
267.92442
  20
215.17282
  0
VERTEX
  5
bc7
  8
Layer_0
  10
267.84512
  20
215.23092
  42
0.029780127
  0
VERTEX
  5
bc8
  8
Layer_0
  10
267.68701
  20
215.3376
  42
-0.05914673
  0
VERTEX
  5
bc9
  8
Layer_0
  10
267.57269
  20
215.4176
  42
0.10884173
  0
VERTEX
  5
bca
  8
Layer_0
  10
267.47174
  20
215.48428
  42
-0.086940988
  0
VERTEX
  5
bcb
  8
Layer_0
  10
267.32886
  20
215.57573
  42
0.033178473
  0
VERTEX
  5
bcc
  8
Layer_0
  10
267.15552
  20
215.69003
  42
-0.052041895
  0
VERTEX
  5
bcd
  8
Layer_0
  10
267.05453
  20
215.75861
  42
0.07401402
  0
VERTEX
  5
bce
  8
Layer_0
  10
266.96881
  20
215.81766
  42
-0.039703217
  0
VERTEX
  5
bcf
  8
Layer_0
  10
266.80881
  20
215.91481
  0
VERTEX
  5
bd0
  8
Layer_0
  10
266.72855
  20
215.96601
  0
VERTEX
  5
bd1
  8
Layer_0
  10
266.68688
  20
215.98721
  42
-0.16467704
  0
VERTEX
  5
bd2
  8
Layer_0
  10
266.6145
  20
216.03102
  42
0.030825228
  0
VERTEX
  5
bd3
  8
Layer_0
  10
266.41257
  20
216.15866
  42
-0.046165805
  0
VERTEX
  5
bd4
  8
Layer_0
  10
266.21634
  20
216.28629
  42
0.16228023
  0
VERTEX
  5
bd5
  8
Layer_0
  10
266.14206
  20
216.33011
  0
VERTEX
  5
bd6
  8
Layer_0
  10
266.01942
  20
216.39773
  0
VERTEX
  5
bd7
  8
Layer_0
  10
265.89821
  20
216.48251
  42
0.18447698
  0
VERTEX
  5
bd8
  8
Layer_0
  10
265.83725
  20
216.50726
  42
-0.10137057
  0
VERTEX
  5
bd9
  8
Layer_0
  10
265.73248
  20
216.56442
  42
0.057949486
  0
VERTEX
  5
bda
  8
Layer_0
  10
265.53244
  20
216.68253
  0
VERTEX
  5
bdb
  8
Layer_0
  10
265.42744
  20
216.73849
  0
VERTEX
  5
bdc
  8
Layer_0
  10
265.38386
  20
216.77016
  0
VERTEX
  5
bdd
  8
Layer_0
  10
265.36029
  20
216.78873
  0
VERTEX
  5
bde
  8
Layer_0
  10
265.30385
  20
216.81588
  42
-0.09024678
  0
VERTEX
  5
bdf
  8
Layer_0
  10
265.19336
  20
216.87303
  42
0.057567636
  0
VERTEX
  5
be0
  8
Layer_0
  10
265.00287
  20
216.98352
  42
-0.02281505
  0
VERTEX
  5
be1
  8
Layer_0
  10
264.77426
  20
217.10925
  42
0.015319033
  0
VERTEX
  5
be2
  8
Layer_0
  10
264.67902
  20
217.16068
  42
-0.03978184
  0
VERTEX
  5
be3
  8
Layer_0
  10
264.46375
  20
217.27689
  0
VERTEX
  5
be4
  8
Layer_0
  10
264.37659
  20
217.32118
  0
VERTEX
  5
be5
  8
Layer_0
  10
264.32659
  20
217.33975
  42
-0.15114564
  0
VERTEX
  5
be6
  8
Layer_0
  10
264.23895
  20
217.38358
  42
0.033761103
  0
VERTEX
  5
be7
  8
Layer_0
  10
263.93607
  20
217.54739
  42
-3.9060659e-06
  0
VERTEX
  5
be8
  8
Layer_0
  10
263.76462
  20
217.63312
  42
0.0092737538
  0
VERTEX
  5
be9
  8
Layer_0
  10
263.61221
  20
217.70743
  42
-0.018557649
  0
VERTEX
  5
bea
  8
Layer_0
  10
263.51697
  20
217.75696
  42
0.029354871
  0
VERTEX
  5
beb
  8
Layer_0
  10
263.24072
  20
217.89221
  42
-0.0092555409
  0
VERTEX
  5
bec
  8
Layer_0
  10
262.82925
  20
218.09222
  0
VERTEX
  5
bed
  8
Layer_0
  10
262.70662
  20
218.15295
  0
VERTEX
  5
bee
  8
Layer_0
  10
262.64257
  20
218.17796
  0
VERTEX
  5
bef
  8
Layer_0
  10
262.57684
  20
218.20296
  0
VERTEX
  5
bf0
  8
Layer_0
  10
262.44826
  20
218.26368
  0
VERTEX
  5
bf1
  8
Layer_0
  10
262.32086
  20
218.3244
  0
VERTEX
  5
bf2
  8
Layer_0
  10
262.25776
  20
218.3494
  0
VERTEX
  5
bf3
  8
Layer_0
  10
262.19942
  20
218.37179
  0
VERTEX
  5
bf4
  8
Layer_0
  10
262.0825
  20
218.42561
  42
0.015337769
  0
VERTEX
  5
bf5
  8
Layer_0
  10
261.81198
  20
218.54562
  42
-0.0041996439
  0
VERTEX
  5
bf6
  8
Layer_0
  10
261.29572
  20
218.76279
  0
VERTEX
  5
bf7
  8
Layer_0
  10
261.15119
  20
218.82018
  0
VERTEX
  5
bf8
  8
Layer_0
  10
261.07094
  20
218.8447
  42
-0.11642921
  0
VERTEX
  5
bf9
  8
Layer_0
  10
260.96426
  20
218.88281
  42
0.23421295
  0
VERTEX
  5
bfa
  8
Layer_0
  10
260.74518
  20
218.88089
  42
-0.10704668
  0
VERTEX
  5
bfb
  8
Layer_0
  10
260.63852
  20
218.8447
  0
VERTEX
  5
bfc
  8
Layer_0
  10
260.50849
  20
218.8016
  0
VERTEX
  5
bfd
  8
Layer_0
  10
260.33561
  20
218.72278
  42
-0.035480201
  0
VERTEX
  5
bfe
  8
Layer_0
  10
260.18512
  20
218.66373
  42
0.042072255
  0
VERTEX
  5
bff
  8
Layer_0
  10
259.97937
  20
218.5761
  42
-0.12310387
  0
VERTEX
  5
c00
  8
Layer_0
  10
259.84793
  20
218.52086
  0
VERTEX
  5
c01
  8
Layer_0
  10
259.77864
  20
218.49585
  0
VERTEX
  5
c02
  8
Layer_0
  10
259.64791
  20
218.43513
  0
VERTEX
  5
c03
  8
Layer_0
  10
259.5186
  20
218.37441
  0
VERTEX
  5
c04
  8
Layer_0
  10
259.4536
  20
218.3494
  0
VERTEX
  5
c05
  8
Layer_0
  10
259.38692
  20
218.32345
  0
VERTEX
  5
c06
  8
Layer_0
  10
259.25167
  20
218.26177
  42
-0.0020903641
  0
VERTEX
  5
c07
  8
Layer_0
  10
258.93542
  20
218.11319
  42
0.0053141995
  0
VERTEX
  5
c08
  8
Layer_0
  10
258.42871
  20
217.86554
  0
VERTEX
  5
c09
  8
Layer_0
  10
258.2819
  20
217.79437
  0
VERTEX
  5
c0a
  8
Layer_0
  10
258.15867
  20
217.73623
  0
VERTEX
  5
c0b
  8
Layer_0
  10
258.07188
  20
217.69703
  0
VERTEX
  5
c0c
  8
Layer_0
  10
258.03437
  20
217.68266
  42
0.1480753
  0
VERTEX
  5
c0d
  8
Layer_0
  10
257.95056
  20
217.64075
  42
-0.050555791
  0
VERTEX
  5
c0e
  8
Layer_0
  10
257.64957
  20
217.48453
  42
0.043268556
  0
VERTEX
  5
c0f
  8
Layer_0
  10
257.52191
  20
217.41214
  0
VERTEX
  5
c10
  8
Layer_0
  10
257.46144
  20
217.37476
  0
VERTEX
  5
c11
  8
Layer_0
  10
257.42668
  20
217.3588
  0
VERTEX
  5
c12
  8
Layer_0
  10
257.29547
  20
217.29808
  0
VERTEX
  5
c13
  8
Layer_0
  10
257.1314
  20
217.2045
  42
-0.16804956
  0
VERTEX
  5
c14
  8
Layer_0
  10
257.05328
  20
217.1683
  0
VERTEX
  5
c15
  8
Layer_0
  10
256.99472
  20
217.1433
  0
VERTEX
  5
c16
  8
Layer_0
  10
256.89328
  20
217.08258
  0
VERTEX
  5
c17
  8
Layer_0
  10
256.79493
  20
217.02186
  0
VERTEX
  5
c18
  8
Layer_0
  10
256.74088
  20
216.99685
  0
VERTEX
  5
c19
  8
Layer_0
  10
256.68468
  20
216.97185
  0
VERTEX
  5
c1a
  8
Layer_0
  10
256.58276
  20
216.91113
  0
VERTEX
  5
c1b
  8
Layer_0
  10
256.48322
  20
216.85041
  0
VERTEX
  5
c1c
  8
Layer_0
  10
256.43227
  20
216.82541
  0
VERTEX
  5
c1d
  8
Layer_0
  10
256.38916
  20
216.80421
  0
VERTEX
  5
c1e
  8
Layer_0
  10
256.30463
  20
216.75301
  42
-0.042025446
  0
VERTEX
  5
c1f
  8
Layer_0
  10
256.13507
  20
216.65776
  42
0.029106586
  0
VERTEX
  5
c20
  8
Layer_0
  10
255.97888
  20
216.56631
  0
VERTEX
  5
c21
  8
Layer_0
  10
255.90149
  20
216.52036
  0
VERTEX
  5
c22
  8
Layer_0
  10
255.85124
  20
216.50155
  42
0.26341564
  0
VERTEX
  5
c23
  8
Layer_0
  10
255.81123
  20
216.48251
  42
-0.26044783
  0
VERTEX
  5
c24
  8
Layer_0
  10
255.57501
  20
216.33011
  42
0.15632185
  0
VERTEX
  5
c25
  8
Layer_0
  10
255.48547
  20
216.27676
  42
-0.018370817
  0
VERTEX
  5
c26
  8
Layer_0
  10
255.17307
  20
216.07864
  42
0.023235119
  0
VERTEX
  5
c27
  8
Layer_0
  10
254.59966
  20
215.71669
  42
-0.1703099
  0
VERTEX
  5
c28
  8
Layer_0
  10
254.51012
  20
215.66336
  42
0.17900914
  0
VERTEX
  5
c29
  8
Layer_0
  10
254.4644
  20
215.6405
  0
VERTEX
  5
c2a
  8
Layer_0
  10
254.34343
  20
215.54263
  0
VERTEX
  5
c2b
  8
Layer_0
  10
254.25676
  20
215.49191
  0
VERTEX
  5
c2c
  8
Layer_0
  10
254.21675
  20
215.47214
  0
VERTEX
  5
c2d
  8
Layer_0
  10
254.15388
  20
215.42523
  42
-0.069616356
  0
VERTEX
  5
c2e
  8
Layer_0
  10
254.01863
  20
215.33569
  42
0.081530299
  0
VERTEX
  5
c2f
  8
Layer_0
  10
253.92529
  20
215.27664
  42
-0.049412832
  0
VERTEX
  5
c30
  8
Layer_0
  10
253.83575
  20
215.20996
  0
VERTEX
  5
c31
  8
Layer_0
  10
253.79765
  20
215.18353
  0
VERTEX
  5
c32
  8
Layer_0
  10
253.78241
  20
215.16425
  42
-0.41421356
  0
VERTEX
  5
c33
  8
Layer_0
  10
253.75764
  20
215.149
  0
VERTEX
  5
c34
  8
Layer_0
  10
253.71788
  20
215.13019
  0
VERTEX
  5
c35
  8
Layer_0
  10
253.65668
  20
215.08423
  42
-0.045179975
  0
VERTEX
  5
c36
  8
Layer_0
  10
253.52142
  20
214.98328
  42
0.062197683
  0
VERTEX
  5
c37
  8
Layer_0
  10
253.13281
  20
214.70514
  42
-0.068356862
  0
VERTEX
  5
c38
  8
Layer_0
  10
253.04898
  20
214.64798
  42
0.074636052
  0
VERTEX
  5
c39
  8
Layer_0
  10
252.91754
  20
214.55084
  0
VERTEX
  5
c3a
  8
Layer_0
  10
252.85872
  20
214.50226
  0
VERTEX
  5
c3b
  8
Layer_0
  10
252.81848
  20
214.48225
  42
0.26918393
  0
VERTEX
  5
c3c
  8
Layer_0
  10
252.77847
  20
214.45749
  42
-0.10610168
  0
VERTEX
  5
c3d
  8
Layer_0
  10
252.68704
  20
214.37747
  42
0.017282988
  0
VERTEX
  5
c3e
  8
Layer_0
  10
252.50415
  20
214.23079
  0
VERTEX
  5
c3f
  8
Layer_0
  10
252.42272
  20
214.1665
  0
VERTEX
  5
c40
  8
Layer_0
  10
252.37843
  20
214.13935
  0
VERTEX
  5
c41
  8
Layer_0
  10
252.34914
  20
214.12221
  0
VERTEX
  5
c42
  8
Layer_0
  10
252.30413
  20
214.0822
  42
-0.068917715
  0
VERTEX
  5
c43
  8
Layer_0
  10
252.17841
  20
213.98314
  0
VERTEX
  5
c44
  8
Layer_0
  10
252.1272
  20
213.94957
  0
VERTEX
  5
c45
  8
Layer_0
  10
252.10601
  20
213.92599
  0
VERTEX
  5
c46
  8
Layer_0
  10
252.07648
  20
213.89313
  0
VERTEX
  5
c47
  8
Layer_0
  10
252.00695
  20
213.83455
  42
0.021607698
  0
VERTEX
  5
c48
  8
Layer_0
  10
251.46783
  20
213.39259
  42
-0.011707028
  0
VERTEX
  5
c49
  8
Layer_0
  10
251.18208
  20
213.13733
  42
0.015464992
  0
VERTEX
  5
c4a
  8
Layer_0
  10
250.89824
  20
212.88016
  0
VERTEX
  5
c4b
  8
Layer_0
  10
250.84157
  20
212.82729
  0
VERTEX
  5
c4c
  8
Layer_0
  10
250.81061
  20
212.80585
  0
VERTEX
  5
c4d
  8
Layer_0
  10
250.7818
  20
212.78704
  0
VERTEX
  5
c4e
  8
Layer_0
  10
250.72869
  20
212.74109
  0
VERTEX
  5
c4f
  8
Layer_0
  10
250.65631
  20
212.67632
  0
VERTEX
  5
c50
  8
Layer_0
  10
250.65631
  20
212.4782
  42
0.019534786
  0
VERTEX
  5
c51
  8
Layer_0
  10
250.70773
  20
211.55807
  42
-0.011971129
  0
VERTEX
  5
c52
  8
Layer_0
  10
250.74585
  20
211.01515
  42
0.011475567
  0
VERTEX
  5
c53
  8
Layer_0
  10
250.78394
  20
210.56747
  42
0.0039673056
  0
VERTEX
  5
c54
  8
Layer_0
  10
250.83157
  20
210.12933
  42
0.0086553578
  0
VERTEX
  5
c55
  8
Layer_0
  10
250.88872
  20
209.62451
  42
-0.0076073395
  0
VERTEX
  5
c56
  8
Layer_0
  10
250.92682
  20
209.30066
  42
0.019576292
  0
VERTEX
  5
c57
  8
Layer_0
  10
251.03159
  20
208.53674
  42
-0.014930296
  0
VERTEX
  5
c58
  8
Layer_0
  10
251.09636
  20
208.08145
  42
0.022790839
  0
VERTEX
  5
c59
  8
Layer_0
  10
251.16304
  20
207.64331
  42
-0.011258457
  0
VERTEX
  5
c5a
  8
Layer_0
  10
251.22018
  20
207.3385
  42
0.023438504
  0
VERTEX
  5
c5b
  8
Layer_0
  10
251.24686
  20
207.20515
  42
-0.058949084
  0
VERTEX
  5
c5c
  8
Layer_0
  10
251.26781
  20
207.04704
  0
VERTEX
  5
c5d
  8
Layer_0
  10
251.27385
  20
206.98971
  0
VERTEX
  5
c5e
  8
Layer_0
  10
251.29043
  20
206.88988
  0
VERTEX
  5
c5f
  8
Layer_0
  10
251.31523
  20
206.76147
  0
VERTEX
  5
c60
  8
Layer_0
  10
251.34592
  20
206.61841
  42
-0.02215182
  0
VERTEX
  5
c61
  8
Layer_0
  10
251.44116
  20
206.09264
  0
VERTEX
  5
c62
  8
Layer_0
  10
251.45831
  20
205.96667
  0
VERTEX
  5
c63
  8
Layer_0
  10
251.47546
  20
205.90213
  0
VERTEX
  5
c64
  8
Layer_0
  10
251.5026
  20
205.81165
  0
VERTEX
  5
c65
  8
Layer_0
  10
251.54404
  20
205.624
  42
0.011206324
  0
VERTEX
  5
c66
  8
Layer_0
  10
251.70215
  20
204.9001
  42
-0.0057206344
  0
VERTEX
  5
c67
  8
Layer_0
  10
251.78787
  20
204.53815
  42
0.014363211
  0
VERTEX
  5
c68
  8
Layer_0
  10
251.8755
  20
204.20859
  0
VERTEX
  5
c69
  8
Layer_0
  10
251.91718
  20
204.05595
  0
VERTEX
  5
c6a
  8
Layer_0
  10
251.93456
  20
203.97618
  0
VERTEX
  5
c6b
  8
Layer_0
  10
251.98933
  20
203.75615
  0
VERTEX
  5
c6c
  8
Layer_0
  10
252.07553
  20
203.47326
  42
-0.089945485
  0
VERTEX
  5
c6d
  8
Layer_0
  10
252.10602
  20
203.35133
  0
VERTEX
  5
c6e
  8
Layer_0
  10
252.12816
  20
203.25966
  0
VERTEX
  5
c6f
  8
Layer_0
  10
252.18031
  20
203.09226
  42
-0.018027493
  0
VERTEX
  5
c70
  8
Layer_0
  10
252.28508
  20
202.74745
  42
0.03388341
  0
VERTEX
  5
c71
  8
Layer_0
  10
252.36508
  20
202.50362
  42
-0.012615911
  0
VERTEX
  5
c72
  8
Layer_0
  10
252.45844
  20
202.23691
  42
0.019040651
  0
VERTEX
  5
c73
  8
Layer_0
  10
252.66989
  20
201.6235
  42
-0.013678968
  0
VERTEX
  5
c74
  8
Layer_0
  10
252.76324
  20
201.36633
  42
0.034657057
  0
VERTEX
  5
c75
  8
Layer_0
  10
252.81085
  20
201.23297
  42
-0.026913675
  0
VERTEX
  5
c76
  8
Layer_0
  10
252.95564
  20
200.86722
  42
0.03017483
  0
VERTEX
  5
c77
  8
Layer_0
  10
253.05089
  20
200.64433
  0
VERTEX
  5
c78
  8
Layer_0
  10
253.09685
  20
200.54456
  0
VERTEX
  5
c79
  8
Layer_0
  10
253.11566
  20
200.48622
  42
0.10039164
  0
VERTEX
  5
c7a
  8
Layer_0
  10
253.15567
  20
200.37001
  42
-0.10853119
  0
VERTEX
  5
c7b
  8
Layer_0
  10
253.19757
  20
200.27095
  42
0.17902737
  0
VERTEX
  5
c7c
  8
Layer_0
  10
253.22043
  20
200.23857
  42
-0.11886907
  0
VERTEX
  5
c7d
  8
Layer_0
  10
253.27759
  20
200.10902
  42
0.052373781
  0
VERTEX
  5
c7e
  8
Layer_0
  10
253.36331
  20
199.90329
  42
-0.027547977
  0
VERTEX
  5
c7f
  8
Layer_0
  10
253.46808
  20
199.67088
  0
VERTEX
  5
c80
  8
Layer_0
  10
253.50976
  20
199.57444
  0
VERTEX
  5
c81
  8
Layer_0
  10
253.53286
  20
199.528
  42
-0.095394976
  0
VERTEX
  5
c82
  8
Layer_0
  10
253.56525
  20
199.47086
  0
VERTEX
  5
c83
  8
Layer_0
  10
253.70005
  20
199.18379
  0
VERTEX
  5
c84
  8
Layer_0
  10
253.84932
  20
198.87459
  0
VERTEX
  5
c85
  8
Layer_0
  10
253.91694
  20
198.73735
  0
VERTEX
  5
c86
  8
Layer_0
  10
253.97324
  20
198.62539
  0
VERTEX
  5
c87
  8
Layer_0
  10
254.01324
  20
198.54897
  0
VERTEX
  5
c88
  8
Layer_0
  10
254.03197
  20
198.51835
  0
VERTEX
  5
c89
  8
Layer_0
  10
254.06292
  20
198.46668
  0
VERTEX
  5
c8a
  8
Layer_0
  10
254.11959
  20
198.35643
  42
0.030349305
  0
VERTEX
  5
c8b
  8
Layer_0
  10
254.24152
  20
198.12782
  42
-0.05756206
  0
VERTEX
  5
c8c
  8
Layer_0
  10
254.3139
  20
197.98114
  0
VERTEX
  5
c8d
  8
Layer_0
  10
254.3351
  20
197.92995
  0
VERTEX
  5
c8e
  8
Layer_0
  10
254.35201
  20
197.90875
  0
VERTEX
  5
c8f
  8
Layer_0
  10
254.40701
  20
197.83541
  0
VERTEX
  5
c90
  8
Layer_0
  10
254.44916
  20
197.73921
  0
VERTEX
  5
c91
  8
Layer_0
  10
254.47393
  20
197.68944
  0
VERTEX
  5
c92
  8
Layer_0
  10
254.53298
  20
197.59824
  42
-0.092844507
  0
VERTEX
  5
c93
  8
Layer_0
  10
254.62633
  20
197.4287
  42
0.096263755
  0
VERTEX
  5
c94
  8
Layer_0
  10
254.68538
  20
197.32773
  42
-0.052971609
  0
VERTEX
  5
c95
  8
Layer_0
  10
254.78444
  20
197.17723
  42
0.024065405
  0
VERTEX
  5
c96
  8
Layer_0
  10
254.90065
  20
196.98674
  0
VERTEX
  5
c97
  8
Layer_0
  10
254.94494
  20
196.91744
  0
VERTEX
  5
c98
  8
Layer_0
  10
254.96351
  20
196.87815
  0
VERTEX
  5
c99
  8
Layer_0
  10
255.02328
  20
196.77456
  0
VERTEX
  5
c9a
  8
Layer_0
  10
255.1102
  20
196.65526
  42
-0.19893095
  0
VERTEX
  5
c9b
  8
Layer_0
  10
255.13496
  20
196.60764
  0
VERTEX
  5
c9c
  8
Layer_0
  10
255.15758
  20
196.56025
  0
VERTEX
  5
c9d
  8
Layer_0
  10
255.21307
  20
196.48
  0
SEQEND
  0
POLYLINE
  5
c9f
  8
Layer_0
  62
7
  70
1
  66
1
  10
0
  20
0
  30
0
  0
VERTEX
  5
c9f
  8
Layer_0
  10
263.25026
  20
213.85741
  0
VERTEX
  5
ca0
  8
Layer_0
  10
263.11015
  20
213.92266
  0
VERTEX
  5
ca1
  8
Layer_0
  10
263.02095
  20
213.96219
  0
VERTEX
  5
ca2
  8
Layer_0
  10
262.96924
  20
213.98171
  0
VERTEX
  5
ca3
  8
Layer_0
  10
262.94165
  20
213.98695
  42
-0.10081148
  0
VERTEX
  5
ca4
  8
Layer_0
  10
262.77209
  20
214.04601
  42
0.017837005
  0
VERTEX
  5
ca5
  8
Layer_0
  10
262.51685
  20
214.14127
  42
-0.033114239
  0
VERTEX
  5
ca6
  8
Layer_0
  10
262.36444
  20
214.19269
  42
-0.0014747364
  0
VERTEX
  5
ca7
  8
Layer_0
  10
262.23489
  20
214.25174
  42
0.043387553
  0
VERTEX
  5
ca8
  8
Layer_0
  10
262.05392
  20
214.31271
  42
-0.066118085
  0
VERTEX
  5
ca9
  8
Layer_0
  10
261.70721
  20
214.44415
  42
0.065524527
  0
VERTEX
  5
caa
  8
Layer_0
  10
261.61197
  20
214.47083
  42
-0.089289656
  0
VERTEX
  5
cab
  8
Layer_0
  10
261.3548
  20
214.55846
  0
VERTEX
  5
cac
  8
Layer_0
  10
261.29954
  20
214.5806
  0
VERTEX
  5
cad
  8
Layer_0
  10
261.19286
  20
214.6156
  42
-0.0092588792
  0
VERTEX
  5
cae
  8
Layer_0
  10
260.9776
  20
214.68419
  42
0.12060613
  0
VERTEX
  5
caf
  8
Layer_0
  10
260.87283
  20
214.70895
  0
VERTEX
  5
cb0
  8
Layer_0
  10
260.82005
  20
214.69925
  0
VERTEX
  5
cb1
  8
Layer_0
  10
260.73352
  20
214.67418
  0
VERTEX
  5
cb2
  8
Layer_0
  10
260.61806
  20
214.63555
  0
VERTEX
  5
cb3
  8
Layer_0
  10
260.47849
  20
214.58512
  42
-0.0075737685
  0
VERTEX
  5
cb4
  8
Layer_0
  10
260.08795
  20
214.44797
  42
-0.0062321903
  0
VERTEX
  5
cb5
  8
Layer_0
  10
259.77362
  20
214.33939
  42
-0.0066511922
  0
VERTEX
  5
cb6
  8
Layer_0
  10
259.51645
  20
214.24794
  42
0.054982323
  0
VERTEX
  5
cb7
  8
Layer_0
  10
259.31644
  20
214.16412
  42
-0.14264252
  0
VERTEX
  5
cb8
  8
Layer_0
  10
259.23642
  20
214.13936
  42
0.10439002
  0
VERTEX
  5
cb9
  8
Layer_0
  10
259.04593
  20
214.07458
  42
-0.046298179
  0
VERTEX
  5
cba
  8
Layer_0
  10
258.84018
  20
213.99457
  42
0.056367091
  0
VERTEX
  5
cbb
  8
Layer_0
  10
258.47824
  20
213.84409
  0
VERTEX
  5
cbc
  8
Layer_0
  10
258.45097
  20
213.82943
  0
VERTEX
  5
cbd
  8
Layer_0
  10
258.45585
  20
213.82122
  0
VERTEX
  5
cbe
  8
Layer_0
  10
258.50288
  20
213.81729
  0
VERTEX
  5
cbf
  8
Layer_0
  10
258.60206
  20
213.8155
  42
-0.026268284
  0
VERTEX
  5
cc0
  8
Layer_0
  10
258.81161
  20
213.80789
  0
VERTEX
  5
cc1
  8
Layer_0
  10
258.89344
  20
213.79919
  0
VERTEX
  5
cc2
  8
Layer_0
  10
259.05331
  20
213.78693
  0
VERTEX
  5
cc3
  8
Layer_0
  10
259.23997
  20
213.77466
  0
VERTEX
  5
cc4
  8
Layer_0
  10
259.40216
  20
213.76597
  42
-0.00059310757
  0
VERTEX
  5
cc5
  8
Layer_0
  10
260.1832
  20
213.72025
  42
0.03095564
  0
VERTEX
  5
cc6
  8
Layer_0
  10
261.3548
  20
213.71072
  42
5.2100963e-05
  0
VERTEX
  5
cc7
  8
Layer_0
  10
261.98343
  20
213.74883
  42
0.0015092494
  0
VERTEX
  5
cc8
  8
Layer_0
  10
262.20251
  20
213.76407
  42
-0.010442391
  0
VERTEX
  5
cc9
  8
Layer_0
  10
262.54541
  20
213.78883
  42
0.0033685738
  0
VERTEX
  5
cca
  8
Layer_0
  10
262.83118
  20
213.80598
  42
-0.031672598
  0
VERTEX
  5
ccb
  8
Layer_0
  10
263.10739
  20
213.81551
  0
VERTEX
  5
ccc
  8
Layer_0
  10
263.336
  20
213.81741
  0
VERTEX
  5
ccd
  8
Layer_0
  10
263.25027
  20
213.85742
  0
SEQEND
  0
POLYLINE
  5
ccf
  8
Layer_0
  62
7
  70
1
  66
1
  10
0
  20
0
  30
0
  0
VERTEX
  5
ccf
  8
Layer_0
  10
265.53244
  20
211.4552
  42
0.0165787
  0
VERTEX
  5
cd0
  8
Layer_0
  10
265.15527
  20
211.42664
  42
-0.014293574
  0
VERTEX
  5
cd1
  8
Layer_0
  10
263.68842
  20
211.28186
  0
VERTEX
  5
cd2
  8
Layer_0
  10
263.57157
  20
211.27286
  0
VERTEX
  5
cd3
  8
Layer_0
  10
263.4073
  20
211.25849
  0
VERTEX
  5
cd4
  8
Layer_0
  10
263.21358
  20
211.2405
  0
VERTEX
  5
cd5
  8
Layer_0
  10
263.00833
  20
211.22066
  0
VERTEX
  5
cd6
  8
Layer_0
  10
262.80951
  20
211.20072
  0
VERTEX
  5
cd7
  8
Layer_0
  10
262.63507
  20
211.18247
  0
VERTEX
  5
cd8
  8
Layer_0
  10
262.50295
  20
211.16765
  0
VERTEX
  5
cd9
  8
Layer_0
  10
262.43111
  20
211.15803
  42
-0.036328854
  0
VERTEX
  5
cda
  8
Layer_0
  10
262.06915
  20
211.12946
  42
0.02176232
  0
VERTEX
  5
cdb
  8
Layer_0
  10
261.70721
  20
211.10278
  42
-0.029043377
  0
VERTEX
  5
cdc
  8
Layer_0
  10
261.44052
  20
211.0723
  42
0.0094105105
  0
VERTEX
  5
cdd
  8
Layer_0
  10
261.11667
  20
211.03801
  42
-0.064215197
  0
VERTEX
  5
cde
  8
Layer_0
  10
260.37372
  20
211.06277
  42
0.017059409
  0
VERTEX
  5
cdf
  8
Layer_0
  10
259.48788
  20
211.13898
  42
-0.025524301
  0
VERTEX
  5
ce0
  8
Layer_0
  10
259.24023
  20
211.15994
  42
0.0044157175
  0
VERTEX
  5
ce1
  8
Layer_0
  10
259.08783
  20
211.17708
  42
-0.018334563
  0
VERTEX
  5
ce2
  8
Layer_0
  10
258.57349
  20
211.23422
  42
0.0043902956
  0
VERTEX
  5
ce3
  8
Layer_0
  10
258.24963
  20
211.26089
  42
-0.0069119247
  0
VERTEX
  5
ce4
  8
Layer_0
  10
257.21143
  20
211.35806
  42
-0.0011122553
  0
VERTEX
  5
ce5
  8
Layer_0
  10
256.72565
  20
211.40567
  42
-0.0062837407
  0
VERTEX
  5
ce6
  8
Layer_0
  10
256.35416
  20
211.44188
  42
0.023109768
  0
VERTEX
  5
ce7
  8
Layer_0
  10
256.14081
  20
211.4552
  0
VERTEX
  5
ce8
  8
Layer_0
  10
256.04889
  20
211.46021
  0
VERTEX
  5
ce9
  8
Layer_0
  10
256.01126
  20
211.46664
  0
VERTEX
  5
cea
  8
Layer_0
  10
256.06008
  20
211.49426
  0
VERTEX
  5
ceb
  8
Layer_0
  10
256.1789
  20
211.55046
  42
0.0084696848
  0
VERTEX
  5
cec
  8
Layer_0
  10
256.51801
  20
211.71239
  0
VERTEX
  5
ced
  8
Layer_0
  10
256.64682
  20
211.77144
  0
VERTEX
  5
cee
  8
Layer_0
  10
256.71421
  20
211.7962
  0
VERTEX
  5
cef
  8
Layer_0
  10
256.77755
  20
211.82121
  0
VERTEX
  5
cf0
  8
Layer_0
  10
256.9009
  20
211.88193
  0
VERTEX
  5
cf1
  8
Layer_0
  10
257.02306
  20
211.94265
  0
VERTEX
  5
cf2
  8
Layer_0
  10
257.08949
  20
211.96766
  0
VERTEX
  5
cf3
  8
Layer_0
  10
257.15569
  20
211.99266
  0
VERTEX
  5
cf4
  8
Layer_0
  10
257.28189
  20
212.05338
  0
VERTEX
  5
cf5
  8
Layer_0
  10
257.40405
  20
212.1141
  0
VERTEX
  5
cf6
  8
Layer_0
  10
257.46478
  20
212.1391
  0
VERTEX
  5
cf7
  8
Layer_0
  10
257.51526
  20
212.15792
  0
VERTEX
  5
cf8
  8
Layer_0
  10
257.61718
  20
212.20387
  42
-0.005515282
  0
VERTEX
  5
cf9
  8
Layer_0
  10
257.95435
  20
212.35818
  42
0.006958303
  0
VERTEX
  5
cfa
  8
Layer_0
  10
258.34869
  20
212.54106
  0
VERTEX
  5
cfb
  8
Layer_0
  10
258.49086
  20
212.60702
  0
VERTEX
  5
cfc
  8
Layer_0
  10
258.56015
  20
212.6344
  0
VERTEX
  5
cfd
  8
Layer_0
  10
258.62206
  20
212.65941
  0
VERTEX
  5
cfe
  8
Layer_0
  10
258.74684
  20
212.72013
  0
VERTEX
  5
cff
  8
Layer_0
  10
258.87281
  20
212.78085
  0
VERTEX
  5
d00
  8
Layer_0
  10
258.93734
  20
212.80585
  0
VERTEX
  5
d01
  8
Layer_0
  10
259.00211
  20
212.83086
  0
VERTEX
  5
d02
  8
Layer_0
  10
259.12403
  20
212.89158
  0
VERTEX
  5
d03
  8
Layer_0
  10
259.24714
  20
212.9523
  0
VERTEX
  5
d04
  8
Layer_0
  10
259.30882
  20
212.9773
  0
VERTEX
  5
d05
  8
Layer_0
  10
259.36859
  20
212.99945
  0
VERTEX
  5
d06
  8
Layer_0
  10
259.48408
  20
213.0516
  0
VERTEX
  5
d07
  8
Layer_0
  10
259.69684
  20
213.15167
  0
VERTEX
  5
d08
  8
Layer_0
  10
259.86889
  20
213.23067
  0
VERTEX
  5
d09
  8
Layer_0
  10
259.98664
  20
213.28252
  0
VERTEX
  5
d0a
  8
Layer_0
  10
260.03653
  20
213.30116
  0
VERTEX
  5
d0b
  8
Layer_0
  10
260.09963
  20
213.32592
  0
VERTEX
  5
d0c
  8
Layer_0
  10
260.22703
  20
213.38498
  42
-0.0063356135
  0
VERTEX
  5
d0d
  8
Layer_0
  10
260.48801
  20
213.5069
  42
0.00092919296
  0
VERTEX
  5
d0e
  8
Layer_0
  10
260.66898
  20
213.5869
  0
VERTEX
  5
d0f
  8
Layer_0
  10
260.78501
  20
213.63536
  0
VERTEX
  5
d10
  8
Layer_0
  10
260.87139
  20
213.64739
  0
VERTEX
  5
d11
  8
Layer_0
  10
260.96849
  20
213.62012
  0
VERTEX
  5
d12
  8
Layer_0
  10
261.11666
  20
213.55071
  0
VERTEX
  5
d13
  8
Layer_0
  10
261.23549
  20
213.49594
  0
VERTEX
  5
d14
  8
Layer_0
  10
261.29573
  20
213.4726
  0
VERTEX
  5
d15
  8
Layer_0
  10
261.35621
  20
213.44784
  0
VERTEX
  5
d16
  8
Layer_0
  10
261.47671
  20
213.38878
  42
0.046387021
  0
VERTEX
  5
d17
  8
Layer_0
  10
261.68817
  20
213.29163
  0
VERTEX
  5
d18
  8
Layer_0
  10
261.7365
  20
213.27371
  0
VERTEX
  5
d19
  8
Layer_0
  10
261.82627
  20
213.234
  0
VERTEX
  5
d1a
  8
Layer_0
  10
261.97748
  20
213.16358
  0
VERTEX
  5
d1b
  8
Layer_0
  10
262.21013
  20
213.0535
  0
VERTEX
  5
d1c
  8
Layer_0
  10
262.32657
  20
212.99969
  0
VERTEX
  5
d1d
  8
Layer_0
  10
262.38158
  20
212.9773
  0
VERTEX
  5
d1e
  8
Layer_0
  10
262.4404
  20
212.9523
  0
VERTEX
  5
d1f
  8
Layer_0
  10
262.56637
  20
212.89158
  0
VERTEX
  5
d20
  8
Layer_0
  10
262.69519
  20
212.83086
  0
VERTEX
  5
d21
  8
Layer_0
  10
262.75687
  20
212.80585
  0
VERTEX
  5
d22
  8
Layer_0
  10
262.82283
  20
212.7799
  0
VERTEX
  5
d23
  8
Layer_0
  10
262.9588
  20
212.71822
  42
0.00028974492
  0
VERTEX
  5
d24
  8
Layer_0
  10
263.32648
  20
212.54868
  42
-0.0016153972
  0
VERTEX
  5
d25
  8
Layer_0
  10
263.67697
  20
212.38675
  42
0.028034053
  0
VERTEX
  5
d26
  8
Layer_0
  10
263.92273
  20
212.28008
  42
-0.049982362
  0
VERTEX
  5
d27
  8
Layer_0
  10
264.05988
  20
212.2153
  42
0.054195731
  0
VERTEX
  5
d28
  8
Layer_0
  10
264.22372
  20
212.14101
  42
-0.03891622
  0
VERTEX
  5
d29
  8
Layer_0
  10
264.45041
  20
212.03624
  0
VERTEX
  5
d2a
  8
Layer_0
  10
264.54566
  20
211.98766
  0
VERTEX
  5
d2b
  8
Layer_0
  10
264.60091
  20
211.96766
  0
VERTEX
  5
d2c
  8
Layer_0
  10
264.66949
  20
211.94265
  0
VERTEX
  5
d2d
  8
Layer_0
  10
264.79522
  20
211.88193
  0
VERTEX
  5
d2e
  8
Layer_0
  10
264.92309
  20
211.82121
  0
VERTEX
  5
d2f
  8
Layer_0
  10
264.99524
  20
211.7962
  42
-0.18168109
  0
VERTEX
  5
d30
  8
Layer_0
  10
265.05811
  20
211.77144
  42
0.060173875
  0
VERTEX
  5
d31
  8
Layer_0
  10
265.22192
  20
211.68762
  0
VERTEX
  5
d32
  8
Layer_0
  10
265.35166
  20
211.62907
  0
VERTEX
  5
d33
  8
Layer_0
  10
265.45423
  20
211.58246
  0
VERTEX
  5
d34
  8
Layer_0
  10
265.53269
  20
211.54634
  0
VERTEX
  5
d35
  8
Layer_0
  10
265.59008
  20
211.51926
  0
VERTEX
  5
d36
  8
Layer_0
  10
265.65378
  20
211.48643
  0
VERTEX
  5
d37
  8
Layer_0
  10
265.66961
  20
211.47235
  0
VERTEX
  5
d38
  8
Layer_0
  10
265.62889
  20
211.46164
  0
VERTEX
  5
d39
  8
Layer_0
  10
265.53245
  20
211.45521
  0
SEQEND
  0
POLYLINE
  5
d3b
  8
Layer_0
  62
7
  70
1
  66
1
  10
0
  20
0
  30
0
  0
VERTEX
  5
d3b
  8
Layer_0
  10
266.45258
  20
211.41521
  42
0.021646839
  0
VERTEX
  5
d3c
  8
Layer_0
  10
266.70404
  20
211.44568
  42
-0.018707713
  0
VERTEX
  5
d3d
  8
Layer_0
  10
266.87549
  20
211.4552
  42
0.024837338
  0
VERTEX
  5
d3e
  8
Layer_0
  10
267.37457
  20
211.50284
  42
-0.0081328577
  0
VERTEX
  5
d3f
  8
Layer_0
  10
267.85083
  20
211.55998
  0
VERTEX
  5
d40
  8
Layer_0
  10
267.93275
  20
211.56975
  0
VERTEX
  5
d41
  8
Layer_0
  10
267.96895
  20
211.57523
  42
0.023748014
  0
VERTEX
  5
d42
  8
Layer_0
  10
268.04324
  20
211.58284
  42
-0.16426442
  0
VERTEX
  5
d43
  8
Layer_0
  10
268.21658
  20
211.51997
  0
VERTEX
  5
d44
  8
Layer_0
  10
268.29303
  20
211.47307
  0
VERTEX
  5
d45
  8
Layer_0
  10
268.33661
  20
211.4533
  0
VERTEX
  5
d46
  8
Layer_0
  10
268.38543
  20
211.42949
  0
VERTEX
  5
d47
  8
Layer_0
  10
268.47568
  20
211.37139
  42
0.06101
  0
VERTEX
  5
d48
  8
Layer_0
  10
268.65475
  20
211.26471
  42
-0.13551888
  0
VERTEX
  5
d49
  8
Layer_0
  10
268.74048
  20
211.20947
  42
0.10275601
  0
VERTEX
  5
d4a
  8
Layer_0
  10
268.83191
  20
211.15041
  42
-0.056790035
  0
VERTEX
  5
d4b
  8
Layer_0
  10
269.06052
  20
211.00182
  42
0.18043976
  0
VERTEX
  5
d4c
  8
Layer_0
  10
269.13672
  20
210.95801
  0
VERTEX
  5
d4d
  8
Layer_0
  10
269.18553
  20
210.93443
  0
VERTEX
  5
d4e
  8
Layer_0
  10
269.27006
  20
210.87799
  42
0.022432852
  0
VERTEX
  5
d4f
  8
Layer_0
  10
269.6301
  20
210.62463
  42
-0.036778188
  0
VERTEX
  5
d50
  8
Layer_0
  10
269.76346
  20
210.52557
  0
VERTEX
  5
d51
  8
Layer_0
  10
269.83989
  20
210.46747
  0
VERTEX
  5
d52
  8
Layer_0
  10
269.88347
  20
210.44365
  0
VERTEX
  5
d53
  8
Layer_0
  10
269.88954
  20
210.42579
  0
VERTEX
  5
d54
  8
Layer_0
  10
269.89347
  20
210.3765
  0
VERTEX
  5
d55
  8
Layer_0
  10
269.89526
  20
210.30221
  0
VERTEX
  5
d56
  8
Layer_0
  10
269.8949
  20
210.20934
  0
VERTEX
  5
d57
  8
Layer_0
  10
269.88919
  20
209.97502
  0
VERTEX
  5
d58
  8
Layer_0
  10
269.82822
  20
209.99217
  0
VERTEX
  5
d59
  8
Layer_0
  10
269.78394
  20
210.0105
  0
VERTEX
  5
d5a
  8
Layer_0
  10
269.76536
  20
210.02455
  0
VERTEX
  5
d5b
  8
Layer_0
  10
269.74036
  20
210.04146
  0
VERTEX
  5
d5c
  8
Layer_0
  10
269.67964
  20
210.06265
  42
-0.16505957
  0
VERTEX
  5
d5d
  8
Layer_0
  10
269.58249
  20
210.10266
  42
0.26346289
  0
VERTEX
  5
d5e
  8
Layer_0
  10
269.52344
  20
210.11981
  42
-0.13051629
  0
VERTEX
  5
d5f
  8
Layer_0
  10
269.42627
  20
210.14838
  0
VERTEX
  5
d60
  8
Layer_0
  10
269.23315
  20
210.23482
  0
VERTEX
  5
d61
  8
Layer_0
  10
269.08147
  20
210.29125
  42
-0.21423197
  0
VERTEX
  5
d62
  8
Layer_0
  10
268.75571
  20
210.42461
  42
0.16226995
  0
VERTEX
  5
d63
  8
Layer_0
  10
268.69855
  20
210.43985
  42
-0.062697958
  0
VERTEX
  5
d64
  8
Layer_0
  10
268.4509
  20
210.52937
  42
0.0067011437
  0
VERTEX
  5
d65
  8
Layer_0
  10
268.108
  20
210.66464
  42
-0.017579879
  0
VERTEX
  5
d66
  8
Layer_0
  10
267.89847
  20
210.75226
  42
0.12172186
  0
VERTEX
  5
d67
  8
Layer_0
  10
267.80322
  20
210.78656
  0
VERTEX
  5
d68
  8
Layer_0
  10
267.72487
  20
210.81156
  0
VERTEX
  5
d69
  8
Layer_0
  10
267.57652
  20
210.87228
  0
VERTEX
  5
d6a
  8
Layer_0
  10
267.42912
  20
210.933
  0
VERTEX
  5
d6b
  8
Layer_0
  10
267.35173
  20
210.958
  42
-0.10157444
  0
VERTEX
  5
d6c
  8
Layer_0
  10
267.22598
  20
211.00182
  42
0.015282566
  0
VERTEX
  5
d6d
  8
Layer_0
  10
266.75546
  20
211.18851
  0
VERTEX
  5
d6e
  8
Layer_0
  10
266.63592
  20
211.23685
  0
VERTEX
  5
d6f
  8
Layer_0
  10
266.57639
  20
211.26661
  42
0.14808841
  0
VERTEX
  5
d70
  8
Layer_0
  10
266.51544
  20
211.28186
  42
-0.11040455
  0
VERTEX
  5
d71
  8
Layer_0
  10
266.35541
  20
211.3371
  0
VERTEX
  5
d72
  8
Layer_0
  10
266.23538
  20
211.39044
  0
SEQEND
  0
POLYLINE
  5
d74
  8
Layer_0
  62
7
  70
1
  66
1
  10
0
  20
0
  30
0
  0
VERTEX
  5
d74
  8
Layer_0
  10
256.14462
  20
208.96538
  42
0.042297755
  0
VERTEX
  5
d75
  8
Layer_0
  10
256.38275
  20
208.94061
  42
-0.02950749
  0
VERTEX
  5
d76
  8
Layer_0
  10
256.72565
  20
208.9006
  42
0.020317644
  0
VERTEX
  5
d77
  8
Layer_0
  10
257.76385
  20
208.75963
  42
-0.022023027
  0
VERTEX
  5
d78
  8
Layer_0
  10
257.9639
  20
208.73868
  42
0.0025015464
  0
VERTEX
  5
d79
  8
Layer_0
  10
258.20203
  20
208.70058
  42
-0.0087671205
  0
VERTEX
  5
d7a
  8
Layer_0
  10
258.51633
  20
208.65486
  42
0.019647416
  0
VERTEX
  5
d7b
  8
Layer_0
  10
258.90686
  20
208.60533
  42
-0.020897488
  0
VERTEX
  5
d7c
  8
Layer_0
  10
259.11642
  20
208.58438
  42
0.0060155749
  0
VERTEX
  5
d7d
  8
Layer_0
  10
259.23642
  20
208.56532
  42
0.00072113333
  0
VERTEX
  5
d7e
  8
Layer_0
  10
259.36978
  20
208.54819
  42
0.01195237
  0
VERTEX
  5
d7f
  8
Layer_0
  10
259.50693
  20
208.52913
  42
-0.00060158299
  0
VERTEX
  5
d80
  8
Layer_0
  10
260.46515
  20
208.4053
  42
0.075881551
  0
VERTEX
  5
d81
  8
Layer_0
  10
261.30716
  20
208.41673
  42
-0.0078008675
  0
VERTEX
  5
d82
  8
Layer_0
  10
261.47861
  20
208.43579
  42
0.015901895
  0
VERTEX
  5
d83
  8
Layer_0
  10
262.0025
  20
208.50436
  42
-0.016436761
  0
VERTEX
  5
d84
  8
Layer_0
  10
262.45016
  20
208.56532
  42
-0.0042192106
  0
VERTEX
  5
d85
  8
Layer_0
  10
262.85974
  20
208.60724
  42
0.016771728
  0
VERTEX
  5
d86
  8
Layer_0
  10
263.12643
  20
208.64343
  42
-0.0055504273
  0
VERTEX
  5
d87
  8
Layer_0
  10
263.35504
  20
208.67963
  42
0.0066719971
  0
VERTEX
  5
d88
  8
Layer_0
  10
263.62173
  20
208.71964
  42
-0.023340535
  0
VERTEX
  5
d89
  8
Layer_0
  10
264.01227
  20
208.76726
  42
0.016927615
  0
VERTEX
  5
d8a
  8
Layer_0
  10
264.45993
  20
208.82249
  0
VERTEX
  5
d8b
  8
Layer_0
  10
264.66643
  20
208.85375
  0
VERTEX
  5
d8c
  8
Layer_0
  10
264.8371
  20
208.87926
  0
VERTEX
  5
d8d
  8
Layer_0
  10
264.97593
  20
208.89955
  0
VERTEX
  5
d8e
  8
Layer_0
  10
265.08692
  20
208.91513
  0
VERTEX
  5
d8f
  8
Layer_0
  10
265.24137
  20
208.93421
  0
VERTEX
  5
d90
  8
Layer_0
  10
265.33243
  20
208.94061
  42
0.045571406
  0
VERTEX
  5
d91
  8
Layer_0
  10
265.56485
  20
208.96538
  0
VERTEX
  5
d92
  8
Layer_0
  10
265.69818
  20
208.99014
  0
VERTEX
  5
d93
  8
Layer_0
  10
265.57245
  20
209.04919
  0
VERTEX
  5
d94
  8
Layer_0
  10
265.47768
  20
209.09253
  0
VERTEX
  5
d95
  8
Layer_0
  10
265.42577
  20
209.11015
  0
VERTEX
  5
d96
  8
Layer_0
  10
265.35338
  20
209.13516
  0
VERTEX
  5
d97
  8
Layer_0
  10
265.21241
  20
209.19588
  0
VERTEX
  5
d98
  8
Layer_0
  10
265.07168
  20
209.2566
  0
VERTEX
  5
d99
  8
Layer_0
  10
265.00096
  20
209.2816
  0
VERTEX
  5
d9a
  8
Layer_0
  10
264.93904
  20
209.30399
  0
VERTEX
  5
d9b
  8
Layer_0
  10
264.81998
  20
209.3578
  42
0.062249244
  0
VERTEX
  5
d9c
  8
Layer_0
  10
264.60852
  20
209.44543
  42
-0.041535824
  0
VERTEX
  5
d9d
  8
Layer_0
  10
264.40277
  20
209.52925
  42
0.034328715
  0
VERTEX
  5
d9e
  8
Layer_0
  10
264.17419
  20
209.62451
  42
-0.033598637
  0
VERTEX
  5
d9f
  8
Layer_0
  10
263.96655
  20
209.71213
  0
VERTEX
  5
da0
  8
Layer_0
  10
263.86629
  20
209.75809
  0
VERTEX
  5
da1
  8
Layer_0
  10
263.81033
  20
209.7769
  0
VERTEX
  5
da2
  8
Layer_0
  10
263.74485
  20
209.79953
  0
VERTEX
  5
da3
  8
Layer_0
  10
263.61793
  20
209.85501
  42
0.027009676
  0
VERTEX
  5
da4
  8
Layer_0
  10
263.36646
  20
209.96169
  42
-0.038508545
  0
VERTEX
  5
da5
  8
Layer_0
  10
263.14929
  20
210.05504
  0
VERTEX
  5
da6
  8
Layer_0
  10
263.04643
  20
210.10099
  0
VERTEX
  5
da7
  8
Layer_0
  10
262.98928
  20
210.1198
  0
VERTEX
  5
da8
  8
Layer_0
  10
262.91665
  20
210.14481
  0
VERTEX
  5
da9
  8
Layer_0
  10
262.77973
  20
210.20553
  0
VERTEX
  5
daa
  8
Layer_0
  10
262.64471
  20
210.26625
  0
VERTEX
  5
dab
  8
Layer_0
  10
262.57399
  20
210.29125
  42
-0.11643382
  0
VERTEX
  5
dac
  8
Layer_0
  10
262.43872
  20
210.3465
  42
0.029562563
  0
VERTEX
  5
dad
  8
Layer_0
  10
262.23682
  20
210.43222
  42
-0.032829156
  0
VERTEX
  5
dae
  8
Layer_0
  10
261.98154
  20
210.53891
  0
VERTEX
  5
daf
  8
Layer_0
  10
261.85747
  20
210.59272
  0
VERTEX
  5
db0
  8
Layer_0
  10
261.78913
  20
210.6151
  42
-0.13051629
  0
VERTEX
  5
db1
  8
Layer_0
  10
261.71103
  20
210.64177
  0
VERTEX
  5
db2
  8
Layer_0
  10
261.51028
  20
210.74202
  0
VERTEX
  5
db3
  8
Layer_0
  10
261.39098
  20
210.78655
  0
VERTEX
  5
db4
  8
Layer_0
  10
261.32073
  20
210.80918
  0
VERTEX
  5
db5
  8
Layer_0
  10
261.19477
  20
210.86466
  42
0.056050818
  0
VERTEX
  5
db6
  8
Layer_0
  10
260.97379
  20
210.95801
  42
-0.0053421822
  0
VERTEX
  5
db7
  8
Layer_0
  10
260.87854
  20
210.98087
  0
VERTEX
  5
db8
  8
Layer_0
  10
260.75852
  20
210.96658
  0
VERTEX
  5
db9
  8
Layer_0
  10
260.56421
  20
210.88942
  42
-0.033299623
  0
VERTEX
  5
dba
  8
Layer_0
  10
260.3642
  20
210.8056
  42
0.04142856
  0
VERTEX
  5
dbb
  8
Layer_0
  10
260.03461
  20
210.66464
  42
-0.10959102
  0
VERTEX
  5
dbc
  8
Layer_0
  10
259.90509
  20
210.61511
  42
0.11644397
  0
VERTEX
  5
dbd
  8
Layer_0
  10
259.84412
  20
210.59796
  42
-0.051158301
  0
VERTEX
  5
dbe
  8
Layer_0
  10
259.48788
  20
210.44365
  42
0.033598637
  0
VERTEX
  5
dbf
  8
Layer_0
  10
259.28024
  20
210.35602
  0
VERTEX
  5
dc0
  8
Layer_0
  10
259.17999
  20
210.31007
  0
VERTEX
  5
dc1
  8
Layer_0
  10
259.12403
  20
210.29125
  0
VERTEX
  5
dc2
  8
Layer_0
  10
259.05259
  20
210.26625
  0
VERTEX
  5
dc3
  8
Layer_0
  10
258.91829
  20
210.20553
  0
VERTEX
  5
dc4
  8
Layer_0
  10
258.78113
  20
210.14481
  0
VERTEX
  5
dc5
  8
Layer_0
  10
258.70684
  20
210.1198
  0
VERTEX
  5
dc6
  8
Layer_0
  10
258.63564
  20
210.0948
  0
VERTEX
  5
dc7
  8
Layer_0
  10
258.503
  20
210.03408
  0
VERTEX
  5
dc8
  8
Layer_0
  10
258.37037
  20
209.97336
  0
VERTEX
  5
dc9
  8
Layer_0
  10
258.29917
  20
209.94835
  0
VERTEX
  5
dca
  8
Layer_0
  10
258.23487
  20
209.92621
  0
VERTEX
  5
dcb
  8
Layer_0
  10
258.11629
  20
209.87406
  42
-0.052484962
  0
VERTEX
  5
dcc
  8
Layer_0
  10
257.90485
  20
209.78453
  42
0.048744297
  0
VERTEX
  5
dcd
  8
Layer_0
  10
257.67432
  20
209.68736
  0
VERTEX
  5
dce
  8
Layer_0
  10
257.54574
  20
209.62998
  0
VERTEX
  5
dcf
  8
Layer_0
  10
257.48001
  20
209.60545
  0
VERTEX
  5
dd0
  8
Layer_0
  10
257.41691
  20
209.58307
  0
VERTEX
  5
dd1
  8
Layer_0
  10
257.29523
  20
209.52925
  0
VERTEX
  5
dd2
  8
Layer_0
  10
257.17355
  20
209.47544
  0
VERTEX
  5
dd3
  8
Layer_0
  10
257.11045
  20
209.45305
  0
VERTEX
  5
dd4
  8
Layer_0
  10
257.03806
  20
209.42805
  0
VERTEX
  5
dd5
  8
Layer_0
  10
256.89709
  20
209.36733
  0
VERTEX
  5
dd6
  8
Layer_0
  10
256.75612
  20
209.30661
  0
VERTEX
  5
dd7
  8
Layer_0
  10
256.68373
  20
209.2816
  42
0.13593671
  0
VERTEX
  5
dd8
  8
Layer_0
  10
256.62466
  20
209.26256
  0
VERTEX
  5
dd9
  8
Layer_0
  10
256.4306
  20
209.17135
  0
VERTEX
  5
dda
  8
Layer_0
  10
256.27225
  20
209.11015
  0
VERTEX
  5
ddb
  8
Layer_0
  10
256.21962
  20
209.09253
  0
VERTEX
  5
ddc
  8
Layer_0
  10
256.12556
  20
209.04919
  0
VERTEX
  5
ddd
  8
Layer_0
  10
256.00174
  20
208.99014
  0
SEQEND
  0
POLYLINE
  5
ddf
  8
Layer_0
  62
7
  70
1
  66
1
  10
0
  20
0
  30
0
  0
VERTEX
  5
ddf
  8
Layer_0
  10
266.34589
  20
208.89299
  42
0.018815362
  0
VERTEX
  5
de0
  8
Layer_0
  10
266.57449
  20
208.80536
  42
-0.0067533879
  0
VERTEX
  5
de1
  8
Layer_0
  10
266.93454
  20
208.67772
  0
VERTEX
  5
de2
  8
Layer_0
  10
267.10193
  20
208.61962
  0
VERTEX
  5
de3
  8
Layer_0
  10
267.1879
  20
208.5958
  0
VERTEX
  5
de4
  8
Layer_0
  10
267.26386
  20
208.57342
  0
VERTEX
  5
de5
  8
Layer_0
  10
267.40697
  20
208.5196
  0
VERTEX
  5
de6
  8
Layer_0
  10
267.5527
  20
208.46579
  0
VERTEX
  5
de7
  8
Layer_0
  10
267.62986
  20
208.4434
  42
-0.094265423
  0
VERTEX
  5
de8
  8
Layer_0
  10
267.7937
  20
208.39006
  42
0.016896465
  0
VERTEX
  5
de9
  8
Layer_0
  10
268.0318
  20
208.30054
  42
-0.010963957
  0
VERTEX
  5
dea
  8
Layer_0
  10
268.36517
  20
208.18623
  42
0.014337947
  0
VERTEX
  5
deb
  8
Layer_0
  10
268.69855
  20
208.07193
  42
-0.020154187
  0
VERTEX
  5
dec
  8
Layer_0
  10
268.9462
  20
207.98621
  42
0.007243548
  0
VERTEX
  5
ded
  8
Layer_0
  10
269.19385
  20
207.90048
  42
-0.031758038
  0
VERTEX
  5
dee
  8
Layer_0
  10
269.39389
  20
207.82237
  0
VERTEX
  5
def
  8
Layer_0
  10
269.55319
  20
207.76522
  0
VERTEX
  5
df0
  8
Layer_0
  10
269.65106
  20
207.74808
  0
VERTEX
  5
df1
  8
Layer_0
  10
269.69178
  20
208.01645
  0
VERTEX
  5
df2
  8
Layer_0
  10
269.73679
  20
208.27195
  0
VERTEX
  5
df3
  8
Layer_0
  10
269.74631
  20
208.3372
  0
VERTEX
  5
df4
  8
Layer_0
  10
269.75584
  20
208.47388
  42
-0.014662402
  0
VERTEX
  5
df5
  8
Layer_0
  10
269.78442
  20
208.81488
  42
0.01201009
  0
VERTEX
  5
df6
  8
Layer_0
  10
269.82251
  20
209.16541
  0
VERTEX
  5
df7
  8
Layer_0
  10
269.83213
  20
209.27869
  0
VERTEX
  5
df8
  8
Layer_0
  10
269.83513
  20
209.34447
  0
VERTEX
  5
df9
  8
Layer_0
  10
269.83135
  20
209.37168
  0
VERTEX
  5
dfa
  8
Layer_0
  10
269.82061
  20
209.36923
  0
VERTEX
  5
dfb
  8
Layer_0
  10
269.78441
  20
209.36042
  0
VERTEX
  5
dfc
  8
Layer_0
  10
269.70821
  20
209.35018
  42
0.010724433
  0
VERTEX
  5
dfd
  8
Layer_0
  10
269.40341
  20
209.30827
  42
-0.016987327
  0
VERTEX
  5
dfe
  8
Layer_0
  10
269.0224
  20
209.27208
  42
0.014675394
  0
VERTEX
  5
dff
  8
Layer_0
  10
268.85095
  20
209.25493
  42
-0.024104739
  0
VERTEX
  5
e00
  8
Layer_0
  10
267.6413
  20
209.10063
  42
0.020574357
  0
VERTEX
  5
e01
  8
Layer_0
  10
267.37457
  20
209.07396
  42
-4.3387031e-06
  0
VERTEX
  5
e02
  8
Layer_0
  10
267.18408
  20
209.04349
  42
-0.0046200797
  0
VERTEX
  5
e03
  8
Layer_0
  10
267.05072
  20
209.02443
  42
-0.032057175
  0
VERTEX
  5
e04
  8
Layer_0
  10
266.33826
  20
208.9368
  0
VERTEX
  5
e05
  8
Layer_0
  10
266.25064
  20
208.9368
  0
SEQEND
  0
POLYLINE
  5
e07
  8
Layer_0
  62
7
  70
1
  66
1
  10
0
  20
0
  30
0
  0
VERTEX
  5
e07
  8
Layer_0
  10
252.05838
  20
208.03383
  42
-0.0014332659
  0
VERTEX
  5
e08
  8
Layer_0
  10
252.00505
  20
208.36911
  0
VERTEX
  5
e09
  8
Layer_0
  10
251.96745
  20
208.65507
  0
VERTEX
  5
e0a
  8
Layer_0
  10
251.93718
  20
208.98942
  0
VERTEX
  5
e0b
  8
Layer_0
  10
251.9273
  20
209.14099
  0
VERTEX
  5
e0c
  8
Layer_0
  10
251.92227
  20
209.26413
  0
VERTEX
  5
e0d
  8
Layer_0
  10
251.92308
  20
209.34535
  0
VERTEX
  5
e0e
  8
Layer_0
  10
251.93075
  20
209.37114
  42
0.12849112
  0
VERTEX
  5
e0f
  8
Layer_0
  10
252.04886
  20
209.34828
  42
-0.0050279237
  0
VERTEX
  5
e10
  8
Layer_0
  10
252.33461
  20
209.30827
  42
0.038180144
  0
VERTEX
  5
e11
  8
Layer_0
  10
252.59178
  20
209.2816
  42
-0.032878678
  0
VERTEX
  5
e12
  8
Layer_0
  10
253.08708
  20
209.22446
  42
0.0033755016
  0
VERTEX
  5
e13
  8
Layer_0
  10
253.75385
  20
209.13683
  42
-0.0087900332
  0
VERTEX
  5
e14
  8
Layer_0
  10
254.86826
  20
208.99585
  42
0.01476759
  0
VERTEX
  5
e15
  8
Layer_0
  10
255.29689
  20
208.94061
  0
VERTEX
  5
e16
  8
Layer_0
  10
255.38975
  20
208.93227
  0
VERTEX
  5
e17
  8
Layer_0
  10
255.43405
  20
208.92537
  0
VERTEX
  5
e18
  8
Layer_0
  10
255.43833
  20
208.91703
  0
VERTEX
  5
e19
  8
Layer_0
  10
255.41119
  20
208.90441
  42
0.0035644187
  0
VERTEX
  5
e1a
  8
Layer_0
  10
255.31593
  20
208.8625
  0
VERTEX
  5
e1b
  8
Layer_0
  10
255.15449
  20
208.79988
  0
VERTEX
  5
e1c
  8
Layer_0
  10
255.03019
  20
208.76725
  42
0.17029734
  0
VERTEX
  5
e1d
  8
Layer_0
  10
254.97304
  20
208.75201
  42
-0.093495406
  0
VERTEX
  5
e1e
  8
Layer_0
  10
254.83017
  20
208.69296
  42
0.011021136
  0
VERTEX
  5
e1f
  8
Layer_0
  10
254.64919
  20
208.62437
  42
-0.023136551
  0
VERTEX
  5
e20
  8
Layer_0
  10
254.51584
  20
208.58057
  42
0.028539564
  0
VERTEX
  5
e21
  8
Layer_0
  10
254.11578
  20
208.44722
  42
0.00051369028
  0
VERTEX
  5
e22
  8
Layer_0
  10
253.69669
  20
208.29863
  42
0.0070690835
  0
VERTEX
  5
e23
  8
Layer_0
  10
253.38235
  20
208.18623
  42
-0.039139821
  0
VERTEX
  5
e24
  8
Layer_0
  10
253.09662
  20
208.09097
  42
0.045799396
  0
VERTEX
  5
e25
  8
Layer_0
  10
252.97278
  20
208.05289
  42
-0.028589211
  0
VERTEX
  5
e26
  8
Layer_0
  10
252.61084
  20
207.91953
  42
0.03077483
  0
VERTEX
  5
e27
  8
Layer_0
  10
252.36319
  20
207.83189
  42
-0.09227487
  0
VERTEX
  5
e28
  8
Layer_0
  10
252.16507
  20
207.77094
  0
VERTEX
  5
e29
  8
Layer_0
  10
252.1003
  20
207.76714
  0
SEQEND
  0
POLYLINE
  5
e2b
  8
Layer_0
  62
7
  70
1
  66
1
  10
0
  20
0
  30
0
  0
VERTEX
  5
e2b
  8
Layer_0
  10
253.73097
  20
210.70084
  42
0.05817004
  0
VERTEX
  5
e2c
  8
Layer_0
  10
253.59763
  20
210.65131
  42
-0.10288501
  0
VERTEX
  5
e2d
  8
Layer_0
  10
253.49857
  20
210.61511
  0
VERTEX
  5
e2e
  8
Layer_0
  10
253.44118
  20
210.59629
  0
VERTEX
  5
e2f
  8
Layer_0
  10
253.33092
  20
210.55033
  42
-0.023594565
  0
VERTEX
  5
e30
  8
Layer_0
  10
253.07756
  20
210.45128
  42
0.074240459
  0
VERTEX
  5
e31
  8
Layer_0
  10
252.95374
  20
210.40555
  42
-0.091924494
  0
VERTEX
  5
e32
  8
Layer_0
  10
252.85849
  20
210.36746
  42
0.0647485
  0
VERTEX
  5
e33
  8
Layer_0
  10
252.74419
  20
210.31793
  42
-0.15850965
  0
VERTEX
  5
e34
  8
Layer_0
  10
252.66798
  20
210.29126
  42
0.10909573
  0
VERTEX
  5
e35
  8
Layer_0
  10
252.53273
  20
210.24553
  42
-0.0393489
  0
VERTEX
  5
e36
  8
Layer_0
  10
252.3689
  20
210.17886
  42
0.17904127
  0
VERTEX
  5
e37
  8
Layer_0
  10
252.28699
  20
210.13695
  42
-0.22781211
  0
VERTEX
  5
e38
  8
Layer_0
  10
252.23175
  20
210.11981
  0
VERTEX
  5
e39
  8
Layer_0
  10
252.10577
  20
210.08361
  0
VERTEX
  5
e3a
  8
Layer_0
  10
251.92123
  20
210.00169
  0
VERTEX
  5
e3b
  8
Layer_0
  10
251.88741
  20
209.98955
  0
VERTEX
  5
e3c
  8
Layer_0
  10
251.86789
  20
209.99026
  0
VERTEX
  5
e3d
  8
Layer_0
  10
251.86074
  20
210.05884
  0
VERTEX
  5
e3e
  8
Layer_0
  10
251.85646
  20
210.21315
  0
VERTEX
  5
e3f
  8
Layer_0
  10
251.8566
  20
210.35334
  0
VERTEX
  5
e40
  8
Layer_0
  10
251.87908
  20
210.43603
  0
VERTEX
  5
e41
  8
Layer_0
  10
251.95263
  20
210.50729
  0
VERTEX
  5
e42
  8
Layer_0
  10
252.10601
  20
210.6132
  0
VERTEX
  5
e43
  8
Layer_0
  10
252.22888
  20
210.70107
  0
VERTEX
  5
e44
  8
Layer_0
  10
252.29461
  20
210.75607
  42
-0.23141848
  0
VERTEX
  5
e45
  8
Layer_0
  10
252.34222
  20
210.78656
  0
VERTEX
  5
e46
  8
Layer_0
  10
252.39057
  20
210.81156
  0
VERTEX
  5
e47
  8
Layer_0
  10
252.47749
  20
210.87228
  0
VERTEX
  5
e48
  8
Layer_0
  10
252.56297
  20
210.933
  0
VERTEX
  5
e49
  8
Layer_0
  10
252.60703
  20
210.958
  0
VERTEX
  5
e4a
  8
Layer_0
  10
252.65156
  20
210.98063
  0
VERTEX
  5
e4b
  8
Layer_0
  10
252.73466
  20
211.03611
  42
-0.022460737
  0
VERTEX
  5
e4c
  8
Layer_0
  10
252.9023
  20
211.1447
  42
0.018299007
  0
VERTEX
  5
e4d
  8
Layer_0
  10
253.23949
  20
211.34853
  42
-0.027979351
  0
VERTEX
  5
e4e
  8
Layer_0
  10
253.53857
  20
211.52379
  42
0.15553944
  0
VERTEX
  5
e4f
  8
Layer_0
  10
253.60144
  20
211.5695
  0
VERTEX
  5
e50
  8
Layer_0
  10
253.61611
  20
211.58201
  0
VERTEX
  5
e51
  8
Layer_0
  10
253.67454
  20
211.58237
  0
VERTEX
  5
e52
  8
Layer_0
  10
253.73763
  20
211.57665
  0
VERTEX
  5
e53
  8
Layer_0
  10
253.83263
  20
211.56629
  0
VERTEX
  5
e54
  8
Layer_0
  10
253.96651
  20
211.55076
  0
VERTEX
  5
e55
  8
Layer_0
  10
254.14627
  20
211.5295
  42
0.0087530082
  0
VERTEX
  5
e56
  8
Layer_0
  10
254.76349
  20
211.46283
  42
-0.0081744705
  0
VERTEX
  5
e57
  8
Layer_0
  10
255.29308
  20
211.4133
  0
VERTEX
  5
e58
  8
Layer_0
  10
255.42071
  20
211.39425
  0
VERTEX
  5
e59
  8
Layer_0
  10
255.46834
  20
211.38091
  42
-0.19887984
  0
VERTEX
  5
e5a
  8
Layer_0
  10
255.21687
  20
211.28186
  0
VERTEX
  5
e5b
  8
Layer_0
  10
255.15806
  20
211.26209
  0
VERTEX
  5
e5c
  8
Layer_0
  10
255.04924
  20
211.21518
  42
-0.037448292
  0
VERTEX
  5
e5d
  8
Layer_0
  10
254.82635
  20
211.12755
  42
0.056252894
  0
VERTEX
  5
e5e
  8
Layer_0
  10
254.48154
  20
210.98657
  42
-0.11643382
  0
VERTEX
  5
e5f
  8
Layer_0
  10
254.39201
  20
210.95801
  0
VERTEX
  5
e60
  8
Layer_0
  10
254.31962
  20
210.93586
  0
VERTEX
  5
e61
  8
Layer_0
  10
254.19008
  20
210.88371
  42
-0.040830131
  0
VERTEX
  5
e62
  8
Layer_0
  10
253.90244
  20
210.77702
  0
VERTEX
  5
e63
  8
Layer_0
  10
253.81741
  20
210.74893
  0
VERTEX
  5
e64
  8
Layer_0
  10
253.78241
  20
210.7294
  0
VERTEX
  5
e65
  8
Layer_0
  10
253.76741
  20
210.71512
  0
VERTEX
  5
e66
  8
Layer_0
  10
253.73098
  20
210.70083
  0
SEQEND
  0
POLYLINE
  5
e68
  8
Layer_0
  62
7
  70
1
  66
1
  10
0
  20
0
  30
0
  0
VERTEX
  5
e68
  8
Layer_0
  10
255.39595
  20
206.4241
  0
VERTEX
  5
e69
  8
Layer_0
  10
255.35838
  20
206.41821
  0
VERTEX
  5
e6a
  8
Layer_0
  10
255.28688
  20
206.39981
  0
VERTEX
  5
e6b
  8
Layer_0
  10
255.19181
  20
206.37213
  0
VERTEX
  5
e6c
  8
Layer_0
  10
255.08353
  20
206.33838
  42
-0.0031035074
  0
VERTEX
  5
e6d
  8
Layer_0
  10
254.12531
  20
206.0412
  42
0.044761208
  0
VERTEX
  5
e6e
  8
Layer_0
  10
253.96338
  20
205.98785
  42
-0.11717693
  0
VERTEX
  5
e6f
  8
Layer_0
  10
253.71573
  20
205.90976
  0
VERTEX
  5
e70
  8
Layer_0
  10
253.63287
  20
205.88975
  0
VERTEX
  5
e71
  8
Layer_0
  10
253.48714
  20
205.84117
  42
-0.042252395
  0
VERTEX
  5
e72
  8
Layer_0
  10
253.22043
  20
205.75735
  42
0.056124939
  0
VERTEX
  5
e73
  8
Layer_0
  10
253.02994
  20
205.70021
  42
-0.047112149
  0
VERTEX
  5
e74
  8
Layer_0
  10
252.6394
  20
205.58018
  42
-0.011463367
  0
VERTEX
  5
e75
  8
Layer_0
  10
252.54988
  20
205.56114
  0
VERTEX
  5
e76
  8
Layer_0
  10
252.51806
  20
205.56483
  0
VERTEX
  5
e77
  8
Layer_0
  10
252.49392
  20
205.60067
  0
VERTEX
  5
e78
  8
Layer_0
  10
252.47299
  20
205.68008
  0
VERTEX
  5
e79
  8
Layer_0
  10
252.45082
  20
205.8145
  42
0.02425737
  0
VERTEX
  5
e7a
  8
Layer_0
  10
252.37271
  20
206.18597
  42
-0.012997516
  0
VERTEX
  5
e7b
  8
Layer_0
  10
252.2946
  20
206.54793
  42
3.0037577e-06
  0
VERTEX
  5
e7c
  8
Layer_0
  10
252.24698
  20
206.81464
  0
VERTEX
  5
e7d
  8
Layer_0
  10
252.22796
  20
206.92479
  0
VERTEX
  5
e7e
  8
Layer_0
  10
252.22341
  20
206.9787
  0
VERTEX
  5
e7f
  8
Layer_0
  10
252.23493
  20
206.99438
  0
VERTEX
  5
e80
  8
Layer_0
  10
252.26413
  20
206.98989
  42
0.020687528
  0
VERTEX
  5
e81
  8
Layer_0
  10
252.49654
  20
206.94989
  42
0.0057774012
  0
VERTEX
  5
e82
  8
Layer_0
  10
252.82991
  20
206.90225
  42
-0.022428739
  0
VERTEX
  5
e83
  8
Layer_0
  10
253.02042
  20
206.87369
  0
VERTEX
  5
e84
  8
Layer_0
  10
253.42904
  20
206.79653
  0
VERTEX
  5
e85
  8
Layer_0
  10
253.75193
  20
206.74795
  42
-0.055383943
  0
VERTEX
  5
e86
  8
Layer_0
  10
253.95767
  20
206.71747
  42
0.019449139
  0
VERTEX
  5
e87
  8
Layer_0
  10
254.66634
  20
206.59555
  42
-0.0080705033
  0
VERTEX
  5
e88
  8
Layer_0
  10
254.86826
  20
206.56699
  42
-0.019960943
  0
VERTEX
  5
e89
  8
Layer_0
  10
255.4169
  20
206.46982
  0
VERTEX
  5
e8a
  8
Layer_0
  10
255.44417
  20
206.45786
  0
VERTEX
  5
e8b
  8
Layer_0
  10
255.44786
  20
206.44268
  0
VERTEX
  5
e8c
  8
Layer_0
  10
255.43083
  20
206.42964
  0
SEQEND
  0
POLYLINE
  5
e8e
  8
Layer_0
  62
7
  70
1
  66
1
  10
0
  20
0
  30
0
  0
VERTEX
  5
e8e
  8
Layer_0
  10
256.11032
  20
206.55745
  42
-0.1119946
  0
VERTEX
  5
e8f
  8
Layer_0
  10
256.22083
  20
206.59555
  42
0.10493615
  0
VERTEX
  5
e90
  8
Layer_0
  10
256.37701
  20
206.6508
  42
-0.028798474
  0
VERTEX
  5
e91
  8
Layer_0
  10
256.63037
  20
206.74986
  42
0.032028239
  0
VERTEX
  5
e92
  8
Layer_0
  10
256.9028
  20
206.85654
  0
VERTEX
  5
e93
  8
Layer_0
  10
257.01067
  20
206.90083
  0
VERTEX
  5
e94
  8
Layer_0
  10
257.07425
  20
206.9194
  0
VERTEX
  5
e95
  8
Layer_0
  10
257.15521
  20
206.94512
  0
VERTEX
  5
e96
  8
Layer_0
  10
257.30476
  20
207.00513
  0
VERTEX
  5
e97
  8
Layer_0
  10
257.45216
  20
207.06585
  0
VERTEX
  5
e98
  8
Layer_0
  10
257.52954
  20
207.09085
  0
VERTEX
  5
e99
  8
Layer_0
  10
257.59979
  20
207.113
  0
VERTEX
  5
e9a
  8
Layer_0
  10
257.73148
  20
207.16515
  42
-0.021188282
  0
VERTEX
  5
e9b
  8
Layer_0
  10
257.97342
  20
207.2585
  42
0.039391393
  0
VERTEX
  5
e9c
  8
Layer_0
  10
258.32773
  20
207.39755
  42
-0.099024
  0
VERTEX
  5
e9d
  8
Layer_0
  10
258.44012
  20
207.43375
  42
0.13593671
  0
VERTEX
  5
e9e
  8
Layer_0
  10
258.50299
  20
207.4528
  0
VERTEX
  5
e9f
  8
Layer_0
  10
258.71088
  20
207.53972
  0
VERTEX
  5
ea0
  8
Layer_0
  10
258.89734
  20
207.6052
  0
VERTEX
  5
ea1
  8
Layer_0
  10
258.9652
  20
207.62759
  0
VERTEX
  5
ea2
  8
Layer_0
  10
259.09736
  20
207.6814
  0
VERTEX
  5
ea3
  8
Layer_0
  10
259.22833
  20
207.73522
  0
VERTEX
  5
ea4
  8
Layer_0
  10
259.29358
  20
207.7576
  0
VERTEX
  5
ea5
  8
Layer_0
  10
259.48741
  20
207.82761
  0
VERTEX
  5
ea6
  8
Layer_0
  10
259.67839
  20
207.91191
  42
-0.19891237
  0
VERTEX
  5
ea7
  8
Layer_0
  10
259.73743
  20
207.92905
  0
VERTEX
  5
ea8
  8
Layer_0
  10
259.77435
  20
207.93486
  0
VERTEX
  5
ea9
  8
Layer_0
  10
259.83269
  20
207.95406
  0
VERTEX
  5
eaa
  8
Layer_0
  10
259.91961
  20
207.98933
  0
VERTEX
  5
eab
  8
Layer_0
  10
260.04224
  20
208.04335
  42
-0.06225981
  0
VERTEX
  5
eac
  8
Layer_0
  10
260.1756
  20
208.09097
  42
0.046078146
  0
VERTEX
  5
ead
  8
Layer_0
  10
260.47849
  20
208.20718
  0
VERTEX
  5
eae
  8
Layer_0
  10
260.62541
  20
208.26386
  0
VERTEX
  5
eaf
  8
Layer_0
  10
260.7109
  20
208.28338
  42
0.27727524
  0
VERTEX
  5
eb0
  8
Layer_0
  10
260.76422
  20
208.29863
  42
-0.20977829
  0
VERTEX
  5
eb1
  8
Layer_0
  10
260.9071
  20
208.31577
  42
0.035464088
  0
VERTEX
  5
eb2
  8
Layer_0
  10
260.94522
  20
208.30054
  42
-0.0092508333
  0
VERTEX
  5
eb3
  8
Layer_0
  10
260.98331
  20
208.2872
  42
0.028446359
  0
VERTEX
  5
eb4
  8
Layer_0
  10
261.09381
  20
208.25481
  42
-0.031871423
  0
VERTEX
  5
eb5
  8
Layer_0
  10
261.31287
  20
208.16908
  42
0.06452039
  0
VERTEX
  5
eb6
  8
Layer_0
  10
261.51099
  20
208.09479
  42
-0.063842863
  0
VERTEX
  5
eb7
  8
Layer_0
  10
261.65387
  20
208.04526
  0
VERTEX
  5
eb8
  8
Layer_0
  10
261.7754
  20
207.99174
  0
VERTEX
  5
eb9
  8
Layer_0
  10
261.86318
  20
207.95572
  0
VERTEX
  5
eba
  8
Layer_0
  10
261.92203
  20
207.93542
  0
VERTEX
  5
ebb
  8
Layer_0
  10
261.95677
  20
207.92905
  42
-0.10760493
  0
VERTEX
  5
ebc
  8
Layer_0
  10
262.11108
  20
207.87381
  42
0.014031879
  0
VERTEX
  5
ebd
  8
Layer_0
  10
262.30728
  20
207.7919
  42
0.0027007308
  0
VERTEX
  5
ebe
  8
Layer_0
  10
262.58542
  20
207.6833
  0
VERTEX
  5
ebf
  8
Layer_0
  10
262.73401
  20
207.62854
  0
VERTEX
  5
ec0
  8
Layer_0
  10
262.8083
  20
207.6052
  0
VERTEX
  5
ec1
  8
Layer_0
  10
262.88141
  20
207.5802
  0
VERTEX
  5
ec2
  8
Layer_0
  10
263.03309
  20
207.51948
  0
VERTEX
  5
ec3
  8
Layer_0
  10
263.18335
  20
207.45876
  0
VERTEX
  5
ec4
  8
Layer_0
  10
263.25788
  20
207.43375
  0
VERTEX
  5
ec5
  8
Layer_0
  10
263.3286
  20
207.41042
  0
VERTEX
  5
ec6
  8
Layer_0
  10
263.46934
  20
207.35565
  42
0.027006503
  0
VERTEX
  5
ec7
  8
Layer_0
  10
263.7551
  20
207.24896
  42
-0.051591353
  0
VERTEX
  5
ec8
  8
Layer_0
  10
263.91702
  20
207.1861
  42
0.03900331
  0
VERTEX
  5
ec9
  8
Layer_0
  10
264.13608
  20
207.10037
  42
-0.024523982
  0
VERTEX
  5
eca
  8
Layer_0
  10
264.36469
  20
207.01465
  0
VERTEX
  5
ecb
  8
Layer_0
  10
264.46869
  20
206.96923
  0
VERTEX
  5
ecc
  8
Layer_0
  10
264.54233
  20
206.93988
  0
VERTEX
  5
ecd
  8
Layer_0
  10
264.59239
  20
206.92411
  0
VERTEX
  5
ece
  8
Layer_0
  10
264.62567
  20
206.9194
  42
-0.13052412
  0
VERTEX
  5
ecf
  8
Layer_0
  10
264.71329
  20
206.89082
  42
0.04862541
  0
VERTEX
  5
ed0
  8
Layer_0
  10
265.06955
  20
206.74796
  42
-0.026096281
  0
VERTEX
  5
ed1
  8
Layer_0
  10
265.20288
  20
206.70033
  0
VERTEX
  5
ed2
  8
Layer_0
  10
265.32278
  20
206.6486
  0
VERTEX
  5
ed3
  8
Layer_0
  10
265.40053
  20
206.61651
  0
VERTEX
  5
ed4
  8
Layer_0
  10
265.44613
  20
206.60014
  0
VERTEX
  5
ed5
  8
Layer_0
  10
265.46959
  20
206.59555
  42
-0.10258479
  0
VERTEX
  5
ed6
  8
Layer_0
  10
265.59723
  20
206.55174
  0
VERTEX
  5
ed7
  8
Layer_0
  10
265.70389
  20
206.50983
  0
VERTEX
  5
ed8
  8
Layer_0
  10
265.45435
  20
206.46793
  42
-0.024111113
  0
VERTEX
  5
ed9
  8
Layer_0
  10
265.11716
  20
206.41649
  42
0.036754446
  0
VERTEX
  5
eda
  8
Layer_0
  10
264.89807
  20
206.37839
  42
-0.024167314
  0
VERTEX
  5
edb
  8
Layer_0
  10
264.19324
  20
206.25266
  42
0.0071808418
  0
VERTEX
  5
edc
  8
Layer_0
  10
263.99323
  20
206.22598
  42
-0.010872125
  0
VERTEX
  5
edd
  8
Layer_0
  10
263.72079
  20
206.17836
  42
0.013820324
  0
VERTEX
  5
ede
  8
Layer_0
  10
263.38361
  20
206.10977
  42
-0.061319508
  0
VERTEX
  5
edf
  8
Layer_0
  10
263.1893
  20
206.08121
  0
VERTEX
  5
ee0
  8
Layer_0
  10
263.12254
  20
206.07451
  0
VERTEX
  5
ee1
  8
Layer_0
  10
263.00237
  20
206.0562
  0
VERTEX
  5
ee2
  8
Layer_0
  10
262.84613
  20
206.02897
  0
VERTEX
  5
ee3
  8
Layer_0
  10
262.67114
  20
205.99548
  0
VERTEX
  5
ee4
  8
Layer_0
  10
262.49704
  20
205.96199
  0
VERTEX
  5
ee5
  8
Layer_0
  10
262.34562
  20
205.93476
  0
VERTEX
  5
ee6
  8
Layer_0
  10
262.23314
  20
205.91645
  0
VERTEX
  5
ee7
  8
Layer_0
  10
262.17584
  20
205.90975
  0
VERTEX
  5
ee8
  8
Layer_0
  10
261.917
  20
205.8707
  0
VERTEX
  5
ee9
  8
Layer_0
  10
261.57386
  20
205.80307
  42
-0.022437688
  0
VERTEX
  5
eea
  8
Layer_0
  10
261.38336
  20
205.77451
  42
0.0065111617
  0
VERTEX
  5
eeb
  8
Layer_0
  10
261.05951
  20
205.72498
  42
-0.082606365
  0
VERTEX
  5
eec
  8
Layer_0
  10
260.80234
  20
205.70782
  42
0.0021330618
  0
VERTEX
  5
eed
  8
Layer_0
  10
260.56421
  20
205.73831
  42
-0.010939935
  0
VERTEX
  5
eee
  8
Layer_0
  10
260.20227
  20
205.79546
  42
0.0018934701
  0
VERTEX
  5
eef
  8
Layer_0
  10
259.92603
  20
205.84499
  42
-0.015462121
  0
VERTEX
  5
ef0
  8
Layer_0
  10
259.7641
  20
205.87357
  42
0.025043487
  0
VERTEX
  5
ef1
  8
Layer_0
  10
259.53552
  20
205.90785
  42
-0.018221973
  0
VERTEX
  5
ef2
  8
Layer_0
  10
259.18307
  20
205.9669
  42
0.011572348
  0
VERTEX
  5
ef3
  8
Layer_0
  10
258.67825
  20
206.06024
  42
-0.0082906784
  0
VERTEX
  5
ef4
  8
Layer_0
  10
258.00198
  20
206.17455
  42
0.02109703
  0
VERTEX
  5
ef5
  8
Layer_0
  10
257.57336
  20
206.24503
  42
-0.021766706
  0
VERTEX
  5
ef6
  8
Layer_0
  10
257.11615
  20
206.31743
  42
0.0081117583
  0
VERTEX
  5
ef7
  8
Layer_0
  10
256.38275
  20
206.44505
  0
VERTEX
  5
ef8
  8
Layer_0
  10
256.23302
  20
206.46976
  0
VERTEX
  5
ef9
  8
Layer_0
  10
256.10651
  20
206.49268
  0
VERTEX
  5
efa
  8
Layer_0
  10
256.0243
  20
206.50989
  0
VERTEX
  5
efb
  8
Layer_0
  10
256.00745
  20
206.51745
  42
0.080606533
  0
SEQEND
  0
POLYLINE
  5
efd
  8
Layer_0
  62
7
  70
1
  66
1
  10
0
  20
0
  30
0
  0
VERTEX
  5
efd
  8
Layer_0
  10
262.02725
  20
205.26967
  42
0.10494137
  0
VERTEX
  5
efe
  8
Layer_0
  10
262.11868
  20
205.24301
  42
-0.13593746
  0
VERTEX
  5
eff
  8
Layer_0
  10
262.38348
  20
205.15727
  42
0.075249709
  0
VERTEX
  5
f00
  8
Layer_0
  10
262.53589
  20
205.10204
  42
-0.0029062578
  0
VERTEX
  5
f01
  8
Layer_0
  10
262.71686
  20
205.04869
  42
-0.03019196
  0
VERTEX
  5
f02
  8
Layer_0
  10
262.85974
  20
204.99536
  42
0.040116649
  0
VERTEX
  5
f03
  8
Layer_0
  10
263.05023
  20
204.92868
  42
-0.013295001
  0
VERTEX
  5
f04
  8
Layer_0
  10
263.36456
  20
204.82199
  0
VERTEX
  5
f05
  8
Layer_0
  10
263.51672
  20
204.76913
  0
VERTEX
  5
f06
  8
Layer_0
  10
263.59888
  20
204.7477
  42
-0.10785372
  0
VERTEX
  5
f07
  8
Layer_0
  10
263.71698
  20
204.70961
  42
0.031204729
  0
VERTEX
  5
f08
  8
Layer_0
  10
263.98749
  20
204.61246
  42
-0.010600001
  0
VERTEX
  5
f09
  8
Layer_0
  10
264.37421
  20
204.4791
  0
VERTEX
  5
f0a
  8
Layer_0
  10
264.52161
  20
204.42624
  0
VERTEX
  5
f0b
  8
Layer_0
  10
264.59329
  20
204.4048
  0
VERTEX
  5
f0c
  8
Layer_0
  10
264.67687
  20
204.38004
  0
VERTEX
  5
f0d
  8
Layer_0
  10
264.85046
  20
204.32098
  42
0.003242672
  0
VERTEX
  5
f0e
  8
Layer_0
  10
265.19336
  20
204.20477
  42
-0.033807352
  0
VERTEX
  5
f0f
  8
Layer_0
  10
265.37625
  20
204.1362
  42
0.045857129
  0
VERTEX
  5
f10
  8
Layer_0
  10
265.5477
  20
204.07904
  42
-0.035066256
  0
VERTEX
  5
f11
  8
Layer_0
  10
265.66962
  20
204.04666
  0
VERTEX
  5
f12
  8
Layer_0
  10
265.66934
  20
204.03864
  0
VERTEX
  5
f13
  8
Layer_0
  10
265.63743
  20
204.02535
  0
VERTEX
  5
f14
  8
Layer_0
  10
265.5787
  20
204.00795
  0
VERTEX
  5
f15
  8
Layer_0
  10
265.49792
  20
203.98761
  0
VERTEX
  5
f16
  8
Layer_0
  10
265.28947
  20
203.94272
  0
VERTEX
  5
f17
  8
Layer_0
  10
265.05049
  20
203.89998
  42
0.023497032
  0
VERTEX
  5
f18
  8
Layer_0
  10
264.65234
  20
203.81425
  42
-0.032880567
  0
VERTEX
  5
f19
  8
Layer_0
  10
264.30945
  20
203.73996
  42
0.023835667
  0
VERTEX
  5
f1a
  8
Layer_0
  10
263.84082
  20
203.64851
  42
-0.0072725768
  0
VERTEX
  5
f1b
  8
Layer_0
  10
263.34552
  20
203.54184
  42
0.0041709458
  0
VERTEX
  5
f1c
  8
Layer_0
  10
262.92642
  20
203.45421
  42
-0.0025536598
  0
VERTEX
  5
f1d
  8
Layer_0
  10
262.55493
  20
203.37421
  42
0.0068019385
  0
VERTEX
  5
f1e
  8
Layer_0
  10
262.15298
  20
203.29037
  0
VERTEX
  5
f1f
  8
Layer_0
  10
262.03097
  20
203.26469
  0
VERTEX
  5
f20
  8
Layer_0
  10
261.92414
  20
203.24347
  0
VERTEX
  5
f21
  8
Layer_0
  10
261.8441
  20
203.22903
  0
VERTEX
  5
f22
  8
Layer_0
  10
261.80246
  20
203.2237
  42
0.072984189
  0
VERTEX
  5
f23
  8
Layer_0
  10
261.69006
  20
203.20465
  0
VERTEX
  5
f24
  8
Layer_0
  10
261.44109
  20
203.14061
  0
VERTEX
  5
f25
  8
Layer_0
  10
261.23885
  20
203.09378
  0
VERTEX
  5
f26
  8
Layer_0
  10
261.07094
  20
203.06351
  0
VERTEX
  5
f27
  8
Layer_0
  10
260.92497
  20
203.04916
  0
VERTEX
  5
f28
  8
Layer_0
  10
260.64931
  20
203.06562
  0
VERTEX
  5
f29
  8
Layer_0
  10
260.31275
  20
203.13798
  42
0.024506551
  0
VERTEX
  5
f2a
  8
Layer_0
  10
259.91461
  20
203.2218
  42
-0.031108636
  0
VERTEX
  5
f2b
  8
Layer_0
  10
259.71649
  20
203.2599
  42
0.016726451
  0
VERTEX
  5
f2c
  8
Layer_0
  10
259.57361
  20
203.29037
  42
-0.010190551
  0
VERTEX
  5
f2d
  8
Layer_0
  10
259.4212
  20
203.32086
  42
0.023420973
  0
VERTEX
  5
f2e
  8
Layer_0
  10
259.28787
  20
203.34943
  42
-0.020351341
  0
VERTEX
  5
f2f
  8
Layer_0
  10
258.40204
  20
203.53802
  42
0.032062101
  0
VERTEX
  5
f30
  8
Layer_0
  10
258.24011
  20
203.5666
  42
-0.020476107
  0
VERTEX
  5
f31
  8
Layer_0
  10
257.82101
  20
203.65233
  42
0.023275336
  0
VERTEX
  5
f32
  8
Layer_0
  10
257.40192
  20
203.73996
  42
-0.028010577
  0
VERTEX
  5
f33
  8
Layer_0
  10
257.11615
  20
203.7971
  0
VERTEX
  5
f34
  8
Layer_0
  10
256.90923
  20
203.84601
  0
VERTEX
  5
f35
  8
Layer_0
  10
256.75088
  20
203.88117
  0
VERTEX
  5
f36
  8
Layer_0
  10
256.64039
  20
203.90239
  0
VERTEX
  5
f37
  8
Layer_0
  10
256.57705
  20
203.9095
  0
VERTEX
  5
f38
  8
Layer_0
  10
256.2751
  20
203.97094
  0
VERTEX
  5
f39
  8
Layer_0
  10
256.03031
  20
204.04666
  0
VERTEX
  5
f3a
  8
Layer_0
  10
256.04269
  20
204.05714
  0
VERTEX
  5
f3b
  8
Layer_0
  10
256.07222
  20
204.0619
  0
VERTEX
  5
f3c
  8
Layer_0
  10
256.1689
  20
204.08643
  0
VERTEX
  5
f3d
  8
Layer_0
  10
256.34273
  20
204.14382
  42
-0.012073351
  0
VERTEX
  5
f3e
  8
Layer_0
  10
257.0209
  20
204.37813
  42
0.0038604033
  0
VERTEX
  5
f3f
  8
Layer_0
  10
257.47812
  20
204.53435
  42
0.0045839622
  0
VERTEX
  5
f40
  8
Layer_0
  10
257.82101
  20
204.65627
  42
-0.059626698
  0
VERTEX
  5
f41
  8
Layer_0
  10
258.07819
  20
204.74008
  42
0.048169393
  0
VERTEX
  5
f42
  8
Layer_0
  10
258.31631
  20
204.81819
  42
-0.027476259
  0
VERTEX
  5
f43
  8
Layer_0
  10
258.56396
  20
204.90201
  42
0.056777982
  0
VERTEX
  5
f44
  8
Layer_0
  10
258.84018
  20
204.99536
  0
VERTEX
  5
f45
  8
Layer_0
  10
258.97639
  20
205.0506
  0
VERTEX
  5
f46
  8
Layer_0
  10
259.06688
  20
205.07155
  42
0.10959796
  0
VERTEX
  5
f47
  8
Layer_0
  10
259.15833
  20
205.09822
  42
-0.059032257
  0
VERTEX
  5
f48
  8
Layer_0
  10
259.6098
  20
205.25633
  42
0.12043558
  0
VERTEX
  5
f49
  8
Layer_0
  10
259.73935
  20
205.30397
  42
0.21896836
  0
VERTEX
  5
f4a
  8
Layer_0
  10
259.7641
  20
205.30968
  42
-0.21894983
  0
VERTEX
  5
f4b
  8
Layer_0
  10
259.78888
  20
205.3154
  42
-0.17224763
  0
VERTEX
  5
f4c
  8
Layer_0
  10
260.08224
  20
205.41446
  42
0.12310738
  0
VERTEX
  5
f4d
  8
Layer_0
  10
260.16797
  20
205.44113
  42
-0.064802772
  0
VERTEX
  5
f4e
  8
Layer_0
  10
260.27655
  20
205.48112
  42
0.20247912
  0
VERTEX
  5
f4f
  8
Layer_0
  10
260.34512
  20
205.51161
  42
-0.22784421
  0
VERTEX
  5
f50
  8
Layer_0
  10
260.38895
  20
205.52875
  42
0.11643382
  0
VERTEX
  5
f51
  8
Layer_0
  10
260.47659
  20
205.55733
  42
-0.10205266
  0
VERTEX
  5
f52
  8
Layer_0
  10
260.57184
  20
205.58781
  42
0.088911408
  0
VERTEX
  5
f53
  8
Layer_0
  10
260.70709
  20
205.62401
  42
-0.18417366
  0
VERTEX
  5
f54
  8
Layer_0
  10
261.00235
  20
205.62401
  42
0.093860351
  0
VERTEX
  5
f55
  8
Layer_0
  10
261.14142
  20
205.58591
  42
-0.14807858
  0
VERTEX
  5
f56
  8
Layer_0
  10
261.20428
  20
205.57066
  42
0.11642748
  0
VERTEX
  5
f57
  8
Layer_0
  10
261.34528
  20
205.51161
  42
-0.024122627
  0
VERTEX
  5
f58
  8
Layer_0
  10
261.53006
  20
205.44113
  42
0.11040456
  0
VERTEX
  5
f59
  8
Layer_0
  10
261.6272
  20
205.41446
  0
VERTEX
  5
f5a
  8
Layer_0
  10
261.68221
  20
205.40148
  0
VERTEX
  5
f5b
  8
Layer_0
  10
261.78151
  20
205.36778
  0
VERTEX
  5
f5c
  8
Layer_0
  10
261.90366
  20
205.32123
  0
VERTEX
  5
f5d
  8
Layer_0
  10
262.02725
  20
205.26967
  0
SEQEND
  0
POLYLINE
  5
f5f
  8
Layer_0
  62
7
  70
1
  66
1
  10
0
  20
0
  30
0
  0
VERTEX
  5
f5f
  8
Layer_0
  10
255.20163
  20
204.06
  42
-0.024773178
  0
VERTEX
  5
f60
  8
Layer_0
  10
254.74443
  20
204.15524
  0
VERTEX
  5
f61
  8
Layer_0
  10
254.6154
  20
204.18594
  0
VERTEX
  5
f62
  8
Layer_0
  10
254.50226
  20
204.21073
  0
VERTEX
  5
f63
  8
Layer_0
  10
254.41734
  20
204.22731
  0
VERTEX
  5
f64
  8
Layer_0
  10
254.37296
  20
204.23335
  0
VERTEX
  5
f65
  8
Layer_0
  10
254.32822
  20
204.23937
  0
VERTEX
  5
f66
  8
Layer_0
  10
254.24223
  20
204.25574
  0
VERTEX
  5
f67
  8
Layer_0
  10
254.1273
  20
204.27997
  0
VERTEX
  5
f68
  8
Layer_0
  10
253.99577
  20
204.30955
  42
0.014447735
  0
VERTEX
  5
f69
  8
Layer_0
  10
253.5481
  20
204.4048
  42
-0.021271374
  0
VERTEX
  5
f6a
  8
Layer_0
  10
253.1347
  20
204.49052
  42
-0.006265486
  0
VERTEX
  5
f6b
  8
Layer_0
  10
252.79753
  20
204.56673
  0
VERTEX
  5
f6c
  8
Layer_0
  10
252.76443
  20
204.56268
  0
VERTEX
  5
f6d
  8
Layer_0
  10
252.76705
  20
204.49434
  42
0.047019241
  0
VERTEX
  5
f6e
  8
Layer_0
  10
252.86038
  20
204.16096
  0
VERTEX
  5
f6f
  8
Layer_0
  10
252.91945
  20
203.97165
  0
VERTEX
  5
f70
  8
Layer_0
  10
252.94421
  20
203.87521
  0
VERTEX
  5
f71
  8
Layer_0
  10
252.96779
  20
203.77996
  0
VERTEX
  5
f72
  8
Layer_0
  10
253.02422
  20
203.59899
  0
VERTEX
  5
f73
  8
Layer_0
  10
253.06812
  20
203.46704
  0
VERTEX
  5
f74
  8
Layer_0
  10
253.09685
  20
203.39492
  0
VERTEX
  5
f75
  8
Layer_0
  10
253.11879
  20
203.36673
  0
VERTEX
  5
f76
  8
Layer_0
  10
253.14233
  20
203.36658
  42
-0.0137465
  0
VERTEX
  5
f77
  8
Layer_0
  10
253.27187
  20
203.39516
  42
0.02823155
  0
VERTEX
  5
f78
  8
Layer_0
  10
253.5862
  20
203.48279
  42
-0.029671712
  0
VERTEX
  5
f79
  8
Layer_0
  10
253.88719
  20
203.5666
  42
0.047170489
  0
VERTEX
  5
f7a
  8
Layer_0
  10
254.36916
  20
203.70186
  42
-0.083209306
  0
VERTEX
  5
f7b
  8
Layer_0
  10
254.51393
  20
203.73805
  42
0.078721402
  0
VERTEX
  5
f7c
  8
Layer_0
  10
254.69872
  20
203.78377
  0
VERTEX
  5
f7d
  8
Layer_0
  10
254.88969
  20
203.8436
  0
VERTEX
  5
f7e
  8
Layer_0
  10
255.01923
  20
203.88236
  0
VERTEX
  5
f7f
  8
Layer_0
  10
255.09948
  20
203.90325
  0
VERTEX
  5
f80
  8
Layer_0
  10
255.14258
  20
203.9095
  0
VERTEX
  5
f81
  8
Layer_0
  10
255.32213
  20
203.9507
  0
VERTEX
  5
f82
  8
Layer_0
  10
255.45881
  20
204.00475
  0
VERTEX
  5
f83
  8
Layer_0
  10
255.45158
  20
204.01473
  0
VERTEX
  5
f84
  8
Layer_0
  10
255.41809
  20
204.02452
  0
VERTEX
  5
f85
  8
Layer_0
  10
255.34067
  20
204.03824
  0
VERTEX
  5
f86
  8
Layer_0
  10
255.20164
  20
204.06
  0
SEQEND
  0
POLYLINE
  5
f88
  8
Layer_0
  62
7
  70
1
  66
1
  10
0
  20
0
  30
0
  0
VERTEX
  5
f88
  8
Layer_0
  10
253.57858
  20
201.93973
  42
0.029859465
  0
VERTEX
  5
f89
  8
Layer_0
  10
253.73669
  20
201.53587
  42
-0.10909918
  0
VERTEX
  5
f8a
  8
Layer_0
  10
253.78241
  20
201.40634
  42
0.10958732
  0
VERTEX
  5
f8b
  8
Layer_0
  10
253.83194
  20
201.26918
  0
VERTEX
  5
f8c
  8
Layer_0
  10
253.8779
  20
201.18821
  0
VERTEX
  5
f8d
  8
Layer_0
  10
253.91386
  20
201.17583
  42
-0.056449916
  0
VERTEX
  5
f8e
  8
Layer_0
  10
254.08722
  20
201.21584
  42
0.021258747
  0
VERTEX
  5
f8f
  8
Layer_0
  10
254.49487
  20
201.30917
  0
VERTEX
  5
f90
  8
Layer_0
  10
254.68967
  20
201.35609
  0
VERTEX
  5
f91
  8
Layer_0
  10
254.79016
  20
201.37585
  0
VERTEX
  5
f92
  8
Layer_0
  10
255.1371
  20
201.45753
  0
VERTEX
  5
f93
  8
Layer_0
  10
255.4169
  20
201.54921
  0
VERTEX
  5
f94
  8
Layer_0
  10
255.38997
  20
201.55878
  0
VERTEX
  5
f95
  8
Layer_0
  10
255.33147
  20
201.57644
  0
VERTEX
  5
f96
  8
Layer_0
  10
255.24699
  20
201.60068
  0
VERTEX
  5
f97
  8
Layer_0
  10
255.1421
  20
201.62993
  0
VERTEX
  5
f98
  8
Layer_0
  10
254.89344
  20
201.69735
  0
VERTEX
  5
f99
  8
Layer_0
  10
254.63013
  20
201.76638
  42
-0.0042332795
  0
VERTEX
  5
f9a
  8
Layer_0
  10
254.40154
  20
201.82544
  42
0.025263833
  0
VERTEX
  5
f9b
  8
Layer_0
  10
254.34439
  20
201.83878
  42
-0.051956255
  0
VERTEX
  5
f9c
  8
Layer_0
  10
254.30629
  20
201.85591
  42
0.099985148
  0
VERTEX
  5
f9d
  8
Layer_0
  10
254.19199
  20
201.88068
  42
-0.070988811
  0
VERTEX
  5
f9e
  8
Layer_0
  10
253.77289
  20
201.98546
  42
0.037108197
  0
VERTEX
  5
f9f
  8
Layer_0
  10
253.63763
  20
202.02927
  0
VERTEX
  5
fa0
  8
Layer_0
  10
253.53857
  20
202.05594
  0
SEQEND
  0
POLYLINE
  5
fa2
  8
Layer_0
  62
7
  70
1
  66
1
  10
0
  20
0
  30
0
  0
VERTEX
  5
fa2
  8
Layer_0
  10
256.11413
  20
201.53206
  0
VERTEX
  5
fa3
  8
Layer_0
  10
256.30672
  20
201.47792
  0
VERTEX
  5
fa4
  8
Layer_0
  10
256.49466
  20
201.42753
  0
VERTEX
  5
fa5
  8
Layer_0
  10
256.64188
  20
201.39035
  0
VERTEX
  5
fa6
  8
Layer_0
  10
256.7123
  20
201.37585
  0
VERTEX
  5
fa7
  8
Layer_0
  10
256.74698
  20
201.36987
  0
VERTEX
  5
fa8
  8
Layer_0
  10
256.81827
  20
201.35371
  0
VERTEX
  5
fa9
  8
Layer_0
  10
256.91563
  20
201.33005
  0
VERTEX
  5
faa
  8
Layer_0
  10
257.02853
  20
201.30156
  42
0.0079313981
  0
VERTEX
  5
fab
  8
Layer_0
  10
257.45905
  20
201.19489
  42
-0.018349517
  0
VERTEX
  5
fac
  8
Layer_0
  10
257.81149
  20
201.09962
  42
0.031989028
  0
VERTEX
  5
fad
  8
Layer_0
  10
258.02103
  20
201.05391
  42
-0.035285167
  0
VERTEX
  5
fae
  8
Layer_0
  10
258.24011
  20
201.00629
  42
0.02653852
  0
VERTEX
  5
faf
  8
Layer_0
  10
258.40204
  20
200.96437
  42
-0.039121076
  0
VERTEX
  5
fb0
  8
Layer_0
  10
258.57159
  20
200.91675
  42
0.073685463
  0
VERTEX
  5
fb1
  8
Layer_0
  10
258.74304
  20
200.88055
  42
-0.071301013
  0
VERTEX
  5
fb2
  8
Layer_0
  10
258.94495
  20
200.83673
  42
0.020066415
  0
VERTEX
  5
fb3
  8
Layer_0
  10
259.2688
  20
200.74911
  42
-0.0088563961
  0
VERTEX
  5
fb4
  8
Layer_0
  10
259.78317
  20
200.62148
  42
0.0037560005
  0
VERTEX
  5
fb5
  8
Layer_0
  10
259.97366
  20
200.57576
  42
-0.0010365011
  0
VERTEX
  5
fb6
  8
Layer_0
  10
260.40228
  20
200.46716
  42
0.014152064
  0
VERTEX
  5
fb7
  8
Layer_0
  10
260.72614
  20
200.38907
  0
VERTEX
  5
fb8
  8
Layer_0
  10
260.81528
  20
200.37808
  0
VERTEX
  5
fb9
  8
Layer_0
  10
260.92068
  20
200.38264
  0
VERTEX
  5
fba
  8
Layer_0
  10
261.04787
  20
200.40326
  0
VERTEX
  5
fbb
  8
Layer_0
  10
261.20239
  20
200.4405
  42
-0.0076857755
  0
VERTEX
  5
fbc
  8
Layer_0
  10
261.51672
  20
200.52242
  42
0.012826674
  0
VERTEX
  5
fbd
  8
Layer_0
  10
261.8215
  20
200.59671
  42
-0.0069687428
  0
VERTEX
  5
fbe
  8
Layer_0
  10
262.37396
  20
200.73006
  42
0.020226623
  0
VERTEX
  5
fbf
  8
Layer_0
  10
262.69781
  20
200.81387
  42
-0.029921464
  0
VERTEX
  5
fc0
  8
Layer_0
  10
263.00262
  20
200.88817
  42
0.043725904
  0
VERTEX
  5
fc1
  8
Layer_0
  10
263.20264
  20
200.9339
  42
-0.026746373
  0
VERTEX
  5
fc2
  8
Layer_0
  10
263.50745
  20
201.01199
  42
0.00511405
  0
VERTEX
  5
fc3
  8
Layer_0
  10
264.02179
  20
201.13773
  42
-0.00018035416
  0
VERTEX
  5
fc4
  8
Layer_0
  10
264.48853
  20
201.25203
  42
0.010811854
  0
VERTEX
  5
fc5
  8
Layer_0
  10
264.80283
  20
201.32823
  42
-0.0062824025
  0
VERTEX
  5
fc6
  8
Layer_0
  10
265.18384
  20
201.42157
  0
VERTEX
  5
fc7
  8
Layer_0
  10
265.35564
  20
201.46453
  0
VERTEX
  5
fc8
  8
Layer_0
  10
265.48816
  20
201.50087
  0
VERTEX
  5
fc9
  8
Layer_0
  10
265.5771
  20
201.529
  0
VERTEX
  5
fca
  8
Layer_0
  10
265.61818
  20
201.5473
  0
VERTEX
  5
fcb
  8
Layer_0
  10
265.5746
  20
201.57516
  0
VERTEX
  5
fcc
  8
Layer_0
  10
265.44673
  20
201.6216
  42
-0.050550249
  0
VERTEX
  5
fcd
  8
Layer_0
  10
265.22766
  20
201.69971
  42
0.13593671
  0
VERTEX
  5
fce
  8
Layer_0
  10
265.14954
  20
201.71875
  0
VERTEX
  5
fcf
  8
Layer_0
  10
265.05977
  20
201.73876
  0
VERTEX
  5
fd0
  8
Layer_0
  10
264.90571
  20
201.78733
  42
0.020772712
  0
VERTEX
  5
fd1
  8
Layer_0
  10
264.53613
  20
201.89973
  42
-0.017102581
  0
VERTEX
  5
fd2
  8
Layer_0
  10
264.19324
  20
202.0007
  42
0.012334413
  0
VERTEX
  5
fd3
  8
Layer_0
  10
263.94559
  20
202.07689
  42
-0.033842343
  0
VERTEX
  5
fd4
  8
Layer_0
  10
263.73224
  20
202.14548
  42
0.036833646
  0
VERTEX
  5
fd5
  8
Layer_0
  10
263.47504
  20
202.21977
  42
-0.025389121
  0
VERTEX
  5
fd6
  8
Layer_0
  10
263.16455
  20
202.31502
  0
VERTEX
  5
fd7
  8
Layer_0
  10
263.0188
  20
202.36455
  0
VERTEX
  5
fd8
  8
Layer_0
  10
262.93594
  20
202.3855
  0
VERTEX
  5
fd9
  8
Layer_0
  10
262.83473
  20
202.41027
  0
VERTEX
  5
fda
  8
Layer_0
  10
262.64066
  20
202.46932
  42
0.0041922135
  0
VERTEX
  5
fdb
  8
Layer_0
  10
262.0882
  20
202.64268
  42
-0.0040217081
  0
VERTEX
  5
fdc
  8
Layer_0
  10
261.52625
  20
202.81413
  42
0.0182369
  0
VERTEX
  5
fdd
  8
Layer_0
  10
261.15475
  20
202.92081
  42
-0.050180057
  0
VERTEX
  5
fde
  8
Layer_0
  10
260.96808
  20
202.97986
  0
VERTEX
  5
fdf
  8
Layer_0
  10
260.89934
  20
203.00389
  0
VERTEX
  5
fe0
  8
Layer_0
  10
260.83829
  20
203.00915
  0
VERTEX
  5
fe1
  8
Layer_0
  10
260.7626
  20
202.99406
  0
VERTEX
  5
fe2
  8
Layer_0
  10
260.64994
  20
202.957
  42
-0.08741761
  0
VERTEX
  5
fe3
  8
Layer_0
  10
260.45944
  20
202.90176
  42
0.055815019
  0
VERTEX
  5
fe4
  8
Layer_0
  10
260.16415
  20
202.81604
  42
-0.0099367848
  0
VERTEX
  5
fe5
  8
Layer_0
  10
259.61172
  20
202.64268
  42
0.0013236671
  0
VERTEX
  5
fe6
  8
Layer_0
  10
259.04974
  20
202.46933
  0
VERTEX
  5
fe7
  8
Layer_0
  10
258.94416
  20
202.43587
  0
VERTEX
  5
fe8
  8
Layer_0
  10
258.85376
  20
202.40884
  0
VERTEX
  5
fe9
  8
Layer_0
  10
258.78801
  20
202.3911
  0
VERTEX
  5
fea
  8
Layer_0
  10
258.75637
  20
202.3855
  0
VERTEX
  5
feb
  8
Layer_0
  10
258.66397
  20
202.36074
  0
VERTEX
  5
fec
  8
Layer_0
  10
258.48014
  20
202.30168
  42
-0.033396365
  0
VERTEX
  5
fed
  8
Layer_0
  10
258.1582
  20
202.20453
  42
0.055370384
  0
VERTEX
  5
fee
  8
Layer_0
  10
257.91245
  20
202.12642
  42
-0.092742227
  0
VERTEX
  5
fef
  8
Layer_0
  10
257.6991
  20
202.06165
  0
VERTEX
  5
ff0
  8
Layer_0
  10
257.59741
  20
202.03665
  0
VERTEX
  5
ff1
  8
Layer_0
  10
257.41144
  20
201.97593
  0
VERTEX
  5
ff2
  8
Layer_0
  10
257.22641
  20
201.91521
  0
VERTEX
  5
ff3
  8
Layer_0
  10
257.1314
  20
201.8902
  0
VERTEX
  5
ff4
  8
Layer_0
  10
257.03115
  20
201.8652
  0
VERTEX
  5
ff5
  8
Layer_0
  10
256.83803
  20
201.80448
  0
VERTEX
  5
ff6
  8
Layer_0
  10
256.73638
  20
201.77099
  0
VERTEX
  5
ff7
  8
Layer_0
  10
256.6492
  20
201.74376
  0
VERTEX
  5
ff8
  8
Layer_0
  10
256.58595
  20
201.72545
  0
VERTEX
  5
ff9
  8
Layer_0
  10
256.55609
  20
201.71875
  0
VERTEX
  5
ffa
  8
Layer_0
  10
256.46465
  20
201.69494
  0
VERTEX
  5
ffb
  8
Layer_0
  10
256.28177
  20
201.63684
  0
VERTEX
  5
ffc
  8
Layer_0
  10
256.03412
  20
201.55493
  0
VERTEX
  5
ffd
  8
Layer_0
  10
256.11414
  20
201.53206
  0
SEQEND
  0
POLYLINE
  5
fff
  8
Layer_0
  62
7
  70
1
  66
1
  10
0
  20
0
  30
0
  0
VERTEX
  5
fff
  8
Layer_0
  10
266.29825
  20
204.01999
  42
0.07027947
  0
VERTEX
  5
1000
  8
Layer_0
  10
266.40305
  20
204.04285
  42
-0.095402959
  0
VERTEX
  5
1001
  8
Layer_0
  10
266.51733
  20
204.0619
  0
VERTEX
  5
1002
  8
Layer_0
  10
266.59354
  20
204.07095
  0
VERTEX
  5
1003
  8
Layer_0
  10
266.72689
  20
204.09715
  0
VERTEX
  5
1004
  8
Layer_0
  10
266.91167
  20
204.13906
  0
VERTEX
  5
1005
  8
Layer_0
  10
267.14218
  20
204.19525
  42
-0.062695776
  0
VERTEX
  5
1006
  8
Layer_0
  10
267.3479
  20
204.23335
  42
0.058670466
  0
VERTEX
  5
1007
  8
Layer_0
  10
267.63748
  20
204.2886
  42
-0.021804581
  0
VERTEX
  5
1008
  8
Layer_0
  10
268.17468
  20
204.40671
  42
0.021294875
  0
VERTEX
  5
1009
  8
Layer_0
  10
268.37473
  20
204.4429
  42
-0.0061025003
  0
VERTEX
  5
100a
  8
Layer_0
  10
268.50806
  20
204.47339
  42
0.044995372
  0
VERTEX
  5
100b
  8
Layer_0
  10
268.58807
  20
204.49243
  42
-0.042327372
  0
VERTEX
  5
100c
  8
Layer_0
  10
268.66428
  20
204.50958
  42
0.017701461
  0
VERTEX
  5
100d
  8
Layer_0
  10
268.7843
  20
204.53625
  0
VERTEX
  5
100e
  8
Layer_0
  10
268.89028
  20
204.5622
  0
VERTEX
  5
100f
  8
Layer_0
  10
268.95074
  20
204.57244
  0
VERTEX
  5
1010
  8
Layer_0
  10
268.97797
  20
204.5684
  0
VERTEX
  5
1011
  8
Layer_0
  10
268.98431
  20
204.55149
  42
-0.072139243
  0
VERTEX
  5
1012
  8
Layer_0
  10
268.95575
  20
204.43147
  42
0.072136705
  0
VERTEX
  5
1013
  8
Layer_0
  10
268.92715
  20
204.29813
  42
-0.08741807
  0
VERTEX
  5
1014
  8
Layer_0
  10
268.88715
  20
204.14572
  42
0.019508412
  0
VERTEX
  5
1015
  8
Layer_0
  10
268.79382
  20
203.8333
  0
VERTEX
  5
1016
  8
Layer_0
  10
268.72723
  20
203.60054
  0
VERTEX
  5
1017
  8
Layer_0
  10
268.67975
  20
203.45849
  0
VERTEX
  5
1018
  8
Layer_0
  10
268.64406
  20
203.38861
  0
VERTEX
  5
1019
  8
Layer_0
  10
268.61284
  20
203.37229
  42
-0.043570536
  0
VERTEX
  5
101a
  8
Layer_0
  10
268.23184
  20
203.45802
  42
0.01939214
  0
VERTEX
  5
101b
  8
Layer_0
  10
267.72702
  20
203.59708
  42
-0.031391359
  0
VERTEX
  5
101c
  8
Layer_0
  10
267.42792
  20
203.68471
  42
0.078968496
  0
VERTEX
  5
101d
  8
Layer_0
  10
267.2222
  20
203.73805
  0
VERTEX
  5
101e
  8
Layer_0
  10
267.11908
  20
203.76044
  0
VERTEX
  5
101f
  8
Layer_0
  10
266.94025
  20
203.81425
  42
0.025453783
  0
VERTEX
  5
1020
  8
Layer_0
  10
266.61069
  20
203.9095
  0
VERTEX
  5
1021
  8
Layer_0
  10
266.38946
  20
203.96308
  0
VERTEX
  5
1022
  8
Layer_0
  10
266.25254
  20
204.00666
  0
VERTEX
  5
1023
  8
Layer_0
  10
266.26183
  20
204.01476
  0
VERTEX
  5
1024
  8
Layer_0
  10
266.29826
  20
204.01999
  0
SEQEND
  0
POLYLINE
  5
1026
  8
Layer_0
  62
7
  70
1
  66
1
  10
0
  20
0
  30
0
  0
VERTEX
  5
1026
  8
Layer_0
  10
266.81262
  20
206.55554
  42
0.0028473041
  0
VERTEX
  5
1027
  8
Layer_0
  10
267.62222
  20
206.6889
  42
-0.0058269326
  0
VERTEX
  5
1028
  8
Layer_0
  10
268.08896
  20
206.76511
  42
0.014912155
  0
VERTEX
  5
1029
  8
Layer_0
  10
268.49854
  20
206.83368
  42
-0.018862447
  0
VERTEX
  5
102a
  8
Layer_0
  10
269.08908
  20
206.92892
  42
0.021329015
  0
VERTEX
  5
102b
  8
Layer_0
  10
269.37485
  20
206.97656
  0
VERTEX
  5
102c
  8
Layer_0
  10
269.45601
  20
206.99081
  0
VERTEX
  5
102d
  8
Layer_0
  10
269.50557
  20
206.99346
  0
VERTEX
  5
102e
  8
Layer_0
  10
269.52834
  20
206.98432
  0
VERTEX
  5
102f
  8
Layer_0
  10
269.52914
  20
206.96322
  42
0.0048113489
  0
VERTEX
  5
1030
  8
Layer_0
  10
269.48914
  20
206.75748
  42
-0.070604049
  0
VERTEX
  5
1031
  8
Layer_0
  10
269.44724
  20
206.55745
  42
0.067127549
  0
VERTEX
  5
1032
  8
Layer_0
  10
269.42816
  20
206.45268
  42
-0.030572959
  0
VERTEX
  5
1033
  8
Layer_0
  10
269.3634
  20
206.11931
  42
-0.0047839647
  0
VERTEX
  5
1034
  8
Layer_0
  10
269.29672
  20
205.82022
  42
-0.057442784
  0
VERTEX
  5
1035
  8
Layer_0
  10
269.27197
  20
205.7345
  42
0.093863421
  0
VERTEX
  5
1036
  8
Layer_0
  10
269.25101
  20
205.60304
  0
VERTEX
  5
1037
  8
Layer_0
  10
269.24482
  20
205.55733
  0
VERTEX
  5
1038
  8
Layer_0
  10
269.21863
  20
205.55733
  42
0.050995699
  0
VERTEX
  5
1039
  8
Layer_0
  10
269.08908
  20
205.58591
  42
-0.051927806
  0
VERTEX
  5
103a
  8
Layer_0
  10
268.93668
  20
205.62592
  42
0.02274069
  0
VERTEX
  5
103b
  8
Layer_0
  10
268.87
  20
205.65257
  42
-0.015764105
  0
VERTEX
  5
103c
  8
Layer_0
  10
268.30804
  20
205.82784
  42
0.035488901
  0
VERTEX
  5
103d
  8
Layer_0
  10
268.02228
  20
205.91165
  42
-0.051190078
  0
VERTEX
  5
103e
  8
Layer_0
  10
267.72321
  20
206.0031
  0
VERTEX
  5
103f
  8
Layer_0
  10
267.55342
  20
206.05787
  0
VERTEX
  5
1040
  8
Layer_0
  10
267.4565
  20
206.0812
  42
-0.19891237
  0
VERTEX
  5
1041
  8
Layer_0
  10
267.39365
  20
206.09834
  0
VERTEX
  5
1042
  8
Layer_0
  10
267.31267
  20
206.12978
  0
VERTEX
  5
1043
  8
Layer_0
  10
267.14599
  20
206.18407
  42
-0.0019780917
  0
VERTEX
  5
1044
  8
Layer_0
  10
266.6507
  20
206.33838
  42
0.020872418
  0
VERTEX
  5
1045
  8
Layer_0
  10
266.32111
  20
206.43553
  0
VERTEX
  5
1046
  8
Layer_0
  10
266.27921
  20
206.44577
  0
VERTEX
  5
1047
  8
Layer_0
  10
266.26588
  20
206.45458
  0
VERTEX
  5
1048
  8
Layer_0
  10
266.2996
  20
206.46688
  0
VERTEX
  5
1049
  8
Layer_0
  10
266.3928
  20
206.48578
  0
VERTEX
  5
104a
  8
Layer_0
  10
266.55922
  20
206.51432
  0
VERTEX
  5
104b
  8
Layer_0
  10
266.81261
  20
206.55555
  0
SEQEND
  0
POLYLINE
  5
104d
  8
Layer_0
  62
7
  70
1
  66
1
  10
0
  20
0
  30
0
  0
VERTEX
  5
104d
  8
Layer_0
  10
255.02448
  20
198.9946
  42
-0.041577966
  0
VERTEX
  5
104e
  8
Layer_0
  10
255.29498
  20
199.04033
  0
VERTEX
  5
104f
  8
Layer_0
  10
255.39636
  20
199.05312
  0
VERTEX
  5
1050
  8
Layer_0
  10
255.45453
  20
199.06842
  0
VERTEX
  5
1051
  8
Layer_0
  10
255.46911
  20
199.08587
  0
VERTEX
  5
1052
  8
Layer_0
  10
255.43976
  20
199.10509
  42
0.0031214214
  0
VERTEX
  5
1053
  8
Layer_0
  10
255.29117
  20
199.16415
  42
0.09840747
  0
VERTEX
  5
1054
  8
Layer_0
  10
255.16164
  20
199.20415
  0
VERTEX
  5
1055
  8
Layer_0
  10
255.08877
  20
199.22297
  0
VERTEX
  5
1056
  8
Layer_0
  10
254.95589
  20
199.26892
  0
VERTEX
  5
1057
  8
Layer_0
  10
254.8589
  20
199.30513
  0
VERTEX
  5
1058
  8
Layer_0
  10
254.78757
  20
199.33069
  0
VERTEX
  5
1059
  8
Layer_0
  10
254.73913
  20
199.34531
  0
VERTEX
  5
105a
  8
Layer_0
  10
254.71086
  20
199.3487
  0
VERTEX
  5
105b
  8
Layer_0
  10
254.70381
  20
199.32063
  0
VERTEX
  5
105c
  8
Layer_0
  10
254.74443
  20
199.24416
  42
-0.13756351
  0
VERTEX
  5
105d
  8
Layer_0
  10
254.79205
  20
199.1413
  42
0.13279824
  0
VERTEX
  5
105e
  8
Layer_0
  10
254.83969
  20
199.04033
  0
VERTEX
  5
105f
  8
Layer_0
  10
254.88731
  20
198.96031
  0
SEQEND
  0
POLYLINE
  5
1061
  8
Layer_0
  62
7
  70
1
  66
1
  10
0
  20
0
  30
0
  0
VERTEX
  5
1061
  8
Layer_0
  10
265.53436
  20
199.1089
  42
0.019923252
  0
VERTEX
  5
1062
  8
Layer_0
  10
265.26767
  20
199.1851
  42
-0.0092593983
  0
VERTEX
  5
1063
  8
Layer_0
  10
264.85999
  20
199.29178
  0
VERTEX
  5
1064
  8
Layer_0
  10
264.74
  20
199.32417
  0
VERTEX
  5
1065
  8
Layer_0
  10
264.63877
  20
199.35084
  0
VERTEX
  5
1066
  8
Layer_0
  10
264.56718
  20
199.36894
  0
VERTEX
  5
1067
  8
Layer_0
  10
264.53614
  20
199.3756
  0
VERTEX
  5
1068
  8
Layer_0
  10
264.45184
  20
199.39561
  0
VERTEX
  5
1069
  8
Layer_0
  10
264.27896
  20
199.44418
  42
0.017830124
  0
VERTEX
  5
106a
  8
Layer_0
  10
263.95511
  20
199.528
  42
-0.029920843
  0
VERTEX
  5
106b
  8
Layer_0
  10
263.60269
  20
199.61754
  42
0.0097652247
  0
VERTEX
  5
106c
  8
Layer_0
  10
263.19312
  20
199.72803
  42
-0.020631541
  0
VERTEX
  5
106d
  8
Layer_0
  10
262.91687
  20
199.80804
  42
0.044842158
  0
VERTEX
  5
106e
  8
Layer_0
  10
262.66925
  20
199.87091
  42
-0.038561018
  0
VERTEX
  5
106f
  8
Layer_0
  10
262.3111
  20
199.96616
  0
VERTEX
  5
1070
  8
Layer_0
  10
262.12488
  20
200.01997
  0
VERTEX
  5
1071
  8
Layer_0
  10
262.02154
  20
200.04235
  0
VERTEX
  5
1072
  8
Layer_0
  10
261.98558
  20
200.04548
  0
VERTEX
  5
1073
  8
Layer_0
  10
261.92391
  20
200.06021
  0
VERTEX
  5
1074
  8
Layer_0
  10
261.80722
  20
200.09459
  0
VERTEX
  5
1075
  8
Layer_0
  10
261.60625
  20
200.15665
  42
0.073426625
  0
VERTEX
  5
1076
  8
Layer_0
  10
261.38336
  20
200.21381
  0
VERTEX
  5
1077
  8
Layer_0
  10
261.29168
  20
200.23357
  0
VERTEX
  5
1078
  8
Layer_0
  10
261.12428
  20
200.28048
  0
VERTEX
  5
1079
  8
Layer_0
  10
260.95474
  20
200.32715
  0
VERTEX
  5
107a
  8
Layer_0
  10
260.85377
  20
200.34525
  42
0.072503918
  0
VERTEX
  5
107b
  8
Layer_0
  10
260.64041
  20
200.29572
  42
-0.01468778
  0
VERTEX
  5
107c
  8
Layer_0
  10
260.38324
  20
200.22905
  42
0.017707483
  0
VERTEX
  5
107d
  8
Layer_0
  10
260.12607
  20
200.16237
  42
-0.0049688424
  0
VERTEX
  5
107e
  8
Layer_0
  10
259.80222
  20
200.07664
  42
0.012892906
  0
VERTEX
  5
107f
  8
Layer_0
  10
259.35452
  20
199.95473
  0
VERTEX
  5
1080
  8
Layer_0
  10
259.24065
  20
199.92234
  0
VERTEX
  5
1081
  8
Layer_0
  10
259.1407
  20
199.89567
  0
VERTEX
  5
1082
  8
Layer_0
  10
259.06575
  20
199.87757
  0
VERTEX
  5
1083
  8
Layer_0
  10
259.02688
  20
199.8709
  0
VERTEX
  5
1084
  8
Layer_0
  10
258.93734
  20
199.85209
  0
VERTEX
  5
1085
  8
Layer_0
  10
258.77923
  20
199.80613
  42
-0.016722434
  0
VERTEX
  5
1086
  8
Layer_0
  10
258.46872
  20
199.71851
  42
0.017211168
  0
VERTEX
  5
1087
  8
Layer_0
  10
258.05914
  20
199.61182
  0
VERTEX
  5
1088
  8
Layer_0
  10
257.93882
  20
199.57944
  0
VERTEX
  5
1089
  8
Layer_0
  10
257.83673
  20
199.55277
  0
VERTEX
  5
108a
  8
Layer_0
  10
257.76392
  20
199.53467
  0
VERTEX
  5
108b
  8
Layer_0
  10
257.73148
  20
199.528
  0
VERTEX
  5
108c
  8
Layer_0
  10
257.65432
  20
199.51062
  0
VERTEX
  5
108d
  8
Layer_0
  10
257.50288
  20
199.46895
  42
-0.01315967
  0
VERTEX
  5
108e
  8
Layer_0
  10
257.14474
  20
199.37561
  42
0.017361125
  0
VERTEX
  5
108f
  8
Layer_0
  10
256.77325
  20
199.27464
  42
-0.037777036
  0
VERTEX
  5
1090
  8
Layer_0
  10
256.48181
  20
199.19844
  42
0.038032146
  0
VERTEX
  5
1091
  8
Layer_0
  10
256.20938
  20
199.12605
  0
VERTEX
  5
1092
  8
Layer_0
  10
256.11782
  20
199.09619
  0
VERTEX
  5
1093
  8
Layer_0
  10
256.06127
  20
199.07438
  0
VERTEX
  5
1094
  8
Layer_0
  10
256.03686
  20
199.05934
  0
VERTEX
  5
1095
  8
Layer_0
  10
256.04174
  20
199.04985
  42
0.087416229
  0
VERTEX
  5
1096
  8
Layer_0
  10
256.12555
  20
199.03461
  0
VERTEX
  5
1097
  8
Layer_0
  10
256.23772
  20
199.00794
  0
VERTEX
  5
1098
  8
Layer_0
  10
256.43989
  20
198.94698
  0
VERTEX
  5
1099
  8
Layer_0
  10
256.54615
  20
198.91349
  0
VERTEX
  5
109a
  8
Layer_0
  10
256.63848
  20
198.88626
  0
VERTEX
  5
109b
  8
Layer_0
  10
256.70724
  20
198.86795
  0
VERTEX
  5
109c
  8
Layer_0
  10
256.74278
  20
198.86125
  0
VERTEX
  5
109d
  8
Layer_0
  10
256.77722
  20
198.85456
  0
VERTEX
  5
109e
  8
Layer_0
  10
256.84541
  20
198.83625
  0
VERTEX
  5
109f
  8
Layer_0
  10
256.93754
  20
198.80902
  0
VERTEX
  5
10a0
  8
Layer_0
  10
257.04377
  20
198.77553
  0
VERTEX
  5
10a1
  8
Layer_0
  10
257.24475
  20
198.71481
  0
VERTEX
  5
10a2
  8
Layer_0
  10
257.35429
  20
198.6898
  42
-0.10346618
  0
VERTEX
  5
10a3
  8
Layer_0
  10
257.45334
  20
198.66695
  42
-1.4384614e-05
  0
VERTEX
  5
10a4
  8
Layer_0
  10
257.52573
  20
198.64027
  42
-0.035184471
  0
VERTEX
  5
10a5
  8
Layer_0
  10
257.67813
  20
198.59456
  42
0.017503788
  0
VERTEX
  5
10a6
  8
Layer_0
  10
257.96008
  20
198.51645
  42
-0.016184434
  0
VERTEX
  5
10a7
  8
Layer_0
  10
258.28394
  20
198.425
  42
0.036857272
  0
VERTEX
  5
10a8
  8
Layer_0
  10
258.52585
  20
198.35834
  42
-0.041312102
  0
VERTEX
  5
10a9
  8
Layer_0
  10
258.80209
  20
198.27832
  42
0.019618571
  0
VERTEX
  5
10aa
  8
Layer_0
  10
259.08783
  20
198.1945
  0
VERTEX
  5
10ab
  8
Layer_0
  10
259.21157
  20
198.16569
  0
VERTEX
  5
10ac
  8
Layer_0
  10
259.34334
  20
198.13116
  0
VERTEX
  5
10ad
  8
Layer_0
  10
259.44976
  20
198.10021
  0
VERTEX
  5
10ae
  8
Layer_0
  10
259.49741
  20
198.08211
  42
0.12752457
  0
VERTEX
  5
10af
  8
Layer_0
  10
259.53171
  20
198.06497
  42
-0.02732536
  0
VERTEX
  5
10b0
  8
Layer_0
  10
260.00223
  20
197.93542
  0
VERTEX
  5
10b1
  8
Layer_0
  10
260.1088
  20
197.90304
  0
VERTEX
  5
10b2
  8
Layer_0
  10
260.20179
  20
197.87637
  0
VERTEX
  5
10b3
  8
Layer_0
  10
260.2712
  20
197.85827
  0
VERTEX
  5
10b4
  8
Layer_0
  10
260.30704
  20
197.8516
  0
VERTEX
  5
10b5
  8
Layer_0
  10
260.40372
  20
197.82827
  0
VERTEX
  5
10b6
  8
Layer_0
  10
260.58326
  20
197.7735
  42
0.15671996
  0
VERTEX
  5
10b7
  8
Layer_0
  10
261.16428
  20
197.78493
  0
VERTEX
  5
10b8
  8
Layer_0
  10
261.32192
  20
197.83184
  0
VERTEX
  5
10b9
  8
Layer_0
  10
261.40813
  20
197.8516
  0
VERTEX
  5
10ba
  8
Layer_0
  10
261.50838
  20
197.87661
  0
VERTEX
  5
10bb
  8
Layer_0
  10
261.7015
  20
197.93733
  0
VERTEX
  5
10bc
  8
Layer_0
  10
261.89533
  20
197.99805
  0
VERTEX
  5
10bd
  8
Layer_0
  10
262.00058
  20
198.02305
  42
0.07691174
  0
VERTEX
  5
10be
  8
Layer_0
  10
262.18347
  20
198.06877
  42
-0.015521638
  0
VERTEX
  5
10bf
  8
Layer_0
  10
262.47873
  20
198.1545
  42
0.0046212075
  0
VERTEX
  5
10c0
  8
Layer_0
  10
262.91687
  20
198.28023
  42
-0.0084580504
  0
VERTEX
  5
10c1
  8
Layer_0
  10
263.67889
  20
198.49359
  42
0.0087700256
  0
VERTEX
  5
10c2
  8
Layer_0
  10
264.05035
  20
198.60408
  42
-0.033456836
  0
VERTEX
  5
10c3
  8
Layer_0
  10
264.38373
  20
198.69742
  42
0.046590428
  0
VERTEX
  5
10c4
  8
Layer_0
  10
264.66949
  20
198.77744
  42
-0.026145444
  0
VERTEX
  5
10c5
  8
Layer_0
  10
264.96475
  20
198.86125
  42
0.035471594
  0
VERTEX
  5
10c6
  8
Layer_0
  10
265.29813
  20
198.9527
  42
-0.040279487
  0
VERTEX
  5
10c7
  8
Layer_0
  10
265.62198
  20
199.04224
  0
VERTEX
  5
10c8
  8
Layer_0
  10
265.69818
  20
199.05746
  0
SEQEND
  0
POLYLINE
  5
10ca
  8
Layer_0
  62
7
  70
1
  66
1
  10
0
  20
0
  30
0
  0
VERTEX
  5
10ca
  8
Layer_0
  10
265.43911
  20
196.5543
  0
VERTEX
  5
10cb
  8
Layer_0
  10
265.2317
  20
196.44071
  0
VERTEX
  5
10cc
  8
Layer_0
  10
264.96286
  20
196.35427
  42
0.047411058
  0
VERTEX
  5
10cd
  8
Layer_0
  10
264.68854
  20
196.26665
  42
-0.030567969
  0
VERTEX
  5
10ce
  8
Layer_0
  10
264.37421
  20
196.16377
  42
0.024012116
  0
VERTEX
  5
10cf
  8
Layer_0
  10
264.09229
  20
196.07043
  0
VERTEX
  5
10d0
  8
Layer_0
  10
263.95702
  20
196.02352
  0
VERTEX
  5
10d1
  8
Layer_0
  10
263.87891
  20
196.00375
  0
VERTEX
  5
10d2
  8
Layer_0
  10
263.78628
  20
195.97875
  0
VERTEX
  5
10d3
  8
Layer_0
  10
263.61221
  20
195.91803
  0
VERTEX
  5
10d4
  8
Layer_0
  10
263.43886
  20
195.85731
  0
VERTEX
  5
10d5
  8
Layer_0
  10
263.34551
  20
195.8323
  42
0.10346038
  0
VERTEX
  5
10d6
  8
Layer_0
  10
263.25598
  20
195.80945
  42
-0.045808711
  0
VERTEX
  5
10d7
  8
Layer_0
  10
263.16833
  20
195.78087
  42
0.091241723
  0
VERTEX
  5
10d8
  8
Layer_0
  10
263.08072
  20
195.74849
  42
-0.06388818
  0
VERTEX
  5
10d9
  8
Layer_0
  10
262.86926
  20
195.68181
  0
VERTEX
  5
10da
  8
Layer_0
  10
262.75187
  20
195.64823
  0
VERTEX
  5
10db
  8
Layer_0
  10
262.69019
  20
195.62466
  42
-0.074261509
  0
VERTEX
  5
10dc
  8
Layer_0
  10
262.49777
  20
195.55798
  42
0.0080003335
  0
VERTEX
  5
10dd
  8
Layer_0
  10
262.18347
  20
195.45892
  42
-0.0081246156
  0
VERTEX
  5
10de
  8
Layer_0
  10
261.91675
  20
195.37129
  42
0.0072101513
  0
VERTEX
  5
10df
  8
Layer_0
  10
261.39288
  20
195.20557
  0
VERTEX
  5
10e0
  8
Layer_0
  10
261.21422
  20
195.14652
  0
VERTEX
  5
10e1
  8
Layer_0
  10
261.07907
  20
195.10257
  0
VERTEX
  5
10e2
  8
Layer_0
  10
260.98003
  20
195.07202
  0
VERTEX
  5
10e3
  8
Layer_0
  10
260.90973
  20
195.05316
  0
VERTEX
  5
10e4
  8
Layer_0
  10
260.82576
  20
195.04375
  0
VERTEX
  5
10e5
  8
Layer_0
  10
260.76805
  20
195.06078
  42
0.067201668
  0
VERTEX
  5
10e6
  8
Layer_0
  10
260.4061
  20
195.17126
  42
-0.11838936
  0
VERTEX
  5
10e7
  8
Layer_0
  10
260.31085
  20
195.19794
  0
VERTEX
  5
10e8
  8
Layer_0
  10
260.23917
  20
195.22937
  0
VERTEX
  5
10e9
  8
Layer_0
  10
260.09749
  20
195.27795
  42
-0.0035420027
  0
VERTEX
  5
10ea
  8
Layer_0
  10
259.64029
  20
195.42464
  42
-0.0014738182
  0
VERTEX
  5
10eb
  8
Layer_0
  10
259.22119
  20
195.55798
  42
-0.008743206
  0
VERTEX
  5
10ec
  8
Layer_0
  10
258.97354
  20
195.6418
  42
0.039357471
  0
VERTEX
  5
10ed
  8
Layer_0
  10
258.7735
  20
195.69896
  42
-0.089967732
  0
VERTEX
  5
10ee
  8
Layer_0
  10
258.64969
  20
195.73706
  0
VERTEX
  5
10ef
  8
Layer_0
  10
258.50657
  20
195.79206
  0
VERTEX
  5
10f0
  8
Layer_0
  10
258.29917
  20
195.85135
  42
-0.036529854
  0
VERTEX
  5
10f1
  8
Layer_0
  10
258.082
  20
195.92184
  42
0.031073585
  0
VERTEX
  5
10f2
  8
Layer_0
  10
257.83243
  20
196.00375
  42
-0.020407226
  0
VERTEX
  5
10f3
  8
Layer_0
  10
257.50668
  20
196.10472
  42
0.004671903
  0
VERTEX
  5
10f4
  8
Layer_0
  10
257.0495
  20
196.25711
  0
VERTEX
  5
10f5
  8
Layer_0
  10
256.79673
  20
196.33828
  0
VERTEX
  5
10f6
  8
Layer_0
  10
256.61226
  20
196.39776
  0
VERTEX
  5
10f7
  8
Layer_0
  10
256.48454
  20
196.44032
  0
VERTEX
  5
10f8
  8
Layer_0
  10
256.40202
  20
196.47072
  0
VERTEX
  5
10f9
  8
Layer_0
  10
256.32645
  20
196.51403
  0
VERTEX
  5
10fa
  8
Layer_0
  10
256.2932
  20
196.56573
  0
VERTEX
  5
10fb
  8
Layer_0
  10
256.24368
  20
196.64955
  0
VERTEX
  5
10fc
  8
Layer_0
  10
256.32178
  20
196.66098
  0
VERTEX
  5
10fd
  8
Layer_0
  10
256.37058
  20
196.67011
  0
VERTEX
  5
10fe
  8
Layer_0
  10
256.45536
  20
196.68792
  0
VERTEX
  5
10ff
  8
Layer_0
  10
256.56944
  20
196.71292
  0
VERTEX
  5
1100
  8
Layer_0
  10
256.70611
  20
196.74361
  0
VERTEX
  5
1101
  8
Layer_0
  10
257.02043
  20
196.81609
  0
VERTEX
  5
1102
  8
Layer_0
  10
257.34476
  20
196.89339
  42
-0.0047935658
  0
VERTEX
  5
1103
  8
Layer_0
  10
257.71625
  20
196.9772
  42
0.0036360049
  0
VERTEX
  5
1104
  8
Layer_0
  10
258.24011
  20
197.09912
  0
VERTEX
  5
1105
  8
Layer_0
  10
258.38013
  20
197.13262
  0
VERTEX
  5
1106
  8
Layer_0
  10
258.50014
  20
197.15985
  0
VERTEX
  5
1107
  8
Layer_0
  10
258.5873
  20
197.17816
  0
VERTEX
  5
1108
  8
Layer_0
  10
258.62873
  20
197.18485
  0
VERTEX
  5
1109
  8
Layer_0
  10
258.67127
  20
197.19155
  0
VERTEX
  5
110a
  8
Layer_0
  10
258.75899
  20
197.20986
  0
VERTEX
  5
110b
  8
Layer_0
  10
258.87921
  20
197.23709
  0
VERTEX
  5
110c
  8
Layer_0
  10
259.01926
  20
197.27058
  0
VERTEX
  5
110d
  8
Layer_0
  10
259.26776
  20
197.32976
  0
VERTEX
  5
110e
  8
Layer_0
  10
259.48705
  20
197.38152
  0
VERTEX
  5
110f
  8
Layer_0
  10
259.67653
  20
197.42572
  0
VERTEX
  5
1110
  8
Layer_0
  10
259.83555
  20
197.46227
  0
VERTEX
  5
1111
  8
Layer_0
  10
259.9635
  20
197.49105
  0
VERTEX
  5
1112
  8
Layer_0
  10
260.05974
  20
197.51195
  0
VERTEX
  5
1113
  8
Layer_0
  10
260.12367
  20
197.52486
  0
VERTEX
  5
1114
  8
Layer_0
  10
260.15464
  20
197.52966
  0
VERTEX
  5
1115
  8
Layer_0
  10
260.19116
  20
197.53564
  0
VERTEX
  5
1116
  8
Layer_0
  10
260.26251
  20
197.55181
  0
VERTEX
  5
1117
  8
Layer_0
  10
260.3585
  20
197.57547
  0
VERTEX
  5
1118
  8
Layer_0
  10
260.46896
  20
197.60395
  42
-0.053815661
  0
VERTEX
  5
1119
  8
Layer_0
  10
260.82709
  20
197.67825
  0
VERTEX
  5
111a
  8
Layer_0
  10
260.96736
  20
197.65991
  0
VERTEX
  5
111b
  8
Layer_0
  10
261.18905
  20
197.61157
  42
0.025775887
  0
VERTEX
  5
111c
  8
Layer_0
  10
261.56433
  20
197.52776
  42
-0.031461908
  0
VERTEX
  5
111d
  8
Layer_0
  10
262.15488
  20
197.38487
  42
0.069685023
  0
VERTEX
  5
111e
  8
Layer_0
  10
262.29776
  20
197.35631
  42
-0.062257035
  0
VERTEX
  5
111f
  8
Layer_0
  10
262.56445
  20
197.29915
  42
0.015450543
  0
VERTEX
  5
1120
  8
Layer_0
  10
262.93594
  20
197.20963
  42
-0.014496321
  0
VERTEX
  5
1121
  8
Layer_0
  10
263.31693
  20
197.1239
  42
0.0054424564
  0
VERTEX
  5
1122
  8
Layer_0
  10
263.68842
  20
197.03818
  42
-0.010631963
  0
VERTEX
  5
1123
  8
Layer_0
  10
264.87903
  20
196.76385
  42
0.026861627
  0
VERTEX
  5
1124
  8
Layer_0
  10
265.30765
  20
196.6705
  42
-0.068195348
  0
VERTEX
  5
1125
  8
Layer_0
  10
265.46005
  20
196.63622
  0
VERTEX
  5
1126
  8
Layer_0
  10
265.50769
  20
196.61716
  0
VERTEX
  5
1127
  8
Layer_0
  10
265.43912
  20
196.55429
  0
SEQEND
  0
POLYLINE
  5
1129
  8
Layer_0
  62
7
  70
1
  66
1
  10
0
  20
0
  30
0
  0
VERTEX
  5
1129
  8
Layer_0
  10
266.70593
  20
198.99651
  42
0.050369106
  0
VERTEX
  5
112a
  8
Layer_0
  10
266.48495
  20
199.0327
  0
VERTEX
  5
112b
  8
Layer_0
  10
266.33803
  20
199.05556
  0
VERTEX
  5
112c
  8
Layer_0
  10
266.24111
  20
199.08985
  0
VERTEX
  5
112d
  8
Layer_0
  10
266.28993
  20
199.11367
  0
VERTEX
  5
112e
  8
Layer_0
  10
266.40875
  20
199.15462
  42
0.0059543095
  0
VERTEX
  5
112f
  8
Layer_0
  10
266.66022
  20
199.24036
  42
0.0030376709
  0
VERTEX
  5
1130
  8
Layer_0
  10
266.75546
  20
199.27274
  42
0.048438707
  0
VERTEX
  5
1131
  8
Layer_0
  10
266.92691
  20
199.3356
  0
VERTEX
  5
1132
  8
Layer_0
  10
267.03073
  20
199.36703
  0
VERTEX
  5
1133
  8
Layer_0
  10
267.06026
  20
199.34703
  0
VERTEX
  5
1134
  8
Layer_0
  10
267.0405
  20
199.30226
  0
VERTEX
  5
1135
  8
Layer_0
  10
266.99359
  20
199.2232
  0
VERTEX
  5
1136
  8
Layer_0
  10
266.94668
  20
199.14558
  0
VERTEX
  5
1137
  8
Layer_0
  10
266.92691
  20
199.10509
  42
-0.10493615
  0
VERTEX
  5
1138
  8
Layer_0
  10
266.90024
  20
199.02509
  0
VERTEX
  5
1139
  8
Layer_0
  10
266.87357
  20
198.96031
  0
SEQEND
  0
POLYLINE
  5
113b
  8
Layer_0
  62
7
  70
1
  66
1
  10
0
  20
0
  30
0
  0
VERTEX
  5
113b
  8
Layer_0
  10
263.77604
  20
194.35021
  0
VERTEX
  5
113c
  8
Layer_0
  10
263.72746
  20
194.30211
  0
VERTEX
  5
113d
  8
Layer_0
  10
263.70746
  20
194.27401
  0
VERTEX
  5
113e
  8
Layer_0
  10
263.68103
  20
194.23591
  0
VERTEX
  5
113f
  8
Layer_0
  10
263.61602
  20
194.16352
  42
0.0016063328
  0
VERTEX
  5
1140
  8
Layer_0
  10
263.37408
  20
193.89873
  0
VERTEX
  5
1141
  8
Layer_0
  10
263.08417
  20
193.58783
  0
VERTEX
  5
1142
  8
Layer_0
  10
262.77353
  20
193.26889
  0
VERTEX
  5
1143
  8
Layer_0
  10
262.63545
  20
193.13158
  0
VERTEX
  5
1144
  8
Layer_0
  10
262.52219
  20
193.02246
  0
VERTEX
  5
1145
  8
Layer_0
  10
262.44376
  20
192.95161
  0
VERTEX
  5
1146
  8
Layer_0
  10
262.41016
  20
192.92908
  0
VERTEX
  5
1147
  8
Layer_0
  10
262.36229
  20
192.91789
  0
VERTEX
  5
1148
  8
Layer_0
  10
262.26728
  20
192.87955
  42
-0.10239226
  0
VERTEX
  5
1149
  8
Layer_0
  10
262.10916
  20
192.8224
  0
VERTEX
  5
114a
  8
Layer_0
  10
261.98606
  20
192.78692
  0
VERTEX
  5
114b
  8
Layer_0
  10
261.84437
  20
192.72715
  42
-0.12809164
  0
VERTEX
  5
114c
  8
Layer_0
  10
261.62338
  20
192.65096
  42
0.13195589
  0
VERTEX
  5
114d
  8
Layer_0
  10
261.51672
  20
192.61476
  42
-0.040702882
  0
VERTEX
  5
114e
  8
Layer_0
  10
261.34528
  20
192.54617
  42
0.12411608
  0
VERTEX
  5
114f
  8
Layer_0
  10
261.22333
  20
192.49664
  42
-0.17545661
  0
VERTEX
  5
1150
  8
Layer_0
  10
261.16238
  20
192.47951
  42
0.10959079
  0
VERTEX
  5
1151
  8
Layer_0
  10
261.01761
  20
192.43188
  42
-0.20434668
  0
VERTEX
  5
1152
  8
Layer_0
  10
260.69376
  20
192.42998
  42
0.011897553
  0
VERTEX
  5
1153
  8
Layer_0
  10
260.49753
  20
192.49855
  42
-0.014424679
  0
VERTEX
  5
1154
  8
Layer_0
  10
260.2594
  20
192.58427
  42
0.0097514753
  0
VERTEX
  5
1155
  8
Layer_0
  10
260.0213
  20
192.66811
  42
-0.011920883
  0
VERTEX
  5
1156
  8
Layer_0
  10
259.79651
  20
192.75763
  0
VERTEX
  5
1157
  8
Layer_0
  10
259.68029
  20
192.80359
  0
VERTEX
  5
1158
  8
Layer_0
  10
259.60981
  20
192.8224
  42
-0.11041066
  0
VERTEX
  5
1159
  8
Layer_0
  10
259.51074
  20
192.84908
  42
0.0044701917
  0
VERTEX
  5
115a
  8
Layer_0
  10
259.38501
  20
192.89861
  0
VERTEX
  5
115b
  8
Layer_0
  10
259.34132
  20
192.9292
  0
VERTEX
  5
115c
  8
Layer_0
  10
259.26265
  20
192.99731
  0
VERTEX
  5
115d
  8
Layer_0
  10
259.15687
  20
193.09524
  0
VERTEX
  5
115e
  8
Layer_0
  10
259.03188
  20
193.21531
  0
VERTEX
  5
115f
  8
Layer_0
  10
258.75574
  20
193.49118
  0
VERTEX
  5
1160
  8
Layer_0
  10
258.49729
  20
193.76347
  42
0.0037186583
  0
VERTEX
  5
1161
  8
Layer_0
  10
258.28775
  20
193.99208
  42
-0.015023675
  0
VERTEX
  5
1162
  8
Layer_0
  10
257.96579
  20
194.35974
  0
VERTEX
  5
1163
  8
Layer_0
  10
257.93412
  20
194.40403
  0
VERTEX
  5
1164
  8
Layer_0
  10
257.9296
  20
194.42832
  0
VERTEX
  5
1165
  8
Layer_0
  10
257.98056
  20
194.44228
  0
VERTEX
  5
1166
  8
Layer_0
  10
258.08581
  20
194.4657
  0
VERTEX
  5
1167
  8
Layer_0
  10
258.21678
  20
194.49234
  0
VERTEX
  5
1168
  8
Layer_0
  10
258.34489
  20
194.51595
  42
0.013499265
  0
VERTEX
  5
1169
  8
Layer_0
  10
258.93735
  20
194.63977
  42
-0.012721918
  0
VERTEX
  5
116a
  8
Layer_0
  10
259.20215
  20
194.6893
  42
0.023087158
  0
VERTEX
  5
116b
  8
Layer_0
  10
259.56979
  20
194.76741
  42
-0.058670466
  0
VERTEX
  5
116c
  8
Layer_0
  10
259.84604
  20
194.82265
  0
VERTEX
  5
116d
  8
Layer_0
  10
260.12035
  20
194.87433
  0
VERTEX
  5
116e
  8
Layer_0
  10
260.44039
  20
194.94457
  42
-0.01084048
  0
VERTEX
  5
116f
  8
Layer_0
  10
260.50897
  20
194.96362
  42
-0.087127461
  0
VERTEX
  5
1170
  8
Layer_0
  10
260.9357
  20
194.99791
  42
-0.038593171
  0
VERTEX
  5
1171
  8
Layer_0
  10
261.24048
  20
194.94647
  42
0.018655174
  0
VERTEX
  5
1172
  8
Layer_0
  10
261.91675
  20
194.80742
  42
-0.0049767805
  0
VERTEX
  5
1173
  8
Layer_0
  10
262.28824
  20
194.73122
  42
0.012068994
  0
VERTEX
  5
1174
  8
Layer_0
  10
262.68829
  20
194.6512
  42
-0.010723738
  0
VERTEX
  5
1175
  8
Layer_0
  10
263.02167
  20
194.58072
  42
0.01207735
  0
VERTEX
  5
1176
  8
Layer_0
  10
263.37979
  20
194.50833
  42
-0.0064545198
  0
VERTEX
  5
1177
  8
Layer_0
  10
263.69031
  20
194.44928
  0
VERTEX
  5
1178
  8
Layer_0
  10
263.84464
  20
194.41498
  0
VERTEX
  5
1179
  8
Layer_0
  10
263.77603
  20
194.35022
  0
SEQEND
  0
POLYLINE
  5
117b
  8
Layer_0
  62
7
  70
1
  66
1
  10
0
  20
0
  30
0
  0
VERTEX
  5
117b
  8
Layer_0
  10
260.8233
  20
191.6013
  42
0.19891237
  0
VERTEX
  5
117c
  8
Layer_0
  10
260.76233
  20
191.6413
  0
VERTEX
  5
117d
  8
Layer_0
  10
260.72542
  20
191.66631
  0
VERTEX
  5
117e
  8
Layer_0
  10
260.66137
  20
191.72703
  0
VERTEX
  5
117f
  8
Layer_0
  10
260.59731
  20
191.78775
  0
VERTEX
  5
1180
  8
Layer_0
  10
260.5604
  20
191.81275
  0
VERTEX
  5
1181
  8
Layer_0
  10
260.52945
  20
191.83133
  0
VERTEX
  5
1182
  8
Layer_0
  10
260.47849
  20
191.87562
  42
0.019230882
  0
VERTEX
  5
1183
  8
Layer_0
  10
260.2518
  20
192.06993
  0
VERTEX
  5
1184
  8
Layer_0
  10
260.13797
  20
192.16804
  0
VERTEX
  5
1185
  8
Layer_0
  10
260.08987
  20
192.21471
  0
VERTEX
  5
1186
  8
Layer_0
  10
260.31061
  20
192.26662
  0
VERTEX
  5
1187
  8
Layer_0
  10
260.59279
  20
192.30996
  42
0.10706055
  0
VERTEX
  5
1188
  8
Layer_0
  10
260.68805
  20
192.3271
  0
VERTEX
  5
1189
  8
Layer_0
  10
260.74176
  20
192.33755
  0
VERTEX
  5
118a
  8
Layer_0
  10
260.83639
  20
192.33782
  0
VERTEX
  5
118b
  8
Layer_0
  10
260.96637
  20
192.32844
  0
VERTEX
  5
118c
  8
Layer_0
  10
261.12619
  20
192.30996
  0
VERTEX
  5
118d
  8
Layer_0
  10
261.26632
  20
192.28746
  0
VERTEX
  5
118e
  8
Layer_0
  10
261.43432
  20
192.25567
  0
VERTEX
  5
118f
  8
Layer_0
  10
261.57731
  20
192.22531
  0
VERTEX
  5
1190
  8
Layer_0
  10
261.64244
  20
192.20709
  0
VERTEX
  5
1191
  8
Layer_0
  10
261.52528
  20
192.09207
  0
VERTEX
  5
1192
  8
Layer_0
  10
261.38527
  20
191.9842
  42
0.28407905
  0
VERTEX
  5
1193
  8
Layer_0
  10
261.35098
  20
191.95753
  0
VERTEX
  5
1194
  8
Layer_0
  10
261.29904
  20
191.9053
  0
VERTEX
  5
1195
  8
Layer_0
  10
261.18976
  20
191.81109
  0
VERTEX
  5
1196
  8
Layer_0
  10
261.05871
  20
191.70438
  0
VERTEX
  5
1197
  8
Layer_0
  10
260.9414
  20
191.61463
  0
VERTEX
  5
1198
  8
Layer_0
  10
260.8671
  20
191.56129
  0
SEQEND
  0
POLYLINE
  5
119a
  8
Layer_0
  62
7
  70
1
  66
1
  10
0
  20
0
  30
0
  0
VERTEX
  5
119a
  8
Layer_0
  10
267.03168
  20
201.74924
  42
0.015678375
  0
VERTEX
  5
119b
  8
Layer_0
  10
267.32697
  20
201.82733
  42
-0.019289989
  0
VERTEX
  5
119c
  8
Layer_0
  10
267.62985
  20
201.90164
  42
0.024687166
  0
VERTEX
  5
119d
  8
Layer_0
  10
267.97275
  20
201.99498
  0
VERTEX
  5
119e
  8
Layer_0
  10
268.12111
  20
202.04207
  0
VERTEX
  5
119f
  8
Layer_0
  10
268.19231
  20
202.05737
  0
VERTEX
  5
11a0
  8
Layer_0
  10
268.2085
  20
202.04052
  0
VERTEX
  5
11a1
  8
Layer_0
  10
268.19183
  20
201.99117
  42
-0.02053437
  0
VERTEX
  5
11a2
  8
Layer_0
  10
268.12515
  20
201.83878
  42
0.099020261
  0
VERTEX
  5
11a3
  8
Layer_0
  10
268.08896
  20
201.73209
  0
VERTEX
  5
11a4
  8
Layer_0
  10
268.0772
  20
201.68696
  0
VERTEX
  5
11a5
  8
Layer_0
  10
268.04634
  20
201.60255
  0
VERTEX
  5
11a6
  8
Layer_0
  10
268.00297
  20
201.49527
  0
VERTEX
  5
11a7
  8
Layer_0
  10
267.95371
  20
201.38157
  42
0.10289426
  0
VERTEX
  5
11a8
  8
Layer_0
  10
267.91751
  20
201.26727
  42
-0.16679179
  0
VERTEX
  5
11a9
  8
Layer_0
  10
267.89276
  20
201.20059
  42
-0.29371179
  0
VERTEX
  5
11aa
  8
Layer_0
  10
267.79178
  20
201.18726
  42
0.014249795
  0
VERTEX
  5
11ab
  8
Layer_0
  10
267.62222
  20
201.22345
  42
-0.015477699
  0
VERTEX
  5
11ac
  8
Layer_0
  10
267.21265
  20
201.3168
  42
0.0076162721
  0
VERTEX
  5
11ad
  8
Layer_0
  10
266.78403
  20
201.41396
  0
VERTEX
  5
11ae
  8
Layer_0
  10
266.62934
  20
201.44949
  0
VERTEX
  5
11af
  8
Layer_0
  10
266.48233
  20
201.48825
  0
VERTEX
  5
11b0
  8
Layer_0
  10
266.36854
  20
201.52272
  0
VERTEX
  5
11b1
  8
Layer_0
  10
266.3135
  20
201.5454
  0
VERTEX
  5
11b2
  8
Layer_0
  10
266.32616
  20
201.55392
  0
VERTEX
  5
11b3
  8
Layer_0
  10
266.3708
  20
201.57002
  0
VERTEX
  5
11b4
  8
Layer_0
  10
266.44246
  20
201.59231
  0
VERTEX
  5
11b5
  8
Layer_0
  10
266.53615
  20
201.61946
  0
VERTEX
  5
11b6
  8
Layer_0
  10
266.76972
  20
201.68283
  0
VERTEX
  5
11b7
  8
Layer_0
  10
267.03169
  20
201.74923
  0
SEQEND
  0
POLYLINE
  5
11b9
  8
Layer_0
  62
7
  70
1
  66
1
  10
0
  20
0
  30
0
  0
VERTEX
  5
11b9
  8
Layer_0
  10
247.33208
  20
187.50745
  0
VERTEX
  5
11ba
  8
Layer_0
  10
246.69391
  20
187.50745
  0
VERTEX
  5
11bb
  8
Layer_0
  10
246.62723
  20
187.43887
  0
VERTEX
  5
11bc
  8
Layer_0
  10
246.58127
  20
187.38434
  0
VERTEX
  5
11bd
  8
Layer_0
  10
246.56246
  20
187.35124
  0
VERTEX
  5
11be
  8
Layer_0
  10
246.53865
  20
187.30886
  0
VERTEX
  5
11bf
  8
Layer_0
  10
246.48055
  20
187.23504
  42
0.0320071
  0
VERTEX
  5
11c0
  8
Layer_0
  10
246.35672
  20
187.06931
  42
-0.080062365
  0
VERTEX
  5
11c1
  8
Layer_0
  10
246.26909
  20
186.95691
  42
0.19892398
  0
VERTEX
  5
11c2
  8
Layer_0
  10
246.21956
  20
186.89023
  0
VERTEX
  5
11c3
  8
Layer_0
  10
246.19456
  20
186.84451
  0
VERTEX
  5
11c4
  8
Layer_0
  10
246.13383
  20
186.7645
  0
VERTEX
  5
11c5
  8
Layer_0
  10
246.07311
  20
186.68688
  0
VERTEX
  5
11c6
  8
Layer_0
  10
246.04811
  20
186.64639
  42
-0.17906536
  0
VERTEX
  5
11c7
  8
Layer_0
  10
246.02525
  20
186.60829
  42
0.037984823
  0
VERTEX
  5
11c8
  8
Layer_0
  10
245.84047
  20
186.36446
  42
-0.04636947
  0
VERTEX
  5
11c9
  8
Layer_0
  10
245.75093
  20
186.25206
  42
0.19891237
  0
VERTEX
  5
11ca
  8
Layer_0
  10
245.70522
  20
186.18538
  42
-0.1739463
  0
VERTEX
  5
11cb
  8
Layer_0
  10
245.65569
  20
186.10728
  0
VERTEX
  5
11cc
  8
Layer_0
  10
245.61449
  20
186.06465
  0
VERTEX
  5
11cd
  8
Layer_0
  10
245.61758
  20
186.09775
  42
0.058091231
  0
VERTEX
  5
11ce
  8
Layer_0
  10
245.70522
  20
186.78928
  42
-0.038276259
  0
VERTEX
  5
11cf
  8
Layer_0
  10
245.77951
  20
187.36267
  0
VERTEX
  5
11d0
  8
Layer_0
  10
245.7907
  20
187.44649
  0
VERTEX
  5
11d1
  8
Layer_0
  10
245.78903
  20
187.49031
  0
VERTEX
  5
11d2
  8
Layer_0
  10
245.17562
  20
187.5065
  0
VERTEX
  5
11d3
  8
Layer_0
  10
244.5565
  20
187.49412
  0
VERTEX
  5
11d4
  8
Layer_0
  10
244.54697
  20
187.46031
  0
VERTEX
  5
11d5
  8
Layer_0
  10
244.54316
  20
187.39506
  42
-0.02110577
  0
VERTEX
  5
11d6
  8
Layer_0
  10
244.50507
  20
187.0312
  42
-0.0049868929
  0
VERTEX
  5
11d7
  8
Layer_0
  10
244.45743
  20
186.68831
  42
-0.01066545
  0
VERTEX
  5
11d8
  8
Layer_0
  10
244.40982
  20
186.36446
  42
0.036913947
  0
VERTEX
  5
11d9
  8
Layer_0
  10
244.3717
  20
186.0025
  42
-0.035990917
  0
VERTEX
  5
11da
  8
Layer_0
  10
244.33551
  20
185.65961
  42
0.0067625364
  0
VERTEX
  5
11db
  8
Layer_0
  10
244.26503
  20
185.17383
  42
-0.0097854729
  0
VERTEX
  5
11dc
  8
Layer_0
  10
244.23645
  20
184.97952
  42
0.015719632
  0
VERTEX
  5
11dd
  8
Layer_0
  10
244.20026
  20
184.65567
  42
-0.014346837
  0
VERTEX
  5
11de
  8
Layer_0
  10
244.17549
  20
184.4023
  42
0.0023018247
  0
VERTEX
  5
11df
  8
Layer_0
  10
244.15454
  20
184.24991
  42
-0.010199183
  0
VERTEX
  5
11e0
  8
Layer_0
  10
244.09549
  20
183.827
  0
VERTEX
  5
11e1
  8
Layer_0
  10
244.08786
  20
183.77365
  0
VERTEX
  5
11e2
  8
Layer_0
  10
244.70508
  20
183.77365
  0
VERTEX
  5
11e3
  8
Layer_0
  10
244.97664
  20
183.77479
  0
VERTEX
  5
11e4
  8
Layer_0
  10
245.17157
  20
183.77842
  0
VERTEX
  5
11e5
  8
Layer_0
  10
245.29043
  20
183.78491
  0
VERTEX
  5
11e6
  8
Layer_0
  10
245.33374
  20
183.79461
  0
VERTEX
  5
11e7
  8
Layer_0
  10
245.3485
  20
183.86486
  0
VERTEX
  5
11e8
  8
Layer_0
  10
245.36612
  20
184.00797
  42
-0.027959807
  0
VERTEX
  5
11e9
  8
Layer_0
  10
245.44994
  20
184.73567
  42
0.029055319
  0
VERTEX
  5
11ea
  8
Layer_0
  10
245.52043
  20
185.24051
  0
VERTEX
  5
11eb
  8
Layer_0
  10
245.52733
  20
185.28622
  0
VERTEX
  5
11ec
  8
Layer_0
  10
245.54138
  20
185.26908
  42
0.03783786
  0
VERTEX
  5
11ed
  8
Layer_0
  10
245.74712
  20
184.84045
  42
-0.0088525431
  0
VERTEX
  5
11ee
  8
Layer_0
  10
245.92047
  20
184.48802
  42
0.0032774014
  0
VERTEX
  5
11ef
  8
Layer_0
  10
246.16241
  20
183.99274
  0
VERTEX
  5
11f0
  8
Layer_0
  10
246.26909
  20
183.78317
  0
VERTEX
  5
11f1
  8
Layer_0
  10
246.93393
  20
183.77747
  0
VERTEX
  5
11f2
  8
Layer_0
  10
247.19317
  20
183.77711
  0
VERTEX
  5
11f3
  8
Layer_0
  10
247.40757
  20
183.77889
  0
VERTEX
  5
11f4
  8
Layer_0
  10
247.55517
  20
183.78282
  0
VERTEX
  5
11f5
  8
Layer_0
  10
247.61402
  20
183.78889
  0
VERTEX
  5
11f6
  8
Layer_0
  10
247.57116
  20
183.91462
  0
VERTEX
  5
11f7
  8
Layer_0
  10
247.47686
  20
184.0975
  42
-0.026030415
  0
VERTEX
  5
11f8
  8
Layer_0
  10
247.30922
  20
184.43088
  42
0.0059882308
  0
VERTEX
  5
11f9
  8
Layer_0
  10
247.03871
  20
184.96428
  42
-0.0030130446
  0
VERTEX
  5
11fa
  8
Layer_0
  10
246.89203
  20
185.25003
  42
0.033571496
  0
VERTEX
  5
11fb
  8
Layer_0
  10
246.82916
  20
185.37386
  42
-0.008625579
  0
VERTEX
  5
11fc
  8
Layer_0
  10
246.67867
  20
185.67294
  42
-0.31066048
  0
VERTEX
  5
11fd
  8
Layer_0
  10
246.68248
  20
185.7701
  42
0.18529599
  0
VERTEX
  5
11fe
  8
Layer_0
  10
246.71486
  20
185.82344
  0
VERTEX
  5
11ff
  8
Layer_0
  10
246.73844
  20
185.86344
  0
VERTEX
  5
1200
  8
Layer_0
  10
246.79487
  20
185.93202
  42
0.045965206
  0
VERTEX
  5
1201
  8
Layer_0
  10
246.89394
  20
186.05775
  42
-0.037543734
  0
VERTEX
  5
1202
  8
Layer_0
  10
247.05777
  20
186.28064
  42
0.026702498
  0
VERTEX
  5
1203
  8
Layer_0
  10
247.22922
  20
186.50923
  42
-0.027672775
  0
VERTEX
  5
1204
  8
Layer_0
  10
247.33017
  20
186.63687
  0
VERTEX
  5
1205
  8
Layer_0
  10
247.37971
  20
186.70212
  0
VERTEX
  5
1206
  8
Layer_0
  10
247.40066
  20
186.74164
  42
-0.2841061
  0
VERTEX
  5
1207
  8
Layer_0
  10
247.41589
  20
186.76831
  0
VERTEX
  5
1208
  8
Layer_0
  10
247.45924
  20
186.81475
  0
VERTEX
  5
1209
  8
Layer_0
  10
247.53973
  20
186.9169
  42
-0.023640374
  0
VERTEX
  5
120a
  8
Layer_0
  10
247.68451
  20
187.09978
  42
0.19891779
  0
VERTEX
  5
120b
  8
Layer_0
  10
247.72452
  20
187.16074
  0
VERTEX
  5
120c
  8
Layer_0
  10
247.74951
  20
187.20408
  0
VERTEX
  5
120d
  8
Layer_0
  10
247.81024
  20
187.27885
  0
VERTEX
  5
120e
  8
Layer_0
  10
247.87096
  20
187.35505
  0
VERTEX
  5
120f
  8
Layer_0
  10
247.89596
  20
187.40268
  42
-0.27447616
  0
VERTEX
  5
1210
  8
Layer_0
  10
247.93407
  20
187.4503
  42
0.27445559
  0
VERTEX
  5
1211
  8
Layer_0
  10
247.97217
  20
187.4884
  0
VERTEX
  5
1212
  8
Layer_0
  10
247.92814
  20
187.4962
  0
VERTEX
  5
1213
  8
Layer_0
  10
247.80142
  20
187.50222
  0
VERTEX
  5
1214
  8
Layer_0
  10
247.60006
  20
187.50608
  0
VERTEX
  5
1215
  8
Layer_0
  10
247.33208
  20
187.50745
  0
SEQEND
  0
POLYLINE
  5
1217
  8
Layer_0
  62
7
  70
1
  66
1
  10
0
  20
0
  30
0
  0
VERTEX
  5
1217
  8
Layer_0
  10
250.62773
  20
182.74495
  0
VERTEX
  5
1218
  8
Layer_0
  10
251.96567
  20
182.7453
  0
VERTEX
  5
1219
  8
Layer_0
  10
253.2138
  20
182.74626
  0
VERTEX
  5
121a
  8
Layer_0
  10
253.79565
  20
182.74695
  0
VERTEX
  5
121b
  8
Layer_0
  10
254.34481
  20
182.74777
  0
VERTEX
  5
121c
  8
Layer_0
  10
254.85787
  20
182.74869
  0
VERTEX
  5
121d
  8
Layer_0
  10
255.33142
  20
182.74972
  0
VERTEX
  5
121e
  8
Layer_0
  10
255.76203
  20
182.75083
  0
VERTEX
  5
121f
  8
Layer_0
  10
256.1463
  20
182.75202
  0
VERTEX
  5
1220
  8
Layer_0
  10
256.48081
  20
182.75328
  0
VERTEX
  5
1221
  8
Layer_0
  10
256.76216
  20
182.7546
  0
VERTEX
  5
1222
  8
Layer_0
  10
256.98693
  20
182.75596
  0
VERTEX
  5
1223
  8
Layer_0
  10
257.1517
  20
182.75735
  0
VERTEX
  5
1224
  8
Layer_0
  10
257.25307
  20
182.75877
  0
VERTEX
  5
1225
  8
Layer_0
  10
257.28761
  20
182.76019
  0
VERTEX
  5
1226
  8
Layer_0
  10
257.31095
  20
182.76358
  0
VERTEX
  5
1227
  8
Layer_0
  10
257.37783
  20
182.76659
  0
VERTEX
  5
1228
  8
Layer_0
  10
257.48361
  20
182.7692
  0
VERTEX
  5
1229
  8
Layer_0
  10
257.62361
  20
182.77139
  0
VERTEX
  5
122a
  8
Layer_0
  10
257.98761
  20
182.77439
  0
VERTEX
  5
122b
  8
Layer_0
  10
258.43252
  20
182.77543
  0
VERTEX
  5
122c
  8
Layer_0
  10
258.6952
  20
182.77515
  0
VERTEX
  5
122d
  8
Layer_0
  10
258.92558
  20
182.7757
  0
VERTEX
  5
122e
  8
Layer_0
  10
259.12297
  20
182.77701
  0
VERTEX
  5
122f
  8
Layer_0
  10
259.28667
  20
182.77901
  0
VERTEX
  5
1230
  8
Layer_0
  10
259.41599
  20
182.78163
  0
VERTEX
  5
1231
  8
Layer_0
  10
259.51024
  20
182.78481
  0
VERTEX
  5
1232
  8
Layer_0
  10
259.56873
  20
182.78848
  0
VERTEX
  5
1233
  8
Layer_0
  10
259.59076
  20
182.79258
  0
VERTEX
  5
1234
  8
Layer_0
  10
259.63695
  20
183.08095
  0
VERTEX
  5
1235
  8
Layer_0
  10
259.66886
  20
183.45361
  0
VERTEX
  5
1236
  8
Layer_0
  10
259.66885
  20
183.56029
  0
VERTEX
  5
1237
  8
Layer_0
  10
257.12189
  20
183.5584
  42
-9.8584415e-06
  0
VERTEX
  5
1238
  8
Layer_0
  10
249.32089
  20
183.54886
  0
VERTEX
  5
1239
  8
Layer_0
  10
248.85346
  20
183.54852
  0
VERTEX
  5
123a
  8
Layer_0
  10
248.41461
  20
183.54818
  0
VERTEX
  5
123b
  8
Layer_0
  10
248.00342
  20
183.54786
  0
VERTEX
  5
123c
  8
Layer_0
  10
247.619
  20
183.54754
  0
VERTEX
  5
123d
  8
Layer_0
  10
246.92687
  20
183.54686
  0
VERTEX
  5
123e
  8
Layer_0
  10
246.33097
  20
183.5461
  0
VERTEX
  5
123f
  8
Layer_0
  10
245.8241
  20
183.54519
  0
VERTEX
  5
1240
  8
Layer_0
  10
245.39902
  20
183.54408
  0
VERTEX
  5
1241
  8
Layer_0
  10
245.0485
  20
183.5427
  0
VERTEX
  5
1242
  8
Layer_0
  10
244.76533
  20
183.54101
  0
VERTEX
  5
1243
  8
Layer_0
  10
244.54228
  20
183.53893
  0
VERTEX
  5
1244
  8
Layer_0
  10
244.37212
  20
183.53642
  0
VERTEX
  5
1245
  8
Layer_0
  10
244.24764
  20
183.53341
  0
VERTEX
  5
1246
  8
Layer_0
  10
244.1616
  20
183.52984
  0
VERTEX
  5
1247
  8
Layer_0
  10
244.07595
  20
183.52081
  0
VERTEX
  5
1248
  8
Layer_0
  10
244.05738
  20
183.50886
  42
0.047688503
  0
VERTEX
  5
1249
  8
Layer_0
  10
244.02881
  20
183.24597
  42
-0.050406194
  0
VERTEX
  5
124a
  8
Layer_0
  10
244.00024
  20
182.97356
  42
0.014598168
  0
VERTEX
  5
124b
  8
Layer_0
  10
243.97737
  20
182.8364
  0
VERTEX
  5
124c
  8
Layer_0
  10
243.96594
  20
182.74495
  0
VERTEX
  5
124d
  8
Layer_0
  10
250.62773
  20
182.74495
  0
SEQEND
  0
POLYLINE
  5
124f
  8
Layer_0
  62
7
  70
1
  66
1
  10
0
  20
0
  30
0
  0
VERTEX
  5
124f
  8
Layer_0
  10
249.49045
  20
183.75651
  0
VERTEX
  5
1250
  8
Layer_0
  10
249.17334
  20
183.7561
  0
VERTEX
  5
1251
  8
Layer_0
  10
248.92454
  20
183.75645
  0
VERTEX
  5
1252
  8
Layer_0
  10
248.73486
  20
183.75778
  0
VERTEX
  5
1253
  8
Layer_0
  10
248.5951
  20
183.76032
  0
VERTEX
  5
1254
  8
Layer_0
  10
248.42853
  20
183.7699
  0
VERTEX
  5
1255
  8
Layer_0
  10
248.35126
  20
183.78699
  0
VERTEX
  5
1256
  8
Layer_0
  10
248.16718
  20
183.88319
  0
VERTEX
  5
1257
  8
Layer_0
  10
248.06741
  20
183.96796
  42
0.11235541
  0
VERTEX
  5
1258
  8
Layer_0
  10
248.0255
  20
184.07655
  42
-0.11734977
  0
VERTEX
  5
1259
  8
Layer_0
  10
247.9855
  20
184.32611
  42
-0.05509476
  0
VERTEX
  5
125a
  8
Layer_0
  10
248.04074
  20
184.84236
  42
0.039505088
  0
VERTEX
  5
125b
  8
Layer_0
  10
248.06741
  20
185.0881
  0
VERTEX
  5
125c
  8
Layer_0
  10
248.09792
  20
185.38365
  0
VERTEX
  5
125d
  8
Layer_0
  10
248.14575
  20
185.74938
  0
VERTEX
  5
125e
  8
Layer_0
  10
248.17176
  20
185.92736
  0
VERTEX
  5
125f
  8
Layer_0
  10
248.1968
  20
186.08546
  0
VERTEX
  5
1260
  8
Layer_0
  10
248.21912
  20
186.21119
  0
VERTEX
  5
1261
  8
Layer_0
  10
248.23696
  20
186.29206
  42
-0.17067882
  0
VERTEX
  5
1262
  8
Layer_0
  10
248.49414
  20
186.65401
  42
-0.11834234
  0
VERTEX
  5
1263
  8
Layer_0
  10
248.81036
  20
186.77213
  0
VERTEX
  5
1264
  8
Layer_0
  10
249.90026
  20
186.79308
  0
VERTEX
  5
1265
  8
Layer_0
  10
250.95729
  20
186.76831
  42
-0.22556956
  0
VERTEX
  5
1266
  8
Layer_0
  10
251.29639
  20
186.51686
  0
VERTEX
  5
1267
  8
Layer_0
  10
251.3377
  20
186.41145
  0
VERTEX
  5
1268
  8
Layer_0
  10
251.35401
  20
186.28802
  0
VERTEX
  5
1269
  8
Layer_0
  10
251.34675
  20
186.1185
  0
VERTEX
  5
126a
  8
Layer_0
  10
251.31734
  20
185.87487
  42
0.034786178
  0
VERTEX
  5
126b
  8
Layer_0
  10
251.26781
  20
185.4272
  42
-0.040567892
  0
VERTEX
  5
126c
  8
Layer_0
  10
251.23734
  20
185.13573
  42
0.00063696187
  0
VERTEX
  5
126d
  8
Layer_0
  10
251.17256
  20
184.67853
  0
VERTEX
  5
126e
  8
Layer_0
  10
251.15151
  20
184.52729
  0
VERTEX
  5
126f
  8
Layer_0
  10
251.13271
  20
184.40802
  0
VERTEX
  5
1270
  8
Layer_0
  10
251.11413
  20
184.31447
  0
VERTEX
  5
1271
  8
Layer_0
  10
251.09374
  20
184.24038
  0
VERTEX
  5
1272
  8
Layer_0
  10
251.03942
  20
184.1256
  0
VERTEX
  5
1273
  8
Layer_0
  10
250.95349
  20
184.01368
  42
-0.16354575
  0
VERTEX
  5
1274
  8
Layer_0
  10
250.60678
  20
183.80223
  0
VERTEX
  5
1275
  8
Layer_0
  10
250.56249
  20
183.78866
  0
VERTEX
  5
1276
  8
Layer_0
  10
250.54391
  20
183.77365
  0
VERTEX
  5
1277
  8
Layer_0
  10
250.52271
  20
183.77018
  0
VERTEX
  5
1278
  8
Layer_0
  10
250.46182
  20
183.76696
  0
VERTEX
  5
1279
  8
Layer_0
  10
250.3653
  20
183.76404
  0
VERTEX
  5
127a
  8
Layer_0
  10
250.23721
  20
183.76151
  0
VERTEX
  5
127b
  8
Layer_0
  10
249.90258
  20
183.75785
  0
SEQEND
  0
POLYLINE
  5
127d
  8
Layer_0
  62
7
  70
1
  66
1
  10
0
  20
0
  30
0
  0
VERTEX
  5
127d
  8
Layer_0
  10
249.89431
  20
184.57185
  0
VERTEX
  5
127e
  8
Layer_0
  10
249.91208
  20
184.65344
  0
VERTEX
  5
127f
  8
Layer_0
  10
249.93931
  20
184.8245
  0
VERTEX
  5
1280
  8
Layer_0
  10
249.97548
  20
185.08165
  0
VERTEX
  5
1281
  8
Layer_0
  10
250.02003
  20
185.42148
  42
-0.021733965
  0
VERTEX
  5
1282
  8
Layer_0
  10
250.06195
  20
185.71675
  42
0.051907321
  0
VERTEX
  5
1283
  8
Layer_0
  10
250.07529
  20
185.89011
  42
0.29374911
  0
VERTEX
  5
1284
  8
Layer_0
  10
249.92859
  20
186.13776
  42
0.21877442
  0
VERTEX
  5
1285
  8
Layer_0
  10
249.58188
  20
186.11681
  0
VERTEX
  5
1286
  8
Layer_0
  10
249.51212
  20
186.06974
  0
VERTEX
  5
1287
  8
Layer_0
  10
249.46235
  20
185.99893
  0
VERTEX
  5
1288
  8
Layer_0
  10
249.42758
  20
185.89419
  0
VERTEX
  5
1289
  8
Layer_0
  10
249.40282
  20
185.74533
  42
-0.012013607
  0
VERTEX
  5
128a
  8
Layer_0
  10
249.36853
  20
185.49768
  42
0.028526319
  0
VERTEX
  5
128b
  8
Layer_0
  10
249.35329
  20
185.3929
  42
0.0020314755
  0
VERTEX
  5
128c
  8
Layer_0
  10
249.29803
  20
184.98523
  0
VERTEX
  5
128d
  8
Layer_0
  10
249.27716
  20
184.82456
  0
VERTEX
  5
128e
  8
Layer_0
  10
249.2653
  20
184.69814
  0
VERTEX
  5
128f
  8
Layer_0
  10
249.26362
  20
184.60151
  0
VERTEX
  5
1290
  8
Layer_0
  10
249.27328
  20
184.53018
  0
VERTEX
  5
1291
  8
Layer_0
  10
249.33126
  20
184.44543
  0
VERTEX
  5
1292
  8
Layer_0
  10
249.44854
  20
184.40802
  0
VERTEX
  5
1293
  8
Layer_0
  10
249.66594
  20
184.4073
  0
VERTEX
  5
1294
  8
Layer_0
  10
249.82191
  20
184.47088
  42
0.10158302
  0
VERTEX
  5
1295
  8
Layer_0
  10
249.8943
  20
184.57185
  0
SEQEND
  0
POLYLINE
  5
1297
  8
Layer_0
  62
7
  70
1
  66
1
  10
0
  20
0
  30
0
  0
VERTEX
  5
1297
  8
Layer_0
  10
254.41106
  20
184.71472
  42
-0.00054756406
  0
VERTEX
  5
1298
  8
Layer_0
  10
253.79956
  20
184.70901
  0
VERTEX
  5
1299
  8
Layer_0
  10
253.46428
  20
184.70711
  0
VERTEX
  5
129a
  8
Layer_0
  10
253.45285
  20
184.65376
  42
-0.13698462
  0
VERTEX
  5
129b
  8
Layer_0
  10
253.36713
  20
184.5166
  42
-0.17058653
  0
VERTEX
  5
129c
  8
Layer_0
  10
253.18996
  20
184.41183
  0
VERTEX
  5
129d
  8
Layer_0
  10
252.99874
  20
184.40635
  0
VERTEX
  5
129e
  8
Layer_0
  10
252.86611
  20
184.45374
  0
VERTEX
  5
129f
  8
Layer_0
  10
252.81771
  20
184.52205
  0
VERTEX
  5
12a0
  8
Layer_0
  10
252.79181
  20
184.60733
  0
VERTEX
  5
12a1
  8
Layer_0
  10
252.78735
  20
184.71868
  0
VERTEX
  5
12a2
  8
Layer_0
  10
252.80324
  20
184.86522
  0
VERTEX
  5
12a3
  8
Layer_0
  10
252.81657
  20
184.95476
  0
VERTEX
  5
12a4
  8
Layer_0
  10
253.7748
  20
184.95476
  0
VERTEX
  5
12a5
  8
Layer_0
  10
254.14743
  20
184.9558
  0
VERTEX
  5
12a6
  8
Layer_0
  10
254.45273
  20
184.9588
  0
VERTEX
  5
12a7
  8
Layer_0
  10
254.57026
  20
184.96099
  0
VERTEX
  5
12a8
  8
Layer_0
  10
254.6591
  20
184.96359
  0
VERTEX
  5
12a9
  8
Layer_0
  10
254.7153
  20
184.9666
  0
VERTEX
  5
12aa
  8
Layer_0
  10
254.73491
  20
184.96999
  42
-0.034516435
  0
VERTEX
  5
12ab
  8
Layer_0
  10
254.75397
  20
185.10715
  42
0.020513349
  0
VERTEX
  5
12ac
  8
Layer_0
  10
254.79205
  20
185.44052
  42
-0.012896226
  0
VERTEX
  5
12ad
  8
Layer_0
  10
254.84921
  20
185.93582
  42
0.066360624
  0
VERTEX
  5
12ae
  8
Layer_0
  10
254.87398
  20
186.31683
  42
0.20646482
  0
VERTEX
  5
12af
  8
Layer_0
  10
254.67776
  20
186.67877
  0
VERTEX
  5
12b0
  8
Layer_0
  10
254.55983
  20
186.74572
  0
VERTEX
  5
12b1
  8
Layer_0
  10
254.37296
  20
186.78141
  0
VERTEX
  5
12b2
  8
Layer_0
  10
254.22343
  20
186.79049
  0
VERTEX
  5
12b3
  8
Layer_0
  10
254.02036
  20
186.79531
  0
VERTEX
  5
12b4
  8
Layer_0
  10
253.75166
  20
186.79705
  0
VERTEX
  5
12b5
  8
Layer_0
  10
253.40522
  20
186.79689
  0
VERTEX
  5
12b6
  8
Layer_0
  10
253.05515
  20
186.79626
  0
VERTEX
  5
12b7
  8
Layer_0
  10
252.76776
  20
186.79475
  0
VERTEX
  5
12b8
  8
Layer_0
  10
252.65689
  20
186.79382
  0
VERTEX
  5
12b9
  8
Layer_0
  10
252.57288
  20
186.79287
  0
VERTEX
  5
12ba
  8
Layer_0
  10
252.51946
  20
186.79197
  0
VERTEX
  5
12bb
  8
Layer_0
  10
252.50035
  20
186.79117
  0
VERTEX
  5
12bc
  8
Layer_0
  10
252.46415
  20
186.78332
  0
VERTEX
  5
12bd
  8
Layer_0
  10
252.38224
  20
186.77403
  42
0.053853949
  0
VERTEX
  5
12be
  8
Layer_0
  10
252.20126
  20
186.74164
  42
0.16491559
  0
VERTEX
  5
12bf
  8
Layer_0
  10
251.8698
  20
186.50352
  0
VERTEX
  5
12c0
  8
Layer_0
  10
251.82621
  20
186.44542
  0
VERTEX
  5
12c1
  8
Layer_0
  10
251.80121
  20
186.4216
  42
0.41421356
  0
VERTEX
  5
12c2
  8
Layer_0
  10
251.78787
  20
186.39874
  42
-0.029711568
  0
VERTEX
  5
12c3
  8
Layer_0
  10
251.7574
  20
186.26921
  42
0.041155348
  0
VERTEX
  5
12c4
  8
Layer_0
  10
251.70596
  20
186.0025
  42
-0.017185809
  0
VERTEX
  5
12c5
  8
Layer_0
  10
251.63928
  20
185.5453
  42
0.012403824
  0
VERTEX
  5
12c6
  8
Layer_0
  10
251.60881
  20
185.29765
  42
-0.0030884411
  0
VERTEX
  5
12c7
  8
Layer_0
  10
251.56119
  20
184.8595
  42
0.00056753137
  0
VERTEX
  5
12c8
  8
Layer_0
  10
251.51546
  20
184.46898
  0
VERTEX
  5
12c9
  8
Layer_0
  10
251.50885
  20
184.30545
  0
VERTEX
  5
12ca
  8
Layer_0
  10
251.52689
  20
184.15227
  0
VERTEX
  5
12cb
  8
Layer_0
  10
251.56636
  20
184.02267
  0
VERTEX
  5
12cc
  8
Layer_0
  10
251.62405
  20
183.92986
  42
0.20558673
  0
VERTEX
  5
12cd
  8
Layer_0
  10
251.89836
  20
183.79271
  42
-0.41421356
  0
VERTEX
  5
12ce
  8
Layer_0
  10
251.93457
  20
183.77365
  0
VERTEX
  5
12cf
  8
Layer_0
  10
251.95204
  20
183.76964
  0
VERTEX
  5
12d0
  8
Layer_0
  10
252.00362
  20
183.76615
  0
VERTEX
  5
12d1
  8
Layer_0
  10
252.08806
  20
183.76321
  0
VERTEX
  5
12d2
  8
Layer_0
  10
252.20412
  20
183.7608
  0
VERTEX
  5
12d3
  8
Layer_0
  10
252.35054
  20
183.75892
  0
VERTEX
  5
12d4
  8
Layer_0
  10
252.52606
  20
183.75758
  0
VERTEX
  5
12d5
  8
Layer_0
  10
252.72945
  20
183.75678
  0
VERTEX
  5
12d6
  8
Layer_0
  10
252.95945
  20
183.75651
  0
VERTEX
  5
12d7
  8
Layer_0
  10
253.25319
  20
183.75617
  0
VERTEX
  5
12d8
  8
Layer_0
  10
253.48916
  20
183.75669
  0
VERTEX
  5
12d9
  8
Layer_0
  10
253.67458
  20
183.75818
  0
VERTEX
  5
12da
  8
Layer_0
  10
253.8167
  20
183.7608
  0
VERTEX
  5
12db
  8
Layer_0
  10
253.99994
  20
183.7699
  0
VERTEX
  5
12dc
  8
Layer_0
  10
254.09674
  20
183.78508
  0
VERTEX
  5
12dd
  8
Layer_0
  10
254.32867
  20
183.87867
  0
VERTEX
  5
12de
  8
Layer_0
  10
254.47774
  20
184.00225
  0
VERTEX
  5
12df
  8
Layer_0
  10
254.51893
  20
184.05607
  0
VERTEX
  5
12e0
  8
Layer_0
  10
254.54441
  20
184.07845
  0
VERTEX
  5
12e1
  8
Layer_0
  10
254.5795
  20
184.13799
  0
VERTEX
  5
12e2
  8
Layer_0
  10
254.62228
  20
184.28324
  0
VERTEX
  5
12e3
  8
Layer_0
  10
254.66041
  20
184.46422
  0
VERTEX
  5
12e4
  8
Layer_0
  10
254.68157
  20
184.6309
  0
VERTEX
  5
12e5
  8
Layer_0
  10
254.68729
  20
184.71663
  0
SEQEND
  0
POLYLINE
  5
12e7
  8
Layer_0
  62
7
  70
1
  66
1
  10
0
  20
0
  30
0
  0
VERTEX
  5
12e7
  8
Layer_0
  10
253.23758
  20
185.60245
  0
VERTEX
  5
12e8
  8
Layer_0
  10
253.56905
  20
185.60245
  0
VERTEX
  5
12e9
  8
Layer_0
  10
253.58238
  20
185.72247
  0
VERTEX
  5
12ea
  8
Layer_0
  10
253.5926
  20
185.87326
  0
VERTEX
  5
12eb
  8
Layer_0
  10
253.57977
  20
185.98584
  0
VERTEX
  5
12ec
  8
Layer_0
  10
253.54301
  20
186.06483
  0
VERTEX
  5
12ed
  8
Layer_0
  10
253.48142
  20
186.1149
  42
0.057339992
  0
VERTEX
  5
12ee
  8
Layer_0
  10
253.36331
  20
186.153
  0
VERTEX
  5
12ef
  8
Layer_0
  10
253.22044
  20
186.15205
  0
VERTEX
  5
12f0
  8
Layer_0
  10
253.11757
  20
186.12252
  42
-0.12312057
  0
VERTEX
  5
12f1
  8
Layer_0
  10
253.06995
  20
186.08632
  0
VERTEX
  5
12f2
  8
Layer_0
  10
252.98493
  20
185.99798
  0
VERTEX
  5
12f3
  8
Layer_0
  10
252.93278
  20
185.83677
  42
0.030128597
  0
VERTEX
  5
12f4
  8
Layer_0
  10
252.90611
  20
185.65579
  0
VERTEX
  5
12f5
  8
Layer_0
  10
252.90611
  20
185.60245
  0
SEQEND
  0
POLYLINE
  5
12f7
  8
Layer_0
  62
7
  70
1
  66
1
  10
0
  20
0
  30
0
  0
VERTEX
  5
12f7
  8
Layer_0
  10
256.56752
  20
186.4597
  0
VERTEX
  5
12f8
  8
Layer_0
  10
256.60181
  20
186.50876
  0
VERTEX
  5
12f9
  8
Layer_0
  10
256.62467
  20
186.53209
  42
0.30668316
  0
VERTEX
  5
12fa
  8
Layer_0
  10
256.63992
  20
186.56067
  0
VERTEX
  5
12fb
  8
Layer_0
  10
256.67706
  20
186.60186
  0
VERTEX
  5
12fc
  8
Layer_0
  10
256.76564
  20
186.66735
  42
-0.10913204
  0
VERTEX
  5
12fd
  8
Layer_0
  10
257.02661
  20
186.77594
  42
-0.08554587
  0
VERTEX
  5
12fe
  8
Layer_0
  10
257.98483
  20
186.77594
  0
VERTEX
  5
12ff
  8
Layer_0
  10
258.10533
  20
186.7412
  0
VERTEX
  5
1300
  8
Layer_0
  10
258.21297
  20
186.68521
  0
VERTEX
  5
1301
  8
Layer_0
  10
258.29559
  20
186.616
  0
VERTEX
  5
1302
  8
Layer_0
  10
258.34108
  20
186.54162
  42
0.014333448
  0
VERTEX
  5
1303
  8
Layer_0
  10
258.38107
  20
186.43112
  0
VERTEX
  5
1304
  8
Layer_0
  10
258.40174
  20
186.35207
  0
VERTEX
  5
1305
  8
Layer_0
  10
258.40918
  20
186.25587
  0
VERTEX
  5
1306
  8
Layer_0
  10
258.40305
  20
186.13538
  0
VERTEX
  5
1307
  8
Layer_0
  10
258.38299
  20
185.98345
  42
0.017088709
  0
VERTEX
  5
1308
  8
Layer_0
  10
258.33536
  20
185.55673
  42
-0.018587111
  0
VERTEX
  5
1309
  8
Layer_0
  10
258.28775
  20
185.13763
  42
0.0057845391
  0
VERTEX
  5
130a
  8
Layer_0
  10
258.25153
  20
184.88808
  42
0.00054216396
  0
VERTEX
  5
130b
  8
Layer_0
  10
258.20392
  20
184.52803
  42
0.036342725
  0
VERTEX
  5
130c
  8
Layer_0
  10
258.16391
  20
184.16228
  42
-0.035491449
  0
VERTEX
  5
130d
  8
Layer_0
  10
258.14294
  20
183.93558
  0
VERTEX
  5
130e
  8
Layer_0
  10
258.12201
  20
183.79271
  0
VERTEX
  5
130f
  8
Layer_0
  10
257.49335
  20
183.79271
  0
VERTEX
  5
1310
  8
Layer_0
  10
256.86469
  20
183.79271
  0
VERTEX
  5
1311
  8
Layer_0
  10
256.87424
  20
183.84604
  42
0.017739019
  0
VERTEX
  5
1312
  8
Layer_0
  10
256.93518
  20
184.30705
  42
-0.002120759
  0
VERTEX
  5
1313
  8
Layer_0
  10
257.03235
  20
185.09763
  42
0.0089764822
  0
VERTEX
  5
1314
  8
Layer_0
  10
257.08948
  20
185.55482
  42
-0.013620587
  0
VERTEX
  5
1315
  8
Layer_0
  10
257.11615
  20
185.72247
  0
VERTEX
  5
1316
  8
Layer_0
  10
257.1311
  20
185.9169
  0
VERTEX
  5
1317
  8
Layer_0
  10
257.08711
  20
186.05489
  0
VERTEX
  5
1318
  8
Layer_0
  10
256.98382
  20
186.13716
  0
VERTEX
  5
1319
  8
Layer_0
  10
256.82088
  20
186.16443
  42
0.14637266
  0
VERTEX
  5
131a
  8
Layer_0
  10
256.62277
  20
186.11108
  0
VERTEX
  5
131b
  8
Layer_0
  10
256.5543
  20
186.05129
  0
VERTEX
  5
131c
  8
Layer_0
  10
256.50513
  20
185.96845
  0
VERTEX
  5
131d
  8
Layer_0
  10
256.46953
  20
185.84882
  0
VERTEX
  5
131e
  8
Layer_0
  10
256.44179
  20
185.67865
  42
-0.0014871356
  0
VERTEX
  5
131f
  8
Layer_0
  10
256.36368
  20
185.13573
  42
0.037369299
  0
VERTEX
  5
1320
  8
Layer_0
  10
256.31607
  20
184.70711
  42
-0.038180144
  0
VERTEX
  5
1321
  8
Layer_0
  10
256.28748
  20
184.42136
  42
-0.00032900776
  0
VERTEX
  5
1322
  8
Layer_0
  10
256.23035
  20
184.04036
  0
VERTEX
  5
1323
  8
Layer_0
  10
256.20771
  20
183.89176
  0
VERTEX
  5
1324
  8
Layer_0
  10
256.19224
  20
183.81747
  0
VERTEX
  5
1325
  8
Layer_0
  10
256.15926
  20
183.80556
  0
VERTEX
  5
1326
  8
Layer_0
  10
256.05698
  20
183.79794
  0
VERTEX
  5
1327
  8
Layer_0
  10
255.97428
  20
183.79552
  0
VERTEX
  5
1328
  8
Layer_0
  10
255.86755
  20
183.79389
  0
VERTEX
  5
1329
  8
Layer_0
  10
255.73458
  20
183.79299
  0
VERTEX
  5
132a
  8
Layer_0
  10
255.57311
  20
183.7927
  0
VERTEX
  5
132b
  8
Layer_0
  10
254.96352
  20
183.79271
  0
VERTEX
  5
132c
  8
Layer_0
  10
254.96352
  20
183.85558
  42
-0.077579362
  0
VERTEX
  5
132d
  8
Layer_0
  10
255.06828
  20
184.66901
  42
0.028135831
  0
VERTEX
  5
132e
  8
Layer_0
  10
255.08923
  20
184.80235
  42
-0.006181088
  0
VERTEX
  5
132f
  8
Layer_0
  10
255.10829
  20
184.96428
  42
0.0077849956
  0
VERTEX
  5
1330
  8
Layer_0
  10
255.13306
  20
185.22145
  42
-0.016013617
  0
VERTEX
  5
1331
  8
Layer_0
  10
255.23973
  20
186.06918
  42
0.005530856
  0
VERTEX
  5
1332
  8
Layer_0
  10
255.27783
  20
186.3073
  42
0.038180144
  0
VERTEX
  5
1333
  8
Layer_0
  10
255.30641
  20
186.60258
  42
-0.13054762
  0
VERTEX
  5
1334
  8
Layer_0
  10
255.32166
  20
186.73975
  0
VERTEX
  5
1335
  8
Layer_0
  10
255.94387
  20
186.76641
  0
VERTEX
  5
1336
  8
Layer_0
  10
256.56181
  20
186.75307
  0
VERTEX
  5
1337
  8
Layer_0
  10
256.55704
  20
186.63449
  0
VERTEX
  5
1338
  8
Layer_0
  10
256.53514
  20
186.45018
  0
VERTEX
  5
1339
  8
Layer_0
  10
256.5256
  20
186.39304
  0
VERTEX
  5
133a
  8
Layer_0
  10
256.5675
  20
186.4597
  0
SEQEND
  0
POLYLINE
  5
133c
  8
Layer_0
  62
7
  70
1
  66
1
  10
0
  20
0
  30
0
  0
VERTEX
  5
133c
  8
Layer_0
  10
258.49347
  20
183.98892
  42
-0.046539475
  0
VERTEX
  5
133d
  8
Layer_0
  10
258.52396
  20
184.24991
  42
0.039430669
  0
VERTEX
  5
133e
  8
Layer_0
  10
258.55252
  20
184.42136
  42
-0.0091846482
  0
VERTEX
  5
133f
  8
Layer_0
  10
258.61157
  20
184.87856
  42
0.034114419
  0
VERTEX
  5
1340
  8
Layer_0
  10
258.65921
  20
185.30717
  42
-0.036125449
  0
VERTEX
  5
1341
  8
Layer_0
  10
258.71445
  20
185.76437
  0
VERTEX
  5
1342
  8
Layer_0
  10
258.74297
  20
185.96096
  0
VERTEX
  5
1343
  8
Layer_0
  10
258.76717
  20
186.13154
  0
VERTEX
  5
1344
  8
Layer_0
  10
258.78722
  20
186.27742
  0
VERTEX
  5
1345
  8
Layer_0
  10
258.80328
  20
186.39993
  0
VERTEX
  5
1346
  8
Layer_0
  10
258.82402
  20
186.58011
  0
VERTEX
  5
1347
  8
Layer_0
  10
258.83066
  20
186.68259
  0
VERTEX
  5
1348
  8
Layer_0
  10
258.83757
  20
186.74545
  0
VERTEX
  5
1349
  8
Layer_0
  10
258.86305
  20
186.76831
  0
VERTEX
  5
134a
  8
Layer_0
  10
259.48646
  20
186.77165
  0
VERTEX
  5
134b
  8
Layer_0
  10
260.07844
  20
186.76069
  0
VERTEX
  5
134c
  8
Layer_0
  10
260.07677
  20
186.69283
  0
VERTEX
  5
134d
  8
Layer_0
  10
260.05939
  20
186.54352
  42
0.017424216
  0
VERTEX
  5
134e
  8
Layer_0
  10
260.01175
  20
186.11681
  42
-0.03297973
  0
VERTEX
  5
134f
  8
Layer_0
  10
259.98318
  20
185.8501
  42
0.026583727
  0
VERTEX
  5
1350
  8
Layer_0
  10
259.8403
  20
184.77377
  42
-0.0065127979
  0
VERTEX
  5
1351
  8
Layer_0
  10
259.77554
  20
184.22324
  42
0.031946585
  0
VERTEX
  5
1352
  8
Layer_0
  10
259.72601
  20
183.81937
  0
VERTEX
  5
1353
  8
Layer_0
  10
259.70047
  20
183.80556
  0
VERTEX
  5
1354
  8
Layer_0
  10
259.606
  20
183.79747
  0
VERTEX
  5
1355
  8
Layer_0
  10
259.52454
  20
183.79512
  0
VERTEX
  5
1356
  8
Layer_0
  10
259.41579
  20
183.79366
  0
VERTEX
  5
1357
  8
Layer_0
  10
259.27642
  20
183.79291
  0
VERTEX
  5
1358
  8
Layer_0
  10
259.10308
  20
183.7927
  0
VERTEX
  5
1359
  8
Layer_0
  10
258.48206
  20
183.79271
  0
SEQEND
  0
POLYLINE
  5
135b
  8
Layer_0
  62
7
  70
1
  66
1
  10
0
  20
0
  30
0
  0
VERTEX
  5
135b
  8
Layer_0
  10
262.02914
  20
184.19275
  42
-0.058173068
  0
VERTEX
  5
135c
  8
Layer_0
  10
262.0101
  20
184.01178
  42
-0.0060697755
  0
VERTEX
  5
135d
  8
Layer_0
  10
261.98154
  20
183.84033
  42
-0.021691461
  0
VERTEX
  5
135e
  8
Layer_0
  10
261.96439
  20
183.73555
  42
-0.0017669583
  0
VERTEX
  5
135f
  8
Layer_0
  10
261.94534
  20
183.61745
  0
VERTEX
  5
1360
  8
Layer_0
  10
261.9339
  20
183.54506
  0
VERTEX
  5
1361
  8
Layer_0
  10
261.03284
  20
183.54506
  0
VERTEX
  5
1362
  8
Layer_0
  10
260.12988
  20
183.54506
  0
VERTEX
  5
1363
  8
Layer_0
  10
260.11844
  20
183.50124
  42
0.057367892
  0
VERTEX
  5
1364
  8
Layer_0
  10
260.03082
  20
182.78877
  0
VERTEX
  5
1365
  8
Layer_0
  10
260.03082
  20
182.74495
  0
VERTEX
  5
1366
  8
Layer_0
  10
260.81378
  20
182.74495
  0
VERTEX
  5
1367
  8
Layer_0
  10
261.11595
  20
182.74626
  0
VERTEX
  5
1368
  8
Layer_0
  10
261.36241
  20
182.74972
  0
VERTEX
  5
1369
  8
Layer_0
  10
261.4567
  20
182.75202
  0
VERTEX
  5
136a
  8
Layer_0
  10
261.52743
  20
182.7546
  0
VERTEX
  5
136b
  8
Layer_0
  10
261.57136
  20
182.75735
  0
VERTEX
  5
136c
  8
Layer_0
  10
261.58529
  20
182.76019
  0
VERTEX
  5
136d
  8
Layer_0
  10
261.6158
  20
182.76689
  0
VERTEX
  5
136e
  8
Layer_0
  10
261.7065
  20
182.77234
  0
VERTEX
  5
136f
  8
Layer_0
  10
261.84327
  20
182.776
  0
VERTEX
  5
1370
  8
Layer_0
  10
262.01201
  20
182.77734
  0
VERTEX
  5
1371
  8
Layer_0
  10
262.19683
  20
182.78014
  0
VERTEX
  5
1372
  8
Layer_0
  10
262.35753
  20
182.78544
  0
VERTEX
  5
1373
  8
Layer_0
  10
262.48216
  20
182.79288
  0
VERTEX
  5
1374
  8
Layer_0
  10
262.55875
  20
182.8021
  42
0.11861482
  0
VERTEX
  5
1375
  8
Layer_0
  10
262.95499
  20
182.98117
  0
VERTEX
  5
1376
  8
Layer_0
  10
263.05277
  20
183.09851
  0
VERTEX
  5
1377
  8
Layer_0
  10
263.13429
  20
183.2655
  0
VERTEX
  5
1378
  8
Layer_0
  10
263.19046
  20
183.45748
  0
VERTEX
  5
1379
  8
Layer_0
  10
263.21216
  20
183.64983
  42
-0.041313328
  0
VERTEX
  5
137a
  8
Layer_0
  10
263.27884
  20
184.27086
  42
0.013873238
  0
VERTEX
  5
137b
  8
Layer_0
  10
263.29788
  20
184.39468
  42
-0.011073438
  0
VERTEX
  5
137c
  8
Layer_0
  10
263.31503
  20
184.50708
  42
0.017308412
  0
VERTEX
  5
137d
  8
Layer_0
  10
263.3436
  20
184.76425
  42
-0.016722557
  0
VERTEX
  5
137e
  8
Layer_0
  10
263.43124
  20
185.54912
  42
0.020044557
  0
VERTEX
  5
137f
  8
Layer_0
  10
263.51697
  20
186.21205
  42
-0.011741609
  0
VERTEX
  5
1380
  8
Layer_0
  10
263.55698
  20
186.57782
  0
VERTEX
  5
1381
  8
Layer_0
  10
263.56911
  20
186.69021
  0
VERTEX
  5
1382
  8
Layer_0
  10
263.5684
  20
186.75117
  0
VERTEX
  5
1383
  8
Layer_0
  10
263.53824
  20
186.76418
  0
VERTEX
  5
1384
  8
Layer_0
  10
263.4429
  20
186.77236
  0
VERTEX
  5
1385
  8
Layer_0
  10
263.36314
  20
186.77493
  0
VERTEX
  5
1386
  8
Layer_0
  10
263.25791
  20
186.77662
  0
VERTEX
  5
1387
  8
Layer_0
  10
263.12415
  20
186.77755
  0
VERTEX
  5
1388
  8
Layer_0
  10
262.9588
  20
186.77784
  0
VERTEX
  5
1389
  8
Layer_0
  10
262.73511
  20
186.77848
  0
VERTEX
  5
138a
  8
Layer_0
  10
262.57306
  20
186.77829
  0
VERTEX
  5
138b
  8
Layer_0
  10
262.4625
  20
186.77412
  0
VERTEX
  5
138c
  8
Layer_0
  10
262.39325
  20
186.76284
  0
VERTEX
  5
138d
  8
Layer_0
  10
262.33809
  20
186.70631
  0
VERTEX
  5
138e
  8
Layer_0
  10
262.32634
  20
186.58353
  0
VERTEX
  5
138f
  8
Layer_0
  10
262.31238
  20
186.47107
  0
VERTEX
  5
1390
  8
Layer_0
  10
262.29752
  20
186.42399
  0
VERTEX
  5
1391
  8
Layer_0
  10
262.27517
  20
186.43619
  0
VERTEX
  5
1392
  8
Layer_0
  10
262.23871
  20
186.50161
  42
0.22219837
  0
VERTEX
  5
1393
  8
Layer_0
  10
261.90344
  20
186.77403
  0
VERTEX
  5
1394
  8
Layer_0
  10
261.40408
  20
186.80022
  0
VERTEX
  5
1395
  8
Layer_0
  10
260.89187
  20
186.77212
  0
VERTEX
  5
1396
  8
Layer_0
  10
260.74757
  20
186.72998
  0
VERTEX
  5
1397
  8
Layer_0
  10
260.66327
  20
186.67497
  42
-0.014453348
  0
VERTEX
  5
1398
  8
Layer_0
  10
260.57565
  20
186.60258
  0
VERTEX
  5
1399
  8
Layer_0
  10
260.50438
  20
186.52319
  0
VERTEX
  5
139a
  8
Layer_0
  10
260.43705
  20
186.4047
  0
VERTEX
  5
139b
  8
Layer_0
  10
260.3833
  20
186.26798
  0
VERTEX
  5
139c
  8
Layer_0
  10
260.35276
  20
186.13395
  42
-0.0067754337
  0
VERTEX
  5
139d
  8
Layer_0
  10
260.29752
  20
185.65961
  42
-0.024267141
  0
VERTEX
  5
139e
  8
Layer_0
  10
260.24988
  20
185.27861
  0
VERTEX
  5
139f
  8
Layer_0
  10
260.18059
  20
184.7121
  0
VERTEX
  5
13a0
  8
Layer_0
  10
260.16988
  20
184.21561
  42
0.15142301
  0
VERTEX
  5
13a1
  8
Layer_0
  10
260.27084
  20
183.98511
  42
0.18115872
  0
VERTEX
  5
13a2
  8
Layer_0
  10
260.66898
  20
183.80414
  42
0.061511579
  0
VERTEX
  5
13a3
  8
Layer_0
  10
261.36432
  20
183.80032
  0
VERTEX
  5
13a4
  8
Layer_0
  10
261.57228
  20
183.8459
  0
VERTEX
  5
13a5
  8
Layer_0
  10
261.7465
  20
183.92486
  0
VERTEX
  5
13a6
  8
Layer_0
  10
261.88536
  20
184.03634
  0
VERTEX
  5
13a7
  8
Layer_0
  10
261.98725
  20
184.17942
  0
VERTEX
  5
13a8
  8
Layer_0
  10
262.02914
  20
184.25943
  0
SEQEND
  0
POLYLINE
  5
13aa
  8
Layer_0
  62
7
  70
1
  66
1
  10
0
  20
0
  30
0
  0
VERTEX
  5
13aa
  8
Layer_0
  10
259.57361
  20
187.52269
  0
VERTEX
  5
13ab
  8
Layer_0
  10
259.31679
  20
187.51882
  0
VERTEX
  5
13ac
  8
Layer_0
  10
259.1207
  20
187.51317
  0
VERTEX
  5
13ad
  8
Layer_0
  10
258.9939
  20
187.50608
  0
VERTEX
  5
13ae
  8
Layer_0
  10
258.94496
  20
187.49793
  0
VERTEX
  5
13af
  8
Layer_0
  10
258.90257
  20
187.26909
  0
VERTEX
  5
13b0
  8
Layer_0
  10
258.86876
  20
187.00453
  0
VERTEX
  5
13b1
  8
Layer_0
  10
258.9179
  20
186.99986
  0
VERTEX
  5
13b2
  8
Layer_0
  10
259.05188
  20
186.99715
  0
VERTEX
  5
13b3
  8
Layer_0
  10
259.25051
  20
186.99623
  0
VERTEX
  5
13b4
  8
Layer_0
  10
259.4936
  20
186.99691
  0
VERTEX
  5
13b5
  8
Layer_0
  10
260.11655
  20
187.00262
  0
VERTEX
  5
13b6
  8
Layer_0
  10
260.13748
  20
187.13599
  42
0.018619537
  0
VERTEX
  5
13b7
  8
Layer_0
  10
260.17368
  20
187.39696
  0
VERTEX
  5
13b8
  8
Layer_0
  10
260.18512
  20
187.5265
  0
VERTEX
  5
13b9
  8
Layer_0
  10
259.57361
  20
187.52269
  0
SEQEND
  0
POLYLINE
  5
13bb
  8
Layer_0
  62
7
  70
1
  66
1
  10
0
  20
0
  30
0
  0
VERTEX
  5
13bb
  8
Layer_0
  10
261.61957
  20
184.4404
  42
-0.18173594
  0
VERTEX
  5
13bc
  8
Layer_0
  10
261.48242
  20
184.54327
  0
VERTEX
  5
13bd
  8
Layer_0
  10
261.44733
  20
184.61626
  0
VERTEX
  5
13be
  8
Layer_0
  10
261.43313
  20
184.7071
  0
VERTEX
  5
13bf
  8
Layer_0
  10
261.43929
  20
184.83795
  0
VERTEX
  5
13c0
  8
Layer_0
  10
261.46528
  20
185.03095
  42
0.024070702
  0
VERTEX
  5
13c1
  8
Layer_0
  10
261.50909
  20
185.42148
  42
-0.019519424
  0
VERTEX
  5
13c2
  8
Layer_0
  10
261.53766
  20
185.71675
  42
0.041313186
  0
VERTEX
  5
13c3
  8
Layer_0
  10
261.55862
  20
185.86916
  0
VERTEX
  5
13c4
  8
Layer_0
  10
261.60291
  20
185.99036
  0
VERTEX
  5
13c5
  8
Layer_0
  10
261.67292
  20
186.11871
  42
-0.35751445
  0
VERTEX
  5
13c6
  8
Layer_0
  10
262.0882
  20
186.20253
  42
-0.09155255
  0
VERTEX
  5
13c7
  8
Layer_0
  10
262.17395
  20
186.13585
  0
VERTEX
  5
13c8
  8
Layer_0
  10
262.1943
  20
186.10564
  0
VERTEX
  5
13c9
  8
Layer_0
  10
262.20537
  20
186.05703
  0
VERTEX
  5
13ca
  8
Layer_0
  10
262.2093
  20
185.96735
  0
VERTEX
  5
13cb
  8
Layer_0
  10
262.20823
  20
185.81391
  42
-0.035919041
  0
VERTEX
  5
13cc
  8
Layer_0
  10
262.17584
  20
185.37386
  42
0.011993465
  0
VERTEX
  5
13cd
  8
Layer_0
  10
262.13394
  20
185.09763
  42
-0.022284947
  0
VERTEX
  5
13ce
  8
Layer_0
  10
262.11487
  20
184.94524
  42
0.0063130192
  0
VERTEX
  5
13cf
  8
Layer_0
  10
262.09583
  20
184.83093
  42
-0.061329594
  0
VERTEX
  5
13d0
  8
Layer_0
  10
262.0444
  20
184.64995
  42
-0.38286383
  0
SEQEND
  0
POLYLINE
  5
13d2
  8
Layer_0
  62
7
  70
1
  66
1
  10
0
  20
0
  30
0
  0
VERTEX
  5
13d2
  8
Layer_0
  10
265.66009
  20
184.84426
  0
VERTEX
  5
13d3
  8
Layer_0
  10
265.61627
  20
184.68282
  0
VERTEX
  5
13d4
  8
Layer_0
  10
265.57246
  20
184.5928
  42
0.33821919
  0
VERTEX
  5
13d5
  8
Layer_0
  10
265.54578
  20
184.5547
  42
-0.19174168
  0
VERTEX
  5
13d6
  8
Layer_0
  10
265.45245
  20
184.46898
  42
-0.13278922
  0
VERTEX
  5
13d7
  8
Layer_0
  10
265.21622
  20
184.42136
  42
-0.1910521
  0
VERTEX
  5
13d8
  8
Layer_0
  10
264.99524
  20
184.48422
  42
-0.16080968
  0
VERTEX
  5
13d9
  8
Layer_0
  10
264.91714
  20
184.60423
  42
-9.2042568e-07
  0
VERTEX
  5
13da
  8
Layer_0
  10
264.89618
  20
184.68614
  0
VERTEX
  5
13db
  8
Layer_0
  10
264.29563
  20
184.70377
  0
VERTEX
  5
13dc
  8
Layer_0
  10
263.68651
  20
184.6671
  0
VERTEX
  5
13dd
  8
Layer_0
  10
263.65888
  20
184.4585
  0
VERTEX
  5
13de
  8
Layer_0
  10
263.65984
  20
184.2099
  0
VERTEX
  5
13df
  8
Layer_0
  10
263.71318
  20
184.04059
  0
VERTEX
  5
13e0
  8
Layer_0
  10
263.79509
  20
183.92986
  42
0.013887649
  0
VERTEX
  5
13e1
  8
Layer_0
  10
263.87128
  20
183.87271
  0
VERTEX
  5
13e2
  8
Layer_0
  10
263.9694
  20
183.83128
  0
VERTEX
  5
13e3
  8
Layer_0
  10
264.13609
  20
183.78127
  0
VERTEX
  5
13e4
  8
Layer_0
  10
264.16668
  20
183.77843
  0
VERTEX
  5
13e5
  8
Layer_0
  10
264.23151
  20
183.77565
  0
VERTEX
  5
13e6
  8
Layer_0
  10
264.32662
  20
183.773
  0
VERTEX
  5
13e7
  8
Layer_0
  10
264.44803
  20
183.77056
  0
VERTEX
  5
13e8
  8
Layer_0
  10
264.75384
  20
183.76654
  0
VERTEX
  5
13e9
  8
Layer_0
  10
265.11716
  20
183.76413
  0
VERTEX
  5
13ea
  8
Layer_0
  10
265.45225
  20
183.76346
  0
VERTEX
  5
13eb
  8
Layer_0
  10
265.71616
  20
183.76484
  0
VERTEX
  5
13ec
  8
Layer_0
  10
265.9199
  20
183.76909
  0
VERTEX
  5
13ed
  8
Layer_0
  10
266.07442
  20
183.77699
  0
VERTEX
  5
13ee
  8
Layer_0
  10
266.27981
  20
183.80699
  0
VERTEX
  5
13ef
  8
Layer_0
  10
266.42018
  20
183.86128
  42
-0.10909573
  0
VERTEX
  5
13f0
  8
Layer_0
  10
266.53067
  20
183.907
  0
VERTEX
  5
13f1
  8
Layer_0
  10
266.56782
  20
183.93344
  0
VERTEX
  5
13f2
  8
Layer_0
  10
266.63354
  20
183.99844
  42
0.12133021
  0
VERTEX
  5
13f3
  8
Layer_0
  10
266.82974
  20
184.34515
  42
0.070650022
  0
VERTEX
  5
13f4
  8
Layer_0
  10
266.90787
  20
185.03096
  0
VERTEX
  5
13f5
  8
Layer_0
  10
266.9
  20
185.22003
  0
VERTEX
  5
13f6
  8
Layer_0
  10
266.85643
  20
185.32623
  0
VERTEX
  5
13f7
  8
Layer_0
  10
266.80856
  20
185.39052
  0
VERTEX
  5
13f8
  8
Layer_0
  10
266.7707
  20
185.42338
  42
-0.33120234
  0
VERTEX
  5
13f9
  8
Layer_0
  10
266.73642
  20
185.45197
  0
VERTEX
  5
13fa
  8
Layer_0
  10
266.63211
  20
185.5203
  0
VERTEX
  5
13fb
  8
Layer_0
  10
266.43923
  20
185.5815
  0
VERTEX
  5
13fc
  8
Layer_0
  10
266.34583
  20
185.58963
  0
VERTEX
  5
13fd
  8
Layer_0
  10
266.17348
  20
185.5965
  0
VERTEX
  5
13fe
  8
Layer_0
  10
265.94685
  20
185.60159
  0
VERTEX
  5
13ff
  8
Layer_0
  10
265.69057
  20
185.60436
  0
VERTEX
  5
1400
  8
Layer_0
  10
265.05621
  20
185.60817
  0
VERTEX
  5
1401
  8
Layer_0
  10
265.06763
  20
185.75104
  0
VERTEX
  5
1402
  8
Layer_0
  10
265.09234
  20
185.89356
  0
VERTEX
  5
1403
  8
Layer_0
  10
265.13954
  20
186.00393
  0
VERTEX
  5
1404
  8
Layer_0
  10
265.21176
  20
186.08644
  0
VERTEX
  5
1405
  8
Layer_0
  10
265.31147
  20
186.14538
  42
-0.22198651
  0
VERTEX
  5
1406
  8
Layer_0
  10
265.6315
  20
186.13014
  42
-0.26722285
  0
VERTEX
  5
1407
  8
Layer_0
  10
265.74963
  20
185.91296
  0
VERTEX
  5
1408
  8
Layer_0
  10
265.75153
  20
185.8501
  0
VERTEX
  5
1409
  8
Layer_0
  10
266.37445
  20
185.8501
  0
VERTEX
  5
140a
  8
Layer_0
  10
266.9993
  20
185.8501
  0
VERTEX
  5
140b
  8
Layer_0
  10
267.01074
  20
185.90344
  42
0.037482309
  0
VERTEX
  5
140c
  8
Layer_0
  10
267.0336
  20
186.17395
  0
VERTEX
  5
140d
  8
Layer_0
  10
267.03928
  20
186.29659
  0
VERTEX
  5
140e
  8
Layer_0
  10
267.03764
  20
186.3735
  0
VERTEX
  5
140f
  8
Layer_0
  10
267.02636
  20
186.42684
  0
VERTEX
  5
1410
  8
Layer_0
  10
267.00311
  20
186.47875
  42
0.22543213
  0
VERTEX
  5
1411
  8
Layer_0
  10
266.62592
  20
186.78165
  0
VERTEX
  5
1412
  8
Layer_0
  10
265.52793
  20
186.80165
  0
VERTEX
  5
1413
  8
Layer_0
  10
264.43136
  20
186.77593
  42
0.12533128
  0
VERTEX
  5
1414
  8
Layer_0
  10
264.16846
  20
186.6483
  42
-0.18369321
  0
VERTEX
  5
1415
  8
Layer_0
  10
264.08847
  20
186.59305
  42
0.3382208
  0
VERTEX
  5
1416
  8
Layer_0
  10
264.05988
  20
186.55495
  42
-0.083582482
  0
VERTEX
  5
1417
  8
Layer_0
  10
264.00464
  20
186.46352
  42
0.17613326
  0
VERTEX
  5
1418
  8
Layer_0
  10
263.87891
  20
186.05394
  42
-0.040445516
  0
VERTEX
  5
1419
  8
Layer_0
  10
263.85986
  20
185.86916
  42
0.030527855
  0
VERTEX
  5
141a
  8
Layer_0
  10
263.82938
  20
185.60056
  42
0.091157954
  0
VERTEX
  5
141b
  8
Layer_0
  10
263.85797
  20
185.28241
  42
0.15080066
  0
VERTEX
  5
141c
  8
Layer_0
  10
263.99512
  20
185.07095
  0
VERTEX
  5
141d
  8
Layer_0
  10
264.12317
  20
184.98842
  0
VERTEX
  5
141e
  8
Layer_0
  10
264.29658
  20
184.94213
  0
VERTEX
  5
141f
  8
Layer_0
  10
264.42341
  20
184.92918
  0
VERTEX
  5
1420
  8
Layer_0
  10
264.5893
  20
184.92121
  0
VERTEX
  5
1421
  8
Layer_0
  10
264.8035
  20
184.91685
  0
VERTEX
  5
1422
  8
Layer_0
  10
265.07525
  20
184.91475
  0
VERTEX
  5
1423
  8
Layer_0
  10
265.67151
  20
184.91284
  0
VERTEX
  5
1424
  8
Layer_0
  10
265.6601
  20
184.84427
  0
SEQEND
  0
POLYLINE
  5
1426
  8
Layer_0
  62
7
  70
1
  66
1
  10
0
  20
0
  30
0
  0
VERTEX
  5
1426
  8
Layer_0
  10
266.74975
  20
182.78305
  0
VERTEX
  5
1427
  8
Layer_0
  10
267.44849
  20
182.7834
  0
VERTEX
  5
1428
  8
Layer_0
  10
268.09489
  20
182.78439
  0
VERTEX
  5
1429
  8
Layer_0
  10
268.67658
  20
182.78597
  0
VERTEX
  5
142a
  8
Layer_0
  10
269.18124
  20
182.78805
  0
VERTEX
  5
142b
  8
Layer_0
  10
269.40082
  20
182.78927
  0
VERTEX
  5
142c
  8
Layer_0
  10
269.59651
  20
182.79059
  0
VERTEX
  5
142d
  8
Layer_0
  10
269.76677
  20
182.792
  0
VERTEX
  5
142e
  8
Layer_0
  10
269.91005
  20
182.7935
  0
VERTEX
  5
142f
  8
Layer_0
  10
270.02481
  20
182.79508
  0
VERTEX
  5
1430
  8
Layer_0
  10
270.10952
  20
182.79673
  0
VERTEX
  5
1431
  8
Layer_0
  10
270.16261
  20
182.79844
  0
VERTEX
  5
1432
  8
Layer_0
  10
270.18256
  20
182.8002
  0
VERTEX
  5
1433
  8
Layer_0
  10
270.20399
  20
182.83663
  0
VERTEX
  5
1434
  8
Layer_0
  10
270.22256
  20
182.91736
  0
VERTEX
  5
1435
  8
Layer_0
  10
270.23828
  20
183.04237
  0
VERTEX
  5
1436
  8
Layer_0
  10
270.25114
  20
183.21168
  42
-0.012681694
  0
VERTEX
  5
1437
  8
Layer_0
  10
270.27209
  20
183.47456
  0
VERTEX
  5
1438
  8
Layer_0
  10
270.28162
  20
183.5641
  0
VERTEX
  5
1439
  8
Layer_0
  10
266.94595
  20
183.5641
  0
VERTEX
  5
143a
  8
Layer_0
  10
266.4715
  20
183.56404
  0
VERTEX
  5
143b
  8
Layer_0
  10
266.04127
  20
183.56383
  0
VERTEX
  5
143c
  8
Layer_0
  10
265.65338
  20
183.56346
  0
VERTEX
  5
143d
  8
Layer_0
  10
265.30593
  20
183.56294
  0
VERTEX
  5
143e
  8
Layer_0
  10
264.99704
  20
183.56226
  0
VERTEX
  5
143f
  8
Layer_0
  10
264.72481
  20
183.56139
  0
VERTEX
  5
1440
  8
Layer_0
  10
264.48735
  20
183.56034
  0
VERTEX
  5
1441
  8
Layer_0
  10
264.28277
  20
183.5591
  0
VERTEX
  5
1442
  8
Layer_0
  10
264.10917
  20
183.55766
  0
VERTEX
  5
1443
  8
Layer_0
  10
263.96467
  20
183.55601
  0
VERTEX
  5
1444
  8
Layer_0
  10
263.84737
  20
183.55414
  0
VERTEX
  5
1445
  8
Layer_0
  10
263.75538
  20
183.55205
  0
VERTEX
  5
1446
  8
Layer_0
  10
263.63977
  20
183.54715
  0
VERTEX
  5
1447
  8
Layer_0
  10
263.60269
  20
183.54124
  42
0.035681611
  0
VERTEX
  5
1448
  8
Layer_0
  10
263.58554
  20
183.44028
  42
-0.011074439
  0
VERTEX
  5
1449
  8
Layer_0
  10
263.5665
  20
183.32597
  42
0.023896824
  0
VERTEX
  5
144a
  8
Layer_0
  10
263.5379
  20
183.18881
  42
-0.13952896
  0
VERTEX
  5
144b
  8
Layer_0
  10
263.41217
  20
182.9164
  42
0.11294796
  0
VERTEX
  5
144c
  8
Layer_0
  10
263.35504
  20
182.82497
  0
VERTEX
  5
144d
  8
Layer_0
  10
263.3436
  20
182.78305
  0
VERTEX
  5
144e
  8
Layer_0
  10
266.74976
  20
182.78305
  0
SEQEND
  0
POLYLINE
  5
1450
  8
Layer_0
  62
7
  70
1
  66
1
  10
0
  20
0
  30
0
  0
VERTEX
  5
1450
  8
Layer_0
  10
269.76727
  20
184.72615
  0
VERTEX
  5
1451
  8
Layer_0
  10
269.48792
  20
184.72502
  0
VERTEX
  5
1452
  8
Layer_0
  10
269.29125
  20
184.72139
  0
VERTEX
  5
1453
  8
Layer_0
  10
269.17496
  20
184.7149
  0
VERTEX
  5
1454
  8
Layer_0
  10
269.13671
  20
184.7052
  42
-0.25594435
  0
VERTEX
  5
1455
  8
Layer_0
  10
268.98431
  20
184.46898
  42
-0.13920891
  0
VERTEX
  5
1456
  8
Layer_0
  10
268.75952
  20
184.42136
  0
VERTEX
  5
1457
  8
Layer_0
  10
268.62879
  20
184.42897
  0
VERTEX
  5
1458
  8
Layer_0
  10
268.57093
  20
184.46517
  0
VERTEX
  5
1459
  8
Layer_0
  10
268.52053
  20
184.53643
  0
VERTEX
  5
145a
  8
Layer_0
  10
268.49354
  20
184.62233
  0
VERTEX
  5
145b
  8
Layer_0
  10
268.48761
  20
184.73681
  0
VERTEX
  5
145c
  8
Layer_0
  10
268.50044
  20
184.89379
  0
VERTEX
  5
145d
  8
Layer_0
  10
268.51376
  20
184.99286
  0
VERTEX
  5
145e
  8
Layer_0
  10
269.47009
  20
184.99286
  0
VERTEX
  5
145f
  8
Layer_0
  10
270.42831
  20
184.99286
  0
VERTEX
  5
1460
  8
Layer_0
  10
270.43784
  20
185.13191
  42
-0.027163282
  0
VERTEX
  5
1461
  8
Layer_0
  10
270.45877
  20
185.32623
  42
0.012087968
  0
VERTEX
  5
1462
  8
Layer_0
  10
270.52545
  20
185.82153
  0
VERTEX
  5
1463
  8
Layer_0
  10
270.548
  20
186.01049
  0
VERTEX
  5
1464
  8
Layer_0
  10
270.56225
  20
186.16163
  0
VERTEX
  5
1465
  8
Layer_0
  10
270.56738
  20
186.28143
  0
VERTEX
  5
1466
  8
Layer_0
  10
270.5626
  20
186.37636
  0
VERTEX
  5
1467
  8
Layer_0
  10
270.5201
  20
186.51751
  0
VERTEX
  5
1468
  8
Layer_0
  10
270.4283
  20
186.63687
  0
VERTEX
  5
1469
  8
Layer_0
  10
270.30346
  20
186.73614
  0
VERTEX
  5
146a
  8
Layer_0
  10
270.10398
  20
186.79094
  0
VERTEX
  5
146b
  8
Layer_0
  10
269.9471
  20
186.80562
  0
VERTEX
  5
146c
  8
Layer_0
  10
269.73661
  20
186.81394
  0
VERTEX
  5
146d
  8
Layer_0
  10
269.46084
  20
186.81749
  0
VERTEX
  5
146e
  8
Layer_0
  10
269.10814
  20
186.81784
  0
VERTEX
  5
146f
  8
Layer_0
  10
268.76601
  20
186.8165
  0
VERTEX
  5
1470
  8
Layer_0
  10
268.4671
  20
186.81284
  0
VERTEX
  5
1471
  8
Layer_0
  10
268.34402
  20
186.81031
  0
VERTEX
  5
1472
  8
Layer_0
  10
268.24392
  20
186.8074
  0
VERTEX
  5
1473
  8
Layer_0
  10
268.17088
  20
186.80417
  0
VERTEX
  5
1474
  8
Layer_0
  10
268.12897
  20
186.8007
  0
VERTEX
  5
1475
  8
Layer_0
  10
267.96948
  20
186.77704
  0
VERTEX
  5
1476
  8
Layer_0
  10
267.85893
  20
186.74998
  0
VERTEX
  5
1477
  8
Layer_0
  10
267.77481
  20
186.71256
  0
VERTEX
  5
1478
  8
Layer_0
  10
267.69463
  20
186.65782
  0
VERTEX
  5
1479
  8
Layer_0
  10
267.57836
  20
186.54397
  0
VERTEX
  5
147a
  8
Layer_0
  10
267.48603
  20
186.40851
  0
VERTEX
  5
147b
  8
Layer_0
  10
267.42513
  20
186.26483
  0
VERTEX
  5
147c
  8
Layer_0
  10
267.40316
  20
186.12633
  42
-0.034873537
  0
VERTEX
  5
147d
  8
Layer_0
  10
267.37457
  20
185.84439
  42
0.0061896964
  0
VERTEX
  5
147e
  8
Layer_0
  10
267.33838
  20
185.59293
  42
-0.0041849319
  0
VERTEX
  5
147f
  8
Layer_0
  10
267.27744
  20
185.17383
  42
0.013949279
  0
VERTEX
  5
1480
  8
Layer_0
  10
267.21075
  20
184.54518
  0
VERTEX
  5
1481
  8
Layer_0
  10
267.20073
  20
184.374
  0
VERTEX
  5
1482
  8
Layer_0
  10
267.2048
  20
184.233
  0
VERTEX
  5
1483
  8
Layer_0
  10
267.22281
  20
184.1195
  0
VERTEX
  5
1484
  8
Layer_0
  10
267.25457
  20
184.03083
  0
VERTEX
  5
1485
  8
Layer_0
  10
267.35696
  20
183.91891
  0
VERTEX
  5
1486
  8
Layer_0
  10
267.51365
  20
183.82699
  0
VERTEX
  5
1487
  8
Layer_0
  10
267.59241
  20
183.80157
  0
VERTEX
  5
1488
  8
Layer_0
  10
267.73511
  20
183.78794
  0
VERTEX
  5
1489
  8
Layer_0
  10
267.86157
  20
183.78409
  0
VERTEX
  5
148a
  8
Layer_0
  10
268.0414
  20
183.78145
  0
VERTEX
  5
148b
  8
Layer_0
  10
268.28703
  20
183.77944
  0
VERTEX
  5
148c
  8
Layer_0
  10
268.61093
  20
183.77746
  0
VERTEX
  5
148d
  8
Layer_0
  10
268.89859
  20
183.77579
  0
VERTEX
  5
148e
  8
Layer_0
  10
269.12945
  20
183.77517
  0
VERTEX
  5
148f
  8
Layer_0
  10
269.3112
  20
183.77576
  0
VERTEX
  5
1490
  8
Layer_0
  10
269.45151
  20
183.7777
  0
VERTEX
  5
1491
  8
Layer_0
  10
269.63856
  20
183.7863
  0
VERTEX
  5
1492
  8
Layer_0
  10
269.75203
  20
183.80223
  42
0.096861041
  0
VERTEX
  5
1493
  8
Layer_0
  10
269.94443
  20
183.85938
  42
-0.067166281
  0
VERTEX
  5
1494
  8
Layer_0
  10
270.02826
  20
183.89748
  0
VERTEX
  5
1495
  8
Layer_0
  10
270.16803
  20
184.01511
  0
VERTEX
  5
1496
  8
Layer_0
  10
270.28352
  20
184.19847
  42
0.059082354
  0
VERTEX
  5
1497
  8
Layer_0
  10
270.38449
  20
184.60995
  0
VERTEX
  5
1498
  8
Layer_0
  10
270.39783
  20
184.72615
  0
VERTEX
  5
1499
  8
Layer_0
  10
269.76727
  20
184.72615
  0
SEQEND
  0
POLYLINE
  5
149b
  8
Layer_0
  62
7
  70
1
  66
1
  10
0
  20
0
  30
0
  0
VERTEX
  5
149b
  8
Layer_0
  10
268.91382
  20
185.60245
  0
VERTEX
  5
149c
  8
Layer_0
  10
269.24719
  20
185.60245
  0
VERTEX
  5
149d
  8
Layer_0
  10
269.26053
  20
185.74724
  0
VERTEX
  5
149e
  8
Layer_0
  10
269.26735
  20
185.92613
  0
VERTEX
  5
149f
  8
Layer_0
  10
269.24363
  20
186.0468
  0
VERTEX
  5
14a0
  8
Layer_0
  10
269.18312
  20
186.12389
  0
VERTEX
  5
14a1
  8
Layer_0
  10
269.07956
  20
186.17205
  42
0.16011281
  0
VERTEX
  5
14a2
  8
Layer_0
  10
268.86047
  20
186.16252
  0
VERTEX
  5
14a3
  8
Layer_0
  10
268.75527
  20
186.10299
  0
VERTEX
  5
14a4
  8
Layer_0
  10
268.67594
  20
186.00917
  0
VERTEX
  5
14a5
  8
Layer_0
  10
268.62126
  20
185.87963
  0
VERTEX
  5
14a6
  8
Layer_0
  10
268.58998
  20
185.71294
  0
VERTEX
  5
14a7
  8
Layer_0
  10
268.57855
  20
185.60245
  0
SEQEND
  0
POLYLINE
  5
14a9
  8
Layer_0
  62
7
  70
1
  66
1
  10
0
  20
0
  30
0
  0
VERTEX
  5
14a9
  8
Layer_0
  10
271.70084
  20
183.80223
  42
0.077164865
  0
VERTEX
  5
14aa
  8
Layer_0
  10
272.16757
  20
183.85938
  42
0.1153651
  0
VERTEX
  5
14ab
  8
Layer_0
  10
272.43045
  20
184.01939
  42
0.065698509
  0
VERTEX
  5
14ac
  8
Layer_0
  10
272.57141
  20
184.19084
  0
VERTEX
  5
14ad
  8
Layer_0
  10
272.59714
  20
184.23443
  0
VERTEX
  5
14ae
  8
Layer_0
  10
272.61143
  20
184.248
  0
VERTEX
  5
14af
  8
Layer_0
  10
272.61057
  20
184.21883
  0
VERTEX
  5
14b0
  8
Layer_0
  10
272.6031
  20
184.14465
  0
VERTEX
  5
14b1
  8
Layer_0
  10
272.59027
  20
184.0369
  0
VERTEX
  5
14b2
  8
Layer_0
  10
272.57333
  20
183.907
  42
0.033662218
  0
VERTEX
  5
14b3
  8
Layer_0
  10
272.52762
  20
183.56982
  0
VERTEX
  5
14b4
  8
Layer_0
  10
272.50895
  20
183.56848
  0
VERTEX
  5
14b5
  8
Layer_0
  10
272.45546
  20
183.56732
  0
VERTEX
  5
14b6
  8
Layer_0
  10
272.37089
  20
183.56634
  0
VERTEX
  5
14b7
  8
Layer_0
  10
272.25901
  20
183.56553
  0
VERTEX
  5
14b8
  8
Layer_0
  10
271.96826
  20
183.56446
  0
VERTEX
  5
14b9
  8
Layer_0
  10
271.61321
  20
183.5641
  0
VERTEX
  5
14ba
  8
Layer_0
  10
271.36772
  20
183.56383
  0
VERTEX
  5
14bb
  8
Layer_0
  10
271.16735
  20
183.56294
  0
VERTEX
  5
14bc
  8
Layer_0
  10
271.00828
  20
183.56139
  0
VERTEX
  5
14bd
  8
Layer_0
  10
270.88669
  20
183.5591
  0
VERTEX
  5
14be
  8
Layer_0
  10
270.79877
  20
183.55601
  0
VERTEX
  5
14bf
  8
Layer_0
  10
270.74069
  20
183.55205
  0
VERTEX
  5
14c0
  8
Layer_0
  10
270.70864
  20
183.54715
  0
VERTEX
  5
14c1
  8
Layer_0
  10
270.69881
  20
183.54124
  42
0.0064518819
  0
VERTEX
  5
14c2
  8
Layer_0
  10
270.655
  20
183.15834
  0
VERTEX
  5
14c3
  8
Layer_0
  10
270.63874
  20
183.01811
  0
VERTEX
  5
14c4
  8
Layer_0
  10
270.62785
  20
182.90235
  0
VERTEX
  5
14c5
  8
Layer_0
  10
270.62338
  20
182.82267
  0
VERTEX
  5
14c6
  8
Layer_0
  10
270.62642
  20
182.79067
  0
VERTEX
  5
14c7
  8
Layer_0
  10
270.65311
  20
182.78862
  0
VERTEX
  5
14c8
  8
Layer_0
  10
270.7242
  20
182.78677
  0
VERTEX
  5
14c9
  8
Layer_0
  10
270.83481
  20
182.78515
  0
VERTEX
  5
14ca
  8
Layer_0
  10
270.98004
  20
182.78377
  0
VERTEX
  5
14cb
  8
Layer_0
  10
271.35482
  20
182.78183
  0
VERTEX
  5
14cc
  8
Layer_0
  10
271.80943
  20
182.78115
  0
VERTEX
  5
14cd
  8
Layer_0
  10
272.23128
  20
182.78222
  0
VERTEX
  5
14ce
  8
Layer_0
  10
272.55717
  20
182.78472
  0
VERTEX
  5
14cf
  8
Layer_0
  10
272.80273
  20
182.78972
  0
VERTEX
  5
14d0
  8
Layer_0
  10
272.98362
  20
182.79829
  0
VERTEX
  5
14d1
  8
Layer_0
  10
273.21398
  20
182.83044
  0
VERTEX
  5
14d2
  8
Layer_0
  10
273.37343
  20
182.88973
  0
VERTEX
  5
14d3
  8
Layer_0
  10
273.54083
  20
182.99475
  0
VERTEX
  5
14d4
  8
Layer_0
  10
273.63251
  20
183.08976
  42
-0.13947027
  0
VERTEX
  5
14d5
  8
Layer_0
  10
273.67633
  20
183.17929
  0
VERTEX
  5
14d6
  8
Layer_0
  10
273.75419
  20
183.38384
  0
VERTEX
  5
14d7
  8
Layer_0
  10
273.79634
  20
183.64983
  42
-0.034340006
  0
VERTEX
  5
14d8
  8
Layer_0
  10
273.92969
  20
184.70901
  42
0.035026007
  0
VERTEX
  5
14d9
  8
Layer_0
  10
273.95825
  20
184.99286
  42
-0.018026629
  0
VERTEX
  5
14da
  8
Layer_0
  10
274.00208
  20
185.42148
  0
VERTEX
  5
14db
  8
Layer_0
  10
274.04152
  20
185.71485
  0
VERTEX
  5
14dc
  8
Layer_0
  10
274.07542
  20
185.97539
  0
VERTEX
  5
14dd
  8
Layer_0
  10
274.10361
  20
186.20168
  0
VERTEX
  5
14de
  8
Layer_0
  10
274.12591
  20
186.39231
  0
VERTEX
  5
14df
  8
Layer_0
  10
274.14213
  20
186.54589
  0
VERTEX
  5
14e0
  8
Layer_0
  10
274.1521
  20
186.66101
  0
VERTEX
  5
14e1
  8
Layer_0
  10
274.15564
  20
186.73625
  0
VERTEX
  5
14e2
  8
Layer_0
  10
274.15258
  20
186.77022
  0
VERTEX
  5
14e3
  8
Layer_0
  10
274.10266
  20
186.77552
  0
VERTEX
  5
14e4
  8
Layer_0
  10
273.97184
  20
186.77974
  0
VERTEX
  5
14e5
  8
Layer_0
  10
273.77994
  20
186.78254
  0
VERTEX
  5
14e6
  8
Layer_0
  10
273.54679
  20
186.78355
  0
VERTEX
  5
14e7
  8
Layer_0
  10
273.33459
  20
186.78351
  0
VERTEX
  5
14e8
  8
Layer_0
  10
273.17686
  20
186.78245
  0
VERTEX
  5
14e9
  8
Layer_0
  10
273.06539
  20
186.77903
  0
VERTEX
  5
14ea
  8
Layer_0
  10
272.99195
  20
186.77189
  0
VERTEX
  5
14eb
  8
Layer_0
  10
272.92635
  20
186.74096
  0
VERTEX
  5
14ec
  8
Layer_0
  10
272.91433
  20
186.67878
  0
VERTEX
  5
14ed
  8
Layer_0
  10
272.8979
  20
186.51852
  0
VERTEX
  5
14ee
  8
Layer_0
  10
272.88004
  20
186.42541
  0
VERTEX
  5
14ef
  8
Layer_0
  10
272.86099
  20
186.4478
  0
VERTEX
  5
14f0
  8
Layer_0
  10
272.82479
  20
186.51304
  42
0.094448219
  0
VERTEX
  5
14f1
  8
Layer_0
  10
272.69714
  20
186.67688
  0
VERTEX
  5
14f2
  8
Layer_0
  10
272.60188
  20
186.74275
  0
VERTEX
  5
14f3
  8
Layer_0
  10
272.48499
  20
186.78236
  0
VERTEX
  5
14f4
  8
Layer_0
  10
272.31273
  20
186.80305
  0
VERTEX
  5
14f5
  8
Layer_0
  10
272.05136
  20
186.81213
  0
VERTEX
  5
14f6
  8
Layer_0
  10
271.90295
  20
186.81394
  0
VERTEX
  5
14f7
  8
Layer_0
  10
271.77275
  20
186.8138
  0
VERTEX
  5
14f8
  8
Layer_0
  10
271.67471
  20
186.81186
  0
VERTEX
  5
14f9
  8
Layer_0
  10
271.62274
  20
186.80832
  0
VERTEX
  5
14fa
  8
Layer_0
  10
271.37628
  20
186.75117
  0
VERTEX
  5
14fb
  8
Layer_0
  10
271.21126
  20
186.65401
  0
VERTEX
  5
14fc
  8
Layer_0
  10
271.13148
  20
186.58591
  0
VERTEX
  5
14fd
  8
Layer_0
  10
271.09886
  20
186.54924
  42
-0.16677571
  0
VERTEX
  5
14fe
  8
Layer_0
  10
271.05124
  20
186.47113
  0
VERTEX
  5
14ff
  8
Layer_0
  10
271.01076
  20
186.40267
  0
VERTEX
  5
1500
  8
Layer_0
  10
270.97742
  20
186.31207
  0
VERTEX
  5
1501
  8
Layer_0
  10
270.95051
  20
186.19574
  0
VERTEX
  5
1502
  8
Layer_0
  10
270.92932
  20
186.05013
  42
-0.010477686
  0
VERTEX
  5
1503
  8
Layer_0
  10
270.87027
  20
185.59293
  42
0.013918196
  0
VERTEX
  5
1504
  8
Layer_0
  10
270.7674
  20
184.72615
  42
0.00055935818
  0
VERTEX
  5
1505
  8
Layer_0
  10
270.74454
  20
184.47279
  0
VERTEX
  5
1506
  8
Layer_0
  10
270.74108
  20
184.32765
  0
VERTEX
  5
1507
  8
Layer_0
  10
270.75834
  20
184.19466
  0
VERTEX
  5
1508
  8
Layer_0
  10
270.79489
  20
184.08167
  0
VERTEX
  5
1509
  8
Layer_0
  10
270.84931
  20
183.99654
  0
VERTEX
  5
150a
  8
Layer_0
  10
270.97004
  20
183.89921
  0
VERTEX
  5
150b
  8
Layer_0
  10
271.13649
  20
183.83795
  0
VERTEX
  5
150c
  8
Layer_0
  10
271.37223
  20
183.80741
  0
VERTEX
  5
150d
  8
Layer_0
  10
271.70084
  20
183.80223
  0
SEQEND
  0
POLYLINE
  5
150f
  8
Layer_0
  62
7
  70
1
  66
1
  10
0
  20
0
  30
0
  0
VERTEX
  5
150f
  8
Layer_0
  10
272.55048
  20
186.24445
  42
-0.15321146
  0
VERTEX
  5
1510
  8
Layer_0
  10
272.72382
  20
186.18729
  42
-0.1989143
  0
VERTEX
  5
1511
  8
Layer_0
  10
272.80383
  20
186.05203
  0
VERTEX
  5
1512
  8
Layer_0
  10
272.79765
  20
185.74676
  0
VERTEX
  5
1513
  8
Layer_0
  10
272.76574
  20
185.41005
  42
0.015599496
  0
VERTEX
  5
1514
  8
Layer_0
  10
272.71811
  20
185.07668
  0
VERTEX
  5
1515
  8
Layer_0
  10
272.67834
  20
184.82438
  0
VERTEX
  5
1516
  8
Layer_0
  10
272.63143
  20
184.65996
  0
VERTEX
  5
1517
  8
Layer_0
  10
272.56595
  20
184.55482
  0
VERTEX
  5
1518
  8
Layer_0
  10
272.47046
  20
184.48041
  42
-0.25166523
  0
VERTEX
  5
1519
  8
Layer_0
  10
272.16187
  20
184.46136
  42
-0.14470846
  0
VERTEX
  5
151a
  8
Layer_0
  10
272.06281
  20
184.55661
  42
-0.16537009
  0
VERTEX
  5
151b
  8
Layer_0
  10
272.01706
  20
184.7795
  42
-0.017232505
  0
VERTEX
  5
151c
  8
Layer_0
  10
272.06659
  20
185.22145
  42
0.0078948929
  0
VERTEX
  5
151d
  8
Layer_0
  10
272.12946
  20
185.70723
  0
VERTEX
  5
151e
  8
Layer_0
  10
272.14962
  20
185.86362
  0
VERTEX
  5
151f
  8
Layer_0
  10
272.17352
  20
185.97107
  0
VERTEX
  5
1520
  8
Layer_0
  10
272.20635
  20
186.04852
  0
VERTEX
  5
1521
  8
Layer_0
  10
272.25329
  20
186.1149
  42
-0.23455889
  0
SEQEND
  0
POLYLINE
  5
1523
  8
Layer_0
  62
7
  70
1
  66
1
  10
0
  20
0
  30
0
  0
VERTEX
  5
1523
  8
Layer_0
  10
276.20426
  20
186.22158
  0
VERTEX
  5
1524
  8
Layer_0
  10
276.27097
  20
186.1797
  0
VERTEX
  5
1525
  8
Layer_0
  10
276.30785
  20
186.12514
  0
VERTEX
  5
1526
  8
Layer_0
  10
276.32294
  20
186.03593
  0
VERTEX
  5
1527
  8
Layer_0
  10
276.32428
  20
185.89011
  0
VERTEX
  5
1528
  8
Layer_0
  10
276.30472
  20
185.56355
  0
VERTEX
  5
1529
  8
Layer_0
  10
276.2607
  20
185.18073
  0
VERTEX
  5
152a
  8
Layer_0
  10
276.2337
  20
184.99887
  0
VERTEX
  5
152b
  8
Layer_0
  10
276.2056
  20
184.83971
  0
VERTEX
  5
152c
  8
Layer_0
  10
276.17809
  20
184.71551
  0
VERTEX
  5
152d
  8
Layer_0
  10
276.15283
  20
184.63852
  0
VERTEX
  5
152e
  8
Layer_0
  10
276.04156
  20
184.51175
  0
VERTEX
  5
152f
  8
Layer_0
  10
275.88422
  20
184.45017
  0
VERTEX
  5
1530
  8
Layer_0
  10
275.72259
  20
184.46038
  0
VERTEX
  5
1531
  8
Layer_0
  10
275.59847
  20
184.54899
  0
VERTEX
  5
1532
  8
Layer_0
  10
275.56371
  20
184.61751
  0
VERTEX
  5
1533
  8
Layer_0
  10
275.55037
  20
184.71139
  0
VERTEX
  5
1534
  8
Layer_0
  10
275.55775
  20
184.86028
  0
VERTEX
  5
1535
  8
Layer_0
  10
275.58514
  20
185.09382
  42
0.0079116617
  0
VERTEX
  5
1536
  8
Layer_0
  10
275.65372
  20
185.66913
  42
-0.062947986
  0
VERTEX
  5
1537
  8
Layer_0
  10
275.70325
  20
185.97012
  0
VERTEX
  5
1538
  8
Layer_0
  10
275.78555
  20
186.1238
  0
VERTEX
  5
1539
  8
Layer_0
  10
275.90732
  20
186.22229
  0
VERTEX
  5
153a
  8
Layer_0
  10
276.05231
  20
186.25757
  0
SEQEND
  0
POLYLINE
  5
153c
  8
Layer_0
  62
7
  70
1
  66
1
  10
0
  20
0
  30
0
  0
VERTEX
  5
153c
  8
Layer_0
  10
276.43286
  20
186.58543
  0
VERTEX
  5
153d
  8
Layer_0
  10
276.45525
  20
186.71116
  0
VERTEX
  5
153e
  8
Layer_0
  10
276.47477
  20
186.77403
  0
VERTEX
  5
153f
  8
Layer_0
  10
276.52394
  20
186.78186
  0
VERTEX
  5
1540
  8
Layer_0
  10
276.64956
  20
186.78808
  0
VERTEX
  5
1541
  8
Layer_0
  10
276.84446
  20
186.79251
  0
VERTEX
  5
1542
  8
Layer_0
  10
277.10152
  20
186.79498
  0
VERTEX
  5
1543
  8
Layer_0
  10
277.71112
  20
186.79498
  0
VERTEX
  5
1544
  8
Layer_0
  10
277.7016
  20
186.74736
  42
0.022523469
  0
VERTEX
  5
1545
  8
Layer_0
  10
277.66159
  20
186.44066
  42
-0.0031861788
  0
VERTEX
  5
1546
  8
Layer_0
  10
277.56635
  20
185.64055
  42
0.0016501019
  0
VERTEX
  5
1547
  8
Layer_0
  10
277.45013
  20
184.69759
  42
-0.0073078349
  0
VERTEX
  5
1548
  8
Layer_0
  10
277.3663
  20
184.06892
  42
0.022906269
  0
VERTEX
  5
1549
  8
Layer_0
  10
277.32059
  20
183.66316
  0
VERTEX
  5
154a
  8
Layer_0
  10
277.28082
  20
183.38003
  0
VERTEX
  5
154b
  8
Layer_0
  10
277.20248
  20
183.1812
  42
0.13947027
  0
VERTEX
  5
154c
  8
Layer_0
  10
277.15677
  20
183.09547
  0
VERTEX
  5
154d
  8
Layer_0
  10
277.0627
  20
182.9988
  0
VERTEX
  5
154e
  8
Layer_0
  10
276.92435
  20
182.90497
  42
-0.0030298966
  0
VERTEX
  5
154f
  8
Layer_0
  10
276.77957
  20
182.85164
  0
VERTEX
  5
1550
  8
Layer_0
  10
276.63973
  20
182.81603
  0
VERTEX
  5
1551
  8
Layer_0
  10
276.40238
  20
182.79544
  0
VERTEX
  5
1552
  8
Layer_0
  10
276.22001
  20
182.78965
  0
VERTEX
  5
1553
  8
Layer_0
  10
275.98072
  20
182.78627
  0
VERTEX
  5
1554
  8
Layer_0
  10
275.67365
  20
182.78485
  0
VERTEX
  5
1555
  8
Layer_0
  10
275.28796
  20
182.78496
  0
VERTEX
  5
1556
  8
Layer_0
  10
274.14114
  20
182.78496
  0
VERTEX
  5
1557
  8
Layer_0
  10
274.15448
  20
182.93164
  42
-0.034954338
  0
VERTEX
  5
1558
  8
Layer_0
  10
274.17545
  20
183.12596
  42
0.018897773
  0
VERTEX
  5
1559
  8
Layer_0
  10
274.2059
  20
183.32597
  42
-0.028422206
  0
VERTEX
  5
155a
  8
Layer_0
  10
274.2345
  20
183.52219
  0
VERTEX
  5
155b
  8
Layer_0
  10
274.24213
  20
183.5641
  0
VERTEX
  5
155c
  8
Layer_0
  10
275.14508
  20
183.5641
  0
VERTEX
  5
155d
  8
Layer_0
  10
276.04807
  20
183.5641
  0
VERTEX
  5
155e
  8
Layer_0
  10
276.06711
  20
183.68411
  42
0.013808894
  0
VERTEX
  5
155f
  8
Layer_0
  10
276.09949
  20
183.88795
  42
-0.011429913
  0
VERTEX
  5
1560
  8
Layer_0
  10
276.12805
  20
184.07655
  42
0.049388185
  0
VERTEX
  5
1561
  8
Layer_0
  10
276.14713
  20
184.21942
  0
VERTEX
  5
1562
  8
Layer_0
  10
276.14092
  20
184.24705
  0
VERTEX
  5
1563
  8
Layer_0
  10
276.10901
  20
184.2118
  42
0.16804854
  0
VERTEX
  5
1564
  8
Layer_0
  10
276.07092
  20
184.14322
  0
VERTEX
  5
1565
  8
Layer_0
  10
276.04257
  20
184.10155
  0
VERTEX
  5
1566
  8
Layer_0
  10
275.97566
  20
184.02702
  0
VERTEX
  5
1567
  8
Layer_0
  10
275.83493
  20
183.91683
  0
VERTEX
  5
1568
  8
Layer_0
  10
275.65419
  20
183.84985
  0
VERTEX
  5
1569
  8
Layer_0
  10
275.53878
  20
183.83023
  0
VERTEX
  5
156a
  8
Layer_0
  10
275.4013
  20
183.8186
  0
VERTEX
  5
156b
  8
Layer_0
  10
275.23776
  20
183.81402
  0
VERTEX
  5
156c
  8
Layer_0
  10
275.04412
  20
183.81556
  0
VERTEX
  5
156d
  8
Layer_0
  10
274.83376
  20
183.82131
  0
VERTEX
  5
156e
  8
Layer_0
  10
274.7086
  20
183.83009
  0
VERTEX
  5
156f
  8
Layer_0
  10
274.63023
  20
183.84637
  0
VERTEX
  5
1570
  8
Layer_0
  10
274.56025
  20
183.87462
  42
-0.099386292
  0
VERTEX
  5
1571
  8
Layer_0
  10
274.37738
  20
184.00226
  42
-0.1505995
  0
VERTEX
  5
1572
  8
Layer_0
  10
274.2821
  20
184.22894
  42
-0.068103707
  0
VERTEX
  5
1573
  8
Layer_0
  10
274.2764
  20
184.54709
  42
0.014855328
  0
VERTEX
  5
1574
  8
Layer_0
  10
274.30878
  20
184.88426
  42
-0.023299091
  0
VERTEX
  5
1575
  8
Layer_0
  10
274.34879
  20
185.22717
  0
VERTEX
  5
1576
  8
Layer_0
  10
274.38793
  20
185.48759
  0
VERTEX
  5
1577
  8
Layer_0
  10
274.42761
  20
185.77605
  0
VERTEX
  5
1578
  8
Layer_0
  10
274.44469
  20
185.90875
  0
VERTEX
  5
1579
  8
Layer_0
  10
274.45836
  20
186.022
  0
VERTEX
  5
157a
  8
Layer_0
  10
274.46743
  20
186.10699
  0
VERTEX
  5
157b
  8
Layer_0
  10
274.47071
  20
186.1549
  0
VERTEX
  5
157c
  8
Layer_0
  10
274.49301
  20
186.28266
  0
VERTEX
  5
157d
  8
Layer_0
  10
274.55334
  20
186.42256
  0
VERTEX
  5
157e
  8
Layer_0
  10
274.64189
  20
186.55674
  0
VERTEX
  5
157f
  8
Layer_0
  10
274.74884
  20
186.66735
  42
-0.12922049
  0
VERTEX
  5
1580
  8
Layer_0
  10
275.06125
  20
186.79689
  42
0.1585041
  0
VERTEX
  5
1581
  8
Layer_0
  10
275.13556
  20
186.81404
  0
VERTEX
  5
1582
  8
Layer_0
  10
275.16708
  20
186.81683
  0
VERTEX
  5
1583
  8
Layer_0
  10
275.24771
  20
186.81927
  0
VERTEX
  5
1584
  8
Layer_0
  10
275.36514
  20
186.821
  0
VERTEX
  5
1585
  8
Layer_0
  10
275.50703
  20
186.82165
  0
VERTEX
  5
1586
  8
Layer_0
  10
275.69666
  20
186.81898
  0
VERTEX
  5
1587
  8
Layer_0
  10
275.85282
  20
186.80993
  0
VERTEX
  5
1588
  8
Layer_0
  10
275.98009
  20
186.79292
  0
VERTEX
  5
1589
  8
Layer_0
  10
276.08306
  20
186.76641
  0
VERTEX
  5
158a
  8
Layer_0
  10
276.23435
  20
186.6786
  0
VERTEX
  5
158b
  8
Layer_0
  10
276.34333
  20
186.534
  0
VERTEX
  5
158c
  8
Layer_0
  10
276.40808
  20
186.41589
  0
SEQEND
  0
POLYLINE
  5
158e
  8
Layer_0
  62
7
  70
1
  66
1
  10
0
  20
0
  30
0
  0
VERTEX
  5
158e
  8
Layer_0
  10
110.3
  20
188.9382
  42
0.41421381
  0
VERTEX
  5
158f
  8
Layer_0
  10
120
  20
179.2382
  0
VERTEX
  5
1590
  8
Layer_0
  10
280
  20
179.2382
  42
0.41421344
  0
VERTEX
  5
1591
  8
Layer_0
  10
289.70001
  20
188.9382
  0
VERTEX
  5
1592
  8
Layer_0
  10
289.70001
  20
212.1842
  42
0.4142136
  0
VERTEX
  5
1593
  8
Layer_0
  10
280
  20
221.8842
  0
VERTEX
  5
1594
  8
Layer_0
  10
120
  20
221.8842
  42
0.41421481
  0
VERTEX
  5
1595
  8
Layer_0
  10
110.3
  20
212.1842
  0
SEQEND
  0
POLYLINE
  5
1597
  8
Layer_0
  62
7
  70
1
  66
1
  10
0
  20
0
  30
0
  0
VERTEX
  5
1597
  8
Layer_0
  10
192.87567
  20
187.90562
  42
-0.13066348
  0
VERTEX
  5
1598
  8
Layer_0
  10
192.59918
  20
187.8335
  42
-0.2049618
  0
VERTEX
  5
1599
  8
Layer_0
  10
192.17957
  20
188.01486
  42
-0.19287319
  0
VERTEX
  5
159a
  8
Layer_0
  10
192.00912
  20
188.49016
  42
-0.19454302
  0
VERTEX
  5
159b
  8
Layer_0
  10
192.19003
  20
188.97937
  42
-0.20328842
  0
VERTEX
  5
159c
  8
Layer_0
  10
192.64012
  20
189.16353
  42
-0.14506348
  0
VERTEX
  5
159d
  8
Layer_0
  10
192.99655
  20
189.05737
  42
-0.14784826
  0
VERTEX
  5
159e
  8
Layer_0
  10
193.2412
  20
188.75717
  0
VERTEX
  5
159f
  8
Layer_0
  10
193.30339
  20
188.51908
  0
VERTEX
  5
15a0
  8
Layer_0
  10
193.32336
  20
188.19415
  0
VERTEX
  5
15a1
  8
Layer_0
  10
193.30149
  20
187.84992
  0
VERTEX
  5
15a2
  8
Layer_0
  10
193.23826
  20
187.58391
  42
-0.14966666
  0
VERTEX
  5
15a3
  8
Layer_0
  10
192.98959
  20
187.23883
  42
-0.15761738
  0
VERTEX
  5
15a4
  8
Layer_0
  10
192.60382
  20
187.12134
  42
-0.18183277
  0
VERTEX
  5
15a5
  8
Layer_0
  10
192.22086
  20
187.25281
  42
-0.18321926
  0
VERTEX
  5
15a6
  8
Layer_0
  10
192.04327
  20
187.61966
  0
VERTEX
  5
15a7
  8
Layer_0
  10
192.27936
  20
187.64075
  42
0.16824892
  0
VERTEX
  5
15a8
  8
Layer_0
  10
192.39322
  20
187.39893
  42
0.18342459
  0
VERTEX
  5
15a9
  8
Layer_0
  10
192.60989
  20
187.32323
  42
0.13741915
  0
VERTEX
  5
15aa
  8
Layer_0
  10
192.80856
  20
187.37445
  42
0.11611963
  0
VERTEX
  5
15ab
  8
Layer_0
  10
192.94882
  20
187.5125
  42
0.079467491
  0
VERTEX
  5
15ac
  8
Layer_0
  10
193.04094
  20
187.74619
  42
0.061317332
  0
VERTEX
  5
15ad
  8
Layer_0
  10
193.0787
  20
188.0462
  42
0.010305392
  0
VERTEX
  5
15ae
  8
Layer_0
  10
193.07748
  20
188.09532
  42
-0.12320503
  0
SEQEND
  0
POLYLINE
  5
15b0
  8
Layer_0
  62
7
  70
1
  66
1
  10
0
  20
0
  30
0
  0
VERTEX
  5
15b0
  8
Layer_0
  10
192.66951
  20
188.96016
  42
0.21143605
  0
VERTEX
  5
15b1
  8
Layer_0
  10
192.38397
  20
188.82733
  42
0.1864373
  0
VERTEX
  5
15b2
  8
Layer_0
  10
192.26147
  20
188.4812
  42
0.19437626
  0
VERTEX
  5
15b3
  8
Layer_0
  10
192.37581
  20
188.17047
  42
0.20345218
  0
VERTEX
  5
15b4
  8
Layer_0
  10
192.65988
  20
188.05022
  42
0.20976595
  0
VERTEX
  5
15b5
  8
Layer_0
  10
192.94061
  20
188.16873
  42
0.18813012
  0
VERTEX
  5
15b6
  8
Layer_0
  10
193.05145
  20
188.49922
  42
0.18621651
  0
VERTEX
  5
15b7
  8
Layer_0
  10
192.93994
  20
188.83517
  42
0.21165762
  0
SEQEND
  0
POLYLINE
  5
15b9
  8
Layer_0
  62
7
  70
1
  66
1
  10
0
  20
0
  30
0
  0
VERTEX
  5
15b9
  8
Layer_0
  10
195.62738
  20
188.5636
  42
0.19647763
  0
VERTEX
  5
15ba
  8
Layer_0
  10
195.48978
  20
188.85051
  0
VERTEX
  5
15bb
  8
Layer_0
  10
195.34387
  20
188.92361
  0
VERTEX
  5
15bc
  8
Layer_0
  10
195.14152
  20
188.94845
  0
VERTEX
  5
15bd
  8
Layer_0
  10
194.93392
  20
188.92709
  0
VERTEX
  5
15be
  8
Layer_0
  10
194.79132
  20
188.86153
  42
0.22762312
  0
VERTEX
  5
15bf
  8
Layer_0
  10
194.68085
  20
188.64973
  42
0.21337223
  0
VERTEX
  5
15c0
  8
Layer_0
  10
194.75806
  20
188.47214
  0
VERTEX
  5
15c1
  8
Layer_0
  10
194.81154
  20
188.43697
  0
VERTEX
  5
15c2
  8
Layer_0
  10
194.8958
  20
188.40128
  0
VERTEX
  5
15c3
  8
Layer_0
  10
195.01084
  20
188.36507
  0
VERTEX
  5
15c4
  8
Layer_0
  10
195.15666
  20
188.32834
  42
-0.051080864
  0
VERTEX
  5
15c5
  8
Layer_0
  10
195.59897
  20
188.19942
  42
-0.1372946
  0
VERTEX
  5
15c6
  8
Layer_0
  10
195.85619
  20
187.99467
  42
-0.14937054
  0
VERTEX
  5
15c7
  8
Layer_0
  10
195.93852
  20
187.70996
  42
-0.14462039
  0
VERTEX
  5
15c8
  8
Layer_0
  10
195.84619
  20
187.40942
  42
-0.14262302
  0
VERTEX
  5
15c9
  8
Layer_0
  10
195.5829
  20
187.1906
  42
-0.10781903
  0
VERTEX
  5
15ca
  8
Layer_0
  10
195.19727
  20
187.11334
  42
-0.10213731
  0
VERTEX
  5
15cb
  8
Layer_0
  10
194.74252
  20
187.19386
  42
-0.1466946
  0
VERTEX
  5
15cc
  8
Layer_0
  10
194.4554
  20
187.43282
  42
-0.13935013
  0
VERTEX
  5
15cd
  8
Layer_0
  10
194.34668
  20
187.79263
  0
VERTEX
  5
15ce
  8
Layer_0
  10
194.59641
  20
187.81369
  42
0.11937156
  0
VERTEX
  5
15cf
  8
Layer_0
  10
194.67819
  20
187.5672
  42
0.14284835
  0
VERTEX
  5
15d0
  8
Layer_0
  10
194.87894
  20
187.41104
  42
0.10293981
  0
VERTEX
  5
15d1
  8
Layer_0
  10
195.1857
  20
187.35075
  42
0.092843778
  0
VERTEX
  5
15d2
  8
Layer_0
  10
195.45325
  20
187.39496
  42
0.14483244
  0
VERTEX
  5
15d3
  8
Layer_0
  10
195.62619
  20
187.51788
  42
0.15756729
  0
VERTEX
  5
15d4
  8
Layer_0
  10
195.68335
  20
187.68892
  42
0.16658584
  0
VERTEX
  5
15d5
  8
Layer_0
  10
195.62927
  20
187.85349
  42
0.13756374
  0
VERTEX
  5
15d6
  8
Layer_0
  10
195.44955
  20
187.97205
  42
0.034028589
  0
VERTEX
  5
15d7
  8
Layer_0
  10
195.0938
  20
188.07069
  42
-0.063186476
  0
VERTEX
  5
15d8
  8
Layer_0
  10
194.7081
  20
188.19672
  42
-0.13193236
  0
VERTEX
  5
15d9
  8
Layer_0
  10
194.49516
  20
188.38359
  42
-0.14181754
  0
VERTEX
  5
15da
  8
Layer_0
  10
194.42567
  20
188.63278
  42
-0.1456108
  0
VERTEX
  5
15db
  8
Layer_0
  10
194.5125
  20
188.91559
  42
-0.15129105
  0
VERTEX
  5
15dc
  8
Layer_0
  10
194.76413
  20
189.11469
  42
-0.098275923
  0
VERTEX
  5
15dd
  8
Layer_0
  10
195.13132
  20
189.18176
  42
-0.10009964
  0
VERTEX
  5
15de
  8
Layer_0
  10
195.52332
  20
189.10893
  42
-0.14873367
  0
VERTEX
  5
15df
  8
Layer_0
  10
195.78394
  20
188.89735
  42
-0.13644908
  0
VERTEX
  5
15e0
  8
Layer_0
  10
195.8812
  20
188.58191
  0
SEQEND
  0
POLYLINE
  5
15e2
  8
Layer_0
  62
7
  70
1
  66
1
  10
0
  20
0
  30
0
  0
VERTEX
  5
15e2
  8
Layer_0
  10
196.67285
  20
187.162
  42
0.12274536
  0
VERTEX
  5
15e3
  8
Layer_0
  10
196.89302
  20
187.10948
  42
0.14025253
  0
VERTEX
  5
15e4
  8
Layer_0
  10
197.21323
  20
187.20331
  42
0.14907938
  0
VERTEX
  5
15e5
  8
Layer_0
  10
197.446
  20
187.47545
  42
0.10573445
  0
VERTEX
  5
15e6
  8
Layer_0
  10
197.52704
  20
187.87561
  42
0.098806641
  0
VERTEX
  5
15e7
  8
Layer_0
  10
197.4559
  20
188.25714
  42
0.14713925
  0
VERTEX
  5
15e8
  8
Layer_0
  10
197.24255
  20
188.52724
  42
0.1491899
  0
VERTEX
  5
15e9
  8
Layer_0
  10
196.91544
  20
188.62375
  42
0.12731525
  0
VERTEX
  5
15ea
  8
Layer_0
  10
196.67378
  20
188.56923
  42
0.11116718
  0
VERTEX
  5
15eb
  8
Layer_0
  10
196.49455
  20
188.40402
  0
VERTEX
  5
15ec
  8
Layer_0
  10
196.49513
  20
188.5923
  0
VERTEX
  5
15ed
  8
Layer_0
  10
196.27139
  20
188.59299
  0
VERTEX
  5
15ee
  8
Layer_0
  10
196.26523
  20
186.5889
  0
VERTEX
  5
15ef
  8
Layer_0
  10
196.51079
  20
186.58815
  0
VERTEX
  5
15f0
  8
Layer_0
  10
196.51297
  20
187.29346
  42
0.10331974
  0
SEQEND
  0
POLYLINE
  5
15f2
  8
Layer_0
  62
7
  70
1
  66
1
  10
0
  20
0
  30
0
  0
VERTEX
  5
15f2
  8
Layer_0
  10
196.87727
  20
187.31143
  42
0.2211879
  0
VERTEX
  5
15f3
  8
Layer_0
  10
197.15805
  20
187.44905
  0
VERTEX
  5
15f4
  8
Layer_0
  10
197.20933
  20
187.52763
  0
VERTEX
  5
15f5
  8
Layer_0
  10
197.24608
  20
187.62528
  0
VERTEX
  5
15f6
  8
Layer_0
  10
197.26831
  20
187.74198
  0
VERTEX
  5
15f7
  8
Layer_0
  10
197.27602
  20
187.87774
  0
VERTEX
  5
15f8
  8
Layer_0
  10
197.24829
  20
188.11998
  0
VERTEX
  5
15f9
  8
Layer_0
  10
197.16338
  20
188.29283
  42
0.22360932
  0
VERTEX
  5
15fa
  8
Layer_0
  10
196.89163
  20
188.43146
  42
0.22414921
  0
VERTEX
  5
15fb
  8
Layer_0
  10
196.61356
  20
188.28564
  0
VERTEX
  5
15fc
  8
Layer_0
  10
196.56049
  20
188.20417
  0
VERTEX
  5
15fd
  8
Layer_0
  10
196.52246
  20
188.10602
  0
VERTEX
  5
15fe
  8
Layer_0
  10
196.49947
  20
187.9912
  0
VERTEX
  5
15ff
  8
Layer_0
  10
196.49152
  20
187.8597
  0
VERTEX
  5
1600
  8
Layer_0
  10
196.51907
  20
187.61643
  0
VERTEX
  5
1601
  8
Layer_0
  10
196.60347
  20
187.44598
  42
0.2204843
  0
SEQEND
  0
POLYLINE
  5
1603
  8
Layer_0
  62
7
  70
1
  66
1
  10
0
  20
0
  30
0
  0
VERTEX
  5
1603
  8
Layer_0
  10
198.84427
  20
187.22624
  42
-0.16330987
  0
VERTEX
  5
1604
  8
Layer_0
  10
198.42917
  20
187.10475
  42
-0.20542074
  0
VERTEX
  5
1605
  8
Layer_0
  10
197.92569
  20
187.30206
  0
VERTEX
  5
1606
  8
Layer_0
  10
197.84454
  20
187.41005
  0
VERTEX
  5
1607
  8
Layer_0
  10
197.78674
  20
187.53766
  0
VERTEX
  5
1608
  8
Layer_0
  10
197.75228
  20
187.68489
  0
VERTEX
  5
1609
  8
Layer_0
  10
197.74115
  20
187.85175
  0
VERTEX
  5
160a
  8
Layer_0
  10
197.75345
  20
188.02429
  0
VERTEX
  5
160b
  8
Layer_0
  10
197.78922
  20
188.1763
  0
VERTEX
  5
160c
  8
Layer_0
  10
197.84846
  20
188.30777
  0
VERTEX
  5
160d
  8
Layer_0
  10
197.93117
  20
188.4187
  42
-0.20800716
  0
VERTEX
  5
160e
  8
Layer_0
  10
198.4202
  20
188.61911
  42
-0.20820731
  0
VERTEX
  5
160f
  8
Layer_0
  10
198.89435
  20
188.41983
  0
VERTEX
  5
1610
  8
Layer_0
  10
198.97458
  20
188.31061
  0
VERTEX
  5
1611
  8
Layer_0
  10
199.03174
  20
188.18134
  0
VERTEX
  5
1612
  8
Layer_0
  10
199.06581
  20
188.03202
  0
VERTEX
  5
1613
  8
Layer_0
  10
199.0768
  20
187.86264
  42
-0.0079273847
  0
VERTEX
  5
1614
  8
Layer_0
  10
199.07523
  20
187.79716
  0
VERTEX
  5
1615
  8
Layer_0
  10
197.99475
  20
187.80049
  42
0.17845992
  0
VERTEX
  5
1616
  8
Layer_0
  10
198.12869
  20
187.43446
  42
0.20463615
  0
VERTEX
  5
1617
  8
Layer_0
  10
198.43115
  20
187.30666
  42
0.16109903
  0
VERTEX
  5
1618
  8
Layer_0
  10
198.66193
  20
187.37688
  42
0.14771592
  0
VERTEX
  5
1619
  8
Layer_0
  10
198.81406
  20
187.60287
  0
VERTEX
  5
161a
  8
Layer_0
  10
199.06772
  20
187.57072
  42
-0.1664056
  0
SEQEND
  0
POLYLINE
  5
161c
  8
Layer_0
  62
7
  70
1
  66
1
  10
0
  20
0
  30
0
  0
VERTEX
  5
161c
  8
Layer_0
  10
198.72609
  20
188.27437
  42
0.22357893
  0
VERTEX
  5
161d
  8
Layer_0
  10
198.4223
  20
188.41719
  42
0.19658159
  0
VERTEX
  5
161e
  8
Layer_0
  10
198.13751
  20
188.30482
  42
0.18447751
  0
VERTEX
  5
161f
  8
Layer_0
  10
198.009
  20
188.00237
  0
VERTEX
  5
1620
  8
Layer_0
  10
198.81802
  20
187.99986
  42
0.15288404
  0
SEQEND
  0
POLYLINE
  5
1622
  8
Layer_0
  62
7
  70
1
  66
1
  10
0
  20
0
  30
0
  0
VERTEX
  5
1622
  8
Layer_0
  10
200.39816
  20
187.22147
  42
-0.16330987
  0
VERTEX
  5
1623
  8
Layer_0
  10
199.98305
  20
187.09996
  42
-0.20541249
  0
VERTEX
  5
1624
  8
Layer_0
  10
199.47955
  20
187.29727
  0
VERTEX
  5
1625
  8
Layer_0
  10
199.39842
  20
187.40526
  0
VERTEX
  5
1626
  8
Layer_0
  10
199.34062
  20
187.53287
  0
VERTEX
  5
1627
  8
Layer_0
  10
199.30616
  20
187.68011
  0
VERTEX
  5
1628
  8
Layer_0
  10
199.29504
  20
187.84696
  0
VERTEX
  5
1629
  8
Layer_0
  10
199.30733
  20
188.01951
  0
VERTEX
  5
162a
  8
Layer_0
  10
199.3431
  20
188.17151
  0
VERTEX
  5
162b
  8
Layer_0
  10
199.40234
  20
188.30298
  0
VERTEX
  5
162c
  8
Layer_0
  10
199.48505
  20
188.41391
  42
-0.20800719
  0
VERTEX
  5
162d
  8
Layer_0
  10
199.97408
  20
188.61432
  42
-0.20820825
  0
VERTEX
  5
162e
  8
Layer_0
  10
200.44821
  20
188.41504
  0
VERTEX
  5
162f
  8
Layer_0
  10
200.52846
  20
188.30582
  0
VERTEX
  5
1630
  8
Layer_0
  10
200.58562
  20
188.17655
  0
VERTEX
  5
1631
  8
Layer_0
  10
200.61969
  20
188.02723
  0
VERTEX
  5
1632
  8
Layer_0
  10
200.63068
  20
187.85785
  42
-0.0077965885
  0
VERTEX
  5
1633
  8
Layer_0
  10
200.62912
  20
187.79237
  0
VERTEX
  5
1634
  8
Layer_0
  10
199.54863
  20
187.7957
  42
0.17844896
  0
VERTEX
  5
1635
  8
Layer_0
  10
199.68256
  20
187.42967
  42
0.2046382
  0
VERTEX
  5
1636
  8
Layer_0
  10
199.98505
  20
187.30186
  42
0.16109661
  0
VERTEX
  5
1637
  8
Layer_0
  10
200.21582
  20
187.37209
  42
0.14771345
  0
VERTEX
  5
1638
  8
Layer_0
  10
200.36795
  20
187.59808
  0
VERTEX
  5
1639
  8
Layer_0
  10
200.6216
  20
187.56593
  42
-0.16642472
  0
SEQEND
  0
POLYLINE
  5
163b
  8
Layer_0
  62
7
  70
1
  66
1
  10
0
  20
0
  30
0
  0
VERTEX
  5
163b
  8
Layer_0
  10
200.27997
  20
188.26958
  42
0.22358099
  0
VERTEX
  5
163c
  8
Layer_0
  10
199.97618
  20
188.4124
  42
0.19658378
  0
VERTEX
  5
163d
  8
Layer_0
  10
199.69138
  20
188.30005
  42
0.18447751
  0
VERTEX
  5
163e
  8
Layer_0
  10
199.5629
  20
187.99757
  0
VERTEX
  5
163f
  8
Layer_0
  10
200.37189
  20
187.99507
  42
0.15289976
  0
SEQEND
  0
POLYLINE
  5
1641
  8
Layer_0
  62
7
  70
1
  66
1
  10
0
  20
0
  30
0
  0
VERTEX
  5
1641
  8
Layer_0
  10
201.69012
  20
188.55377
  42
0.12441701
  0
VERTEX
  5
1642
  8
Layer_0
  10
201.45702
  20
188.60974
  42
0.14526433
  0
VERTEX
  5
1643
  8
Layer_0
  10
201.13339
  20
188.5166
  42
0.15249069
  0
VERTEX
  5
1644
  8
Layer_0
  10
200.91565
  20
188.24648
  42
0.097419901
  0
VERTEX
  5
1645
  8
Layer_0
  10
200.84213
  20
187.8531
  42
0.10948784
  0
VERTEX
  5
1646
  8
Layer_0
  10
200.92072
  20
187.45927
  42
0.13916393
  0
VERTEX
  5
1647
  8
Layer_0
  10
201.145
  20
187.19188
  42
0.14640199
  0
VERTEX
  5
1648
  8
Layer_0
  10
201.46326
  20
187.0954
  42
0.25587244
  0
VERTEX
  5
1649
  8
Layer_0
  10
201.86911
  20
187.30969
  0
VERTEX
  5
164a
  8
Layer_0
  10
201.86855
  20
187.12689
  0
VERTEX
  5
164b
  8
Layer_0
  10
202.09637
  20
187.12619
  0
VERTEX
  5
164c
  8
Layer_0
  10
202.10254
  20
189.12617
  0
VERTEX
  5
164d
  8
Layer_0
  10
201.85834
  20
189.12692
  0
VERTEX
  5
164e
  8
Layer_0
  10
201.85612
  20
188.40933
  42
0.11288109
  0
SEQEND
  0
POLYLINE
  5
1650
  8
Layer_0
  62
7
  70
1
  66
1
  10
0
  20
0
  30
0
  0
VERTEX
  5
1650
  8
Layer_0
  10
201.48708
  20
187.29723
  42
0.21928399
  0
VERTEX
  5
1651
  8
Layer_0
  10
201.76102
  20
187.42804
  0
VERTEX
  5
1652
  8
Layer_0
  10
201.84594
  20
187.59405
  0
VERTEX
  5
1653
  8
Layer_0
  10
201.8748
  20
187.82946
  0
VERTEX
  5
1654
  8
Layer_0
  10
201.86807
  20
187.9683
  0
VERTEX
  5
1655
  8
Layer_0
  10
201.84695
  20
188.08739
  0
VERTEX
  5
1656
  8
Layer_0
  10
201.81144
  20
188.18675
  0
VERTEX
  5
1657
  8
Layer_0
  10
201.76155
  20
188.26638
  42
0.22411383
  0
VERTEX
  5
1658
  8
Layer_0
  10
201.47958
  20
188.4064
  42
0.22444604
  0
VERTEX
  5
1659
  8
Layer_0
  10
201.20563
  20
188.27354
  0
VERTEX
  5
165a
  8
Layer_0
  10
201.12274
  20
188.10156
  0
VERTEX
  5
165b
  8
Layer_0
  10
201.09451
  20
187.85233
  0
VERTEX
  5
165c
  8
Layer_0
  10
201.10144
  20
187.72194
  0
VERTEX
  5
165d
  8
Layer_0
  10
201.12309
  20
187.60906
  0
VERTEX
  5
165e
  8
Layer_0
  10
201.15947
  20
187.51371
  0
VERTEX
  5
165f
  8
Layer_0
  10
201.21056
  20
187.43587
  42
0.21980158
  0
SEQEND
  0
POLYLINE
  5
1661
  8
Layer_0
  62
7
  70
1
  66
1
  10
0
  20
0
  30
0
  0
VERTEX
  5
1661
  8
Layer_0
  10
203.92026
  20
187.96777
  0
VERTEX
  5
1662
  8
Layer_0
  10
203.91949
  20
187.72084
  0
VERTEX
  5
1663
  8
Layer_0
  10
203.16507
  20
187.72318
  0
VERTEX
  5
1664
  8
Layer_0
  10
203.16583
  20
187.97009
  0
SEQEND
  0
POLYLINE
  5
1666
  8
Layer_0
  62
7
  70
1
  66
1
  10
0
  20
0
  30
0
  0
VERTEX
  5
1666
  8
Layer_0
  10
205.25125
  20
187.35248
  0
VERTEX
  5
1667
  8
Layer_0
  10
205.25668
  20
189.11646
  0
VERTEX
  5
1668
  8
Layer_0
  10
204.99202
  20
189.11726
  0
VERTEX
  5
1669
  8
Layer_0
  10
204.98586
  20
187.11728
  0
VERTEX
  5
166a
  8
Layer_0
  10
206.2355
  20
187.11343
  0
VERTEX
  5
166b
  8
Layer_0
  10
206.23624
  20
187.34944
  0
SEQEND
  0
POLYLINE
  5
166d
  8
Layer_0
  62
7
  70
1
  66
1
  10
0
  20
0
  30
0
  0
VERTEX
  5
166d
  8
Layer_0
  10
206.77237
  20
189.11179
  0
VERTEX
  5
166e
  8
Layer_0
  10
206.52679
  20
189.11253
  0
VERTEX
  5
166f
  8
Layer_0
  10
206.52594
  20
188.83014
  0
VERTEX
  5
1670
  8
Layer_0
  10
206.77148
  20
188.82938
  0
SEQEND
  0
POLYLINE
  5
1672
  8
Layer_0
  62
7
  70
1
  66
1
  10
0
  20
0
  30
0
  0
VERTEX
  5
1672
  8
Layer_0
  10
206.7662
  20
187.11179
  0
VERTEX
  5
1673
  8
Layer_0
  10
206.52063
  20
187.11255
  0
VERTEX
  5
1674
  8
Layer_0
  10
206.5251
  20
188.56139
  0
VERTEX
  5
1675
  8
Layer_0
  10
206.77066
  20
188.56062
  0
SEQEND
  0
POLYLINE
  5
1677
  8
Layer_0
  62
7
  70
1
  66
1
  10
0
  20
0
  30
0
  0
VERTEX
  5
1677
  8
Layer_0
  10
207.67799
  20
188.59058
  42
0.14863572
  0
VERTEX
  5
1678
  8
Layer_0
  10
207.34277
  20
188.49611
  42
0.14504191
  0
VERTEX
  5
1679
  8
Layer_0
  10
207.12434
  20
188.22598
  42
0.10145203
  0
VERTEX
  5
167a
  8
Layer_0
  10
207.04813
  20
187.84354
  42
0.16382685
  0
VERTEX
  5
167b
  8
Layer_0
  10
207.21024
  20
187.32597
  42
0.23446413
  0
VERTEX
  5
167c
  8
Layer_0
  10
207.67206
  20
187.10901
  42
0.22018825
  0
VERTEX
  5
167d
  8
Layer_0
  10
208.07373
  20
187.29739
  42
-0.06380837
  0
VERTEX
  5
167e
  8
Layer_0
  10
208.05502
  20
186.98232
  42
-0.17066475
  0
VERTEX
  5
167f
  8
Layer_0
  10
207.92892
  20
186.7917
  42
-0.15984121
  0
VERTEX
  5
1680
  8
Layer_0
  10
207.66542
  20
186.7243
  42
-0.16165801
  0
VERTEX
  5
1681
  8
Layer_0
  10
207.41597
  20
186.79327
  42
-0.2024013
  0
VERTEX
  5
1682
  8
Layer_0
  10
207.33325
  20
186.95451
  0
VERTEX
  5
1683
  8
Layer_0
  10
207.0946
  20
186.99072
  42
0.2455107
  0
VERTEX
  5
1684
  8
Layer_0
  10
207.2477
  20
186.63896
  42
0.15909332
  0
VERTEX
  5
1685
  8
Layer_0
  10
207.66617
  20
186.52103
  42
0.12598025
  0
VERTEX
  5
1686
  8
Layer_0
  10
208.03407
  20
186.60175
  42
0.1551308
  0
VERTEX
  5
1687
  8
Layer_0
  10
208.25305
  20
186.82413
  0
VERTEX
  5
1688
  8
Layer_0
  10
208.28344
  20
186.90695
  0
VERTEX
  5
1689
  8
Layer_0
  10
208.3053
  20
187.01445
  0
VERTEX
  5
168a
  8
Layer_0
  10
208.31863
  20
187.14662
  0
VERTEX
  5
168b
  8
Layer_0
  10
208.32342
  20
187.30345
  0
VERTEX
  5
168c
  8
Layer_0
  10
208.32727
  20
188.55583
  0
VERTEX
  5
168d
  8
Layer_0
  10
208.1008
  20
188.55653
  0
VERTEX
  5
168e
  8
Layer_0
  10
208.10028
  20
188.3819
  42
0.22741527
  0
SEQEND
  0
POLYLINE
  5
1690
  8
Layer_0
  62
7
  70
1
  66
1
  10
0
  20
0
  30
0
  0
VERTEX
  5
1690
  8
Layer_0
  10
207.69588
  20
187.31221
  42
0.2155914
  0
VERTEX
  5
1691
  8
Layer_0
  10
207.98004
  20
187.44162
  0
VERTEX
  5
1692
  8
Layer_0
  10
208.03041
  20
187.51585
  0
VERTEX
  5
1693
  8
Layer_0
  10
208.06651
  20
187.60864
  0
VERTEX
  5
1694
  8
Layer_0
  10
208.08834
  20
187.71997
  0
VERTEX
  5
1695
  8
Layer_0
  10
208.0959
  20
187.84985
  0
VERTEX
  5
1696
  8
Layer_0
  10
208.08891
  20
187.97471
  0
VERTEX
  5
1697
  8
Layer_0
  10
208.06712
  20
188.08323
  0
VERTEX
  5
1698
  8
Layer_0
  10
208.03053
  20
188.17543
  0
VERTEX
  5
1699
  8
Layer_0
  10
207.97913
  20
188.25131
  42
0.21644996
  0
VERTEX
  5
169a
  8
Layer_0
  10
207.6951
  20
188.38724
  42
0.21827293
  0
VERTEX
  5
169b
  8
Layer_0
  10
207.41638
  20
188.25508
  0
VERTEX
  5
169c
  8
Layer_0
  10
207.32993
  20
188.09011
  0
VERTEX
  5
169d
  8
Layer_0
  10
207.30057
  20
187.86049
  0
VERTEX
  5
169e
  8
Layer_0
  10
207.32812
  20
187.61382
  0
VERTEX
  5
169f
  8
Layer_0
  10
207.41252
  20
187.44405
  42
0.21782697
  0
SEQEND
  0
POLYLINE
  5
16a1
  8
Layer_0
  62
7
  70
1
  66
1
  10
0
  20
0
  30
0
  0
VERTEX
  5
16a1
  8
Layer_0
  10
208.94341
  20
188.3875
  42
-0.21806164
  0
VERTEX
  5
16a2
  8
Layer_0
  10
209.37784
  20
188.58533
  42
-0.12333456
  0
VERTEX
  5
16a3
  8
Layer_0
  10
209.65732
  20
188.52103
  42
-0.16421359
  0
VERTEX
  5
16a4
  8
Layer_0
  10
209.82663
  20
188.3452
  42
-0.10765523
  0
VERTEX
  5
16a5
  8
Layer_0
  10
209.8768
  20
188.02036
  0
VERTEX
  5
16a6
  8
Layer_0
  10
209.87396
  20
187.10222
  0
VERTEX
  5
16a7
  8
Layer_0
  10
209.62839
  20
187.10297
  0
VERTEX
  5
16a8
  8
Layer_0
  10
209.63123
  20
188.02112
  0
VERTEX
  5
16a9
  8
Layer_0
  10
209.61177
  20
188.18028
  0
VERTEX
  5
16aa
  8
Layer_0
  10
209.55225
  20
188.28943
  42
0.20541812
  0
VERTEX
  5
16ab
  8
Layer_0
  10
209.32672
  20
188.37402
  42
0.13379065
  0
VERTEX
  5
16ac
  8
Layer_0
  10
209.12122
  20
188.31805
  42
0.1610935
  0
VERTEX
  5
16ad
  8
Layer_0
  10
208.98364
  20
188.16499
  42
0.10026852
  0
VERTEX
  5
16ae
  8
Layer_0
  10
208.94189
  20
187.89772
  0
VERTEX
  5
16af
  8
Layer_0
  10
208.93945
  20
187.1051
  0
VERTEX
  5
16b0
  8
Layer_0
  10
208.69388
  20
187.10585
  0
VERTEX
  5
16b1
  8
Layer_0
  10
208.70004
  20
189.10583
  0
VERTEX
  5
16b2
  8
Layer_0
  10
208.94562
  20
189.10509
  0
SEQEND
  0
POLYLINE
  5
16b4
  8
Layer_0
  62
7
  70
1
  66
1
  10
0
  20
0
  30
0
  0
VERTEX
  5
16b4
  8
Layer_0
  10
210.54301
  20
189.05515
  0
VERTEX
  5
16b5
  8
Layer_0
  10
210.29836
  20
188.90855
  0
VERTEX
  5
16b6
  8
Layer_0
  10
210.29724
  20
188.54976
  0
VERTEX
  5
16b7
  8
Layer_0
  10
210.11717
  20
188.55031
  0
VERTEX
  5
16b8
  8
Layer_0
  10
210.11658
  20
188.35931
  0
VERTEX
  5
16b9
  8
Layer_0
  10
210.29666
  20
188.35876
  0
VERTEX
  5
16ba
  8
Layer_0
  10
210.2941
  20
187.52521
  0
VERTEX
  5
16bb
  8
Layer_0
  10
210.30103
  20
187.3422
  0
VERTEX
  5
16bc
  8
Layer_0
  10
210.32321
  20
187.23521
  42
0.16107689
  0
VERTEX
  5
16bd
  8
Layer_0
  10
210.42654
  20
187.1237
  42
0.13102671
  0
VERTEX
  5
16be
  8
Layer_0
  10
210.63379
  20
187.08078
  42
0.051924198
  0
VERTEX
  5
16bf
  8
Layer_0
  10
210.8194
  20
187.10204
  0
VERTEX
  5
16c0
  8
Layer_0
  10
210.78459
  20
187.31906
  42
-0.035496985
  0
VERTEX
  5
16c1
  8
Layer_0
  10
210.67679
  20
187.30984
  42
-0.13681605
  0
VERTEX
  5
16c2
  8
Layer_0
  10
210.59294
  20
187.32784
  42
-0.1560974
  0
VERTEX
  5
16c3
  8
Layer_0
  10
210.5508
  20
187.37572
  42
-0.10222012
  0
VERTEX
  5
16c4
  8
Layer_0
  10
210.53825
  20
187.51082
  0
VERTEX
  5
16c5
  8
Layer_0
  10
210.54086
  20
188.35802
  0
VERTEX
  5
16c6
  8
Layer_0
  10
210.7878
  20
188.35725
  0
VERTEX
  5
16c7
  8
Layer_0
  10
210.78839
  20
188.54825
  0
VERTEX
  5
16c8
  8
Layer_0
  10
210.54144
  20
188.54901
  0
SEQEND
  0
POLYLINE
  5
16ca
  8
Layer_0
  62
7
  70
1
  66
1
  10
0
  20
0
  30
0
  0
VERTEX
  5
16ca
  8
Layer_0
  10
213.02429
  20
188.50998
  42
0.19646523
  0
VERTEX
  5
16cb
  8
Layer_0
  10
212.8867
  20
188.79689
  0
VERTEX
  5
16cc
  8
Layer_0
  10
212.74078
  20
188.86999
  0
VERTEX
  5
16cd
  8
Layer_0
  10
212.53844
  20
188.89483
  0
VERTEX
  5
16ce
  8
Layer_0
  10
212.33083
  20
188.87347
  0
VERTEX
  5
16cf
  8
Layer_0
  10
212.18823
  20
188.80792
  42
0.22764736
  0
VERTEX
  5
16d0
  8
Layer_0
  10
212.07776
  20
188.59612
  42
0.21339141
  0
VERTEX
  5
16d1
  8
Layer_0
  10
212.15497
  20
188.41852
  0
VERTEX
  5
16d2
  8
Layer_0
  10
212.20846
  20
188.38335
  0
VERTEX
  5
16d3
  8
Layer_0
  10
212.29272
  20
188.34767
  0
VERTEX
  5
16d4
  8
Layer_0
  10
212.40776
  20
188.31146
  0
VERTEX
  5
16d5
  8
Layer_0
  10
212.55358
  20
188.27473
  42
-0.051089926
  0
VERTEX
  5
16d6
  8
Layer_0
  10
212.99588
  20
188.14581
  42
-0.13730099
  0
VERTEX
  5
16d7
  8
Layer_0
  10
213.2531
  20
187.94106
  42
-0.14936869
  0
VERTEX
  5
16d8
  8
Layer_0
  10
213.33545
  20
187.65636
  42
-0.14462039
  0
VERTEX
  5
16d9
  8
Layer_0
  10
213.2431
  20
187.35582
  42
-0.14262479
  0
VERTEX
  5
16da
  8
Layer_0
  10
212.97981
  20
187.13698
  42
-0.10782078
  0
VERTEX
  5
16db
  8
Layer_0
  10
212.59418
  20
187.05972
  42
-0.1021315
  0
VERTEX
  5
16dc
  8
Layer_0
  10
212.13943
  20
187.14026
  42
-0.14670164
  0
VERTEX
  5
16dd
  8
Layer_0
  10
211.85233
  20
187.3792
  42
-0.13935013
  0
VERTEX
  5
16de
  8
Layer_0
  10
211.74359
  20
187.73901
  0
VERTEX
  5
16df
  8
Layer_0
  10
211.99332
  20
187.76009
  42
0.11939236
  0
VERTEX
  5
16e0
  8
Layer_0
  10
212.0751
  20
187.51358
  42
0.14286927
  0
VERTEX
  5
16e1
  8
Layer_0
  10
212.27585
  20
187.35744
  42
0.10293987
  0
VERTEX
  5
16e2
  8
Layer_0
  10
212.58263
  20
187.29715
  42
0.092843837
  0
VERTEX
  5
16e3
  8
Layer_0
  10
212.85016
  20
187.34134
  42
0.14480801
  0
VERTEX
  5
16e4
  8
Layer_0
  10
213.02312
  20
187.46426
  42
0.15756729
  0
VERTEX
  5
16e5
  8
Layer_0
  10
213.08026
  20
187.63531
  42
0.16661201
  0
VERTEX
  5
16e6
  8
Layer_0
  10
213.02618
  20
187.79987
  42
0.13759746
  0
VERTEX
  5
16e7
  8
Layer_0
  10
212.84647
  20
187.91843
  42
0.03404189
  0
VERTEX
  5
16e8
  8
Layer_0
  10
212.49071
  20
188.01707
  42
-0.06318531
  0
VERTEX
  5
16e9
  8
Layer_0
  10
212.10501
  20
188.1431
  42
-0.13195111
  0
VERTEX
  5
16ea
  8
Layer_0
  10
211.89209
  20
188.32997
  42
-0.14183633
  0
VERTEX
  5
16eb
  8
Layer_0
  10
211.82259
  20
188.57916
  42
-0.1456108
  0
VERTEX
  5
16ec
  8
Layer_0
  10
211.90941
  20
188.86198
  42
-0.1512755
  0
VERTEX
  5
16ed
  8
Layer_0
  10
212.16104
  20
189.06107
  42
-0.098282053
  0
VERTEX
  5
16ee
  8
Layer_0
  10
212.52823
  20
189.12816
  42
-0.10009968
  0
VERTEX
  5
16ef
  8
Layer_0
  10
212.92024
  20
189.05531
  42
-0.14871276
  0
VERTEX
  5
16f0
  8
Layer_0
  10
213.18085
  20
188.84373
  42
-0.13643442
  0
VERTEX
  5
16f1
  8
Layer_0
  10
213.27811
  20
188.52829
  0
SEQEND
  0
POLYLINE
  5
16f3
  8
Layer_0
  62
7
  70
1
  66
1
  10
0
  20
0
  30
0
  0
VERTEX
  5
16f3
  8
Layer_0
  10
214.06976
  20
187.10838
  42
0.12273295
  0
VERTEX
  5
16f4
  8
Layer_0
  10
214.28995
  20
187.05586
  42
0.14026115
  0
VERTEX
  5
16f5
  8
Layer_0
  10
214.61014
  20
187.14969
  42
0.14907938
  0
VERTEX
  5
16f6
  8
Layer_0
  10
214.84291
  20
187.42183
  42
0.10573445
  0
VERTEX
  5
16f7
  8
Layer_0
  10
214.92395
  20
187.82199
  42
0.098806641
  0
VERTEX
  5
16f8
  8
Layer_0
  10
214.85281
  20
188.20352
  42
0.14715359
  0
VERTEX
  5
16f9
  8
Layer_0
  10
214.63947
  20
188.47362
  42
0.14920146
  0
VERTEX
  5
16fa
  8
Layer_0
  10
214.31235
  20
188.57013
  42
0.12730294
  0
VERTEX
  5
16fb
  8
Layer_0
  10
214.07069
  20
188.51563
  42
0.11116718
  0
VERTEX
  5
16fc
  8
Layer_0
  10
213.89148
  20
188.35042
  0
VERTEX
  5
16fd
  8
Layer_0
  10
213.89206
  20
188.53868
  0
VERTEX
  5
16fe
  8
Layer_0
  10
213.6683
  20
188.53937
  0
VERTEX
  5
16ff
  8
Layer_0
  10
213.66214
  20
186.53528
  0
VERTEX
  5
1700
  8
Layer_0
  10
213.9077
  20
186.53453
  0
VERTEX
  5
1701
  8
Layer_0
  10
213.90988
  20
187.23985
  42
0.10331974
  0
SEQEND
  0
POLYLINE
  5
1703
  8
Layer_0
  62
7
  70
1
  66
1
  10
0
  20
0
  30
0
  0
VERTEX
  5
1703
  8
Layer_0
  10
214.27419
  20
187.25783
  42
0.2211879
  0
VERTEX
  5
1704
  8
Layer_0
  10
214.55496
  20
187.39543
  0
VERTEX
  5
1705
  8
Layer_0
  10
214.60624
  20
187.47402
  0
VERTEX
  5
1706
  8
Layer_0
  10
214.64299
  20
187.57166
  0
VERTEX
  5
1707
  8
Layer_0
  10
214.66522
  20
187.68836
  0
VERTEX
  5
1708
  8
Layer_0
  10
214.67294
  20
187.82413
  0
VERTEX
  5
1709
  8
Layer_0
  10
214.6452
  20
188.06637
  0
VERTEX
  5
170a
  8
Layer_0
  10
214.5603
  20
188.23921
  42
0.22360938
  0
VERTEX
  5
170b
  8
Layer_0
  10
214.28854
  20
188.37784
  42
0.22414921
  0
VERTEX
  5
170c
  8
Layer_0
  10
214.01047
  20
188.23204
  0
VERTEX
  5
170d
  8
Layer_0
  10
213.9574
  20
188.15056
  0
VERTEX
  5
170e
  8
Layer_0
  10
213.91937
  20
188.05241
  0
VERTEX
  5
170f
  8
Layer_0
  10
213.89638
  20
187.93758
  0
VERTEX
  5
1710
  8
Layer_0
  10
213.88843
  20
187.80608
  0
VERTEX
  5
1711
  8
Layer_0
  10
213.91598
  20
187.56282
  0
VERTEX
  5
1712
  8
Layer_0
  10
214.00039
  20
187.39236
  42
0.2204974
  0
SEQEND
  0
POLYLINE
  5
1714
  8
Layer_0
  62
7
  70
1
  66
1
  10
0
  20
0
  30
0
  0
VERTEX
  5
1714
  8
Layer_0
  10
216.2412
  20
187.17264
  42
-0.16330991
  0
VERTEX
  5
1715
  8
Layer_0
  10
215.82608
  20
187.05113
  42
-0.20541275
  0
VERTEX
  5
1716
  8
Layer_0
  10
215.3226
  20
187.24846
  0
VERTEX
  5
1717
  8
Layer_0
  10
215.24146
  20
187.35644
  0
VERTEX
  5
1718
  8
Layer_0
  10
215.18366
  20
187.48405
  0
VERTEX
  5
1719
  8
Layer_0
  10
215.14919
  20
187.63128
  0
VERTEX
  5
171a
  8
Layer_0
  10
215.13807
  20
187.79814
  0
VERTEX
  5
171b
  8
Layer_0
  10
215.15037
  20
187.97068
  0
VERTEX
  5
171c
  8
Layer_0
  10
215.18613
  20
188.12268
  0
VERTEX
  5
171d
  8
Layer_0
  10
215.24537
  20
188.25415
  0
VERTEX
  5
171e
  8
Layer_0
  10
215.32809
  20
188.36509
  42
-0.20801508
  0
VERTEX
  5
171f
  8
Layer_0
  10
215.81711
  20
188.56549
  42
-0.20820734
  0
VERTEX
  5
1720
  8
Layer_0
  10
216.29126
  20
188.36621
  0
VERTEX
  5
1721
  8
Layer_0
  10
216.3715
  20
188.25699
  0
VERTEX
  5
1722
  8
Layer_0
  10
216.42865
  20
188.12772
  0
VERTEX
  5
1723
  8
Layer_0
  10
216.46273
  20
187.9784
  0
VERTEX
  5
1724
  8
Layer_0
  10
216.47372
  20
187.80903
  42
-0.0077963075
  0
VERTEX
  5
1725
  8
Layer_0
  10
216.47215
  20
187.74355
  0
VERTEX
  5
1726
  8
Layer_0
  10
215.39166
  20
187.74687
  42
0.17843542
  0
VERTEX
  5
1727
  8
Layer_0
  10
215.5256
  20
187.38084
  42
0.20462385
  0
VERTEX
  5
1728
  8
Layer_0
  10
215.82806
  20
187.25304
  42
0.16109903
  0
VERTEX
  5
1729
  8
Layer_0
  10
216.05884
  20
187.32327
  42
0.14773255
  0
VERTEX
  5
172a
  8
Layer_0
  10
216.21097
  20
187.54927
  0
VERTEX
  5
172b
  8
Layer_0
  10
216.46463
  20
187.51711
  42
-0.16641791
  0
SEQEND
  0
POLYLINE
  5
172d
  8
Layer_0
  62
7
  70
1
  66
1
  10
0
  20
0
  30
0
  0
VERTEX
  5
172d
  8
Layer_0
  10
216.12302
  20
188.22075
  42
0.22357898
  0
VERTEX
  5
172e
  8
Layer_0
  10
215.81921
  20
188.36357
  42
0.19658159
  0
VERTEX
  5
172f
  8
Layer_0
  10
215.53442
  20
188.25122
  42
0.18446472
  0
VERTEX
  5
1730
  8
Layer_0
  10
215.40593
  20
187.94875
  0
VERTEX
  5
1731
  8
Layer_0
  10
216.21494
  20
187.94626
  42
0.15289993
  0
SEQEND
  0
POLYLINE
  5
1733
  8
Layer_0
  62
7
  70
1
  66
1
  10
0
  20
0
  30
0
  0
VERTEX
  5
1733
  8
Layer_0
  10
217.79507
  20
187.16785
  42
-0.16330987
  0
VERTEX
  5
1734
  8
Layer_0
  10
217.37997
  20
187.04634
  42
-0.20542051
  0
VERTEX
  5
1735
  8
Layer_0
  10
216.87648
  20
187.24367
  0
VERTEX
  5
1736
  8
Layer_0
  10
216.79534
  20
187.35165
  0
VERTEX
  5
1737
  8
Layer_0
  10
216.73754
  20
187.47926
  0
VERTEX
  5
1738
  8
Layer_0
  10
216.70307
  20
187.62649
  0
VERTEX
  5
1739
  8
Layer_0
  10
216.69195
  20
187.79335
  0
VERTEX
  5
173a
  8
Layer_0
  10
216.70425
  20
187.96589
  0
VERTEX
  5
173b
  8
Layer_0
  10
216.74002
  20
188.1179
  0
VERTEX
  5
173c
  8
Layer_0
  10
216.79926
  20
188.24936
  0
VERTEX
  5
173d
  8
Layer_0
  10
216.88197
  20
188.3603
  42
-0.20801508
  0
VERTEX
  5
173e
  8
Layer_0
  10
217.37099
  20
188.5607
  42
-0.20820828
  0
VERTEX
  5
173f
  8
Layer_0
  10
217.84514
  20
188.36142
  0
VERTEX
  5
1740
  8
Layer_0
  10
217.92538
  20
188.2522
  0
VERTEX
  5
1741
  8
Layer_0
  10
217.98254
  20
188.12293
  0
VERTEX
  5
1742
  8
Layer_0
  10
218.01661
  20
187.97361
  0
VERTEX
  5
1743
  8
Layer_0
  10
218.0276
  20
187.80424
  42
-0.0077965885
  0
VERTEX
  5
1744
  8
Layer_0
  10
218.02603
  20
187.73875
  0
VERTEX
  5
1745
  8
Layer_0
  10
216.94554
  20
187.7421
  42
0.17843678
  0
VERTEX
  5
1746
  8
Layer_0
  10
217.07947
  20
187.37605
  42
0.2046259
  0
VERTEX
  5
1747
  8
Layer_0
  10
217.38196
  20
187.24825
  42
0.1611112
  0
VERTEX
  5
1748
  8
Layer_0
  10
217.61273
  20
187.31848
  42
0.14773007
  0
VERTEX
  5
1749
  8
Layer_0
  10
217.76486
  20
187.54448
  0
VERTEX
  5
174a
  8
Layer_0
  10
218.01851
  20
187.51231
  42
-0.16641605
  0
SEQEND
  0
POLYLINE
  5
174c
  8
Layer_0
  62
7
  70
1
  66
1
  10
0
  20
0
  30
0
  0
VERTEX
  5
174c
  8
Layer_0
  10
217.67688
  20
188.21596
  42
0.22358099
  0
VERTEX
  5
174d
  8
Layer_0
  10
217.37309
  20
188.35878
  42
0.19659663
  0
VERTEX
  5
174e
  8
Layer_0
  10
217.0883
  20
188.24643
  42
0.18447751
  0
VERTEX
  5
174f
  8
Layer_0
  10
216.95981
  20
187.94395
  0
VERTEX
  5
1750
  8
Layer_0
  10
217.7688
  20
187.94147
  42
0.15289976
  0
SEQEND
  0
POLYLINE
  5
1752
  8
Layer_0
  62
7
  70
1
  66
1
  10
0
  20
0
  30
0
  0
VERTEX
  5
1752
  8
Layer_0
  10
219.08704
  20
188.50015
  42
0.12441701
  0
VERTEX
  5
1753
  8
Layer_0
  10
218.85393
  20
188.55614
  42
0.14526438
  0
VERTEX
  5
1754
  8
Layer_0
  10
218.5303
  20
188.463
  42
0.15248573
  0
VERTEX
  5
1755
  8
Layer_0
  10
218.31256
  20
188.19286
  42
0.097433216
  0
VERTEX
  5
1756
  8
Layer_0
  10
218.23904
  20
187.7995
  42
0.10947393
  0
VERTEX
  5
1757
  8
Layer_0
  10
218.31763
  20
187.40567
  42
0.13916393
  0
VERTEX
  5
1758
  8
Layer_0
  10
218.54192
  20
187.13826
  42
0.14639277
  0
VERTEX
  5
1759
  8
Layer_0
  10
218.86017
  20
187.04178
  42
0.2558825
  0
VERTEX
  5
175a
  8
Layer_0
  10
219.26602
  20
187.25609
  0
VERTEX
  5
175b
  8
Layer_0
  10
219.26546
  20
187.07327
  0
VERTEX
  5
175c
  8
Layer_0
  10
219.49329
  20
187.07257
  0
VERTEX
  5
175d
  8
Layer_0
  10
219.49945
  20
189.07256
  0
VERTEX
  5
175e
  8
Layer_0
  10
219.25525
  20
189.07332
  0
VERTEX
  5
175f
  8
Layer_0
  10
219.25304
  20
188.35571
  42
0.11288109
  0
SEQEND
  0
POLYLINE
  5
1761
  8
Layer_0
  62
7
  70
1
  66
1
  10
0
  20
0
  30
0
  0
VERTEX
  5
1761
  8
Layer_0
  10
218.88399
  20
187.24362
  42
0.21928399
  0
VERTEX
  5
1762
  8
Layer_0
  10
219.15793
  20
187.37442
  0
VERTEX
  5
1763
  8
Layer_0
  10
219.24285
  20
187.54043
  0
VERTEX
  5
1764
  8
Layer_0
  10
219.27171
  20
187.77585
  0
VERTEX
  5
1765
  8
Layer_0
  10
219.26498
  20
187.91468
  0
VERTEX
  5
1766
  8
Layer_0
  10
219.24386
  20
188.03378
  0
VERTEX
  5
1767
  8
Layer_0
  10
219.20836
  20
188.13314
  0
VERTEX
  5
1768
  8
Layer_0
  10
219.15846
  20
188.21276
  42
0.22411383
  0
VERTEX
  5
1769
  8
Layer_0
  10
218.8765
  20
188.35278
  42
0.22444603
  0
VERTEX
  5
176a
  8
Layer_0
  10
218.60255
  20
188.21994
  0
VERTEX
  5
176b
  8
Layer_0
  10
218.51965
  20
188.04795
  0
VERTEX
  5
176c
  8
Layer_0
  10
218.49143
  20
187.79872
  0
VERTEX
  5
176d
  8
Layer_0
  10
218.49836
  20
187.66832
  0
VERTEX
  5
176e
  8
Layer_0
  10
218.52001
  20
187.55545
  0
VERTEX
  5
176f
  8
Layer_0
  10
218.55638
  20
187.46009
  0
VERTEX
  5
1770
  8
Layer_0
  10
218.60748
  20
187.38226
  42
0.21980152
  0
SEQEND
  0
POLYLINE
  5
1772
  8
Layer_0
  62
7
  70
1
  66
1
  10
0
  20
0
  30
0
  0
VERTEX
  5
1772
  8
Layer_0
  10
220.49261
  20
189.0695
  0
VERTEX
  5
1773
  8
Layer_0
  10
220.4919
  20
188.83348
  0
VERTEX
  5
1774
  8
Layer_0
  10
221.15083
  20
188.83145
  0
VERTEX
  5
1775
  8
Layer_0
  10
221.14539
  20
187.06747
  0
VERTEX
  5
1776
  8
Layer_0
  10
221.41006
  20
187.06667
  0
VERTEX
  5
1777
  8
Layer_0
  10
221.4155
  20
188.83064
  0
VERTEX
  5
1778
  8
Layer_0
  10
222.07715
  20
188.8286
  0
VERTEX
  5
1779
  8
Layer_0
  10
222.07788
  20
189.06462
  0
SEQEND
  0
POLYLINE
  5
177b
  8
Layer_0
  62
7
  70
1
  66
1
  10
0
  20
0
  30
0
  0
VERTEX
  5
177b
  8
Layer_0
  10
222.58705
  20
188.49551
  42
-0.15142691
  0
VERTEX
  5
177c
  8
Layer_0
  10
222.74478
  20
188.54414
  42
-0.13909118
  0
VERTEX
  5
177d
  8
Layer_0
  10
222.99692
  20
188.46423
  0
VERTEX
  5
177e
  8
Layer_0
  10
222.91162
  20
188.23666
  42
0.13421928
  0
VERTEX
  5
177f
  8
Layer_0
  10
222.73172
  20
188.29042
  42
0.16315156
  0
VERTEX
  5
1780
  8
Layer_0
  10
222.58694
  20
188.24245
  42
0.15537202
  0
VERTEX
  5
1781
  8
Layer_0
  10
222.49513
  20
188.10834
  42
0.075871996
  0
VERTEX
  5
1782
  8
Layer_0
  10
222.45332
  20
187.82198
  0
VERTEX
  5
1783
  8
Layer_0
  10
222.45099
  20
187.06346
  0
VERTEX
  5
1784
  8
Layer_0
  10
222.20541
  20
187.06421
  0
VERTEX
  5
1785
  8
Layer_0
  10
222.20988
  20
188.51305
  0
VERTEX
  5
1786
  8
Layer_0
  10
222.43089
  20
188.51236
  0
VERTEX
  5
1787
  8
Layer_0
  10
222.43021
  20
188.29272
  42
-0.11751019
  0
SEQEND
  0
POLYLINE
  5
1789
  8
Layer_0
  62
7
  70
1
  66
1
  10
0
  20
0
  30
0
  0
VERTEX
  5
1789
  8
Layer_0
  10
224.1331
  20
187.05827
  0
VERTEX
  5
178a
  8
Layer_0
  10
224.38959
  20
187.05748
  42
-0.084478832
  0
VERTEX
  5
178b
  8
Layer_0
  10
224.32803
  20
187.23161
  42
-0.042819552
  0
VERTEX
  5
178c
  8
Layer_0
  10
224.31369
  20
187.66481
  0
VERTEX
  5
178d
  8
Layer_0
  10
224.3147
  20
187.99223
  42
0.048339103
  0
VERTEX
  5
178e
  8
Layer_0
  10
224.30312
  20
188.21873
  42
0.11976011
  0
VERTEX
  5
178f
  8
Layer_0
  10
224.22723
  20
188.38609
  42
0.13102779
  0
VERTEX
  5
1790
  8
Layer_0
  10
224.05704
  20
188.49644
  42
0.090257402
  0
VERTEX
  5
1791
  8
Layer_0
  10
223.75568
  20
188.54103
  42
0.086730873
  0
VERTEX
  5
1792
  8
Layer_0
  10
223.42673
  20
188.49088
  42
0.13971562
  0
VERTEX
  5
1793
  8
Layer_0
  10
223.20938
  20
188.34557
  42
0.11554499
  0
VERTEX
  5
1794
  8
Layer_0
  10
223.10083
  20
188.09692
  0
VERTEX
  5
1795
  8
Layer_0
  10
223.34084
  20
188.06345
  42
-0.17304755
  0
VERTEX
  5
1796
  8
Layer_0
  10
223.46359
  20
188.27794
  42
-0.15989598
  0
VERTEX
  5
1797
  8
Layer_0
  10
223.71957
  20
188.33786
  42
-0.18298889
  0
VERTEX
  5
1798
  8
Layer_0
  10
223.99899
  20
188.25378
  0
VERTEX
  5
1799
  8
Layer_0
  10
224.05092
  20
188.17006
  0
VERTEX
  5
179a
  8
Layer_0
  10
224.06792
  20
188.04211
  42
-0.0066980225
  0
VERTEX
  5
179b
  8
Layer_0
  10
224.06636
  20
187.978
  42
-0.05443826
  0
VERTEX
  5
179c
  8
Layer_0
  10
223.62817
  20
187.89476
  42
0.034352558
  0
VERTEX
  5
179d
  8
Layer_0
  10
223.40979
  20
187.8586
  42
0.081443024
  0
VERTEX
  5
179e
  8
Layer_0
  10
223.23286
  20
187.77864
  42
0.11846133
  0
VERTEX
  5
179f
  8
Layer_0
  10
223.10556
  20
187.63783
  42
0.12647958
  0
VERTEX
  5
17a0
  8
Layer_0
  10
223.05652
  20
187.44359
  42
0.21124955
  0
VERTEX
  5
17a1
  8
Layer_0
  10
223.18384
  20
187.1451
  0
VERTEX
  5
17a2
  8
Layer_0
  10
223.33944
  20
187.05714
  0
VERTEX
  5
17a3
  8
Layer_0
  10
223.55047
  20
187.02732
  42
0.090679332
  0
VERTEX
  5
17a4
  8
Layer_0
  10
223.82141
  20
187.07423
  42
0.085905559
  0
VERTEX
  5
17a5
  8
Layer_0
  10
224.08453
  20
187.23714
  42
0.089579312
  0
SEQEND
  0
POLYLINE
  5
17a7
  8
Layer_0
  62
7
  70
1
  66
1
  10
0
  20
0
  30
0
  0
VERTEX
  5
17a7
  8
Layer_0
  10
224.06549
  20
187.69559
  42
-0.11141269
  0
VERTEX
  5
17a8
  8
Layer_0
  10
224.02518
  20
187.45015
  42
-0.15386383
  0
VERTEX
  5
17a9
  8
Layer_0
  10
223.8623
  20
187.28079
  42
-0.12866166
  0
VERTEX
  5
17aa
  8
Layer_0
  10
223.60973
  20
187.2195
  42
-0.18250941
  0
VERTEX
  5
17ab
  8
Layer_0
  10
223.39233
  20
187.28566
  42
-0.21543744
  0
VERTEX
  5
17ac
  8
Layer_0
  10
223.31848
  20
187.4496
  42
-0.1449803
  0
VERTEX
  5
17ad
  8
Layer_0
  10
223.35294
  20
187.56613
  42
-0.14723069
  0
VERTEX
  5
17ae
  8
Layer_0
  10
223.45006
  20
187.64565
  42
-0.066857409
  0
VERTEX
  5
17af
  8
Layer_0
  10
223.6644
  20
187.69409
  42
0.061488743
  0
VERTEX
  5
17b0
  8
Layer_0
  10
224.06577
  20
187.78563
  0
SEQEND
  0
POLYLINE
  5
17b2
  8
Layer_0
  62
7
  70
1
  66
1
  10
0
  20
0
  30
0
  0
VERTEX
  5
17b2
  8
Layer_0
  10
225.37914
  20
188.53603
  42
-0.10156913
  0
VERTEX
  5
17b3
  8
Layer_0
  10
225.61978
  20
188.4882
  42
-0.13725717
  0
VERTEX
  5
17b4
  8
Layer_0
  10
225.78378
  20
188.36424
  42
-0.10419685
  0
VERTEX
  5
17b5
  8
Layer_0
  10
225.85963
  20
188.18256
  42
-0.049361109
  0
VERTEX
  5
17b6
  8
Layer_0
  10
225.87253
  20
187.94377
  0
VERTEX
  5
17b7
  8
Layer_0
  10
225.86978
  20
187.05292
  0
VERTEX
  5
17b8
  8
Layer_0
  10
225.62424
  20
187.05368
  0
VERTEX
  5
17b9
  8
Layer_0
  10
225.62695
  20
187.93498
  42
0.092220353
  0
VERTEX
  5
17ba
  8
Layer_0
  10
225.59898
  20
188.15948
  42
0.16579082
  0
VERTEX
  5
17bb
  8
Layer_0
  10
225.49771
  20
188.27849
  42
0.13734168
  0
VERTEX
  5
17bc
  8
Layer_0
  10
225.32663
  20
188.32336
  42
0.18155558
  0
VERTEX
  5
17bd
  8
Layer_0
  10
225.05553
  20
188.22461
  0
VERTEX
  5
17be
  8
Layer_0
  10
225.0055
  20
188.16379
  0
VERTEX
  5
17bf
  8
Layer_0
  10
224.96964
  20
188.0806
  0
VERTEX
  5
17c0
  8
Layer_0
  10
224.94796
  20
187.97502
  0
VERTEX
  5
17c1
  8
Layer_0
  10
224.94044
  20
187.84706
  0
VERTEX
  5
17c2
  8
Layer_0
  10
224.93802
  20
187.05579
  0
VERTEX
  5
17c3
  8
Layer_0
  10
224.69244
  20
187.05655
  0
VERTEX
  5
17c4
  8
Layer_0
  10
224.6969
  20
188.50539
  0
VERTEX
  5
17c5
  8
Layer_0
  10
224.91791
  20
188.5047
  0
VERTEX
  5
17c6
  8
Layer_0
  10
224.91728
  20
188.29869
  42
-0.25041486
  0
SEQEND
  0
POLYLINE
  5
17c8
  8
Layer_0
  62
7
  70
1
  66
1
  10
0
  20
0
  30
0
  0
VERTEX
  5
17c8
  8
Layer_0
  10
227.05991
  20
188.09155
  42
0.18991647
  0
VERTEX
  5
17c9
  8
Layer_0
  10
226.96562
  20
188.26646
  42
0.17030763
  0
VERTEX
  5
17ca
  8
Layer_0
  10
226.74413
  20
188.3299
  0
VERTEX
  5
17cb
  8
Layer_0
  10
226.59913
  20
188.31637
  0
VERTEX
  5
17cc
  8
Layer_0
  10
226.50248
  20
188.27471
  42
0.23214724
  0
VERTEX
  5
17cd
  8
Layer_0
  10
226.42978
  20
188.14397
  42
0.16803934
  0
VERTEX
  5
17ce
  8
Layer_0
  10
226.45952
  20
188.05792
  42
0.13522188
  0
VERTEX
  5
17cf
  8
Layer_0
  10
226.55345
  20
187.99216
  42
0.02211457
  0
VERTEX
  5
17d0
  8
Layer_0
  10
226.77017
  20
187.92873
  42
-0.036404398
  0
VERTEX
  5
17d1
  8
Layer_0
  10
227.13339
  20
187.81369
  42
-0.14038501
  0
VERTEX
  5
17d2
  8
Layer_0
  10
227.29466
  20
187.68428
  42
-0.15276764
  0
VERTEX
  5
17d3
  8
Layer_0
  10
227.35268
  20
187.474
  42
-0.14695088
  0
VERTEX
  5
17d4
  8
Layer_0
  10
227.28035
  20
187.24298
  42
-0.14427583
  0
VERTEX
  5
17d5
  8
Layer_0
  10
227.07315
  20
187.07581
  42
-0.10386807
  0
VERTEX
  5
17d6
  8
Layer_0
  10
226.76736
  20
187.01741
  0
VERTEX
  5
17d7
  8
Layer_0
  10
226.51865
  20
187.04751
  0
VERTEX
  5
17d8
  8
Layer_0
  10
226.33731
  20
187.13606
  42
-0.18323225
  0
VERTEX
  5
17d9
  8
Layer_0
  10
226.14943
  20
187.48453
  0
VERTEX
  5
17da
  8
Layer_0
  10
226.39238
  20
187.52197
  42
0.18649024
  0
VERTEX
  5
17db
  8
Layer_0
  10
226.50562
  20
187.2979
  42
0.17526508
  0
VERTEX
  5
17dc
  8
Layer_0
  10
226.76663
  20
187.21933
  42
0.17671787
  0
VERTEX
  5
17dd
  8
Layer_0
  10
227.01785
  20
187.28745
  42
0.2212981
  0
VERTEX
  5
17de
  8
Layer_0
  10
227.10022
  20
187.44885
  42
0.25192564
  0
VERTEX
  5
17df
  8
Layer_0
  10
227.02832
  20
187.58005
  42
0.082396761
  0
VERTEX
  5
17e0
  8
Layer_0
  10
226.77754
  20
187.66403
  42
-0.049497496
  0
VERTEX
  5
17e1
  8
Layer_0
  10
226.40343
  20
187.7832
  42
-0.14502421
  0
VERTEX
  5
17e2
  8
Layer_0
  10
226.24559
  20
187.92148
  42
-0.13824913
  0
VERTEX
  5
17e3
  8
Layer_0
  10
226.19231
  20
188.11604
  42
-0.12386786
  0
VERTEX
  5
17e4
  8
Layer_0
  10
226.2372
  20
188.29532
  42
-0.11490533
  0
VERTEX
  5
17e5
  8
Layer_0
  10
226.35835
  20
188.43205
  42
-0.08711198
  0
VERTEX
  5
17e6
  8
Layer_0
  10
226.51479
  20
188.50319
  42
-0.072194713
  0
VERTEX
  5
17e7
  8
Layer_0
  10
226.72702
  20
188.53186
  42
-0.091242005
  0
VERTEX
  5
17e8
  8
Layer_0
  10
227.02632
  20
188.48183
  42
-0.14478936
  0
VERTEX
  5
17e9
  8
Layer_0
  10
227.21622
  20
188.34824
  42
-0.11757545
  0
VERTEX
  5
17ea
  8
Layer_0
  10
227.30011
  20
188.12355
  0
SEQEND
  0
POLYLINE
  5
17ec
  8
Layer_0
  62
7
  70
1
  66
1
  10
0
  20
0
  30
0
  0
VERTEX
  5
17ec
  8
Layer_0
  10
228.04877
  20
188.463
  42
-0.13069078
  0
VERTEX
  5
17ed
  8
Layer_0
  10
228.30682
  20
188.52699
  42
-0.144927
  0
VERTEX
  5
17ee
  8
Layer_0
  10
228.57059
  20
188.45934
  42
-0.16560106
  0
VERTEX
  5
17ef
  8
Layer_0
  10
228.7153
  20
188.27199
  42
-0.24879887
  0
VERTEX
  5
17f0
  8
Layer_0
  10
229.16357
  20
188.52435
  42
-0.20268319
  0
VERTEX
  5
17f1
  8
Layer_0
  10
229.49471
  20
188.40396
  0
VERTEX
  5
17f2
  8
Layer_0
  10
229.58121
  20
188.25209
  0
VERTEX
  5
17f3
  8
Layer_0
  10
229.60954
  20
188.03594
  0
VERTEX
  5
17f4
  8
Layer_0
  10
229.60648
  20
187.0414
  0
VERTEX
  5
17f5
  8
Layer_0
  10
229.36227
  20
187.04216
  0
VERTEX
  5
17f6
  8
Layer_0
  10
229.36508
  20
187.95483
  42
0.088465545
  0
VERTEX
  5
17f7
  8
Layer_0
  10
229.34186
  20
188.16705
  42
0.16530727
  0
VERTEX
  5
17f8
  8
Layer_0
  10
229.25555
  20
188.27168
  42
0.1415708
  0
VERTEX
  5
17f9
  8
Layer_0
  10
229.10834
  20
188.31171
  42
0.19978643
  0
VERTEX
  5
17fa
  8
Layer_0
  10
228.85428
  20
188.21085
  0
VERTEX
  5
17fb
  8
Layer_0
  10
228.77815
  20
188.07892
  0
VERTEX
  5
17fc
  8
Layer_0
  10
228.75232
  20
187.88579
  0
VERTEX
  5
17fd
  8
Layer_0
  10
228.74973
  20
187.04404
  0
VERTEX
  5
17fe
  8
Layer_0
  10
228.50415
  20
187.0448
  0
VERTEX
  5
17ff
  8
Layer_0
  10
228.50706
  20
187.98613
  42
0.15951411
  0
VERTEX
  5
1800
  8
Layer_0
  10
228.44778
  20
188.23189
  42
0.23889984
  0
VERTEX
  5
1801
  8
Layer_0
  10
228.25159
  20
188.31435
  42
0.13967811
  0
VERTEX
  5
1802
  8
Layer_0
  10
228.05975
  20
188.26036
  42
0.16535937
  0
VERTEX
  5
1803
  8
Layer_0
  10
227.9317
  20
188.10114
  42
0.09028747
  0
VERTEX
  5
1804
  8
Layer_0
  10
227.8912
  20
187.7984
  0
VERTEX
  5
1805
  8
Layer_0
  10
227.88889
  20
187.04669
  0
VERTEX
  5
1806
  8
Layer_0
  10
227.64331
  20
187.04745
  0
VERTEX
  5
1807
  8
Layer_0
  10
227.64778
  20
188.49629
  0
VERTEX
  5
1808
  8
Layer_0
  10
227.86743
  20
188.49561
  0
VERTEX
  5
1809
  8
Layer_0
  10
227.86681
  20
188.29234
  42
-0.12082699
  0
SEQEND
  0
POLYLINE
  5
180b
  8
Layer_0
  62
7
  70
1
  66
1
  10
0
  20
0
  30
0
  0
VERTEX
  5
180b
  8
Layer_0
  10
230.22382
  20
189.03951
  0
VERTEX
  5
180c
  8
Layer_0
  10
230.22296
  20
188.75711
  0
VERTEX
  5
180d
  8
Layer_0
  10
229.97739
  20
188.75787
  0
VERTEX
  5
180e
  8
Layer_0
  10
229.97826
  20
189.04027
  0
SEQEND
  0
POLYLINE
  5
1810
  8
Layer_0
  62
7
  70
1
  66
1
  10
0
  20
0
  30
0
  0
VERTEX
  5
1810
  8
Layer_0
  10
230.22212
  20
188.48836
  0
VERTEX
  5
1811
  8
Layer_0
  10
229.97656
  20
188.48911
  0
VERTEX
  5
1812
  8
Layer_0
  10
229.97209
  20
187.04028
  0
VERTEX
  5
1813
  8
Layer_0
  10
230.21765
  20
187.03952
  0
SEQEND
  0
POLYLINE
  5
1815
  8
Layer_0
  62
7
  70
1
  66
1
  10
0
  20
0
  30
0
  0
VERTEX
  5
1815
  8
Layer_0
  10
231.40503
  20
188.07816
  42
0.18993916
  0
VERTEX
  5
1816
  8
Layer_0
  10
231.31076
  20
188.25307
  42
0.17030788
  0
VERTEX
  5
1817
  8
Layer_0
  10
231.08926
  20
188.31651
  0
VERTEX
  5
1818
  8
Layer_0
  10
230.94427
  20
188.30298
  0
VERTEX
  5
1819
  8
Layer_0
  10
230.84762
  20
188.26132
  42
0.2321171
  0
VERTEX
  5
181a
  8
Layer_0
  10
230.7749
  20
188.13058
  42
0.16806321
  0
VERTEX
  5
181b
  8
Layer_0
  10
230.80466
  20
188.04454
  42
0.1352453
  0
VERTEX
  5
181c
  8
Layer_0
  10
230.89859
  20
187.97876
  42
0.022116418
  0
VERTEX
  5
181d
  8
Layer_0
  10
231.11531
  20
187.91534
  42
-0.036403012
  0
VERTEX
  5
181e
  8
Layer_0
  10
231.47853
  20
187.80031
  42
-0.14039888
  0
VERTEX
  5
181f
  8
Layer_0
  10
231.6398
  20
187.67088
  42
-0.15277734
  0
VERTEX
  5
1820
  8
Layer_0
  10
231.69781
  20
187.4606
  42
-0.14696024
  0
VERTEX
  5
1821
  8
Layer_0
  10
231.62549
  20
187.22958
  42
-0.14428279
  0
VERTEX
  5
1822
  8
Layer_0
  10
231.41827
  20
187.06242
  42
-0.10387019
  0
VERTEX
  5
1823
  8
Layer_0
  10
231.1125
  20
187.00401
  0
VERTEX
  5
1824
  8
Layer_0
  10
230.86379
  20
187.03412
  0
VERTEX
  5
1825
  8
Layer_0
  10
230.68245
  20
187.12267
  42
-0.1832356
  0
VERTEX
  5
1826
  8
Layer_0
  10
230.49457
  20
187.47113
  0
VERTEX
  5
1827
  8
Layer_0
  10
230.73752
  20
187.50859
  42
0.18648242
  0
VERTEX
  5
1828
  8
Layer_0
  10
230.85074
  20
187.2845
  42
0.17525952
  0
VERTEX
  5
1829
  8
Layer_0
  10
231.11176
  20
187.20593
  42
0.17671525
  0
VERTEX
  5
182a
  8
Layer_0
  10
231.36299
  20
187.27405
  42
0.22130708
  0
VERTEX
  5
182b
  8
Layer_0
  10
231.44534
  20
187.43547
  42
0.25193169
  0
VERTEX
  5
182c
  8
Layer_0
  10
231.37344
  20
187.56665
  42
0.08239504
  0
VERTEX
  5
182d
  8
Layer_0
  10
231.12268
  20
187.65065
  42
-0.049493397
  0
VERTEX
  5
182e
  8
Layer_0
  10
230.74857
  20
187.76981
  42
-0.14503631
  0
VERTEX
  5
182f
  8
Layer_0
  10
230.59073
  20
187.90808
  42
-0.1382475
  0
VERTEX
  5
1830
  8
Layer_0
  10
230.53745
  20
188.10266
  42
-0.12386785
  0
VERTEX
  5
1831
  8
Layer_0
  10
230.58234
  20
188.28192
  42
-0.11490034
  0
VERTEX
  5
1832
  8
Layer_0
  10
230.70349
  20
188.41866
  42
-0.087100011
  0
VERTEX
  5
1833
  8
Layer_0
  10
230.85992
  20
188.48979
  42
-0.072198635
  0
VERTEX
  5
1834
  8
Layer_0
  10
231.07214
  20
188.51848
  42
-0.091247898
  0
VERTEX
  5
1835
  8
Layer_0
  10
231.37146
  20
188.46844
  42
-0.14477552
  0
VERTEX
  5
1836
  8
Layer_0
  10
231.56136
  20
188.33484
  42
-0.11756335
  0
VERTEX
  5
1837
  8
Layer_0
  10
231.64525
  20
188.11015
  0
SEQEND
  0
POLYLINE
  5
1839
  8
Layer_0
  62
7
  70
1
  66
1
  10
0
  20
0
  30
0
  0
VERTEX
  5
1839
  8
Layer_0
  10
232.80203
  20
188.07385
  42
0.18992944
  0
VERTEX
  5
183a
  8
Layer_0
  10
232.70776
  20
188.24876
  42
0.17029841
  0
VERTEX
  5
183b
  8
Layer_0
  10
232.48627
  20
188.31221
  0
VERTEX
  5
183c
  8
Layer_0
  10
232.34126
  20
188.29867
  0
VERTEX
  5
183d
  8
Layer_0
  10
232.24461
  20
188.25702
  42
0.23214724
  0
VERTEX
  5
183e
  8
Layer_0
  10
232.17191
  20
188.12627
  42
0.16806321
  0
VERTEX
  5
183f
  8
Layer_0
  10
232.20166
  20
188.04024
  42
0.13522188
  0
VERTEX
  5
1840
  8
Layer_0
  10
232.29558
  20
187.97446
  42
0.02211457
  0
VERTEX
  5
1841
  8
Layer_0
  10
232.5123
  20
187.91103
  42
-0.036407327
  0
VERTEX
  5
1842
  8
Layer_0
  10
232.87552
  20
187.79599
  42
-0.14040186
  0
VERTEX
  5
1843
  8
Layer_0
  10
233.03679
  20
187.66658
  42
-0.15276769
  0
VERTEX
  5
1844
  8
Layer_0
  10
233.09482
  20
187.4563
  42
-0.14696024
  0
VERTEX
  5
1845
  8
Layer_0
  10
233.02248
  20
187.22528
  42
-0.14428519
  0
VERTEX
  5
1846
  8
Layer_0
  10
232.81528
  20
187.05812
  42
-0.10387198
  0
VERTEX
  5
1847
  8
Layer_0
  10
232.50949
  20
186.99971
  0
VERTEX
  5
1848
  8
Layer_0
  10
232.26078
  20
187.02981
  0
VERTEX
  5
1849
  8
Layer_0
  10
232.07944
  20
187.11837
  42
-0.18323091
  0
VERTEX
  5
184a
  8
Layer_0
  10
231.89156
  20
187.46683
  0
VERTEX
  5
184b
  8
Layer_0
  10
232.13452
  20
187.50429
  42
0.18650019
  0
VERTEX
  5
184c
  8
Layer_0
  10
232.24774
  20
187.2802
  42
0.17526728
  0
VERTEX
  5
184d
  8
Layer_0
  10
232.50876
  20
187.20163
  42
0.17672008
  0
VERTEX
  5
184e
  8
Layer_0
  10
232.75999
  20
187.26974
  42
0.2212981
  0
VERTEX
  5
184f
  8
Layer_0
  10
232.84235
  20
187.43115
  42
0.25190736
  0
VERTEX
  5
1850
  8
Layer_0
  10
232.77045
  20
187.56235
  42
0.082396761
  0
VERTEX
  5
1851
  8
Layer_0
  10
232.51967
  20
187.64635
  42
-0.049490846
  0
VERTEX
  5
1852
  8
Layer_0
  10
232.14555
  20
187.7655
  42
-0.14504178
  0
VERTEX
  5
1853
  8
Layer_0
  10
231.98773
  20
187.90378
  42
-0.13823543
  0
VERTEX
  5
1854
  8
Layer_0
  10
231.93443
  20
188.09836
  42
-0.1238665
  0
VERTEX
  5
1855
  8
Layer_0
  10
231.97932
  20
188.27762
  42
-0.11490533
  0
VERTEX
  5
1856
  8
Layer_0
  10
232.10049
  20
188.41435
  42
-0.08711198
  0
VERTEX
  5
1857
  8
Layer_0
  10
232.25691
  20
188.48549
  42
-0.072194753
  0
VERTEX
  5
1858
  8
Layer_0
  10
232.46915
  20
188.51418
  42
-0.091245783
  0
VERTEX
  5
1859
  8
Layer_0
  10
232.76845
  20
188.46414
  42
-0.14477593
  0
VERTEX
  5
185a
  8
Layer_0
  10
232.95834
  20
188.33054
  42
-0.1175734
  0
VERTEX
  5
185b
  8
Layer_0
  10
233.04224
  20
188.10585
  0
SEQEND
  0
POLYLINE
  5
185d
  8
Layer_0
  62
7
  70
1
  66
1
  10
0
  20
0
  30
0
  0
VERTEX
  5
185d
  8
Layer_0
  10
233.63853
  20
189.02899
  0
VERTEX
  5
185e
  8
Layer_0
  10
233.63766
  20
188.74658
  0
VERTEX
  5
185f
  8
Layer_0
  10
233.39211
  20
188.74734
  0
VERTEX
  5
1860
  8
Layer_0
  10
233.39297
  20
189.02974
  0
SEQEND
  0
POLYLINE
  5
1862
  8
Layer_0
  62
7
  70
1
  66
1
  10
0
  20
0
  30
0
  0
VERTEX
  5
1862
  8
Layer_0
  10
233.63684
  20
188.47783
  0
VERTEX
  5
1863
  8
Layer_0
  10
233.39127
  20
188.47859
  0
VERTEX
  5
1864
  8
Layer_0
  10
233.38681
  20
187.02975
  0
VERTEX
  5
1865
  8
Layer_0
  10
233.63237
  20
187.02899
  0
SEQEND
  0
POLYLINE
  5
1867
  8
Layer_0
  62
7
  70
1
  66
1
  10
0
  20
0
  30
0
  0
VERTEX
  5
1867
  8
Layer_0
  10
234.59874
  20
188.50761
  42
-0.20305788
  0
VERTEX
  5
1868
  8
Layer_0
  10
235.08653
  20
188.31033
  0
VERTEX
  5
1869
  8
Layer_0
  10
235.16917
  20
188.20285
  0
VERTEX
  5
186a
  8
Layer_0
  10
235.22804
  20
188.07678
  0
VERTEX
  5
186b
  8
Layer_0
  10
235.26315
  20
187.9321
  0
VERTEX
  5
186c
  8
Layer_0
  10
235.2745
  20
187.76882
  42
-0.12114501
  0
VERTEX
  5
186d
  8
Layer_0
  10
235.18924
  20
187.32912
  42
-0.14687405
  0
VERTEX
  5
186e
  8
Layer_0
  10
234.94427
  20
187.08089
  42
-0.12700034
  0
VERTEX
  5
186f
  8
Layer_0
  10
234.59407
  20
186.99329
  42
-0.20401151
  0
VERTEX
  5
1870
  8
Layer_0
  10
234.10286
  20
187.1899
  0
VERTEX
  5
1871
  8
Layer_0
  10
234.02112
  20
187.29843
  0
VERTEX
  5
1872
  8
Layer_0
  10
233.9629
  20
187.42839
  0
VERTEX
  5
1873
  8
Layer_0
  10
233.9282
  20
187.57976
  0
VERTEX
  5
1874
  8
Layer_0
  10
233.91701
  20
187.75254
  0
VERTEX
  5
1875
  8
Layer_0
  10
233.93157
  20
187.94068
  0
VERTEX
  5
1876
  8
Layer_0
  10
233.97402
  20
188.10264
  0
VERTEX
  5
1877
  8
Layer_0
  10
234.04436
  20
188.23842
  0
VERTEX
  5
1878
  8
Layer_0
  10
234.14258
  20
188.34803
  42
-0.17964903
  0
SEQEND
  0
POLYLINE
  5
187a
  8
Layer_0
  62
7
  70
1
  66
1
  10
0
  20
0
  30
0
  0
VERTEX
  5
187a
  8
Layer_0
  10
234.5947
  20
187.19521
  42
0.21663828
  0
VERTEX
  5
187b
  8
Layer_0
  10
234.89935
  20
187.33342
  0
VERTEX
  5
187c
  8
Layer_0
  10
234.95271
  20
187.41195
  0
VERTEX
  5
187d
  8
Layer_0
  10
234.99095
  20
187.50878
  0
VERTEX
  5
187e
  8
Layer_0
  10
235.01407
  20
187.6239
  0
VERTEX
  5
187f
  8
Layer_0
  10
235.02207
  20
187.75732
  0
VERTEX
  5
1880
  8
Layer_0
  10
235.01483
  20
187.88358
  0
VERTEX
  5
1881
  8
Layer_0
  10
234.99228
  20
187.9936
  0
VERTEX
  5
1882
  8
Layer_0
  10
234.95441
  20
188.08738
  0
VERTEX
  5
1883
  8
Layer_0
  10
234.90123
  20
188.16493
  42
0.21526459
  0
VERTEX
  5
1884
  8
Layer_0
  10
234.59811
  20
188.30434
  42
0.21536169
  0
VERTEX
  5
1885
  8
Layer_0
  10
234.2921
  20
188.16748
  0
VERTEX
  5
1886
  8
Layer_0
  10
234.23873
  20
188.08997
  0
VERTEX
  5
1887
  8
Layer_0
  10
234.2005
  20
187.99485
  0
VERTEX
  5
1888
  8
Layer_0
  10
234.17738
  20
187.88211
  0
VERTEX
  5
1889
  8
Layer_0
  10
234.16939
  20
187.75176
  0
VERTEX
  5
188a
  8
Layer_0
  10
234.17658
  20
187.62133
  0
VERTEX
  5
188b
  8
Layer_0
  10
234.199
  20
187.50832
  0
VERTEX
  5
188c
  8
Layer_0
  10
234.23665
  20
187.41275
  0
VERTEX
  5
188d
  8
Layer_0
  10
234.28953
  20
187.33461
  42
0.21600474
  0
SEQEND
  0
POLYLINE
  5
188f
  8
Layer_0
  62
7
  70
1
  66
1
  10
0
  20
0
  30
0
  0
VERTEX
  5
188f
  8
Layer_0
  10
235.7849
  20
188.2652
  42
-0.25041409
  0
VERTEX
  5
1890
  8
Layer_0
  10
236.24675
  20
188.50253
  42
-0.10156913
  0
VERTEX
  5
1891
  8
Layer_0
  10
236.4874
  20
188.45471
  42
-0.13725696
  0
VERTEX
  5
1892
  8
Layer_0
  10
236.65141
  20
188.33075
  42
-0.1042107
  0
VERTEX
  5
1893
  8
Layer_0
  10
236.72725
  20
188.14906
  42
-0.049400567
  0
VERTEX
  5
1894
  8
Layer_0
  10
236.74016
  20
187.91028
  0
VERTEX
  5
1895
  8
Layer_0
  10
236.73741
  20
187.01942
  0
VERTEX
  5
1896
  8
Layer_0
  10
236.49185
  20
187.02019
  0
VERTEX
  5
1897
  8
Layer_0
  10
236.49457
  20
187.90149
  42
0.092201832
  0
VERTEX
  5
1898
  8
Layer_0
  10
236.4666
  20
188.12599
  42
0.1657437
  0
VERTEX
  5
1899
  8
Layer_0
  10
236.36533
  20
188.245
  42
0.13732753
  0
VERTEX
  5
189a
  8
Layer_0
  10
236.19426
  20
188.28987
  42
0.18156198
  0
VERTEX
  5
189b
  8
Layer_0
  10
235.92314
  20
188.19112
  0
VERTEX
  5
189c
  8
Layer_0
  10
235.87312
  20
188.1303
  0
VERTEX
  5
189d
  8
Layer_0
  10
235.83726
  20
188.0471
  0
VERTEX
  5
189e
  8
Layer_0
  10
235.81558
  20
187.94152
  0
VERTEX
  5
189f
  8
Layer_0
  10
235.80806
  20
187.81356
  0
VERTEX
  5
18a0
  8
Layer_0
  10
235.80563
  20
187.02229
  0
VERTEX
  5
18a1
  8
Layer_0
  10
235.56006
  20
187.02306
  0
VERTEX
  5
18a2
  8
Layer_0
  10
235.56453
  20
188.47189
  0
VERTEX
  5
18a3
  8
Layer_0
  10
235.78554
  20
188.47121
  0
SEQEND
  0
POLYLINE
  5
18a5
  8
Layer_0
  62
7
  70
1
  66
1
  10
0
  20
0
  30
0
  0
VERTEX
  5
18a5
  8
Layer_0
  10
130.65045
  20
189.29742
  42
-0.20306584
  0
VERTEX
  5
18a6
  8
Layer_0
  10
131.13911
  20
189.10231
  0
VERTEX
  5
18a7
  8
Layer_0
  10
131.22222
  20
188.99521
  0
VERTEX
  5
18a8
  8
Layer_0
  10
131.28165
  20
188.86939
  0
VERTEX
  5
18a9
  8
Layer_0
  10
131.31741
  20
188.72487
  0
VERTEX
  5
18aa
  8
Layer_0
  10
131.32948
  20
188.56164
  42
-0.12111922
  0
VERTEX
  5
18ab
  8
Layer_0
  10
131.24617
  20
188.12155
  42
-0.14687324
  0
VERTEX
  5
18ac
  8
Layer_0
  10
131.0023
  20
187.87225
  42
-0.12698993
  0
VERTEX
  5
18ad
  8
Layer_0
  10
130.65248
  20
187.78311
  42
-0.20401485
  0
VERTEX
  5
18ae
  8
Layer_0
  10
130.16042
  20
187.97754
  0
VERTEX
  5
18af
  8
Layer_0
  10
130.0782
  20
188.08571
  0
VERTEX
  5
18b0
  8
Layer_0
  10
130.01941
  20
188.21541
  0
VERTEX
  5
18b1
  8
Layer_0
  10
129.98403
  20
188.36662
  0
VERTEX
  5
18b2
  8
Layer_0
  10
129.97208
  20
188.53936
  0
VERTEX
  5
18b3
  8
Layer_0
  10
129.9858
  20
188.72756
  0
VERTEX
  5
18b4
  8
Layer_0
  10
130.02753
  20
188.8897
  0
VERTEX
  5
18b5
  8
Layer_0
  10
130.09727
  20
189.0258
  0
VERTEX
  5
18b6
  8
Layer_0
  10
130.19501
  20
189.13584
  42
-0.17964574
  0
SEQEND
  0
POLYLINE
  5
18b8
  8
Layer_0
  62
7
  70
1
  66
1
  10
0
  20
0
  30
0
  0
VERTEX
  5
18b8
  8
Layer_0
  10
130.65222
  20
187.98502
  42
0.21665446
  0
VERTEX
  5
18b9
  8
Layer_0
  10
130.95625
  20
188.12457
  0
VERTEX
  5
18ba
  8
Layer_0
  10
131.00927
  20
188.20335
  0
VERTEX
  5
18bb
  8
Layer_0
  10
131.04708
  20
188.30035
  0
VERTEX
  5
18bc
  8
Layer_0
  10
131.0697
  20
188.41557
  0
VERTEX
  5
18bd
  8
Layer_0
  10
131.0771
  20
188.54903
  0
VERTEX
  5
18be
  8
Layer_0
  10
131.06931
  20
188.67525
  0
VERTEX
  5
18bf
  8
Layer_0
  10
131.04626
  20
188.78517
  0
VERTEX
  5
18c0
  8
Layer_0
  10
131.00798
  20
188.87879
  0
VERTEX
  5
18c1
  8
Layer_0
  10
130.95445
  20
188.95609
  42
0.21528977
  0
VERTEX
  5
18c2
  8
Layer_0
  10
130.65073
  20
189.09416
  42
0.21535213
  0
VERTEX
  5
18c3
  8
Layer_0
  10
130.34532
  20
188.95596
  0
VERTEX
  5
18c4
  8
Layer_0
  10
130.2923
  20
188.87821
  0
VERTEX
  5
18c5
  8
Layer_0
  10
130.25449
  20
188.78292
  0
VERTEX
  5
18c6
  8
Layer_0
  10
130.23187
  20
188.67008
  0
VERTEX
  5
18c7
  8
Layer_0
  10
130.22446
  20
188.5397
  0
VERTEX
  5
18c8
  8
Layer_0
  10
130.23222
  20
188.40929
  0
VERTEX
  5
18c9
  8
Layer_0
  10
130.25514
  20
188.29639
  0
VERTEX
  5
18ca
  8
Layer_0
  10
130.29321
  20
188.20098
  0
VERTEX
  5
18cb
  8
Layer_0
  10
130.34644
  20
188.12308
  42
0.21599848
  0
SEQEND
  0
POLYLINE
  5
18cd
  8
Layer_0
  62
7
  70
1
  66
1
  10
0
  20
0
  30
0
  0
VERTEX
  5
18cd
  8
Layer_0
  10
132.02417
  20
187.83679
  42
0.12273333
  0
VERTEX
  5
18ce
  8
Layer_0
  10
132.24457
  20
187.78525
  42
0.14026285
  0
VERTEX
  5
18cf
  8
Layer_0
  10
132.56436
  20
187.88049
  42
0.14910889
  0
VERTEX
  5
18d0
  8
Layer_0
  10
132.79591
  20
188.15366
  42
0.10575946
  0
VERTEX
  5
18d1
  8
Layer_0
  10
132.8752
  20
188.55417
  42
0.098805485
  0
VERTEX
  5
18d2
  8
Layer_0
  10
132.80237
  20
188.93538
  42
0.14714915
  0
VERTEX
  5
18d3
  8
Layer_0
  10
132.58783
  20
189.20453
  42
0.14919095
  0
VERTEX
  5
18d4
  8
Layer_0
  10
132.26027
  20
189.29959
  42
0.1273075
  0
VERTEX
  5
18d5
  8
Layer_0
  10
132.01888
  20
189.24402
  42
0.11115835
  0
VERTEX
  5
18d6
  8
Layer_0
  10
131.84038
  20
189.07802
  0
VERTEX
  5
18d7
  8
Layer_0
  10
131.84013
  20
189.26628
  0
VERTEX
  5
18d8
  8
Layer_0
  10
131.61639
  20
189.26599
  0
VERTEX
  5
18d9
  8
Layer_0
  10
131.61908
  20
187.2619
  0
VERTEX
  5
18da
  8
Layer_0
  10
131.86465
  20
187.26222
  0
VERTEX
  5
18db
  8
Layer_0
  10
131.86369
  20
187.96754
  42
0.10326416
  0
SEQEND
  0
POLYLINE
  5
18dd
  8
Layer_0
  62
7
  70
1
  66
1
  10
0
  20
0
  30
0
  0
VERTEX
  5
18dd
  8
Layer_0
  10
132.22794
  20
187.98714
  42
0.22119846
  0
VERTEX
  5
18de
  8
Layer_0
  10
132.5081
  20
188.12598
  0
VERTEX
  5
18df
  8
Layer_0
  10
132.55903
  20
188.20479
  0
VERTEX
  5
18e0
  8
Layer_0
  10
132.59534
  20
188.3026
  0
VERTEX
  5
18e1
  8
Layer_0
  10
132.61705
  20
188.4194
  0
VERTEX
  5
18e2
  8
Layer_0
  10
132.62416
  20
188.5552
  0
VERTEX
  5
18e3
  8
Layer_0
  10
132.59536
  20
188.79731
  0
VERTEX
  5
18e4
  8
Layer_0
  10
132.50969
  20
188.96978
  42
0.22361453
  0
VERTEX
  5
18e5
  8
Layer_0
  10
132.23734
  20
189.10721
  42
0.22416509
  0
VERTEX
  5
18e6
  8
Layer_0
  10
131.95992
  20
188.96017
  0
VERTEX
  5
18e7
  8
Layer_0
  10
131.9072
  20
188.87846
  0
VERTEX
  5
18e8
  8
Layer_0
  10
131.8696
  20
188.78014
  0
VERTEX
  5
18e9
  8
Layer_0
  10
131.84712
  20
188.66521
  0
VERTEX
  5
18ea
  8
Layer_0
  10
131.83975
  20
188.53368
  0
VERTEX
  5
18eb
  8
Layer_0
  10
131.86838
  20
188.29054
  0
VERTEX
  5
18ec
  8
Layer_0
  10
131.95354
  20
188.12046
  42
0.22049751
  0
SEQEND
  0
POLYLINE
  5
18ee
  8
Layer_0
  62
7
  70
1
  66
1
  10
0
  20
0
  30
0
  0
VERTEX
  5
18ee
  8
Layer_0
  10
134.75745
  20
188.86365
  42
0.18996477
  0
VERTEX
  5
18ef
  8
Layer_0
  10
134.6624
  20
189.03815
  42
0.17030235
  0
VERTEX
  5
18f0
  8
Layer_0
  10
134.44063
  20
189.10062
  0
VERTEX
  5
18f1
  8
Layer_0
  10
134.29569
  20
189.08643
  0
VERTEX
  5
18f2
  8
Layer_0
  10
134.19923
  20
189.04435
  42
0.23218843
  0
VERTEX
  5
18f3
  8
Layer_0
  10
134.12711
  20
188.91328
  42
0.16818876
  0
VERTEX
  5
18f4
  8
Layer_0
  10
134.15723
  20
188.82738
  42
0.13518633
  0
VERTEX
  5
18f5
  8
Layer_0
  10
134.25145
  20
188.76202
  42
0.02212348
  0
VERTEX
  5
18f6
  8
Layer_0
  10
134.46844
  20
188.69955
  42
-0.036404205
  0
VERTEX
  5
18f7
  8
Layer_0
  10
134.83218
  20
188.58614
  42
-0.14037521
  0
VERTEX
  5
18f8
  8
Layer_0
  10
134.99402
  20
188.45743
  42
-0.15273934
  0
VERTEX
  5
18f9
  8
Layer_0
  10
135.05296
  20
188.24741
  42
-0.14694705
  0
VERTEX
  5
18fa
  8
Layer_0
  10
134.98164
  20
188.01607
  42
-0.14426881
  0
VERTEX
  5
18fb
  8
Layer_0
  10
134.77519
  20
187.84799
  42
-0.10386208
  0
VERTEX
  5
18fc
  8
Layer_0
  10
134.46968
  20
187.78824
  0
VERTEX
  5
18fd
  8
Layer_0
  10
134.22083
  20
187.81723
  0
VERTEX
  5
18fe
  8
Layer_0
  10
134.03909
  20
187.90498
  42
-0.18322181
  0
VERTEX
  5
18ff
  8
Layer_0
  10
133.84967
  20
188.25261
  0
VERTEX
  5
1900
  8
Layer_0
  10
134.09247
  20
188.29114
  42
0.18653337
  0
VERTEX
  5
1901
  8
Layer_0
  10
134.20668
  20
188.06755
  42
0.17528389
  0
VERTEX
  5
1902
  8
Layer_0
  10
134.46803
  20
187.99014
  42
0.17672441
  0
VERTEX
  5
1903
  8
Layer_0
  10
134.71896
  20
188.05937
  42
0.22129743
  0
VERTEX
  5
1904
  8
Layer_0
  10
134.80061
  20
188.22115
  42
0.25192185
  0
VERTEX
  5
1905
  8
Layer_0
  10
134.72812
  20
188.35202
  42
0.082415676
  0
VERTEX
  5
1906
  8
Layer_0
  10
134.47699
  20
188.43491
  42
-0.049492733
  0
VERTEX
  5
1907
  8
Layer_0
  10
134.10234
  20
188.55241
  42
-0.14504917
  0
VERTEX
  5
1908
  8
Layer_0
  10
133.94391
  20
188.68999
  42
-0.13827718
  0
VERTEX
  5
1909
  8
Layer_0
  10
133.88976
  20
188.88432
  42
-0.12386852
  0
VERTEX
  5
190a
  8
Layer_0
  10
133.93385
  20
189.06378
  42
-0.11492969
  0
VERTEX
  5
190b
  8
Layer_0
  10
134.05441
  20
189.20105
  42
-0.08709311
  0
VERTEX
  5
190c
  8
Layer_0
  10
134.21051
  20
189.27289
  42
-0.072189761
  0
VERTEX
  5
190d
  8
Layer_0
  10
134.42262
  20
189.30249
  42
-0.091253675
  0
VERTEX
  5
190e
  8
Layer_0
  10
134.72214
  20
189.25378
  42
-0.14479344
  0
VERTEX
  5
190f
  8
Layer_0
  10
134.91263
  20
189.12103
  42
-0.11758028
  0
VERTEX
  5
1910
  8
Layer_0
  10
134.99751
  20
188.89671
  0
SEQEND
  0
POLYLINE
  5
1912
  8
Layer_0
  62
7
  70
1
  66
1
  10
0
  20
0
  30
0
  0
VERTEX
  5
1912
  8
Layer_0
  10
135.75133
  20
187.8418
  42
0.12275497
  0
VERTEX
  5
1913
  8
Layer_0
  10
135.97173
  20
187.79025
  42
0.1402628
  0
VERTEX
  5
1914
  8
Layer_0
  10
136.2915
  20
187.8855
  42
0.14908228
  0
VERTEX
  5
1915
  8
Layer_0
  10
136.52307
  20
188.15866
  42
0.10573314
  0
VERTEX
  5
1916
  8
Layer_0
  10
136.60234
  20
188.55917
  42
0.098805042
  0
VERTEX
  5
1917
  8
Layer_0
  10
136.52953
  20
188.94038
  42
0.14712229
  0
VERTEX
  5
1918
  8
Layer_0
  10
136.31497
  20
189.20953
  42
0.14919099
  0
VERTEX
  5
1919
  8
Layer_0
  10
135.98743
  20
189.3046
  42
0.1273075
  0
VERTEX
  5
191a
  8
Layer_0
  10
135.74602
  20
189.24902
  42
0.11115835
  0
VERTEX
  5
191b
  8
Layer_0
  10
135.56752
  20
189.08302
  0
VERTEX
  5
191c
  8
Layer_0
  10
135.56728
  20
189.27129
  0
VERTEX
  5
191d
  8
Layer_0
  10
135.34354
  20
189.271
  0
VERTEX
  5
191e
  8
Layer_0
  10
135.34622
  20
187.26691
  0
VERTEX
  5
191f
  8
Layer_0
  10
135.5918
  20
187.26723
  0
VERTEX
  5
1920
  8
Layer_0
  10
135.59085
  20
187.97255
  42
0.10333572
  0
SEQEND
  0
POLYLINE
  5
1922
  8
Layer_0
  62
7
  70
1
  66
1
  10
0
  20
0
  30
0
  0
VERTEX
  5
1922
  8
Layer_0
  10
135.95508
  20
187.99214
  42
0.22119718
  0
VERTEX
  5
1923
  8
Layer_0
  10
136.23524
  20
188.13098
  0
VERTEX
  5
1924
  8
Layer_0
  10
136.28617
  20
188.2098
  0
VERTEX
  5
1925
  8
Layer_0
  10
136.32249
  20
188.30761
  0
VERTEX
  5
1926
  8
Layer_0
  10
136.34421
  20
188.42441
  0
VERTEX
  5
1927
  8
Layer_0
  10
136.35132
  20
188.5602
  0
VERTEX
  5
1928
  8
Layer_0
  10
136.32251
  20
188.80232
  0
VERTEX
  5
1929
  8
Layer_0
  10
136.23685
  20
188.97478
  42
0.22358871
  0
VERTEX
  5
192a
  8
Layer_0
  10
135.96449
  20
189.11221
  42
0.22416514
  0
VERTEX
  5
192b
  8
Layer_0
  10
135.68706
  20
188.96518
  0
VERTEX
  5
192c
  8
Layer_0
  10
135.63435
  20
188.88346
  0
VERTEX
  5
192d
  8
Layer_0
  10
135.59675
  20
188.78514
  0
VERTEX
  5
192e
  8
Layer_0
  10
135.57427
  20
188.67022
  0
VERTEX
  5
192f
  8
Layer_0
  10
135.56689
  20
188.53868
  0
VERTEX
  5
1930
  8
Layer_0
  10
135.59553
  20
188.29554
  0
VERTEX
  5
1931
  8
Layer_0
  10
135.68068
  20
188.12547
  42
0.22049519
  0
SEQEND
  0
POLYLINE
  5
1933
  8
Layer_0
  62
7
  70
1
  66
1
  10
0
  20
0
  30
0
  0
VERTEX
  5
1933
  8
Layer_0
  10
137.92244
  20
187.91565
  42
-0.16330505
  0
VERTEX
  5
1934
  8
Layer_0
  10
137.50787
  20
187.79231
  42
-0.20540981
  0
VERTEX
  5
1935
  8
Layer_0
  10
137.00351
  20
187.98741
  0
VERTEX
  5
1936
  8
Layer_0
  10
136.9219
  20
188.09503
  0
VERTEX
  5
1937
  8
Layer_0
  10
136.86354
  20
188.22238
  0
VERTEX
  5
1938
  8
Layer_0
  10
136.82842
  20
188.36946
  0
VERTEX
  5
1939
  8
Layer_0
  10
136.81656
  20
188.53627
  0
VERTEX
  5
193a
  8
Layer_0
  10
136.82809
  20
188.70886
  0
VERTEX
  5
193b
  8
Layer_0
  10
136.86319
  20
188.86103
  0
VERTEX
  5
193c
  8
Layer_0
  10
136.92185
  20
188.99276
  0
VERTEX
  5
193d
  8
Layer_0
  10
137.00406
  20
189.10405
  42
-0.20800553
  0
VERTEX
  5
193e
  8
Layer_0
  10
137.49219
  20
189.30663
  42
-0.2081969
  0
VERTEX
  5
193f
  8
Layer_0
  10
137.96722
  20
189.10944
  0
VERTEX
  5
1940
  8
Layer_0
  10
138.04794
  20
189.00058
  0
VERTEX
  5
1941
  8
Layer_0
  10
138.10567
  20
188.87156
  0
VERTEX
  5
1942
  8
Layer_0
  10
138.14041
  20
188.72239
  0
VERTEX
  5
1943
  8
Layer_0
  10
138.15215
  20
188.55307
  42
-0.0077308276
  0
VERTEX
  5
1944
  8
Layer_0
  10
138.15086
  20
188.48758
  0
VERTEX
  5
1945
  8
Layer_0
  10
137.07037
  20
188.48613
  42
0.17846203
  0
VERTEX
  5
1946
  8
Layer_0
  10
137.20593
  20
188.1207
  42
0.20463569
  0
VERTEX
  5
1947
  8
Layer_0
  10
137.50896
  20
187.99423
  42
0.16110584
  0
VERTEX
  5
1948
  8
Layer_0
  10
137.73943
  20
188.06548
  42
0.14773711
  0
VERTEX
  5
1949
  8
Layer_0
  10
137.89055
  20
188.29214
  0
VERTEX
  5
194a
  8
Layer_0
  10
138.14435
  20
188.26111
  42
-0.16640848
  0
SEQEND
  0
POLYLINE
  5
194c
  8
Layer_0
  62
7
  70
1
  66
1
  10
0
  20
0
  30
0
  0
VERTEX
  5
194c
  8
Layer_0
  10
137.79961
  20
188.96324
  42
0.2235914
  0
VERTEX
  5
194d
  8
Layer_0
  10
137.49519
  20
189.10471
  42
0.19658566
  0
VERTEX
  5
194e
  8
Layer_0
  10
137.21089
  20
188.9911
  42
0.18445352
  0
VERTEX
  5
194f
  8
Layer_0
  10
137.08374
  20
188.68806
  0
VERTEX
  5
1950
  8
Layer_0
  10
137.89275
  20
188.68915
  42
0.15292547
  0
SEQEND
  0
POLYLINE
  5
1952
  8
Layer_0
  62
7
  70
1
  66
1
  10
0
  20
0
  30
0
  0
VERTEX
  5
1952
  8
Layer_0
  10
139.47632
  20
187.91774
  42
-0.16332249
  0
VERTEX
  5
1953
  8
Layer_0
  10
139.06175
  20
187.7944
  42
-0.20542578
  0
VERTEX
  5
1954
  8
Layer_0
  10
138.5574
  20
187.9895
  0
VERTEX
  5
1955
  8
Layer_0
  10
138.47578
  20
188.09712
  0
VERTEX
  5
1956
  8
Layer_0
  10
138.41742
  20
188.22447
  0
VERTEX
  5
1957
  8
Layer_0
  10
138.3823
  20
188.37155
  0
VERTEX
  5
1958
  8
Layer_0
  10
138.37044
  20
188.53836
  0
VERTEX
  5
1959
  8
Layer_0
  10
138.38198
  20
188.71095
  0
VERTEX
  5
195a
  8
Layer_0
  10
138.41707
  20
188.86311
  0
VERTEX
  5
195b
  8
Layer_0
  10
138.47573
  20
188.99484
  0
VERTEX
  5
195c
  8
Layer_0
  10
138.55795
  20
189.10614
  42
-0.20802137
  0
VERTEX
  5
195d
  8
Layer_0
  10
139.04608
  20
189.3087
  42
-0.20821304
  0
VERTEX
  5
195e
  8
Layer_0
  10
139.5211
  20
189.11153
  0
VERTEX
  5
195f
  8
Layer_0
  10
139.60183
  20
189.00266
  0
VERTEX
  5
1960
  8
Layer_0
  10
139.65956
  20
188.87365
  0
VERTEX
  5
1961
  8
Layer_0
  10
139.69429
  20
188.72448
  0
VERTEX
  5
1962
  8
Layer_0
  10
139.70602
  20
188.55516
  42
-0.0079929835
  0
VERTEX
  5
1963
  8
Layer_0
  10
139.70476
  20
188.48967
  0
VERTEX
  5
1964
  8
Layer_0
  10
138.62427
  20
188.48822
  42
0.17843777
  0
VERTEX
  5
1965
  8
Layer_0
  10
138.75981
  20
188.12279
  42
0.20461116
  0
VERTEX
  5
1966
  8
Layer_0
  10
139.06285
  20
187.99631
  42
0.16107637
  0
VERTEX
  5
1967
  8
Layer_0
  10
139.29332
  20
188.06757
  42
0.14770381
  0
VERTEX
  5
1968
  8
Layer_0
  10
139.44444
  20
188.29424
  0
VERTEX
  5
1969
  8
Layer_0
  10
139.69824
  20
188.2632
  42
-0.16640848
  0
SEQEND
  0
POLYLINE
  5
196b
  8
Layer_0
  62
7
  70
1
  66
1
  10
0
  20
0
  30
0
  0
VERTEX
  5
196b
  8
Layer_0
  10
139.3535
  20
188.96533
  42
0.22359145
  0
VERTEX
  5
196c
  8
Layer_0
  10
139.04909
  20
189.1068
  42
0.19658571
  0
VERTEX
  5
196d
  8
Layer_0
  10
138.76479
  20
188.99318
  42
0.18448459
  0
VERTEX
  5
196e
  8
Layer_0
  10
138.63763
  20
188.69016
  0
VERTEX
  5
196f
  8
Layer_0
  10
139.44664
  20
188.69124
  42
0.1528878
  0
SEQEND
  0
POLYLINE
  5
1971
  8
Layer_0
  62
7
  70
1
  66
1
  10
0
  20
0
  30
0
  0
VERTEX
  5
1971
  8
Layer_0
  10
140.76239
  20
189.25575
  42
0.12441329
  0
VERTEX
  5
1972
  8
Layer_0
  10
140.52902
  20
189.3107
  42
0.14526148
  0
VERTEX
  5
1973
  8
Layer_0
  10
140.20583
  20
189.21613
  42
0.15248656
  0
VERTEX
  5
1974
  8
Layer_0
  10
139.98927
  20
188.94504
  42
0.097439042
  0
VERTEX
  5
1975
  8
Layer_0
  10
139.9175
  20
188.55135
  42
0.1094841
  0
VERTEX
  5
1976
  8
Layer_0
  10
139.99783
  20
188.15787
  42
0.13917835
  0
VERTEX
  5
1977
  8
Layer_0
  10
140.2233
  20
187.89146
  42
0.14641317
  0
VERTEX
  5
1978
  8
Layer_0
  10
140.54198
  20
187.79639
  42
0.25586977
  0
VERTEX
  5
1979
  8
Layer_0
  10
140.94687
  20
188.01248
  0
VERTEX
  5
197a
  8
Layer_0
  10
140.94711
  20
187.82968
  0
VERTEX
  5
197b
  8
Layer_0
  10
141.17494
  20
187.82999
  0
VERTEX
  5
197c
  8
Layer_0
  10
141.17226
  20
189.82997
  0
VERTEX
  5
197d
  8
Layer_0
  10
140.92805
  20
189.82965
  0
VERTEX
  5
197e
  8
Layer_0
  10
140.92902
  20
189.11205
  42
0.11291823
  0
SEQEND
  0
POLYLINE
  5
1980
  8
Layer_0
  62
7
  70
1
  66
1
  10
0
  20
0
  30
0
  0
VERTEX
  5
1980
  8
Layer_0
  10
140.5649
  20
187.99832
  42
0.21927179
  0
VERTEX
  5
1981
  8
Layer_0
  10
140.83826
  20
188.13034
  0
VERTEX
  5
1982
  8
Layer_0
  10
140.92244
  20
188.29673
  0
VERTEX
  5
1983
  8
Layer_0
  10
140.95026
  20
188.53227
  0
VERTEX
  5
1984
  8
Layer_0
  10
140.94291
  20
188.67107
  0
VERTEX
  5
1985
  8
Layer_0
  10
140.92127
  20
188.79008
  0
VERTEX
  5
1986
  8
Layer_0
  10
140.88533
  20
188.88928
  0
VERTEX
  5
1987
  8
Layer_0
  10
140.83508
  20
188.96868
  42
0.22410954
  0
VERTEX
  5
1988
  8
Layer_0
  10
140.55249
  20
189.10745
  42
0.22444918
  0
VERTEX
  5
1989
  8
Layer_0
  10
140.27914
  20
188.97339
  0
VERTEX
  5
198a
  8
Layer_0
  10
140.197
  20
188.80104
  0
VERTEX
  5
198b
  8
Layer_0
  10
140.16988
  20
188.55169
  0
VERTEX
  5
198c
  8
Layer_0
  10
140.17739
  20
188.42133
  0
VERTEX
  5
198d
  8
Layer_0
  10
140.19954
  20
188.30855
  0
VERTEX
  5
198e
  8
Layer_0
  10
140.23633
  20
188.21336
  0
VERTEX
  5
198f
  8
Layer_0
  10
140.28777
  20
188.13575
  42
0.21980454
  0
SEQEND
  0
POLYLINE
  5
1991
  8
Layer_0
  62
7
  70
1
  66
1
  10
0
  20
0
  30
0
  0
VERTEX
  5
1991
  8
Layer_0
  10
141.90697
  20
189.2798
  0
VERTEX
  5
1992
  8
Layer_0
  10
141.90735
  20
189.00014
  0
VERTEX
  5
1993
  8
Layer_0
  10
141.62767
  20
188.99976
  0
VERTEX
  5
1994
  8
Layer_0
  10
141.62729
  20
189.27943
  0
SEQEND
  0
POLYLINE
  5
1996
  8
Layer_0
  62
7
  70
1
  66
1
  10
0
  20
0
  30
0
  0
VERTEX
  5
1996
  8
Layer_0
  10
141.90854
  20
188.11064
  0
VERTEX
  5
1997
  8
Layer_0
  10
141.90892
  20
187.83096
  0
VERTEX
  5
1998
  8
Layer_0
  10
141.62924
  20
187.8306
  0
VERTEX
  5
1999
  8
Layer_0
  10
141.62886
  20
188.11026
  0
SEQEND
  0
POLYLINE
  5
199b
  8
Layer_0
  62
7
  70
1
  66
1
  10
0
  20
0
  30
0
  0
VERTEX
  5
199b
  8
Layer_0
  10
143.47684
  20
189.57114
  0
VERTEX
  5
199c
  8
Layer_0
  10
144.27493
  20
189.5722
  0
VERTEX
  5
199d
  8
Layer_0
  10
144.27461
  20
189.80685
  0
VERTEX
  5
199e
  8
Layer_0
  10
143.28008
  20
189.80553
  0
VERTEX
  5
199f
  8
Layer_0
  10
143.08772
  20
188.77798
  0
VERTEX
  5
19a0
  8
Layer_0
  10
143.31833
  20
188.74828
  42
-0.12346163
  0
VERTEX
  5
19a1
  8
Layer_0
  10
143.4682
  20
188.88831
  42
-0.12912722
  0
VERTEX
  5
19a2
  8
Layer_0
  10
143.68233
  20
188.94249
  42
-0.20261761
  0
VERTEX
  5
19a3
  8
Layer_0
  10
143.99149
  20
188.82149
  42
-0.195223
  0
VERTEX
  5
19a4
  8
Layer_0
  10
144.10994
  20
188.49013
  42
-0.1878689
  0
VERTEX
  5
19a5
  8
Layer_0
  10
143.98764
  20
188.13525
  42
-0.20998171
  0
VERTEX
  5
19a6
  8
Layer_0
  10
143.68768
  20
188.00116
  42
-0.18650219
  0
VERTEX
  5
19a7
  8
Layer_0
  10
143.43585
  20
188.09564
  42
-0.17225694
  0
VERTEX
  5
19a8
  8
Layer_0
  10
143.30244
  20
188.37854
  0
VERTEX
  5
19a9
  8
Layer_0
  10
143.04463
  20
188.35637
  42
0.18949483
  0
VERTEX
  5
19aa
  8
Layer_0
  10
143.24231
  20
187.95145
  42
0.18317715
  0
VERTEX
  5
19ab
  8
Layer_0
  10
143.68794
  20
187.79926
  42
0.22910591
  0
VERTEX
  5
19ac
  8
Layer_0
  10
144.21286
  20
188.04279
  42
0.17031215
  0
VERTEX
  5
19ad
  8
Layer_0
  10
144.37048
  20
188.51231
  42
0.1979337
  0
VERTEX
  5
19ae
  8
Layer_0
  10
144.18977
  20
188.97864
  42
0.1999024
  0
VERTEX
  5
19af
  8
Layer_0
  10
143.74751
  20
189.1595
  42
0.15335018
  0
VERTEX
  5
19b0
  8
Layer_0
  10
143.36978
  20
189.03348
  0
SEQEND
  0
POLYLINE
  5
19b2
  8
Layer_0
  62
7
  70
1
  66
1
  10
0
  20
0
  30
0
  0
VERTEX
  5
19b2
  8
Layer_0
  10
144.8866
  20
189.72583
  42
-0.17267379
  0
VERTEX
  5
19b3
  8
Layer_0
  10
145.24864
  20
189.84364
  42
-0.12319261
  0
VERTEX
  5
19b4
  8
Layer_0
  10
145.53113
  20
189.77922
  42
-0.12704809
  0
VERTEX
  5
19b5
  8
Layer_0
  10
145.73193
  20
189.59258
  42
-0.081082164
  0
VERTEX
  5
19b6
  8
Layer_0
  10
145.85648
  20
189.29533
  42
-0.062927934
  0
VERTEX
  5
19b7
  8
Layer_0
  10
145.90213
  20
188.82269
  42
-0.080869821
  0
VERTEX
  5
19b8
  8
Layer_0
  10
145.83058
  20
188.25438
  42
-0.14126395
  0
VERTEX
  5
19b9
  8
Layer_0
  10
145.61481
  20
187.91985
  42
-0.17338488
  0
VERTEX
  5
19ba
  8
Layer_0
  10
145.25139
  20
187.80135
  42
-0.22847852
  0
VERTEX
  5
19bb
  8
Layer_0
  10
144.79681
  20
188.0081
  0
VERTEX
  5
19bc
  8
Layer_0
  10
144.71007
  20
188.15243
  0
VERTEX
  5
19bd
  8
Layer_0
  10
144.648
  20
188.33601
  0
VERTEX
  5
19be
  8
Layer_0
  10
144.61062
  20
188.55884
  0
VERTEX
  5
19bf
  8
Layer_0
  10
144.5979
  20
188.82094
  42
-0.081561099
  0
VERTEX
  5
19c0
  8
Layer_0
  10
144.67012
  20
189.39197
  42
-0.14127972
  0
SEQEND
  0
POLYLINE
  5
19c2
  8
Layer_0
  62
7
  70
1
  66
1
  10
0
  20
0
  30
0
  0
VERTEX
  5
19c2
  8
Layer_0
  10
145.25111
  20
188.00327
  42
0.24399722
  0
VERTEX
  5
19c3
  8
Layer_0
  10
145.53534
  20
188.16736
  0
VERTEX
  5
19c4
  8
Layer_0
  10
145.58564
  20
188.26974
  0
VERTEX
  5
19c5
  8
Layer_0
  10
145.62147
  20
188.41303
  0
VERTEX
  5
19c6
  8
Layer_0
  10
145.64284
  20
188.59724
  0
VERTEX
  5
19c7
  8
Layer_0
  10
145.64975
  20
188.82235
  0
VERTEX
  5
19c8
  8
Layer_0
  10
145.64224
  20
189.04855
  0
VERTEX
  5
19c9
  8
Layer_0
  10
145.62037
  20
189.23329
  0
VERTEX
  5
19ca
  8
Layer_0
  10
145.58416
  20
189.37657
  0
VERTEX
  5
19cb
  8
Layer_0
  10
145.53358
  20
189.4784
  42
0.24295446
  0
VERTEX
  5
19cc
  8
Layer_0
  10
145.24619
  20
189.64037
  42
0.24390151
  0
VERTEX
  5
19cd
  8
Layer_0
  10
144.97626
  20
189.49675
  0
VERTEX
  5
19ce
  8
Layer_0
  10
144.9209
  20
189.38592
  0
VERTEX
  5
19cf
  8
Layer_0
  10
144.88145
  20
189.23639
  0
VERTEX
  5
19d0
  8
Layer_0
  10
144.85792
  20
189.04818
  0
VERTEX
  5
19d1
  8
Layer_0
  10
144.8503
  20
188.82127
  0
VERTEX
  5
19d2
  8
Layer_0
  10
144.8578
  20
188.59563
  0
VERTEX
  5
19d3
  8
Layer_0
  10
144.87966
  20
188.41118
  0
VERTEX
  5
19d4
  8
Layer_0
  10
144.91587
  20
188.26794
  0
VERTEX
  5
19d5
  8
Layer_0
  10
144.96645
  20
188.1659
  42
0.24348059
  0
SEQEND
  0
POLYLINE
  5
19d7
  8
Layer_0
  62
7
  70
1
  66
1
  10
0
  20
0
  30
0
  0
VERTEX
  5
19d7
  8
Layer_0
  10
146.44048
  20
189.72791
  42
-0.17265368
  0
VERTEX
  5
19d8
  8
Layer_0
  10
146.80252
  20
189.84572
  42
-0.12317274
  0
VERTEX
  5
19d9
  8
Layer_0
  10
147.08502
  20
189.7813
  42
-0.12705942
  0
VERTEX
  5
19da
  8
Layer_0
  10
147.28581
  20
189.59467
  42
-0.081082164
  0
VERTEX
  5
19db
  8
Layer_0
  10
147.41035
  20
189.29742
  42
-0.062958665
  0
VERTEX
  5
19dc
  8
Layer_0
  10
147.45601
  20
188.82477
  42
-0.080845854
  0
VERTEX
  5
19dd
  8
Layer_0
  10
147.38448
  20
188.25647
  42
-0.14123966
  0
VERTEX
  5
19de
  8
Layer_0
  10
147.16869
  20
187.92194
  42
-0.17340503
  0
VERTEX
  5
19df
  8
Layer_0
  10
146.80527
  20
187.80344
  42
-0.22846079
  0
VERTEX
  5
19e0
  8
Layer_0
  10
146.35069
  20
188.01019
  0
VERTEX
  5
19e1
  8
Layer_0
  10
146.26396
  20
188.15452
  0
VERTEX
  5
19e2
  8
Layer_0
  10
146.2019
  20
188.3381
  0
VERTEX
  5
19e3
  8
Layer_0
  10
146.16451
  20
188.56093
  0
VERTEX
  5
19e4
  8
Layer_0
  10
146.15179
  20
188.82302
  42
-0.081585023
  0
VERTEX
  5
19e5
  8
Layer_0
  10
146.22401
  20
189.39406
  42
-0.14125983
  0
SEQEND
  0
POLYLINE
  5
19e7
  8
Layer_0
  62
7
  70
1
  66
1
  10
0
  20
0
  30
0
  0
VERTEX
  5
19e7
  8
Layer_0
  10
146.80499
  20
188.00534
  42
0.24399727
  0
VERTEX
  5
19e8
  8
Layer_0
  10
147.08923
  20
188.16943
  0
VERTEX
  5
19e9
  8
Layer_0
  10
147.13953
  20
188.27182
  0
VERTEX
  5
19ea
  8
Layer_0
  10
147.17536
  20
188.41512
  0
VERTEX
  5
19eb
  8
Layer_0
  10
147.19673
  20
188.59932
  0
VERTEX
  5
19ec
  8
Layer_0
  10
147.20363
  20
188.82443
  0
VERTEX
  5
19ed
  8
Layer_0
  10
147.19612
  20
189.05064
  0
VERTEX
  5
19ee
  8
Layer_0
  10
147.17425
  20
189.23538
  0
VERTEX
  5
19ef
  8
Layer_0
  10
147.13803
  20
189.37866
  0
VERTEX
  5
19f0
  8
Layer_0
  10
147.08746
  20
189.48049
  42
0.24295446
  0
VERTEX
  5
19f1
  8
Layer_0
  10
146.80008
  20
189.64244
  42
0.24387321
  0
VERTEX
  5
19f2
  8
Layer_0
  10
146.53014
  20
189.49884
  0
VERTEX
  5
19f3
  8
Layer_0
  10
146.47478
  20
189.388
  0
VERTEX
  5
19f4
  8
Layer_0
  10
146.43534
  20
189.23848
  0
VERTEX
  5
19f5
  8
Layer_0
  10
146.4118
  20
189.05026
  0
VERTEX
  5
19f6
  8
Layer_0
  10
146.40417
  20
188.82336
  0
VERTEX
  5
19f7
  8
Layer_0
  10
146.41168
  20
188.59771
  0
VERTEX
  5
19f8
  8
Layer_0
  10
146.43354
  20
188.41327
  0
VERTEX
  5
19f9
  8
Layer_0
  10
146.46976
  20
188.27003
  0
VERTEX
  5
19fa
  8
Layer_0
  10
146.52034
  20
188.16799
  42
0.24348059
  0
SEQEND
  0
POLYLINE
  5
19fc
  8
Layer_0
  62
7
  70
1
  66
1
  10
0
  20
0
  30
0
  0
VERTEX
  5
19fc
  8
Layer_0
  10
148.52135
  20
188.9408
  0
VERTEX
  5
19fd
  8
Layer_0
  10
148.52061
  20
189.48514
  0
VERTEX
  5
19fe
  8
Layer_0
  10
148.2887
  20
189.48483
  0
VERTEX
  5
19ff
  8
Layer_0
  10
148.28941
  20
188.94049
  0
VERTEX
  5
1a00
  8
Layer_0
  10
147.74509
  20
188.93976
  0
VERTEX
  5
1a01
  8
Layer_0
  10
147.74539
  20
188.71057
  0
VERTEX
  5
1a02
  8
Layer_0
  10
148.28973
  20
188.71129
  0
VERTEX
  5
1a03
  8
Layer_0
  10
148.29047
  20
188.16287
  0
VERTEX
  5
1a04
  8
Layer_0
  10
148.52238
  20
188.16318
  0
VERTEX
  5
1a05
  8
Layer_0
  10
148.52165
  20
188.71161
  0
VERTEX
  5
1a06
  8
Layer_0
  10
149.06599
  20
188.71234
  0
VERTEX
  5
1a07
  8
Layer_0
  10
149.06569
  20
188.94153
  0
SEQEND
  0
POLYLINE
  5
1a09
  8
Layer_0
  62
7
  70
1
  66
1
  10
0
  20
0
  30
0
  0
VERTEX
  5
1a09
  8
Layer_0
  10
151.00928
  20
189.29202
  0
VERTEX
  5
1a0a
  8
Layer_0
  10
150.42889
  20
188.70189
  0
VERTEX
  5
1a0b
  8
Layer_0
  10
150.42737
  20
189.84241
  0
VERTEX
  5
1a0c
  8
Layer_0
  10
150.18181
  20
189.84207
  0
VERTEX
  5
1a0d
  8
Layer_0
  10
150.18449
  20
187.84207
  0
VERTEX
  5
1a0e
  8
Layer_0
  10
150.43005
  20
187.84241
  0
VERTEX
  5
1a0f
  8
Layer_0
  10
150.42928
  20
188.41676
  0
VERTEX
  5
1a10
  8
Layer_0
  10
150.60233
  20
188.58344
  0
VERTEX
  5
1a11
  8
Layer_0
  10
151.08217
  20
187.84329
  0
VERTEX
  5
1a12
  8
Layer_0
  10
151.38503
  20
187.84369
  0
VERTEX
  5
1a13
  8
Layer_0
  10
150.77399
  20
188.7542
  0
VERTEX
  5
1a14
  8
Layer_0
  10
151.32715
  20
189.29245
  0
SEQEND
  0
POLYLINE
  5
1a16
  8
Layer_0
  62
7
  70
1
  66
1
  10
0
  20
0
  30
0
  0
VERTEX
  5
1a16
  8
Layer_0
  10
151.97931
  20
189.26128
  42
-0.13069834
  0
VERTEX
  5
1a17
  8
Layer_0
  10
152.23706
  20
189.32642
  42
-0.14492656
  0
VERTEX
  5
1a18
  8
Layer_0
  10
152.50113
  20
189.25992
  42
-0.16561168
  0
VERTEX
  5
1a19
  8
Layer_0
  10
152.64668
  20
189.07321
  42
-0.24880353
  0
VERTEX
  5
1a1a
  8
Layer_0
  10
153.09381
  20
189.32758
  42
-0.20269154
  0
VERTEX
  5
1a1b
  8
Layer_0
  10
153.42549
  20
189.20865
  0
VERTEX
  5
1a1c
  8
Layer_0
  10
153.51266
  20
189.05716
  0
VERTEX
  5
1a1d
  8
Layer_0
  10
153.54195
  20
188.84113
  0
VERTEX
  5
1a1e
  8
Layer_0
  10
153.54329
  20
187.84659
  0
VERTEX
  5
1a1f
  8
Layer_0
  10
153.29907
  20
187.84627
  0
VERTEX
  5
1a20
  8
Layer_0
  10
153.29785
  20
188.75894
  42
0.088510168
  0
VERTEX
  5
1a21
  8
Layer_0
  10
153.2737
  20
188.97105
  42
0.16529371
  0
VERTEX
  5
1a22
  8
Layer_0
  10
153.18692
  20
189.0753
  42
0.14156428
  0
VERTEX
  5
1a23
  8
Layer_0
  10
153.03954
  20
189.11467
  42
0.19978307
  0
VERTEX
  5
1a24
  8
Layer_0
  10
152.78592
  20
189.0127
  0
VERTEX
  5
1a25
  8
Layer_0
  10
152.71038
  20
188.88043
  0
VERTEX
  5
1a26
  8
Layer_0
  10
152.68539
  20
188.68718
  0
VERTEX
  5
1a27
  8
Layer_0
  10
152.68652
  20
187.84544
  0
VERTEX
  5
1a28
  8
Layer_0
  10
152.44096
  20
187.84511
  0
VERTEX
  5
1a29
  8
Layer_0
  10
152.4397
  20
188.78644
  42
0.15952083
  0
VERTEX
  5
1a2a
  8
Layer_0
  10
152.37935
  20
189.03194
  42
0.23887879
  0
VERTEX
  5
1a2b
  8
Layer_0
  10
152.18279
  20
189.11353
  42
0.13968253
  0
VERTEX
  5
1a2c
  8
Layer_0
  10
151.99118
  20
189.0587
  42
0.16539464
  0
VERTEX
  5
1a2d
  8
Layer_0
  10
151.86383
  20
188.89891
  42
0.090285018
  0
VERTEX
  5
1a2e
  8
Layer_0
  10
151.82468
  20
188.59599
  0
VERTEX
  5
1a2f
  8
Layer_0
  10
151.82568
  20
187.84428
  0
VERTEX
  5
1a30
  8
Layer_0
  10
151.58012
  20
187.84395
  0
VERTEX
  5
1a31
  8
Layer_0
  10
151.57817
  20
189.29279
  0
VERTEX
  5
1a32
  8
Layer_0
  10
151.79782
  20
189.29309
  0
VERTEX
  5
1a33
  8
Layer_0
  10
151.7981
  20
189.08981
  42
-0.12083653
  0
SEQEND
  0
POLYLINE
  5
1a35
  8
Layer_0
  62
7
  70
1
  66
1
  10
0
  20
0
  30
0
  0
VERTEX
  5
1a35
  8
Layer_0
  10
153.92123
  20
187.81299
  0
VERTEX
  5
1a36
  8
Layer_0
  10
154.49689
  20
189.88197
  0
VERTEX
  5
1a37
  8
Layer_0
  10
154.30045
  20
189.88171
  0
VERTEX
  5
1a38
  8
Layer_0
  10
153.7234
  20
187.81273
  0
SEQEND
  0
POLYLINE
  5
1a3a
  8
Layer_0
  62
7
  70
1
  66
1
  10
0
  20
0
  30
0
  0
VERTEX
  5
1a3a
  8
Layer_0
  10
155.36121
  20
189.33061
  42
-0.12334029
  0
VERTEX
  5
1a3b
  8
Layer_0
  10
155.64096
  20
189.26755
  42
-0.1642101
  0
VERTEX
  5
1a3c
  8
Layer_0
  10
155.81105
  20
189.09247
  42
-0.10766698
  0
VERTEX
  5
1a3d
  8
Layer_0
  10
155.86264
  20
188.76785
  0
VERTEX
  5
1a3e
  8
Layer_0
  10
155.86388
  20
187.8497
  0
VERTEX
  5
1a3f
  8
Layer_0
  10
155.61832
  20
187.84938
  0
VERTEX
  5
1a40
  8
Layer_0
  10
155.61708
  20
188.76752
  0
VERTEX
  5
1a41
  8
Layer_0
  10
155.59691
  20
188.9266
  0
VERTEX
  5
1a42
  8
Layer_0
  10
155.53691
  20
189.03549
  42
0.20540865
  0
VERTEX
  5
1a43
  8
Layer_0
  10
155.31102
  20
189.11908
  42
0.13379549
  0
VERTEX
  5
1a44
  8
Layer_0
  10
155.10577
  20
189.06219
  42
0.16114714
  0
VERTEX
  5
1a45
  8
Layer_0
  10
154.96887
  20
188.90854
  42
0.10030581
  0
VERTEX
  5
1a46
  8
Layer_0
  10
154.9283
  20
188.64108
  0
VERTEX
  5
1a47
  8
Layer_0
  10
154.92937
  20
187.84845
  0
VERTEX
  5
1a48
  8
Layer_0
  10
154.68379
  20
187.84811
  0
VERTEX
  5
1a49
  8
Layer_0
  10
154.68111
  20
189.84811
  0
VERTEX
  5
1a4a
  8
Layer_0
  10
154.92668
  20
189.84845
  0
VERTEX
  5
1a4b
  8
Layer_0
  10
154.92764
  20
189.13084
  42
-0.21805204
  0
SEQEND
  0
POLYLINE
  5
1a4d
  8
Layer_0
  62
7
  70
1
  66
1
  10
0
  20
0
  30
0
  0
VERTEX
  5
1a4d
  8
Layer_0
  10
157.25035
  20
188.57463
  42
-0.056560822
  0
VERTEX
  5
1a4e
  8
Layer_0
  10
157.30833
  20
189.08766
  42
-0.046785963
  0
VERTEX
  5
1a4f
  8
Layer_0
  10
157.43877
  20
189.48074
  42
-0.028462711
  0
VERTEX
  5
1a50
  8
Layer_0
  10
157.65651
  20
189.88622
  0
VERTEX
  5
1a51
  8
Layer_0
  10
157.48051
  20
189.88599
  42
0.075410869
  0
VERTEX
  5
1a52
  8
Layer_0
  10
157.10219
  20
189.19789
  42
0.08510116
  0
VERTEX
  5
1a53
  8
Layer_0
  10
156.99797
  20
188.57565
  42
0.097324594
  0
VERTEX
  5
1a54
  8
Layer_0
  10
157.13945
  20
187.86369
  42
0.070664594
  0
VERTEX
  5
1a55
  8
Layer_0
  10
157.48404
  20
187.26389
  0
VERTEX
  5
1a56
  8
Layer_0
  10
157.66003
  20
187.26413
  0
VERTEX
  5
1a57
  8
Layer_0
  10
157.48113
  20
187.59139
  0
VERTEX
  5
1a58
  8
Layer_0
  10
157.35321
  20
187.9189
  0
VERTEX
  5
1a59
  8
Layer_0
  10
157.27629
  20
188.24664
  0
VERTEX
  5
1a5a
  8
Layer_0
  10
157.25035
  20
188.57462
  0
SEQEND
  0
POLYLINE
  5
1a5c
  8
Layer_0
  62
7
  70
1
  66
1
  10
0
  20
0
  30
0
  0
VERTEX
  5
1a5c
  8
Layer_0
  10
159.01772
  20
189.10632
  42
0.14582183
  0
VERTEX
  5
1a5d
  8
Layer_0
  10
159.08698
  20
189.34244
  42
0.13614372
  0
VERTEX
  5
1a5e
  8
Layer_0
  10
159.01364
  20
189.60019
  42
0.14041175
  0
VERTEX
  5
1a5f
  8
Layer_0
  10
158.80261
  20
189.79158
  42
0.1184376
  0
VERTEX
  5
1a60
  8
Layer_0
  10
158.50102
  20
189.86143
  42
0.17803085
  0
VERTEX
  5
1a61
  8
Layer_0
  10
158.1042
  20
189.72516
  42
0.17311929
  0
VERTEX
  5
1a62
  8
Layer_0
  10
157.90007
  20
189.34221
  0
VERTEX
  5
1a63
  8
Layer_0
  10
158.14571
  20
189.29889
  42
-0.16766651
  0
VERTEX
  5
1a64
  8
Layer_0
  10
158.26813
  20
189.56917
  42
-0.19128138
  0
VERTEX
  5
1a65
  8
Layer_0
  10
158.50674
  20
189.65953
  42
-0.19499904
  0
VERTEX
  5
1a66
  8
Layer_0
  10
158.74287
  20
189.57117
  42
-0.20285672
  0
VERTEX
  5
1a67
  8
Layer_0
  10
158.83458
  20
189.34756
  42
-0.25345273
  0
VERTEX
  5
1a68
  8
Layer_0
  10
158.70941
  20
189.095
  42
-0.14548751
  0
VERTEX
  5
1a69
  8
Layer_0
  10
158.42712
  20
189.01277
  42
-0.027680337
  0
VERTEX
  5
1a6a
  8
Layer_0
  10
158.38756
  20
189.01544
  0
VERTEX
  5
1a6b
  8
Layer_0
  10
158.36057
  20
188.79985
  42
-0.064421718
  0
VERTEX
  5
1a6c
  8
Layer_0
  10
158.53378
  20
188.82738
  42
-0.19809369
  0
VERTEX
  5
1a6d
  8
Layer_0
  10
158.81497
  20
188.71793
  42
-0.19970158
  0
VERTEX
  5
1a6e
  8
Layer_0
  10
158.92584
  20
188.43909
  42
-0.19820694
  0
VERTEX
  5
1a6f
  8
Layer_0
  10
158.80687
  20
188.14151
  42
-0.19966368
  0
VERTEX
  5
1a70
  8
Layer_0
  10
158.5144
  20
188.02107
  42
-0.18614102
  0
VERTEX
  5
1a71
  8
Layer_0
  10
158.26666
  20
188.11282
  42
-0.16003298
  0
VERTEX
  5
1a72
  8
Layer_0
  10
158.12233
  20
188.41345
  0
VERTEX
  5
1a73
  8
Layer_0
  10
157.87682
  20
188.38037
  42
0.18684162
  0
VERTEX
  5
1a74
  8
Layer_0
  10
158.07585
  20
187.97409
  42
0.18555842
  0
VERTEX
  5
1a75
  8
Layer_0
  10
158.51331
  20
187.81779
  42
0.19274492
  0
VERTEX
  5
1a76
  8
Layer_0
  10
158.99602
  20
188.00056
  42
0.20508613
  0
VERTEX
  5
1a77
  8
Layer_0
  10
159.18642
  20
188.44489
  42
0.16419862
  0
VERTEX
  5
1a78
  8
Layer_0
  10
159.08775
  20
188.76741
  42
0.17498771
  0
VERTEX
  5
1a79
  8
Layer_0
  10
158.81195
  20
188.93689
  42
0.1410826
  0
SEQEND
  0
POLYLINE
  5
1a7b
  8
Layer_0
  62
7
  70
1
  66
1
  10
0
  20
0
  30
0
  0
VERTEX
  5
1a7b
  8
Layer_0
  10
159.87497
  20
189.25073
  42
-0.044453179
  0
VERTEX
  5
1a7c
  8
Layer_0
  10
159.61661
  20
189.1235
  0
VERTEX
  5
1a7d
  8
Layer_0
  10
159.61629
  20
189.36089
  42
0.072599475
  0
VERTEX
  5
1a7e
  8
Layer_0
  10
159.97614
  20
189.59602
  42
0.095776028
  0
VERTEX
  5
1a7f
  8
Layer_0
  10
160.19406
  20
189.86371
  0
VERTEX
  5
1a80
  8
Layer_0
  10
160.35231
  20
189.86392
  0
VERTEX
  5
1a81
  8
Layer_0
  10
160.35501
  20
187.85574
  0
VERTEX
  5
1a82
  8
Layer_0
  10
160.10944
  20
187.85541
  0
VERTEX
  5
1a83
  8
Layer_0
  10
160.10735
  20
189.42021
  42
-0.057654434
  0
SEQEND
  0
POLYLINE
  5
1a85
  8
Layer_0
  62
7
  70
1
  66
1
  10
0
  20
0
  30
0
  0
VERTEX
  5
1a85
  8
Layer_0
  10
161.2713
  20
189.74783
  42
-0.17267533
  0
VERTEX
  5
1a86
  8
Layer_0
  10
161.63335
  20
189.86565
  42
-0.12319256
  0
VERTEX
  5
1a87
  8
Layer_0
  10
161.91583
  20
189.80122
  42
-0.12708063
  0
VERTEX
  5
1a88
  8
Layer_0
  10
162.11664
  20
189.61458
  42
-0.081083354
  0
VERTEX
  5
1a89
  8
Layer_0
  10
162.24118
  20
189.31734
  42
-0.062918276
  0
VERTEX
  5
1a8a
  8
Layer_0
  10
162.28683
  20
188.8447
  42
-0.080837674
  0
VERTEX
  5
1a8b
  8
Layer_0
  10
162.2153
  20
188.27638
  42
-0.1412513
  0
VERTEX
  5
1a8c
  8
Layer_0
  10
161.99951
  20
187.94185
  42
-0.17338503
  0
VERTEX
  5
1a8d
  8
Layer_0
  10
161.63609
  20
187.82335
  42
-0.22847985
  0
VERTEX
  5
1a8e
  8
Layer_0
  10
161.18152
  20
188.03011
  0
VERTEX
  5
1a8f
  8
Layer_0
  10
161.09477
  20
188.17443
  0
VERTEX
  5
1a90
  8
Layer_0
  10
161.03271
  20
188.35801
  0
VERTEX
  5
1a91
  8
Layer_0
  10
160.99532
  20
188.58085
  0
VERTEX
  5
1a92
  8
Layer_0
  10
160.9826
  20
188.84294
  42
-0.081561603
  0
VERTEX
  5
1a93
  8
Layer_0
  10
161.05482
  20
189.41397
  42
-0.14128023
  0
SEQEND
  0
POLYLINE
  5
1a95
  8
Layer_0
  62
7
  70
1
  66
1
  10
0
  20
0
  30
0
  0
VERTEX
  5
1a95
  8
Layer_0
  10
161.63582
  20
188.02527
  42
0.24399837
  0
VERTEX
  5
1a96
  8
Layer_0
  10
161.92004
  20
188.18935
  0
VERTEX
  5
1a97
  8
Layer_0
  10
161.97034
  20
188.29174
  0
VERTEX
  5
1a98
  8
Layer_0
  10
162.00618
  20
188.43504
  0
VERTEX
  5
1a99
  8
Layer_0
  10
162.02754
  20
188.61924
  0
VERTEX
  5
1a9a
  8
Layer_0
  10
162.03445
  20
188.84435
  0
VERTEX
  5
1a9b
  8
Layer_0
  10
162.02694
  20
189.07055
  0
VERTEX
  5
1a9c
  8
Layer_0
  10
162.00508
  20
189.25529
  0
VERTEX
  5
1a9d
  8
Layer_0
  10
161.96886
  20
189.39858
  0
VERTEX
  5
1a9e
  8
Layer_0
  10
161.91829
  20
189.5004
  42
0.24295667
  0
VERTEX
  5
1a9f
  8
Layer_0
  10
161.63089
  20
189.66237
  42
0.24390027
  0
VERTEX
  5
1aa0
  8
Layer_0
  10
161.36096
  20
189.51875
  0
VERTEX
  5
1aa1
  8
Layer_0
  10
161.3056
  20
189.40792
  0
VERTEX
  5
1aa2
  8
Layer_0
  10
161.26616
  20
189.25839
  0
VERTEX
  5
1aa3
  8
Layer_0
  10
161.24262
  20
189.07018
  0
VERTEX
  5
1aa4
  8
Layer_0
  10
161.235
  20
188.84328
  0
VERTEX
  5
1aa5
  8
Layer_0
  10
161.2425
  20
188.61763
  0
VERTEX
  5
1aa6
  8
Layer_0
  10
161.26436
  20
188.43319
  0
VERTEX
  5
1aa7
  8
Layer_0
  10
161.30058
  20
188.28995
  0
VERTEX
  5
1aa8
  8
Layer_0
  10
161.35115
  20
188.18791
  42
0.24348059
  0
SEQEND
  0
POLYLINE
  5
1aaa
  8
Layer_0
  62
7
  70
1
  66
1
  10
0
  20
0
  30
0
  0
VERTEX
  5
1aaa
  8
Layer_0
  10
163.8965
  20
188.96146
  0
VERTEX
  5
1aab
  8
Layer_0
  10
163.35217
  20
188.96072
  0
VERTEX
  5
1aac
  8
Layer_0
  10
163.35144
  20
189.50505
  0
VERTEX
  5
1aad
  8
Layer_0
  10
163.11951
  20
189.50475
  0
VERTEX
  5
1aae
  8
Layer_0
  10
163.12024
  20
188.9604
  0
VERTEX
  5
1aaf
  8
Layer_0
  10
162.5759
  20
188.95967
  0
VERTEX
  5
1ab0
  8
Layer_0
  10
162.5762
  20
188.73048
  0
VERTEX
  5
1ab1
  8
Layer_0
  10
163.12054
  20
188.73122
  0
VERTEX
  5
1ab2
  8
Layer_0
  10
163.12128
  20
188.18279
  0
VERTEX
  5
1ab3
  8
Layer_0
  10
163.35321
  20
188.18309
  0
VERTEX
  5
1ab4
  8
Layer_0
  10
163.35248
  20
188.73152
  0
VERTEX
  5
1ab5
  8
Layer_0
  10
163.89682
  20
188.73225
  0
SEQEND
  0
POLYLINE
  5
1ab7
  8
Layer_0
  62
7
  70
1
  66
1
  10
0
  20
0
  30
0
  0
VERTEX
  5
1ab7
  8
Layer_0
  10
165.41313
  20
189.27931
  42
-0.13069341
  0
VERTEX
  5
1ab8
  8
Layer_0
  10
165.67088
  20
189.34445
  42
-0.14492432
  0
VERTEX
  5
1ab9
  8
Layer_0
  10
165.93497
  20
189.27797
  42
-0.16558316
  0
VERTEX
  5
1aba
  8
Layer_0
  10
166.08051
  20
189.09126
  42
-0.24880493
  0
VERTEX
  5
1abb
  8
Layer_0
  10
166.52765
  20
189.34561
  42
-0.20268202
  0
VERTEX
  5
1abc
  8
Layer_0
  10
166.85931
  20
189.22668
  0
VERTEX
  5
1abd
  8
Layer_0
  10
166.94649
  20
189.0752
  0
VERTEX
  5
1abe
  8
Layer_0
  10
166.97577
  20
188.85917
  0
VERTEX
  5
1abf
  8
Layer_0
  10
166.97711
  20
187.86462
  0
VERTEX
  5
1ac0
  8
Layer_0
  10
166.73291
  20
187.8643
  0
VERTEX
  5
1ac1
  8
Layer_0
  10
166.73167
  20
188.77699
  42
0.088453249
  0
VERTEX
  5
1ac2
  8
Layer_0
  10
166.70752
  20
188.98911
  42
0.16531479
  0
VERTEX
  5
1ac3
  8
Layer_0
  10
166.62074
  20
189.09335
  42
0.14156854
  0
VERTEX
  5
1ac4
  8
Layer_0
  10
166.47336
  20
189.13271
  42
0.19978307
  0
VERTEX
  5
1ac5
  8
Layer_0
  10
166.21973
  20
189.03073
  0
VERTEX
  5
1ac6
  8
Layer_0
  10
166.1442
  20
188.89847
  0
VERTEX
  5
1ac7
  8
Layer_0
  10
166.11922
  20
188.70522
  0
VERTEX
  5
1ac8
  8
Layer_0
  10
166.12036
  20
187.86348
  0
VERTEX
  5
1ac9
  8
Layer_0
  10
165.87479
  20
187.86314
  0
VERTEX
  5
1aca
  8
Layer_0
  10
165.87352
  20
188.80449
  42
0.15952834
  0
VERTEX
  5
1acb
  8
Layer_0
  10
165.81317
  20
189.04997
  42
0.23890496
  0
VERTEX
  5
1acc
  8
Layer_0
  10
165.61661
  20
189.13156
  42
0.13967117
  0
VERTEX
  5
1acd
  8
Layer_0
  10
165.42499
  20
189.07674
  42
0.16534129
  0
VERTEX
  5
1ace
  8
Layer_0
  10
165.29765
  20
188.91695
  42
0.09030908
  0
VERTEX
  5
1acf
  8
Layer_0
  10
165.2585
  20
188.61403
  0
VERTEX
  5
1ad0
  8
Layer_0
  10
165.25951
  20
187.86232
  0
VERTEX
  5
1ad1
  8
Layer_0
  10
165.01395
  20
187.862
  0
VERTEX
  5
1ad2
  8
Layer_0
  10
165.01199
  20
189.31084
  0
VERTEX
  5
1ad3
  8
Layer_0
  10
165.23163
  20
189.31113
  0
VERTEX
  5
1ad4
  8
Layer_0
  10
165.2319
  20
189.10785
  42
-0.120827
  0
SEQEND
  0
POLYLINE
  5
1ad6
  8
Layer_0
  62
7
  70
1
  66
1
  10
0
  20
0
  30
0
  0
VERTEX
  5
1ad6
  8
Layer_0
  10
167.74719
  20
187.88477
  42
0.12273329
  0
VERTEX
  5
1ad7
  8
Layer_0
  10
167.96759
  20
187.83322
  42
0.14026283
  0
VERTEX
  5
1ad8
  8
Layer_0
  10
168.28738
  20
187.92847
  42
0.14908656
  0
VERTEX
  5
1ad9
  8
Layer_0
  10
168.51895
  20
188.20163
  42
0.10575893
  0
VERTEX
  5
1ada
  8
Layer_0
  10
168.59821
  20
188.60214
  42
0.098819195
  0
VERTEX
  5
1adb
  8
Layer_0
  10
168.52539
  20
188.98335
  42
0.14714613
  0
VERTEX
  5
1adc
  8
Layer_0
  10
168.31085
  20
189.2525
  42
0.14920052
  0
VERTEX
  5
1add
  8
Layer_0
  10
167.98331
  20
189.34756
  42
0.1273075
  0
VERTEX
  5
1ade
  8
Layer_0
  10
167.7419
  20
189.29199
  42
0.11117569
  0
VERTEX
  5
1adf
  8
Layer_0
  10
167.56342
  20
189.12599
  0
VERTEX
  5
1ae0
  8
Layer_0
  10
167.56314
  20
189.31425
  0
VERTEX
  5
1ae1
  8
Layer_0
  10
167.33942
  20
189.31396
  0
VERTEX
  5
1ae2
  8
Layer_0
  10
167.3421
  20
187.30986
  0
VERTEX
  5
1ae3
  8
Layer_0
  10
167.58768
  20
187.3102
  0
VERTEX
  5
1ae4
  8
Layer_0
  10
167.58673
  20
188.01552
  42
0.10331108
  0
SEQEND
  0
POLYLINE
  5
1ae6
  8
Layer_0
  62
7
  70
1
  66
1
  10
0
  20
0
  30
0
  0
VERTEX
  5
1ae6
  8
Layer_0
  10
167.95096
  20
188.03511
  42
0.22119851
  0
VERTEX
  5
1ae7
  8
Layer_0
  10
168.23111
  20
188.17395
  0
VERTEX
  5
1ae8
  8
Layer_0
  10
168.28205
  20
188.25277
  0
VERTEX
  5
1ae9
  8
Layer_0
  10
168.31837
  20
188.35057
  0
VERTEX
  5
1aea
  8
Layer_0
  10
168.34008
  20
188.46737
  0
VERTEX
  5
1aeb
  8
Layer_0
  10
168.34719
  20
188.60317
  0
VERTEX
  5
1aec
  8
Layer_0
  10
168.31839
  20
188.84529
  0
VERTEX
  5
1aed
  8
Layer_0
  10
168.23272
  20
189.01775
  42
0.22360164
  0
VERTEX
  5
1aee
  8
Layer_0
  10
167.96036
  20
189.15517
  42
0.22415289
  0
VERTEX
  5
1aef
  8
Layer_0
  10
167.68294
  20
189.00815
  0
VERTEX
  5
1af0
  8
Layer_0
  10
167.63022
  20
188.92643
  0
VERTEX
  5
1af1
  8
Layer_0
  10
167.59263
  20
188.82811
  0
VERTEX
  5
1af2
  8
Layer_0
  10
167.57014
  20
188.71318
  0
VERTEX
  5
1af3
  8
Layer_0
  10
167.56277
  20
188.58165
  0
VERTEX
  5
1af4
  8
Layer_0
  10
167.5914
  20
188.33851
  0
VERTEX
  5
1af5
  8
Layer_0
  10
167.67656
  20
188.16843
  42
0.22049754
  0
SEQEND
  0
POLYLINE
  5
1af7
  8
Layer_0
  62
7
  70
1
  66
1
  10
0
  20
0
  30
0
  0
VERTEX
  5
1af7
  8
Layer_0
  10
169.13908
  20
189.14993
  42
-0.2180616
  0
VERTEX
  5
1af8
  8
Layer_0
  10
169.57265
  20
189.3497
  42
-0.12333014
  0
VERTEX
  5
1af9
  8
Layer_0
  10
169.85242
  20
189.28664
  42
-0.16422395
  0
VERTEX
  5
1afa
  8
Layer_0
  10
170.02249
  20
189.11156
  42
-0.10765338
  0
VERTEX
  5
1afb
  8
Layer_0
  10
170.0741
  20
188.78693
  0
VERTEX
  5
1afc
  8
Layer_0
  10
170.07532
  20
187.86879
  0
VERTEX
  5
1afd
  8
Layer_0
  10
169.82976
  20
187.86845
  0
VERTEX
  5
1afe
  8
Layer_0
  10
169.82852
  20
188.78661
  0
VERTEX
  5
1aff
  8
Layer_0
  10
169.80836
  20
188.94568
  0
VERTEX
  5
1b00
  8
Layer_0
  10
169.74836
  20
189.05457
  42
0.20541084
  0
VERTEX
  5
1b01
  8
Layer_0
  10
169.52246
  20
189.13817
  42
0.13379212
  0
VERTEX
  5
1b02
  8
Layer_0
  10
169.31721
  20
189.08128
  42
0.16111858
  0
VERTEX
  5
1b03
  8
Layer_0
  10
169.18031
  20
188.92761
  42
0.10028049
  0
VERTEX
  5
1b04
  8
Layer_0
  10
169.13974
  20
188.66017
  0
VERTEX
  5
1b05
  8
Layer_0
  10
169.14081
  20
187.86754
  0
VERTEX
  5
1b06
  8
Layer_0
  10
168.89523
  20
187.8672
  0
VERTEX
  5
1b07
  8
Layer_0
  10
168.89255
  20
189.8672
  0
VERTEX
  5
1b08
  8
Layer_0
  10
169.13812
  20
189.86754
  0
SEQEND
  0
POLYLINE
  5
1b0a
  8
Layer_0
  62
7
  70
1
  66
1
  10
0
  20
0
  30
0
  0
VERTEX
  5
1b0a
  8
Layer_0
  10
170.65158
  20
189.4944
  42
-0.048353234
  0
VERTEX
  5
1b0b
  8
Layer_0
  10
170.78172
  20
189.10167
  42
-0.05715049
  0
VERTEX
  5
1b0c
  8
Layer_0
  10
170.84106
  20
188.59288
  0
VERTEX
  5
1b0d
  8
Layer_0
  10
170.81601
  20
188.26482
  0
VERTEX
  5
1b0e
  8
Layer_0
  10
170.73997
  20
187.93687
  0
VERTEX
  5
1b0f
  8
Layer_0
  10
170.61294
  20
187.60902
  0
VERTEX
  5
1b10
  8
Layer_0
  10
170.43491
  20
187.28128
  0
VERTEX
  5
1b11
  8
Layer_0
  10
170.6109
  20
187.28151
  42
0.069410386
  0
VERTEX
  5
1b12
  8
Layer_0
  10
170.95322
  20
187.88225
  42
0.097735193
  0
VERTEX
  5
1b13
  8
Layer_0
  10
171.09344
  20
188.59457
  42
0.085087746
  0
VERTEX
  5
1b14
  8
Layer_0
  10
170.98758
  20
189.21654
  42
0.07540734
  0
VERTEX
  5
1b15
  8
Layer_0
  10
170.60739
  20
189.90361
  0
VERTEX
  5
1b16
  8
Layer_0
  10
170.4314
  20
189.90338
  42
-0.029352791
  0
SEQEND
  0
ENDSEC
  0
EOF
