  0
SECTION
  2
HEADER
  9
$ACADVER
  1
AC1009
  0
ENDSEC
  0
SECTION
  2
TABLES
  0
TABLE
  2
LAYER
  70
1
  0
LAYER
  2
Layer_0
  70
0
  62
7
  6
CONTINUOUS
  0
ENDTAB
  0
ENDSEC
  0
SECTION
  2
ENTITIES
  0
POLYLINE
  5
90
  8
Layer_0
  62
7
  70
1
  66
1
  10
0
  20
0
  30
0
  0
VERTEX
  5
90
  8
Layer_0
  10
149.05022
  20
212.71915
  0
VERTEX
  5
91
  8
Layer_0
  10
149.35821
  20
212.73755
  0
VERTEX
  5
92
  8
Layer_0
  10
149.59923
  20
212.80679
  0
VERTEX
  5
93
  8
Layer_0
  10
149.82041
  20
212.94797
  0
VERTEX
  5
94
  8
Layer_0
  10
150.06887
  20
213.18217
  0
VERTEX
  5
95
  8
Layer_0
  10
150.51866
  20
213.64519
  0
VERTEX
  5
96
  8
Layer_0
  10
151.94742
  20
213.64519
  0
VERTEX
  5
97
  8
Layer_0
  10
153.38939
  20
213.64519
  0
VERTEX
  5
98
  8
Layer_0
  10
153.78627
  20
213.18217
  0
VERTEX
  5
99
  8
Layer_0
  10
153.91083
  20
213.04833
  0
VERTEX
  5
9a
  8
Layer_0
  10
154.02129
  20
212.94239
  0
VERTEX
  5
9b
  8
Layer_0
  10
154.12462
  20
212.86126
  0
VERTEX
  5
9c
  8
Layer_0
  10
154.22779
  20
212.80183
  0
VERTEX
  5
9d
  8
Layer_0
  10
154.46157
  20
212.73569
  0
VERTEX
  5
9e
  8
Layer_0
  10
154.77845
  20
212.71915
  0
VERTEX
  5
9f
  8
Layer_0
  10
155.00335
  20
212.7239
  0
VERTEX
  5
a0
  8
Layer_0
  10
155.18856
  20
212.73734
  0
VERTEX
  5
a1
  8
Layer_0
  10
155.31423
  20
212.75822
  0
VERTEX
  5
a2
  8
Layer_0
  10
155.36053
  20
212.7853
  0
VERTEX
  5
a3
  8
Layer_0
  10
155.33759
  20
212.85124
  0
VERTEX
  5
a4
  8
Layer_0
  10
155.2762
  20
212.99531
  0
VERTEX
  5
a5
  8
Layer_0
  10
155.18752
  20
213.19643
  0
VERTEX
  5
a6
  8
Layer_0
  10
155.08272
  20
213.43353
  0
VERTEX
  5
a7
  8
Layer_0
  10
154.99141
  20
213.62457
  0
VERTEX
  5
a8
  8
Layer_0
  10
154.92521
  20
213.7812
  0
VERTEX
  5
a9
  8
Layer_0
  10
154.8832
  20
213.91861
  0
VERTEX
  5
aa
  8
Layer_0
  10
154.86444
  20
214.05199
  0
VERTEX
  5
ab
  8
Layer_0
  10
154.86801
  20
214.19653
  0
VERTEX
  5
ac
  8
Layer_0
  10
154.89297
  20
214.36742
  0
VERTEX
  5
ad
  8
Layer_0
  10
154.93839
  20
214.57986
  0
VERTEX
  5
ae
  8
Layer_0
  10
155.00335
  20
214.84905
  0
VERTEX
  5
af
  8
Layer_0
  10
155.07756
  20
215.18577
  0
VERTEX
  5
b0
  8
Layer_0
  10
155.12076
  20
215.47909
  0
VERTEX
  5
b1
  8
Layer_0
  10
155.13034
  20
215.599
  0
VERTEX
  5
b2
  8
Layer_0
  10
155.13171
  20
215.69551
  0
VERTEX
  5
b3
  8
Layer_0
  10
155.12471
  20
215.76442
  0
VERTEX
  5
b4
  8
Layer_0
  10
155.10918
  20
215.80155
  0
VERTEX
  5
b5
  8
Layer_0
  10
155.03456
  20
215.84351
  0
VERTEX
  5
b6
  8
Layer_0
  10
154.91901
  20
215.86935
  0
VERTEX
  5
b7
  8
Layer_0
  10
154.77618
  20
215.87782
  0
VERTEX
  5
b8
  8
Layer_0
  10
154.6197
  20
215.86769
  0
VERTEX
  5
b9
  8
Layer_0
  10
154.41093
  20
215.8156
  0
VERTEX
  5
ba
  8
Layer_0
  10
154.21952
  20
215.67918
  0
VERTEX
  5
bb
  8
Layer_0
  10
154.12025
  20
215.57004
  0
VERTEX
  5
bc
  8
Layer_0
  10
154.01323
  20
215.42865
  0
VERTEX
  5
bd
  8
Layer_0
  10
153.89442
  20
215.2513
  0
VERTEX
  5
be
  8
Layer_0
  10
153.75981
  20
215.03425
  0
VERTEX
  5
bf
  8
Layer_0
  10
153.28355
  20
214.24051
  0
VERTEX
  5
c0
  8
Layer_0
  10
151.92096
  20
214.24051
  0
VERTEX
  5
c1
  8
Layer_0
  10
150.55835
  20
214.24051
  0
VERTEX
  5
c2
  8
Layer_0
  10
150.08209
  20
215.03426
  0
VERTEX
  5
c3
  8
Layer_0
  10
149.94035
  20
215.26215
  0
VERTEX
  5
c4
  8
Layer_0
  10
149.81876
  20
215.44353
  0
VERTEX
  5
c5
  8
Layer_0
  10
149.71142
  20
215.58399
  0
VERTEX
  5
c6
  8
Layer_0
  10
149.61246
  20
215.6891
  0
VERTEX
  5
c7
  8
Layer_0
  10
149.41609
  20
215.8156
  0
VERTEX
  5
c8
  8
Layer_0
  10
149.18251
  20
215.86769
  0
VERTEX
  5
c9
  8
Layer_0
  10
149.0188
  20
215.87596
  0
VERTEX
  5
ca
  8
Layer_0
  10
148.87494
  20
215.86439
  0
VERTEX
  5
cb
  8
Layer_0
  10
148.7658
  20
215.83793
  0
VERTEX
  5
cc
  8
Layer_0
  10
148.70626
  20
215.80155
  0
VERTEX
  5
cd
  8
Layer_0
  10
148.69624
  20
215.76501
  0
VERTEX
  5
ce
  8
Layer_0
  10
148.69552
  20
215.69778
  0
VERTEX
  5
cf
  8
Layer_0
  10
148.70347
  20
215.60388
  0
VERTEX
  5
d0
  8
Layer_0
  10
148.71949
  20
215.48735
  0
VERTEX
  5
d1
  8
Layer_0
  10
148.77324
  20
215.20251
  0
VERTEX
  5
d2
  8
Layer_0
  10
148.85179
  20
214.8755
  0
VERTEX
  5
d3
  8
Layer_0
  10
148.92108
  20
214.60684
  0
VERTEX
  5
d4
  8
Layer_0
  10
148.96961
  20
214.39553
  0
VERTEX
  5
d5
  8
Layer_0
  10
148.99643
  20
214.22578
  0
VERTEX
  5
d6
  8
Layer_0
  10
149.00061
  20
214.08175
  0
VERTEX
  5
d7
  8
Layer_0
  10
148.98124
  20
213.94765
  0
VERTEX
  5
d8
  8
Layer_0
  10
148.93736
  20
213.80766
  0
VERTEX
  5
d9
  8
Layer_0
  10
148.86806
  20
213.64597
  0
VERTEX
  5
da
  8
Layer_0
  10
148.77241
  20
213.44676
  0
VERTEX
  5
db
  8
Layer_0
  10
148.65996
  20
213.2076
  0
VERTEX
  5
dc
  8
Layer_0
  10
148.56736
  20
213.00192
  0
VERTEX
  5
dd
  8
Layer_0
  10
148.50452
  20
212.8533
  0
VERTEX
  5
de
  8
Layer_0
  10
148.48137
  20
212.7853
  0
VERTEX
  5
df
  8
Layer_0
  10
148.5256
  20
212.75822
  0
VERTEX
  5
e0
  8
Layer_0
  10
148.64673
  20
212.73734
  0
VERTEX
  5
e1
  8
Layer_0
  10
148.82739
  20
212.72391
  0
SEQEND
  0
POLYLINE
  5
e3
  8
Layer_0
  62
7
  70
1
  66
1
  10
0
  20
0
  30
0
  0
VERTEX
  5
e3
  8
Layer_0
  10
166.1423
  20
210.00717
  0
VERTEX
  5
e4
  8
Layer_0
  10
165.61314
  20
209.54414
  0
VERTEX
  5
e5
  8
Layer_0
  10
157.72856
  20
209.54414
  0
VERTEX
  5
e6
  8
Layer_0
  10
149.84398
  20
209.54414
  0
VERTEX
  5
e7
  8
Layer_0
  10
149.32803
  20
209.95425
  0
VERTEX
  5
e8
  8
Layer_0
  10
149.12009
  20
210.11776
  0
VERTEX
  5
e9
  8
Layer_0
  10
148.94439
  20
210.26018
  0
VERTEX
  5
ea
  8
Layer_0
  10
148.8183
  20
210.36539
  0
VERTEX
  5
eb
  8
Layer_0
  10
148.75918
  20
210.41728
  0
VERTEX
  5
ec
  8
Layer_0
  10
148.80075
  20
210.42223
  0
VERTEX
  5
ed
  8
Layer_0
  10
148.93235
  20
210.42715
  0
VERTEX
  5
ee
  8
Layer_0
  10
149.14945
  20
210.43198
  0
VERTEX
  5
ef
  8
Layer_0
  10
149.44751
  20
210.43671
  0
VERTEX
  5
f0
  8
Layer_0
  10
149.822
  20
210.44127
  0
VERTEX
  5
f1
  8
Layer_0
  10
150.26839
  20
210.44565
  0
VERTEX
  5
f2
  8
Layer_0
  10
150.78214
  20
210.44979
  0
VERTEX
  5
f3
  8
Layer_0
  10
151.35871
  20
210.45366
  0
VERTEX
  5
f4
  8
Layer_0
  10
151.99358
  20
210.45722
  0
VERTEX
  5
f5
  8
Layer_0
  10
152.6822
  20
210.46043
  0
VERTEX
  5
f6
  8
Layer_0
  10
153.42004
  20
210.46325
  0
VERTEX
  5
f7
  8
Layer_0
  10
154.20257
  20
210.46564
  0
VERTEX
  5
f8
  8
Layer_0
  10
155.02525
  20
210.46758
  0
VERTEX
  5
f9
  8
Layer_0
  10
155.88355
  20
210.469
  0
VERTEX
  5
fa
  8
Layer_0
  10
156.77294
  20
210.46989
  0
VERTEX
  5
fb
  8
Layer_0
  10
157.68887
  20
210.47019
  0
VERTEX
  5
fc
  8
Layer_0
  10
166.67148
  20
210.45695
  0
SEQEND
  0
POLYLINE
  5
fe
  8
Layer_0
  62
7
  70
1
  66
1
  10
0
  20
0
  30
0
  0
VERTEX
  5
fe
  8
Layer_0
  10
159.01179
  20
207.03061
  0
VERTEX
  5
ff
  8
Layer_0
  10
159.31027
  20
207.04012
  0
VERTEX
  5
100
  8
Layer_0
  10
159.52442
  20
207.06699
  0
VERTEX
  5
101
  8
Layer_0
  10
159.59676
  20
207.08616
  0
VERTEX
  5
102
  8
Layer_0
  10
159.6443
  20
207.10874
  0
VERTEX
  5
103
  8
Layer_0
  10
159.6658
  20
207.13443
  0
VERTEX
  5
104
  8
Layer_0
  10
159.66001
  20
207.1629
  0
VERTEX
  5
105
  8
Layer_0
  10
159.60172
  20
207.19313
  0
VERTEX
  5
106
  8
Layer_0
  10
159.47331
  20
207.21933
  0
VERTEX
  5
107
  8
Layer_0
  10
159.28498
  20
207.2415
  0
VERTEX
  5
108
  8
Layer_0
  10
159.04693
  20
207.25964
  0
VERTEX
  5
109
  8
Layer_0
  10
158.46241
  20
207.28382
  0
VERTEX
  5
10a
  8
Layer_0
  10
157.80132
  20
207.29188
  0
VERTEX
  5
10b
  8
Layer_0
  10
157.14518
  20
207.28382
  0
VERTEX
  5
10c
  8
Layer_0
  10
156.57555
  20
207.25964
  0
VERTEX
  5
10d
  8
Layer_0
  10
156.34866
  20
207.2415
  0
VERTEX
  5
10e
  8
Layer_0
  10
156.17397
  20
207.21933
  0
VERTEX
  5
10f
  8
Layer_0
  10
156.06169
  20
207.19313
  0
VERTEX
  5
110
  8
Layer_0
  10
156.02199
  20
207.1629
  0
VERTEX
  5
111
  8
Layer_0
  10
156.06354
  20
207.11432
  0
VERTEX
  5
112
  8
Layer_0
  10
156.17578
  20
207.07195
  0
VERTEX
  5
113
  8
Layer_0
  10
156.34011
  20
207.04198
  0
VERTEX
  5
114
  8
Layer_0
  10
156.53793
  20
207.03061
  0
VERTEX
  5
115
  8
Layer_0
  10
156.81758
  20
207.02536
  0
VERTEX
  5
116
  8
Layer_0
  10
157.0363
  20
207.00601
  0
VERTEX
  5
117
  8
Layer_0
  10
157.20138
  20
206.96712
  0
VERTEX
  5
118
  8
Layer_0
  10
157.32011
  20
206.90328
  0
VERTEX
  5
119
  8
Layer_0
  10
157.39976
  20
206.80905
  0
VERTEX
  5
11a
  8
Layer_0
  10
157.44764
  20
206.679
  0
VERTEX
  5
11b
  8
Layer_0
  10
157.47103
  20
206.50772
  0
VERTEX
  5
11c
  8
Layer_0
  10
157.4772
  20
206.28978
  0
VERTEX
  5
11d
  8
Layer_0
  10
157.47852
  20
206.10524
  0
VERTEX
  5
11e
  8
Layer_0
  10
157.48526
  20
205.96442
  0
VERTEX
  5
11f
  8
Layer_0
  10
157.50162
  20
205.86143
  0
VERTEX
  5
120
  8
Layer_0
  10
157.53177
  20
205.79037
  0
VERTEX
  5
121
  8
Layer_0
  10
157.57991
  20
205.74536
  0
VERTEX
  5
122
  8
Layer_0
  10
157.65021
  20
205.72051
  0
VERTEX
  5
123
  8
Layer_0
  10
157.74687
  20
205.70991
  0
VERTEX
  5
124
  8
Layer_0
  10
157.87408
  20
205.70769
  0
VERTEX
  5
125
  8
Layer_0
  10
158.00128
  20
205.70953
  0
VERTEX
  5
126
  8
Layer_0
  10
158.09794
  20
205.71989
  0
VERTEX
  5
127
  8
Layer_0
  10
158.16825
  20
205.74606
  0
VERTEX
  5
128
  8
Layer_0
  10
158.21638
  20
205.79534
  0
VERTEX
  5
129
  8
Layer_0
  10
158.24654
  20
205.87499
  0
VERTEX
  5
12a
  8
Layer_0
  10
158.26289
  20
205.99233
  0
VERTEX
  5
12b
  8
Layer_0
  10
158.26964
  20
206.15462
  0
VERTEX
  5
12c
  8
Layer_0
  10
158.27095
  20
206.36915
  0
VERTEX
  5
12d
  8
Layer_0
  10
158.27095
  20
207.03061
  0
VERTEX
  5
12e
  8
Layer_0
  10
159.01178
  20
207.03061
  0
SEQEND
  0
POLYLINE
  5
130
  8
Layer_0
  62
7
  70
1
  66
1
  10
0
  20
0
  30
0
  0
VERTEX
  5
130
  8
Layer_0
  10
159.93784
  20
212.71915
  0
VERTEX
  5
131
  8
Layer_0
  10
157.1597
  20
212.71915
  0
VERTEX
  5
132
  8
Layer_0
  10
156.657
  20
213.20863
  0
VERTEX
  5
133
  8
Layer_0
  10
156.46124
  20
213.41554
  0
VERTEX
  5
134
  8
Layer_0
  10
156.30146
  20
213.62369
  0
VERTEX
  5
135
  8
Layer_0
  10
156.19377
  20
213.80952
  0
VERTEX
  5
136
  8
Layer_0
  10
156.15428
  20
213.94946
  0
VERTEX
  5
137
  8
Layer_0
  10
156.16878
  20
214.07452
  0
VERTEX
  5
138
  8
Layer_0
  10
156.21072
  20
214.2281
  0
VERTEX
  5
139
  8
Layer_0
  10
156.27777
  20
214.40525
  0
VERTEX
  5
13a
  8
Layer_0
  10
156.36761
  20
214.601
  0
VERTEX
  5
13b
  8
Layer_0
  10
156.60635
  20
215.02847
  0
VERTEX
  5
13c
  8
Layer_0
  10
156.90835
  20
215.47082
  0
VERTEX
  5
13d
  8
Layer_0
  10
157.0795
  20
215.66533
  0
VERTEX
  5
13e
  8
Layer_0
  10
157.24569
  20
215.79659
  0
VERTEX
  5
13f
  8
Layer_0
  10
157.42181
  20
215.87079
  0
VERTEX
  5
140
  8
Layer_0
  10
157.62272
  20
215.89415
  0
VERTEX
  5
141
  8
Layer_0
  10
157.77178
  20
215.88699
  0
VERTEX
  5
142
  8
Layer_0
  10
157.88255
  20
215.85922
  0
VERTEX
  5
143
  8
Layer_0
  10
157.95642
  20
215.80137
  0
VERTEX
  5
144
  8
Layer_0
  10
157.99479
  20
215.70398
  0
VERTEX
  5
145
  8
Layer_0
  10
157.99906
  20
215.55761
  0
VERTEX
  5
146
  8
Layer_0
  10
157.97061
  20
215.35279
  0
VERTEX
  5
147
  8
Layer_0
  10
157.91085
  20
215.08007
  0
VERTEX
  5
148
  8
Layer_0
  10
157.82116
  20
214.72998
  0
VERTEX
  5
149
  8
Layer_0
  10
157.73662
  20
214.37342
  0
VERTEX
  5
14a
  8
Layer_0
  10
157.70044
  20
214.09994
  0
VERTEX
  5
14b
  8
Layer_0
  10
157.7114
  20
213.88352
  0
VERTEX
  5
14c
  8
Layer_0
  10
157.76825
  20
213.69811
  0
VERTEX
  5
14d
  8
Layer_0
  10
157.82075
  20
213.59331
  0
VERTEX
  5
14e
  8
Layer_0
  10
157.88565
  20
213.51455
  0
VERTEX
  5
14f
  8
Layer_0
  10
157.98777
  20
213.45812
  0
VERTEX
  5
150
  8
Layer_0
  10
158.15189
  20
213.4203
  0
VERTEX
  5
151
  8
Layer_0
  10
158.26496
  20
213.4072
  0
VERTEX
  5
152
  8
Layer_0
  10
158.40283
  20
213.39735
  0
VERTEX
  5
153
  8
Layer_0
  10
158.56861
  20
213.3903
  0
VERTEX
  5
154
  8
Layer_0
  10
158.76539
  20
213.38557
  0
VERTEX
  5
155
  8
Layer_0
  10
158.99628
  20
213.3827
  0
VERTEX
  5
156
  8
Layer_0
  10
159.26438
  20
213.38123
  0
VERTEX
  5
157
  8
Layer_0
  10
159.57278
  20
213.38069
  0
VERTEX
  5
158
  8
Layer_0
  10
159.9246
  20
213.38061
  0
VERTEX
  5
159
  8
Layer_0
  10
160.27641
  20
213.38069
  0
VERTEX
  5
15a
  8
Layer_0
  10
160.58482
  20
213.38123
  0
VERTEX
  5
15b
  8
Layer_0
  10
160.85291
  20
213.3827
  0
VERTEX
  5
15c
  8
Layer_0
  10
161.0838
  20
213.38557
  0
VERTEX
  5
15d
  8
Layer_0
  10
161.28059
  20
213.3903
  0
VERTEX
  5
15e
  8
Layer_0
  10
161.44637
  20
213.39735
  0
VERTEX
  5
15f
  8
Layer_0
  10
161.58424
  20
213.4072
  0
VERTEX
  5
160
  8
Layer_0
  10
161.69731
  20
213.4203
  0
VERTEX
  5
161
  8
Layer_0
  10
161.86143
  20
213.45812
  0
VERTEX
  5
162
  8
Layer_0
  10
161.96354
  20
213.51455
  0
VERTEX
  5
163
  8
Layer_0
  10
162.02845
  20
213.59331
  0
VERTEX
  5
164
  8
Layer_0
  10
162.08095
  20
213.69811
  0
VERTEX
  5
165
  8
Layer_0
  10
162.1378
  20
213.88352
  0
VERTEX
  5
166
  8
Layer_0
  10
162.14875
  20
214.09994
  0
VERTEX
  5
167
  8
Layer_0
  10
162.11258
  20
214.37342
  0
VERTEX
  5
168
  8
Layer_0
  10
162.02804
  20
214.72998
  0
VERTEX
  5
169
  8
Layer_0
  10
161.93835
  20
215.08007
  0
VERTEX
  5
16a
  8
Layer_0
  10
161.87859
  20
215.35279
  0
VERTEX
  5
16b
  8
Layer_0
  10
161.85014
  20
215.55761
  0
VERTEX
  5
16c
  8
Layer_0
  10
161.8544
  20
215.70398
  0
VERTEX
  5
16d
  8
Layer_0
  10
161.89277
  20
215.80136
  0
VERTEX
  5
16e
  8
Layer_0
  10
161.96665
  20
215.85922
  0
VERTEX
  5
16f
  8
Layer_0
  10
162.07741
  20
215.88699
  0
VERTEX
  5
170
  8
Layer_0
  10
162.22647
  20
215.89415
  0
VERTEX
  5
171
  8
Layer_0
  10
162.37977
  20
215.87482
  0
VERTEX
  5
172
  8
Layer_0
  10
162.53261
  20
215.81643
  0
VERTEX
  5
173
  8
Layer_0
  10
162.68575
  20
215.71835
  0
VERTEX
  5
174
  8
Layer_0
  10
162.83998
  20
215.57996
  0
VERTEX
  5
175
  8
Layer_0
  10
162.99607
  20
215.40064
  0
VERTEX
  5
176
  8
Layer_0
  10
163.15479
  20
215.17977
  0
VERTEX
  5
177
  8
Layer_0
  10
163.31692
  20
214.91674
  0
VERTEX
  5
178
  8
Layer_0
  10
163.48325
  20
214.61092
  0
VERTEX
  5
179
  8
Layer_0
  10
163.58091
  20
214.39551
  0
VERTEX
  5
17a
  8
Layer_0
  10
163.64447
  20
214.2097
  0
VERTEX
  5
17b
  8
Layer_0
  10
163.67207
  20
214.04468
  0
VERTEX
  5
17c
  8
Layer_0
  10
163.66184
  20
213.89158
  0
VERTEX
  5
17d
  8
Layer_0
  10
163.61192
  20
213.74159
  0
VERTEX
  5
17e
  8
Layer_0
  10
163.52045
  20
213.58587
  0
VERTEX
  5
17f
  8
Layer_0
  10
163.38558
  20
213.41557
  0
VERTEX
  5
180
  8
Layer_0
  10
163.20543
  20
213.22186
  0
VERTEX
  5
181
  8
Layer_0
  10
162.71596
  20
212.71915
  0
SEQEND
  0
POLYLINE
  5
183
  8
Layer_0
  62
7
  70
1
  66
1
  10
0
  20
0
  30
0
  0
VERTEX
  5
183
  8
Layer_0
  10
165.91741
  20
205.94582
  0
VERTEX
  5
184
  8
Layer_0
  10
165.91286
  20
205.98682
  0
VERTEX
  5
185
  8
Layer_0
  10
165.86615
  20
206.02085
  0
VERTEX
  5
186
  8
Layer_0
  10
165.7723
  20
206.04837
  0
VERTEX
  5
187
  8
Layer_0
  10
165.62637
  20
206.06984
  0
VERTEX
  5
188
  8
Layer_0
  10
165.42338
  20
206.08573
  0
VERTEX
  5
189
  8
Layer_0
  10
165.15839
  20
206.0965
  0
VERTEX
  5
18a
  8
Layer_0
  10
164.82642
  20
206.10263
  0
VERTEX
  5
18b
  8
Layer_0
  10
164.42251
  20
206.10457
  0
VERTEX
  5
18c
  8
Layer_0
  10
164.07295
  20
206.107
  0
VERTEX
  5
18d
  8
Layer_0
  10
163.76912
  20
206.11408
  0
VERTEX
  5
18e
  8
Layer_0
  10
163.5121
  20
206.1255
  0
VERTEX
  5
18f
  8
Layer_0
  10
163.303
  20
206.14095
  0
VERTEX
  5
190
  8
Layer_0
  10
163.14288
  20
206.16012
  0
VERTEX
  5
191
  8
Layer_0
  10
163.03283
  20
206.1827
  0
VERTEX
  5
192
  8
Layer_0
  10
162.97395
  20
206.20838
  0
VERTEX
  5
193
  8
Layer_0
  10
162.96731
  20
206.23686
  0
VERTEX
  5
194
  8
Layer_0
  10
162.99831
  20
206.26153
  0
VERTEX
  5
195
  8
Layer_0
  10
163.05908
  20
206.28543
  0
VERTEX
  5
196
  8
Layer_0
  10
163.1459
  20
206.30778
  0
VERTEX
  5
197
  8
Layer_0
  10
163.25504
  20
206.32781
  0
VERTEX
  5
198
  8
Layer_0
  10
163.52541
  20
206.35778
  0
VERTEX
  5
199
  8
Layer_0
  10
163.84043
  20
206.36915
  0
VERTEX
  5
19a
  8
Layer_0
  10
164.04158
  20
206.37111
  0
VERTEX
  5
19b
  8
Layer_0
  10
164.2094
  20
206.37742
  0
VERTEX
  5
19c
  8
Layer_0
  10
164.34528
  20
206.38868
  0
VERTEX
  5
19d
  8
Layer_0
  10
164.45063
  20
206.40553
  0
VERTEX
  5
19e
  8
Layer_0
  10
164.52682
  20
206.42858
  0
VERTEX
  5
19f
  8
Layer_0
  10
164.57527
  20
206.45845
  0
VERTEX
  5
1a0
  8
Layer_0
  10
164.59736
  20
206.49576
  0
VERTEX
  5
1a1
  8
Layer_0
  10
164.59449
  20
206.54113
  0
VERTEX
  5
1a2
  8
Layer_0
  10
164.51181
  20
206.60748
  0
VERTEX
  5
1a3
  8
Layer_0
  10
164.32991
  20
206.66515
  0
VERTEX
  5
1a4
  8
Layer_0
  10
164.05871
  20
206.71042
  0
VERTEX
  5
1a5
  8
Layer_0
  10
163.70814
  20
206.73957
  0
VERTEX
  5
1a6
  8
Layer_0
  10
163.47317
  20
206.75374
  0
VERTEX
  5
1a7
  8
Layer_0
  10
163.2832
  20
206.77106
  0
VERTEX
  5
1a8
  8
Layer_0
  10
163.13672
  20
206.79099
  0
VERTEX
  5
1a9
  8
Layer_0
  10
163.03221
  20
206.81295
  0
VERTEX
  5
1aa
  8
Layer_0
  10
162.96816
  20
206.83638
  0
VERTEX
  5
1ab
  8
Layer_0
  10
162.94307
  20
206.86072
  0
VERTEX
  5
1ac
  8
Layer_0
  10
162.95541
  20
206.88541
  0
VERTEX
  5
1ad
  8
Layer_0
  10
163.00369
  20
206.90989
  0
VERTEX
  5
1ae
  8
Layer_0
  10
163.08638
  20
206.9336
  0
VERTEX
  5
1af
  8
Layer_0
  10
163.20197
  20
206.95596
  0
VERTEX
  5
1b0
  8
Layer_0
  10
163.34896
  20
206.97643
  0
VERTEX
  5
1b1
  8
Layer_0
  10
163.52583
  20
206.99443
  0
VERTEX
  5
1b2
  8
Layer_0
  10
163.73107
  20
207.00942
  0
VERTEX
  5
1b3
  8
Layer_0
  10
163.96316
  20
207.02082
  0
VERTEX
  5
1b4
  8
Layer_0
  10
164.22061
  20
207.02807
  0
VERTEX
  5
1b5
  8
Layer_0
  10
164.50189
  20
207.03061
  0
VERTEX
  5
1b6
  8
Layer_0
  10
164.83285
  20
207.03304
  0
VERTEX
  5
1b7
  8
Layer_0
  10
165.12056
  20
207.04012
  0
VERTEX
  5
1b8
  8
Layer_0
  10
165.36393
  20
207.05154
  0
VERTEX
  5
1b9
  8
Layer_0
  10
165.56188
  20
207.06699
  0
VERTEX
  5
1ba
  8
Layer_0
  10
165.71331
  20
207.08616
  0
VERTEX
  5
1bb
  8
Layer_0
  10
165.81716
  20
207.10874
  0
VERTEX
  5
1bc
  8
Layer_0
  10
165.87232
  20
207.13443
  0
VERTEX
  5
1bd
  8
Layer_0
  10
165.87772
  20
207.1629
  0
VERTEX
  5
1be
  8
Layer_0
  10
165.81972
  20
207.19748
  0
VERTEX
  5
1bf
  8
Layer_0
  10
165.69649
  20
207.22688
  0
VERTEX
  5
1c0
  8
Layer_0
  10
165.51722
  20
207.25115
  0
VERTEX
  5
1c1
  8
Layer_0
  10
165.29109
  20
207.27039
  0
VERTEX
  5
1c2
  8
Layer_0
  10
164.735
  20
207.29405
  0
VERTEX
  5
1c3
  8
Layer_0
  10
164.10171
  20
207.2985
  0
VERTEX
  5
1c4
  8
Layer_0
  10
163.46469
  20
207.28434
  0
VERTEX
  5
1c5
  8
Layer_0
  10
162.89744
  20
207.2522
  0
VERTEX
  5
1c6
  8
Layer_0
  10
162.66294
  20
207.22958
  0
VERTEX
  5
1c7
  8
Layer_0
  10
162.47344
  20
207.20269
  0
VERTEX
  5
1c8
  8
Layer_0
  10
162.33811
  20
207.17162
  0
VERTEX
  5
1c9
  8
Layer_0
  10
162.26616
  20
207.13644
  0
VERTEX
  5
1ca
  8
Layer_0
  10
162.1973
  20
207.02813
  0
VERTEX
  5
1cb
  8
Layer_0
  10
162.14937
  20
206.87268
  0
VERTEX
  5
1cc
  8
Layer_0
  10
162.12221
  20
206.68624
  0
VERTEX
  5
1cd
  8
Layer_0
  10
162.11568
  20
206.48491
  0
VERTEX
  5
1ce
  8
Layer_0
  10
162.1296
  20
206.28481
  0
VERTEX
  5
1cf
  8
Layer_0
  10
162.16384
  20
206.10209
  0
VERTEX
  5
1d0
  8
Layer_0
  10
162.21823
  20
205.95284
  0
VERTEX
  5
1d1
  8
Layer_0
  10
162.29262
  20
205.85321
  0
VERTEX
  5
1d2
  8
Layer_0
  10
162.37606
  20
205.81457
  0
VERTEX
  5
1d3
  8
Layer_0
  10
162.52108
  20
205.78285
  0
VERTEX
  5
1d4
  8
Layer_0
  10
162.71858
  20
205.75784
  0
VERTEX
  5
1d5
  8
Layer_0
  10
162.95945
  20
205.73932
  0
VERTEX
  5
1d6
  8
Layer_0
  10
163.53487
  20
205.72089
  0
VERTEX
  5
1d7
  8
Layer_0
  10
164.17447
  20
205.72588
  0
VERTEX
  5
1d8
  8
Layer_0
  10
164.80538
  20
205.75257
  0
VERTEX
  5
1d9
  8
Layer_0
  10
165.35476
  20
205.79926
  0
VERTEX
  5
1da
  8
Layer_0
  10
165.57609
  20
205.82957
  0
VERTEX
  5
1db
  8
Layer_0
  10
165.74972
  20
205.86424
  0
VERTEX
  5
1dc
  8
Layer_0
  10
165.86653
  20
205.90306
  0
SEQEND
  0
POLYLINE
  5
1de
  8
Layer_0
  62
7
  70
1
  66
1
  10
0
  20
0
  30
0
  0
VERTEX
  5
1de
  8
Layer_0
  10
171.0371
  20
212.71915
  0
VERTEX
  5
1df
  8
Layer_0
  10
170.67619
  20
212.73941
  0
VERTEX
  5
1e0
  8
Layer_0
  10
170.35249
  20
212.81175
  0
VERTEX
  5
1e1
  8
Layer_0
  10
170.18831
  20
212.87289
  0
VERTEX
  5
1e2
  8
Layer_0
  10
170.01391
  20
212.95355
  0
VERTEX
  5
1e3
  8
Layer_0
  10
169.82275
  20
213.05592
  0
VERTEX
  5
1e4
  8
Layer_0
  10
169.60835
  20
213.18217
  0
VERTEX
  5
1e5
  8
Layer_0
  10
168.84106
  20
213.64519
  0
VERTEX
  5
1e6
  8
Layer_0
  10
166.7244
  20
213.64519
  0
VERTEX
  5
1e7
  8
Layer_0
  10
166.36939
  20
213.6454
  0
VERTEX
  5
1e8
  8
Layer_0
  10
166.05668
  20
213.64625
  0
VERTEX
  5
1e9
  8
Layer_0
  10
165.78358
  20
213.64807
  0
VERTEX
  5
1ea
  8
Layer_0
  10
165.54741
  20
213.65119
  0
VERTEX
  5
1eb
  8
Layer_0
  10
165.3455
  20
213.65593
  0
VERTEX
  5
1ec
  8
Layer_0
  10
165.17518
  20
213.66263
  0
VERTEX
  5
1ed
  8
Layer_0
  10
165.03378
  20
213.67162
  0
VERTEX
  5
1ee
  8
Layer_0
  10
164.91861
  20
213.68323
  0
VERTEX
  5
1ef
  8
Layer_0
  10
164.75629
  20
213.7156
  0
VERTEX
  5
1f0
  8
Layer_0
  10
164.66684
  20
213.76239
  0
VERTEX
  5
1f1
  8
Layer_0
  10
164.62886
  20
213.82624
  0
VERTEX
  5
1f2
  8
Layer_0
  10
164.62095
  20
213.90977
  0
VERTEX
  5
1f3
  8
Layer_0
  10
164.62886
  20
213.99331
  0
VERTEX
  5
1f4
  8
Layer_0
  10
164.66684
  20
214.05716
  0
VERTEX
  5
1f5
  8
Layer_0
  10
164.75629
  20
214.10395
  0
VERTEX
  5
1f6
  8
Layer_0
  10
164.91861
  20
214.13632
  0
VERTEX
  5
1f7
  8
Layer_0
  10
165.03378
  20
214.14793
  0
VERTEX
  5
1f8
  8
Layer_0
  10
165.17518
  20
214.15692
  0
VERTEX
  5
1f9
  8
Layer_0
  10
165.3455
  20
214.16362
  0
VERTEX
  5
1fa
  8
Layer_0
  10
165.54741
  20
214.16836
  0
VERTEX
  5
1fb
  8
Layer_0
  10
165.78358
  20
214.17148
  0
VERTEX
  5
1fc
  8
Layer_0
  10
166.05668
  20
214.1733
  0
VERTEX
  5
1fd
  8
Layer_0
  10
166.36939
  20
214.17415
  0
VERTEX
  5
1fe
  8
Layer_0
  10
166.72439
  20
214.17436
  0
VERTEX
  5
1ff
  8
Layer_0
  10
168.82782
  20
214.17436
  0
VERTEX
  5
200
  8
Layer_0
  10
169.25116
  20
214.70352
  0
VERTEX
  5
201
  8
Layer_0
  10
169.6745
  20
215.2327
  0
VERTEX
  5
202
  8
Layer_0
  10
167.14772
  20
215.2327
  0
VERTEX
  5
203
  8
Layer_0
  10
164.62096
  20
215.2327
  0
VERTEX
  5
204
  8
Layer_0
  10
164.62096
  20
215.56342
  0
VERTEX
  5
205
  8
Layer_0
  10
164.62096
  20
215.89415
  0
VERTEX
  5
206
  8
Layer_0
  10
167.83563
  20
215.89415
  0
VERTEX
  5
207
  8
Layer_0
  10
168.48454
  20
215.89237
  0
VERTEX
  5
208
  8
Layer_0
  10
169.09282
  20
215.88733
  0
VERTEX
  5
209
  8
Layer_0
  10
169.64716
  20
215.8795
  0
VERTEX
  5
20a
  8
Layer_0
  10
170.13421
  20
215.86934
  0
VERTEX
  5
20b
  8
Layer_0
  10
170.54064
  20
215.85733
  0
VERTEX
  5
20c
  8
Layer_0
  10
170.85313
  20
215.84392
  0
VERTEX
  5
20d
  8
Layer_0
  10
170.96998
  20
215.83684
  0
VERTEX
  5
20e
  8
Layer_0
  10
171.05834
  20
215.82958
  0
VERTEX
  5
20f
  8
Layer_0
  10
171.11654
  20
215.82221
  0
VERTEX
  5
210
  8
Layer_0
  10
171.14293
  20
215.81477
  0
VERTEX
  5
211
  8
Layer_0
  10
171.14815
  20
215.77697
  0
VERTEX
  5
212
  8
Layer_0
  10
171.13508
  20
215.70584
  0
VERTEX
  5
213
  8
Layer_0
  10
171.10526
  20
215.60525
  0
VERTEX
  5
214
  8
Layer_0
  10
171.06025
  20
215.47908
  0
VERTEX
  5
215
  8
Layer_0
  10
170.93085
  20
215.16551
  0
VERTEX
  5
216
  8
Layer_0
  10
170.75928
  20
214.79613
  0
VERTEX
  5
217
  8
Layer_0
  10
170.28304
  20
213.87009
  0
VERTEX
  5
218
  8
Layer_0
  10
170.66669
  20
213.57904
  42
0.012030356
  0
VERTEX
  5
219
  8
Layer_0
  10
171.36783
  20
213.01019
  0
VERTEX
  5
21a
  8
Layer_0
  10
171.69856
  20
212.73238
  0
VERTEX
  5
21b
  8
Layer_0
  10
171.03709
  20
212.71915
  0
SEQEND
  0
POLYLINE
  5
21d
  8
Layer_0
  62
7
  70
1
  66
1
  10
0
  20
0
  30
0
  0
VERTEX
  5
21d
  8
Layer_0
  10
176.18581
  20
209.45693
  0
VERTEX
  5
21e
  8
Layer_0
  10
177.10684
  20
209.45724
  0
VERTEX
  5
21f
  8
Layer_0
  10
178.00156
  20
209.45812
  0
VERTEX
  5
220
  8
Layer_0
  10
178.86535
  20
209.45955
  0
VERTEX
  5
221
  8
Layer_0
  10
179.6936
  20
209.46148
  0
VERTEX
  5
222
  8
Layer_0
  10
180.4817
  20
209.46388
  0
VERTEX
  5
223
  8
Layer_0
  10
181.22503
  20
209.4667
  0
VERTEX
  5
224
  8
Layer_0
  10
181.91899
  20
209.46991
  0
VERTEX
  5
225
  8
Layer_0
  10
182.55896
  20
209.47347
  0
VERTEX
  5
226
  8
Layer_0
  10
183.14032
  20
209.47734
  0
VERTEX
  5
227
  8
Layer_0
  10
183.65848
  20
209.48148
  0
VERTEX
  5
228
  8
Layer_0
  10
184.1088
  20
209.48585
  0
VERTEX
  5
229
  8
Layer_0
  10
184.48669
  20
209.49042
  0
VERTEX
  5
22a
  8
Layer_0
  10
184.78754
  20
209.49514
  0
VERTEX
  5
22b
  8
Layer_0
  10
185.00671
  20
209.49998
  0
VERTEX
  5
22c
  8
Layer_0
  10
185.13962
  20
209.50489
  0
VERTEX
  5
22d
  8
Layer_0
  10
185.18164
  20
209.50985
  0
VERTEX
  5
22e
  8
Layer_0
  10
185.12252
  20
209.56173
  0
VERTEX
  5
22f
  8
Layer_0
  10
184.99643
  20
209.66695
  0
VERTEX
  5
230
  8
Layer_0
  10
184.82073
  20
209.80937
  0
VERTEX
  5
231
  8
Layer_0
  10
184.61278
  20
209.97287
  0
VERTEX
  5
232
  8
Layer_0
  10
184.09685
  20
210.38298
  0
VERTEX
  5
233
  8
Layer_0
  10
176.14612
  20
210.38298
  0
VERTEX
  5
234
  8
Layer_0
  10
168.19539
  20
210.38298
  0
VERTEX
  5
235
  8
Layer_0
  10
167.66623
  20
209.91995
  0
VERTEX
  5
236
  8
Layer_0
  10
167.13705
  20
209.47017
  0
VERTEX
  5
237
  8
Layer_0
  10
176.18581
  20
209.45694
  0
SEQEND
  0
POLYLINE
  5
239
  8
Layer_0
  62
7
  70
1
  66
1
  10
0
  20
0
  30
0
  0
VERTEX
  5
239
  8
Layer_0
  10
170.65345
  20
206.10457
  0
VERTEX
  5
23a
  8
Layer_0
  10
171.05299
  20
206.10263
  0
VERTEX
  5
23b
  8
Layer_0
  10
171.38168
  20
206.0965
  0
VERTEX
  5
23c
  8
Layer_0
  10
171.64432
  20
206.08573
  0
VERTEX
  5
23d
  8
Layer_0
  10
171.84573
  20
206.06984
  0
VERTEX
  5
23e
  8
Layer_0
  10
171.99071
  20
206.04837
  0
VERTEX
  5
23f
  8
Layer_0
  10
172.08406
  20
206.02085
  0
VERTEX
  5
240
  8
Layer_0
  10
172.1306
  20
205.98682
  0
VERTEX
  5
241
  8
Layer_0
  10
172.13512
  20
205.94582
  0
VERTEX
  5
242
  8
Layer_0
  10
172.08424
  20
205.90306
  0
VERTEX
  5
243
  8
Layer_0
  10
171.96743
  20
205.86424
  0
VERTEX
  5
244
  8
Layer_0
  10
171.7938
  20
205.82957
  0
VERTEX
  5
245
  8
Layer_0
  10
171.57247
  20
205.79926
  0
VERTEX
  5
246
  8
Layer_0
  10
171.02309
  20
205.75257
  0
VERTEX
  5
247
  8
Layer_0
  10
170.39217
  20
205.72588
  0
VERTEX
  5
248
  8
Layer_0
  10
169.75258
  20
205.72089
  0
VERTEX
  5
249
  8
Layer_0
  10
169.17716
  20
205.73932
  0
VERTEX
  5
24a
  8
Layer_0
  10
168.93629
  20
205.75784
  0
VERTEX
  5
24b
  8
Layer_0
  10
168.73879
  20
205.78285
  0
VERTEX
  5
24c
  8
Layer_0
  10
168.59376
  20
205.81457
  0
VERTEX
  5
24d
  8
Layer_0
  10
168.51033
  20
205.85321
  0
VERTEX
  5
24e
  8
Layer_0
  10
168.43594
  20
205.95284
  0
VERTEX
  5
24f
  8
Layer_0
  10
168.38155
  20
206.10209
  0
VERTEX
  5
250
  8
Layer_0
  10
168.34731
  20
206.28481
  0
VERTEX
  5
251
  8
Layer_0
  10
168.33339
  20
206.4849
  0
VERTEX
  5
252
  8
Layer_0
  10
168.33992
  20
206.68624
  0
VERTEX
  5
253
  8
Layer_0
  10
168.36708
  20
206.87268
  0
VERTEX
  5
254
  8
Layer_0
  10
168.41501
  20
207.02813
  0
VERTEX
  5
255
  8
Layer_0
  10
168.48387
  20
207.13644
  0
VERTEX
  5
256
  8
Layer_0
  10
168.55582
  20
207.17162
  0
VERTEX
  5
257
  8
Layer_0
  10
168.69114
  20
207.20269
  0
VERTEX
  5
258
  8
Layer_0
  10
168.88065
  20
207.22957
  0
VERTEX
  5
259
  8
Layer_0
  10
169.11515
  20
207.2522
  0
VERTEX
  5
25a
  8
Layer_0
  10
169.6824
  20
207.28434
  0
VERTEX
  5
25b
  8
Layer_0
  10
170.31942
  20
207.2985
  0
VERTEX
  5
25c
  8
Layer_0
  10
170.95271
  20
207.29405
  0
VERTEX
  5
25d
  8
Layer_0
  10
171.5088
  20
207.27039
  0
VERTEX
  5
25e
  8
Layer_0
  10
171.73493
  20
207.25115
  0
VERTEX
  5
25f
  8
Layer_0
  10
171.9142
  20
207.22687
  0
VERTEX
  5
260
  8
Layer_0
  10
172.03743
  20
207.19748
  0
VERTEX
  5
261
  8
Layer_0
  10
172.09543
  20
207.1629
  0
VERTEX
  5
262
  8
Layer_0
  10
172.09192
  20
207.13443
  0
VERTEX
  5
263
  8
Layer_0
  10
172.04251
  20
207.10874
  0
VERTEX
  5
264
  8
Layer_0
  10
171.94846
  20
207.08616
  0
VERTEX
  5
265
  8
Layer_0
  10
171.811
  20
207.06699
  0
VERTEX
  5
266
  8
Layer_0
  10
171.63138
  20
207.05154
  0
VERTEX
  5
267
  8
Layer_0
  10
171.41082
  20
207.04012
  0
VERTEX
  5
268
  8
Layer_0
  10
171.15058
  20
207.03304
  0
VERTEX
  5
269
  8
Layer_0
  10
170.85189
  20
207.03061
  0
VERTEX
  5
26a
  8
Layer_0
  10
170.57081
  20
207.03004
  0
VERTEX
  5
26b
  8
Layer_0
  10
170.32164
  20
207.02792
  0
VERTEX
  5
26c
  8
Layer_0
  10
170.10246
  20
207.02363
  0
VERTEX
  5
26d
  8
Layer_0
  10
169.91138
  20
207.01655
  0
VERTEX
  5
26e
  8
Layer_0
  10
169.60592
  20
206.99154
  0
VERTEX
  5
26f
  8
Layer_0
  10
169.39007
  20
206.94793
  0
VERTEX
  5
270
  8
Layer_0
  10
169.24863
  20
206.88075
  0
VERTEX
  5
271
  8
Layer_0
  10
169.16641
  20
206.78504
  0
VERTEX
  5
272
  8
Layer_0
  10
169.12822
  20
206.65585
  0
VERTEX
  5
273
  8
Layer_0
  10
169.11887
  20
206.48821
  0
VERTEX
  5
274
  8
Layer_0
  10
169.11887
  20
206.10457
  0
VERTEX
  5
275
  8
Layer_0
  10
170.65346
  20
206.10457
  0
SEQEND
  0
POLYLINE
  5
277
  8
Layer_0
  62
7
  70
1
  66
1
  10
0
  20
0
  30
0
  0
VERTEX
  5
277
  8
Layer_0
  10
178.16762
  20
212.71915
  0
VERTEX
  5
278
  8
Layer_0
  10
178.34766
  20
212.7224
  0
VERTEX
  5
279
  8
Layer_0
  10
178.49669
  20
212.73527
  0
VERTEX
  5
27a
  8
Layer_0
  10
178.6234
  20
212.7624
  0
VERTEX
  5
27b
  8
Layer_0
  10
178.73647
  20
212.80845
  0
VERTEX
  5
27c
  8
Layer_0
  10
178.84458
  20
212.87805
  0
VERTEX
  5
27d
  8
Layer_0
  10
178.95641
  20
212.97588
  0
VERTEX
  5
27e
  8
Layer_0
  10
179.08064
  20
213.10657
  0
VERTEX
  5
27f
  8
Layer_0
  10
179.22595
  20
213.27477
  0
VERTEX
  5
280
  8
Layer_0
  10
179.41199
  20
213.49946
  0
VERTEX
  5
281
  8
Layer_0
  10
179.5633
  20
213.70307
  0
VERTEX
  5
282
  8
Layer_0
  10
179.66499
  20
213.8645
  0
VERTEX
  5
283
  8
Layer_0
  10
179.7022
  20
213.96269
  0
VERTEX
  5
284
  8
Layer_0
  10
179.67267
  20
214.09788
  0
VERTEX
  5
285
  8
Layer_0
  10
179.59244
  20
214.30003
  0
VERTEX
  5
286
  8
Layer_0
  10
179.47408
  20
214.54684
  0
VERTEX
  5
287
  8
Layer_0
  10
179.33013
  20
214.81597
  0
VERTEX
  5
288
  8
Layer_0
  10
179.17317
  20
215.0851
  0
VERTEX
  5
289
  8
Layer_0
  10
179.01573
  20
215.33191
  0
VERTEX
  5
28a
  8
Layer_0
  10
178.87039
  20
215.53407
  0
VERTEX
  5
28b
  8
Layer_0
  10
178.7497
  20
215.66925
  0
VERTEX
  5
28c
  8
Layer_0
  10
178.65185
  20
215.73589
  0
VERTEX
  5
28d
  8
Layer_0
  10
178.52253
  20
215.78811
  0
VERTEX
  5
28e
  8
Layer_0
  10
178.34019
  20
215.82761
  0
VERTEX
  5
28f
  8
Layer_0
  10
178.08328
  20
215.85611
  0
VERTEX
  5
290
  8
Layer_0
  10
177.92013
  20
215.86677
  0
VERTEX
  5
291
  8
Layer_0
  10
177.73026
  20
215.87531
  0
VERTEX
  5
292
  8
Layer_0
  10
177.51096
  20
215.88196
  0
VERTEX
  5
293
  8
Layer_0
  10
177.25956
  20
215.88691
  0
VERTEX
  5
294
  8
Layer_0
  10
176.97335
  20
215.8904
  0
VERTEX
  5
295
  8
Layer_0
  10
176.64965
  20
215.89262
  0
VERTEX
  5
296
  8
Layer_0
  10
176.28575
  20
215.8938
  0
VERTEX
  5
297
  8
Layer_0
  10
175.87897
  20
215.89415
  0
VERTEX
  5
298
  8
Layer_0
  10
175.35436
  20
215.89177
  0
VERTEX
  5
299
  8
Layer_0
  10
174.8595
  20
215.88505
  0
VERTEX
  5
29a
  8
Layer_0
  10
174.40558
  20
215.87462
  0
VERTEX
  5
29b
  8
Layer_0
  10
174.00374
  20
215.86108
  0
VERTEX
  5
29c
  8
Layer_0
  10
173.66516
  20
215.84506
  0
VERTEX
  5
29d
  8
Layer_0
  10
173.40099
  20
215.82718
  0
VERTEX
  5
29e
  8
Layer_0
  10
173.22239
  20
215.80806
  0
VERTEX
  5
29f
  8
Layer_0
  10
173.14054
  20
215.78832
  0
VERTEX
  5
2a0
  8
Layer_0
  10
173.02251
  20
215.67848
  0
VERTEX
  5
2a1
  8
Layer_0
  10
172.87595
  20
215.48508
  0
VERTEX
  5
2a2
  8
Layer_0
  10
172.71452
  20
215.2337
  0
VERTEX
  5
2a3
  8
Layer_0
  10
172.55184
  20
214.94992
  0
VERTEX
  5
2a4
  8
Layer_0
  10
172.40156
  20
214.65931
  0
VERTEX
  5
2a5
  8
Layer_0
  10
172.27733
  20
214.38747
  0
VERTEX
  5
2a6
  8
Layer_0
  10
172.19279
  20
214.15997
  0
VERTEX
  5
2a7
  8
Layer_0
  10
172.16158
  20
214.00238
  0
VERTEX
  5
2a8
  8
Layer_0
  10
172.1992
  20
213.84487
  0
VERTEX
  5
2a9
  8
Layer_0
  10
172.30379
  20
213.64519
  0
VERTEX
  5
2aa
  8
Layer_0
  10
172.46296
  20
213.42567
  0
VERTEX
  5
2ab
  8
Layer_0
  10
172.66429
  20
213.20863
  0
VERTEX
  5
2ac
  8
Layer_0
  10
172.80461
  20
213.07365
  0
VERTEX
  5
2ad
  8
Layer_0
  10
172.93114
  20
212.96472
  0
VERTEX
  5
2ae
  8
Layer_0
  10
173.04868
  20
212.87935
  0
VERTEX
  5
2af
  8
Layer_0
  10
173.16203
  20
212.81506
  0
VERTEX
  5
2b0
  8
Layer_0
  10
173.3954
  20
212.73982
  0
VERTEX
  5
2b1
  8
Layer_0
  10
173.6697
  20
212.71915
  0
VERTEX
  5
2b2
  8
Layer_0
  10
173.81212
  20
212.72124
  0
VERTEX
  5
2b3
  8
Layer_0
  10
173.92354
  20
212.72845
  0
VERTEX
  5
2b4
  8
Layer_0
  10
174.00643
  20
212.74217
  0
VERTEX
  5
2b5
  8
Layer_0
  10
174.06327
  20
212.7638
  0
VERTEX
  5
2b6
  8
Layer_0
  10
174.10875
  20
212.83635
  0
VERTEX
  5
2b7
  8
Layer_0
  10
174.07981
  20
212.95727
  0
VERTEX
  5
2b8
  8
Layer_0
  10
173.97976
  20
213.19573
  0
VERTEX
  5
2b9
  8
Layer_0
  10
173.92436
  20
213.37172
  0
VERTEX
  5
2ba
  8
Layer_0
  10
173.92116
  20
213.43924
  0
VERTEX
  5
2bb
  8
Layer_0
  10
173.93842
  20
213.49468
  0
VERTEX
  5
2bc
  8
Layer_0
  10
173.97924
  20
213.53924
  0
VERTEX
  5
2bd
  8
Layer_0
  10
174.04673
  20
213.57408
  0
VERTEX
  5
2be
  8
Layer_0
  10
174.14399
  20
213.6004
  0
VERTEX
  5
2bf
  8
Layer_0
  10
174.27411
  20
213.61938
  0
VERTEX
  5
2c0
  8
Layer_0
  10
174.4402
  20
213.63219
  0
VERTEX
  5
2c1
  8
Layer_0
  10
174.64535
  20
213.64002
  0
VERTEX
  5
2c2
  8
Layer_0
  10
174.89268
  20
213.64406
  0
VERTEX
  5
2c3
  8
Layer_0
  10
175.18527
  20
213.64547
  0
VERTEX
  5
2c4
  8
Layer_0
  10
175.52623
  20
213.64546
  0
VERTEX
  5
2c5
  8
Layer_0
  10
175.91866
  20
213.64519
  0
VERTEX
  5
2c6
  8
Layer_0
  10
176.33398
  20
213.64398
  0
VERTEX
  5
2c7
  8
Layer_0
  10
176.72109
  20
213.64044
  0
VERTEX
  5
2c8
  8
Layer_0
  10
177.07161
  20
213.63473
  0
VERTEX
  5
2c9
  8
Layer_0
  10
177.37718
  20
213.627
  0
VERTEX
  5
2ca
  8
Layer_0
  10
177.62941
  20
213.61741
  0
VERTEX
  5
2cb
  8
Layer_0
  10
177.81994
  20
213.60612
  0
VERTEX
  5
2cc
  8
Layer_0
  10
177.9404
  20
213.59328
  0
VERTEX
  5
2cd
  8
Layer_0
  10
177.98241
  20
213.57904
  0
VERTEX
  5
2ce
  8
Layer_0
  10
177.96629
  20
213.51414
  0
VERTEX
  5
2cf
  8
Layer_0
  10
177.92288
  20
213.40707
  0
VERTEX
  5
2d0
  8
Layer_0
  10
177.85963
  20
213.27023
  0
VERTEX
  5
2d1
  8
Layer_0
  10
177.78397
  20
213.11602
  0
VERTEX
  5
2d2
  8
Layer_0
  10
177.5723
  20
212.71915
  0
VERTEX
  5
2d3
  8
Layer_0
  10
178.16762
  20
212.71915
  0
SEQEND
  0
POLYLINE
  5
2d5
  8
Layer_0
  62
7
  70
1
  66
1
  10
0
  20
0
  30
0
  0
VERTEX
  5
2d5
  8
Layer_0
  10
175.86574
  20
206.36915
  0
VERTEX
  5
2d6
  8
Layer_0
  10
175.86443
  20
206.15461
  0
VERTEX
  5
2d7
  8
Layer_0
  10
175.85768
  20
205.99232
  0
VERTEX
  5
2d8
  8
Layer_0
  10
175.84133
  20
205.87499
  0
VERTEX
  5
2d9
  8
Layer_0
  10
175.81117
  20
205.79533
  0
VERTEX
  5
2da
  8
Layer_0
  10
175.76304
  20
205.74606
  0
VERTEX
  5
2db
  8
Layer_0
  10
175.69273
  20
205.71989
  0
VERTEX
  5
2dc
  8
Layer_0
  10
175.59607
  20
205.70952
  0
VERTEX
  5
2dd
  8
Layer_0
  10
175.46887
  20
205.70769
  0
VERTEX
  5
2de
  8
Layer_0
  10
175.07199
  20
205.70769
  0
VERTEX
  5
2df
  8
Layer_0
  10
175.07199
  20
206.50143
  0
VERTEX
  5
2e0
  8
Layer_0
  10
175.07199
  20
207.2952
  0
VERTEX
  5
2e1
  8
Layer_0
  10
176.83148
  20
207.2952
  0
VERTEX
  5
2e2
  8
Layer_0
  10
177.2514
  20
207.29271
  0
VERTEX
  5
2e3
  8
Layer_0
  10
177.61861
  20
207.28527
  0
VERTEX
  5
2e4
  8
Layer_0
  10
177.93373
  20
207.27287
  0
VERTEX
  5
2e5
  8
Layer_0
  10
178.19738
  20
207.2555
  0
VERTEX
  5
2e6
  8
Layer_0
  10
178.41019
  20
207.23318
  0
VERTEX
  5
2e7
  8
Layer_0
  10
178.57276
  20
207.20589
  0
VERTEX
  5
2e8
  8
Layer_0
  10
178.68573
  20
207.17365
  0
VERTEX
  5
2e9
  8
Layer_0
  10
178.7497
  20
207.13644
  0
VERTEX
  5
2ea
  8
Layer_0
  10
178.81357
  20
207.02172
  0
VERTEX
  5
2eb
  8
Layer_0
  10
178.8638
  20
206.83382
  0
VERTEX
  5
2ec
  8
Layer_0
  10
178.89667
  20
206.5988
  0
VERTEX
  5
2ed
  8
Layer_0
  10
178.90845
  20
206.34269
  0
VERTEX
  5
2ee
  8
Layer_0
  10
178.90716
  20
206.14069
  0
VERTEX
  5
2ef
  8
Layer_0
  10
178.9006
  20
205.98674
  0
VERTEX
  5
2f0
  8
Layer_0
  10
178.88473
  20
205.87435
  0
VERTEX
  5
2f1
  8
Layer_0
  10
178.85554
  20
205.79699
  0
VERTEX
  5
2f2
  8
Layer_0
  10
178.80898
  20
205.74815
  0
VERTEX
  5
2f3
  8
Layer_0
  10
178.74102
  20
205.72133
  0
VERTEX
  5
2f4
  8
Layer_0
  10
178.64764
  20
205.71002
  0
VERTEX
  5
2f5
  8
Layer_0
  10
178.52481
  20
205.70769
  0
VERTEX
  5
2f6
  8
Layer_0
  10
178.40133
  20
205.71002
  0
VERTEX
  5
2f7
  8
Layer_0
  10
178.3059
  20
205.72133
  0
VERTEX
  5
2f8
  8
Layer_0
  10
178.23436
  20
205.74815
  0
VERTEX
  5
2f9
  8
Layer_0
  10
178.1825
  20
205.79699
  0
VERTEX
  5
2fa
  8
Layer_0
  10
178.14614
  20
205.87435
  0
VERTEX
  5
2fb
  8
Layer_0
  10
178.12111
  20
205.98674
  0
VERTEX
  5
2fc
  8
Layer_0
  10
178.1032
  20
206.14069
  0
VERTEX
  5
2fd
  8
Layer_0
  10
178.08824
  20
206.34269
  0
VERTEX
  5
2fe
  8
Layer_0
  10
178.04855
  20
206.96446
  0
VERTEX
  5
2ff
  8
Layer_0
  10
176.96378
  20
207.00415
  0
VERTEX
  5
300
  8
Layer_0
  10
175.86575
  20
207.04384
  0
VERTEX
  5
301
  8
Layer_0
  10
175.86575
  20
206.36914
  0
SEQEND
  0
POLYLINE
  5
303
  8
Layer_0
  62
7
  70
1
  66
1
  10
0
  20
0
  30
0
  0
VERTEX
  5
303
  8
Layer_0
  10
178.04855
  20
214.61092
  0
VERTEX
  5
304
  8
Layer_0
  10
178.00701
  20
214.77918
  0
VERTEX
  5
305
  8
Layer_0
  10
177.96422
  20
214.93503
  0
VERTEX
  5
306
  8
Layer_0
  10
177.92391
  20
215.06112
  0
VERTEX
  5
307
  8
Layer_0
  10
177.88981
  20
215.14009
  0
VERTEX
  5
308
  8
Layer_0
  10
177.83976
  20
215.15926
  0
VERTEX
  5
309
  8
Layer_0
  10
177.71514
  20
215.17688
  0
VERTEX
  5
30a
  8
Layer_0
  10
177.52448
  20
215.19264
  0
VERTEX
  5
30b
  8
Layer_0
  10
177.27631
  20
215.20623
  0
VERTEX
  5
30c
  8
Layer_0
  10
176.97914
  20
215.21734
  0
VERTEX
  5
30d
  8
Layer_0
  10
176.64151
  20
215.22566
  0
VERTEX
  5
30e
  8
Layer_0
  10
176.27195
  20
215.23088
  0
VERTEX
  5
30f
  8
Layer_0
  10
175.87897
  20
215.23269
  0
VERTEX
  5
310
  8
Layer_0
  10
175.53852
  20
215.23262
  0
VERTEX
  5
311
  8
Layer_0
  10
175.23958
  20
215.23212
  0
VERTEX
  5
312
  8
Layer_0
  10
174.97932
  20
215.23077
  0
VERTEX
  5
313
  8
Layer_0
  10
174.75491
  20
215.22814
  0
VERTEX
  5
314
  8
Layer_0
  10
174.56352
  20
215.22381
  0
VERTEX
  5
315
  8
Layer_0
  10
174.40232
  20
215.21734
  0
VERTEX
  5
316
  8
Layer_0
  10
174.26849
  20
215.20832
  0
VERTEX
  5
317
  8
Layer_0
  10
174.15918
  20
215.19631
  0
VERTEX
  5
318
  8
Layer_0
  10
174.00286
  20
215.16164
  0
VERTEX
  5
319
  8
Layer_0
  10
173.91072
  20
215.10991
  0
VERTEX
  5
31a
  8
Layer_0
  10
173.86013
  20
215.03772
  0
VERTEX
  5
31b
  8
Layer_0
  10
173.82845
  20
214.94165
  0
VERTEX
  5
31c
  8
Layer_0
  10
173.76042
  20
214.68079
  0
VERTEX
  5
31d
  8
Layer_0
  10
173.73316
  20
214.4869
  0
VERTEX
  5
31e
  8
Layer_0
  10
173.7433
  20
214.41197
  0
VERTEX
  5
31f
  8
Layer_0
  10
173.7738
  20
214.35006
  0
VERTEX
  5
320
  8
Layer_0
  10
173.82807
  20
214.29993
  0
VERTEX
  5
321
  8
Layer_0
  10
173.90948
  20
214.26035
  0
VERTEX
  5
322
  8
Layer_0
  10
174.02144
  20
214.23006
  0
VERTEX
  5
323
  8
Layer_0
  10
174.16732
  20
214.20784
  0
VERTEX
  5
324
  8
Layer_0
  10
174.35053
  20
214.19244
  0
VERTEX
  5
325
  8
Layer_0
  10
174.57445
  20
214.18263
  0
VERTEX
  5
326
  8
Layer_0
  10
174.84248
  20
214.17715
  0
VERTEX
  5
327
  8
Layer_0
  10
175.15801
  20
214.17477
  0
VERTEX
  5
328
  8
Layer_0
  10
175.52443
  20
214.17425
  0
VERTEX
  5
329
  8
Layer_0
  10
175.94512
  20
214.17436
  0
VERTEX
  5
32a
  8
Layer_0
  10
178.14116
  20
214.17436
  0
VERTEX
  5
32b
  8
Layer_0
  10
178.04855
  20
214.61092
  0
SEQEND
  0
POLYLINE
  5
32d
  8
Layer_0
  62
7
  70
1
  66
1
  10
0
  20
0
  30
0
  0
VERTEX
  5
32d
  8
Layer_0
  10
182.44064
  20
214.59769
  0
VERTEX
  5
32e
  8
Layer_0
  10
182.78461
  20
215.2327
  0
VERTEX
  5
32f
  8
Layer_0
  10
184.87482
  20
215.2327
  0
VERTEX
  5
330
  8
Layer_0
  10
185.21676
  20
215.2329
  0
VERTEX
  5
331
  8
Layer_0
  10
185.51999
  20
215.23372
  0
VERTEX
  5
332
  8
Layer_0
  10
185.78702
  20
215.23548
  0
VERTEX
  5
333
  8
Layer_0
  10
186.02037
  20
215.23848
  0
VERTEX
  5
334
  8
Layer_0
  10
186.22256
  20
215.24302
  0
VERTEX
  5
335
  8
Layer_0
  10
186.39611
  20
215.24943
  0
VERTEX
  5
336
  8
Layer_0
  10
186.54354
  20
215.25801
  0
VERTEX
  5
337
  8
Layer_0
  10
186.66736
  20
215.26907
  0
VERTEX
  5
338
  8
Layer_0
  10
186.85427
  20
215.29987
  0
VERTEX
  5
339
  8
Layer_0
  10
186.977
  20
215.34431
  0
VERTEX
  5
33a
  8
Layer_0
  10
187.05571
  20
215.40488
  0
VERTEX
  5
33b
  8
Layer_0
  10
187.11053
  20
215.48404
  0
VERTEX
  5
33c
  8
Layer_0
  10
187.20149
  20
215.6891
  0
VERTEX
  5
33d
  8
Layer_0
  10
187.24283
  20
215.81477
  0
VERTEX
  5
33e
  8
Layer_0
  10
187.1912
  20
215.82958
  0
VERTEX
  5
33f
  8
Layer_0
  10
187.04315
  20
215.84392
  0
VERTEX
  5
340
  8
Layer_0
  10
186.8089
  20
215.85733
  0
VERTEX
  5
341
  8
Layer_0
  10
186.49869
  20
215.86934
  0
VERTEX
  5
342
  8
Layer_0
  10
186.12274
  20
215.8795
  0
VERTEX
  5
343
  8
Layer_0
  10
185.69129
  20
215.88733
  0
VERTEX
  5
344
  8
Layer_0
  10
185.21458
  20
215.89237
  0
VERTEX
  5
345
  8
Layer_0
  10
184.70283
  20
215.89415
  0
VERTEX
  5
346
  8
Layer_0
  10
182.16283
  20
215.89415
  0
VERTEX
  5
347
  8
Layer_0
  10
181.32939
  20
215.0078
  0
VERTEX
  5
348
  8
Layer_0
  10
181.00941
  20
214.6413
  0
VERTEX
  5
349
  8
Layer_0
  10
180.744
  20
214.31822
  0
VERTEX
  5
34a
  8
Layer_0
  10
180.64106
  20
214.18343
  0
VERTEX
  5
34b
  8
Layer_0
  10
180.56293
  20
214.07204
  0
VERTEX
  5
34c
  8
Layer_0
  10
180.51332
  20
213.98824
  0
VERTEX
  5
34d
  8
Layer_0
  10
180.49596
  20
213.93623
  0
VERTEX
  5
34e
  8
Layer_0
  10
180.51278
  20
213.89202
  0
VERTEX
  5
34f
  8
Layer_0
  10
180.56107
  20
213.83061
  0
VERTEX
  5
350
  8
Layer_0
  10
180.63757
  20
213.75461
  0
VERTEX
  5
351
  8
Layer_0
  10
180.73904
  20
213.66669
  0
VERTEX
  5
352
  8
Layer_0
  10
181.00383
  20
213.46556
  0
VERTEX
  5
353
  8
Layer_0
  10
181.32939
  20
213.24831
  0
VERTEX
  5
354
  8
Layer_0
  10
182.1496
  20
212.71915
  0
VERTEX
  5
355
  8
Layer_0
  10
184.70282
  20
212.71915
  0
VERTEX
  5
356
  8
Layer_0
  10
185.21078
  20
212.72093
  0
VERTEX
  5
357
  8
Layer_0
  10
185.68571
  20
212.72597
  0
VERTEX
  5
358
  8
Layer_0
  10
186.11693
  20
212.7338
  0
VERTEX
  5
359
  8
Layer_0
  10
186.49373
  20
212.74395
  0
VERTEX
  5
35a
  8
Layer_0
  10
186.80541
  20
212.75597
  0
VERTEX
  5
35b
  8
Layer_0
  10
187.04129
  20
212.76938
  0
VERTEX
  5
35c
  8
Layer_0
  10
187.19066
  20
212.78372
  0
VERTEX
  5
35d
  8
Layer_0
  10
187.24283
  20
212.79852
  0
VERTEX
  5
35e
  8
Layer_0
  10
187.20149
  20
212.9242
  0
VERTEX
  5
35f
  8
Layer_0
  10
187.11053
  20
213.12925
  0
VERTEX
  5
360
  8
Layer_0
  10
187.05563
  20
213.20842
  0
VERTEX
  5
361
  8
Layer_0
  10
186.97638
  20
213.26898
  0
VERTEX
  5
362
  8
Layer_0
  10
186.85218
  20
213.31343
  0
VERTEX
  5
363
  8
Layer_0
  10
186.6624
  20
213.34423
  0
VERTEX
  5
364
  8
Layer_0
  10
186.53647
  20
213.35528
  0
VERTEX
  5
365
  8
Layer_0
  10
186.38642
  20
213.36386
  0
VERTEX
  5
366
  8
Layer_0
  10
186.20966
  20
213.37027
  0
VERTEX
  5
367
  8
Layer_0
  10
186.00363
  20
213.37482
  0
VERTEX
  5
368
  8
Layer_0
  10
185.76573
  20
213.37782
  0
VERTEX
  5
369
  8
Layer_0
  10
185.4934
  20
213.37957
  0
VERTEX
  5
36a
  8
Layer_0
  10
185.18406
  20
213.3804
  0
VERTEX
  5
36b
  8
Layer_0
  10
184.83512
  20
213.38061
  0
VERTEX
  5
36c
  8
Layer_0
  10
184.47946
  20
213.38082
  0
VERTEX
  5
36d
  8
Layer_0
  10
184.16457
  20
213.38172
  0
VERTEX
  5
36e
  8
Layer_0
  10
183.8875
  20
213.38366
  0
VERTEX
  5
36f
  8
Layer_0
  10
183.64532
  20
213.38701
  0
VERTEX
  5
370
  8
Layer_0
  10
183.43508
  20
213.39215
  0
VERTEX
  5
371
  8
Layer_0
  10
183.25382
  20
213.39944
  0
VERTEX
  5
372
  8
Layer_0
  10
183.09861
  20
213.40925
  0
VERTEX
  5
373
  8
Layer_0
  10
182.9665
  20
213.42195
  0
VERTEX
  5
374
  8
Layer_0
  10
182.75979
  20
213.45748
  0
VERTEX
  5
375
  8
Layer_0
  10
182.61014
  20
213.50897
  0
VERTEX
  5
376
  8
Layer_0
  10
182.49397
  20
213.57938
  0
VERTEX
  5
377
  8
Layer_0
  10
182.38773
  20
213.67165
  0
VERTEX
  5
378
  8
Layer_0
  10
182.08345
  20
213.94946
  0
SEQEND
  0
POLYLINE
  5
37a
  8
Layer_0
  62
7
  70
1
  66
1
  10
0
  20
0
  30
0
  0
VERTEX
  5
37a
  8
Layer_0
  10
182.74491
  20
205.70769
  0
VERTEX
  5
37b
  8
Layer_0
  10
182.87211
  20
205.70947
  0
VERTEX
  5
37c
  8
Layer_0
  10
182.96877
  20
205.71947
  0
VERTEX
  5
37d
  8
Layer_0
  10
183.03908
  20
205.74466
  0
VERTEX
  5
37e
  8
Layer_0
  10
183.08721
  20
205.79203
  0
VERTEX
  5
37f
  8
Layer_0
  10
183.11737
  20
205.86853
  0
VERTEX
  5
380
  8
Layer_0
  10
183.13372
  20
205.98116
  0
VERTEX
  5
381
  8
Layer_0
  10
183.14047
  20
206.13689
  0
VERTEX
  5
382
  8
Layer_0
  10
183.14178
  20
206.34269
  0
VERTEX
  5
383
  8
Layer_0
  10
183.13419
  20
206.57733
  0
VERTEX
  5
384
  8
Layer_0
  10
183.11078
  20
206.77615
  0
VERTEX
  5
385
  8
Layer_0
  10
183.07063
  20
206.94056
  0
VERTEX
  5
386
  8
Layer_0
  10
183.0128
  20
207.07195
  0
VERTEX
  5
387
  8
Layer_0
  10
182.93637
  20
207.17171
  0
VERTEX
  5
388
  8
Layer_0
  10
182.84041
  20
207.24124
  0
VERTEX
  5
389
  8
Layer_0
  10
182.72398
  20
207.28193
  0
VERTEX
  5
38a
  8
Layer_0
  10
182.58616
  20
207.29519
  0
VERTEX
  5
38b
  8
Layer_0
  10
182.46524
  20
207.26604
  0
VERTEX
  5
38c
  8
Layer_0
  10
182.39268
  20
207.15132
  0
VERTEX
  5
38d
  8
Layer_0
  10
182.37106
  20
207.04908
  0
VERTEX
  5
38e
  8
Layer_0
  10
182.35734
  20
206.9101
  0
VERTEX
  5
38f
  8
Layer_0
  10
182.35013
  20
206.72925
  0
VERTEX
  5
390
  8
Layer_0
  10
182.34804
  20
206.50144
  0
VERTEX
  5
391
  8
Layer_0
  10
182.34804
  20
205.70769
  0
VERTEX
  5
392
  8
Layer_0
  10
182.7449
  20
205.70769
  0
SEQEND
  0
POLYLINE
  5
394
  8
Layer_0
  62
7
  70
1
  66
1
  10
0
  20
0
  30
0
  0
VERTEX
  5
394
  8
Layer_0
  10
203.31627
  20
210.00717
  0
VERTEX
  5
395
  8
Layer_0
  10
202.78711
  20
209.54414
  0
VERTEX
  5
396
  8
Layer_0
  10
194.83636
  20
209.54414
  0
VERTEX
  5
397
  8
Layer_0
  10
186.88565
  20
209.54414
  0
VERTEX
  5
398
  8
Layer_0
  10
186.36971
  20
209.95425
  0
VERTEX
  5
399
  8
Layer_0
  10
186.16176
  20
210.11776
  0
VERTEX
  5
39a
  8
Layer_0
  10
185.98606
  20
210.26018
  0
VERTEX
  5
39b
  8
Layer_0
  10
185.85997
  20
210.36539
  0
VERTEX
  5
39c
  8
Layer_0
  10
185.80085
  20
210.41727
  0
VERTEX
  5
39d
  8
Layer_0
  10
185.84287
  20
210.42223
  0
VERTEX
  5
39e
  8
Layer_0
  10
185.97577
  20
210.42714
  0
VERTEX
  5
39f
  8
Layer_0
  10
186.19495
  20
210.43198
  0
VERTEX
  5
3a0
  8
Layer_0
  10
186.49579
  20
210.4367
  0
VERTEX
  5
3a1
  8
Layer_0
  10
186.87368
  20
210.44127
  0
VERTEX
  5
3a2
  8
Layer_0
  10
187.32401
  20
210.44564
  0
VERTEX
  5
3a3
  8
Layer_0
  10
187.84217
  20
210.44978
  0
VERTEX
  5
3a4
  8
Layer_0
  10
188.42353
  20
210.45365
  0
VERTEX
  5
3a5
  8
Layer_0
  10
189.0635
  20
210.45721
  0
VERTEX
  5
3a6
  8
Layer_0
  10
189.75746
  20
210.46042
  0
VERTEX
  5
3a7
  8
Layer_0
  10
190.50079
  20
210.46324
  0
VERTEX
  5
3a8
  8
Layer_0
  10
191.28889
  20
210.46564
  0
VERTEX
  5
3a9
  8
Layer_0
  10
192.11714
  20
210.46757
  0
VERTEX
  5
3aa
  8
Layer_0
  10
192.98093
  20
210.469
  0
VERTEX
  5
3ab
  8
Layer_0
  10
193.87565
  20
210.46988
  0
VERTEX
  5
3ac
  8
Layer_0
  10
194.79668
  20
210.47019
  0
VERTEX
  5
3ad
  8
Layer_0
  10
203.84543
  20
210.45695
  0
SEQEND
  0
POLYLINE
  5
3af
  8
Layer_0
  62
7
  70
1
  66
1
  10
0
  20
0
  30
0
  0
VERTEX
  5
3af
  8
Layer_0
  10
187.40158
  20
206.54112
  0
VERTEX
  5
3b0
  8
Layer_0
  10
187.44127
  20
206.96446
  0
VERTEX
  5
3b1
  8
Layer_0
  10
188.93616
  20
207.00415
  0
VERTEX
  5
3b2
  8
Layer_0
  10
189.29797
  20
207.01614
  0
VERTEX
  5
3b3
  8
Layer_0
  10
189.60504
  20
207.03185
  0
VERTEX
  5
3b4
  8
Layer_0
  10
189.85811
  20
207.05066
  0
VERTEX
  5
3b5
  8
Layer_0
  10
190.05795
  20
207.07195
  0
VERTEX
  5
3b6
  8
Layer_0
  10
190.20532
  20
207.0951
  0
VERTEX
  5
3b7
  8
Layer_0
  10
190.30096
  20
207.11949
  0
VERTEX
  5
3b8
  8
Layer_0
  10
190.34564
  20
207.1445
  0
VERTEX
  5
3b9
  8
Layer_0
  10
190.3401
  20
207.16951
  0
VERTEX
  5
3ba
  8
Layer_0
  10
190.28512
  20
207.1939
  0
VERTEX
  5
3bb
  8
Layer_0
  10
190.18143
  20
207.21705
  0
VERTEX
  5
3bc
  8
Layer_0
  10
190.0298
  20
207.23834
  0
VERTEX
  5
3bd
  8
Layer_0
  10
189.83099
  20
207.25715
  0
VERTEX
  5
3be
  8
Layer_0
  10
189.58574
  20
207.27286
  0
VERTEX
  5
3bf
  8
Layer_0
  10
189.29482
  20
207.28485
  0
VERTEX
  5
3c0
  8
Layer_0
  10
188.95898
  20
207.2925
  0
VERTEX
  5
3c1
  8
Layer_0
  10
188.57897
  20
207.29519
  0
VERTEX
  5
3c2
  8
Layer_0
  10
188.18145
  20
207.29271
  0
VERTEX
  5
3c3
  8
Layer_0
  10
187.83215
  20
207.28527
  0
VERTEX
  5
3c4
  8
Layer_0
  10
187.5309
  20
207.27286
  0
VERTEX
  5
3c5
  8
Layer_0
  10
187.27756
  20
207.2555
  0
VERTEX
  5
3c6
  8
Layer_0
  10
187.07196
  20
207.23318
  0
VERTEX
  5
3c7
  8
Layer_0
  10
186.91396
  20
207.20589
  0
VERTEX
  5
3c8
  8
Layer_0
  10
186.8034
  20
207.17365
  0
VERTEX
  5
3c9
  8
Layer_0
  10
186.74012
  20
207.13644
  0
VERTEX
  5
3ca
  8
Layer_0
  10
186.67126
  20
207.02813
  0
VERTEX
  5
3cb
  8
Layer_0
  10
186.62333
  20
206.87268
  0
VERTEX
  5
3cc
  8
Layer_0
  10
186.59617
  20
206.68623
  0
VERTEX
  5
3cd
  8
Layer_0
  10
186.58963
  20
206.4849
  0
VERTEX
  5
3ce
  8
Layer_0
  10
186.60356
  20
206.28481
  0
VERTEX
  5
3cf
  8
Layer_0
  10
186.6378
  20
206.10208
  0
VERTEX
  5
3d0
  8
Layer_0
  10
186.69219
  20
205.95284
  0
VERTEX
  5
3d1
  8
Layer_0
  10
186.76658
  20
205.85321
  0
VERTEX
  5
3d2
  8
Layer_0
  10
186.85001
  20
205.81457
  0
VERTEX
  5
3d3
  8
Layer_0
  10
186.99504
  20
205.78285
  0
VERTEX
  5
3d4
  8
Layer_0
  10
187.19254
  20
205.75784
  0
VERTEX
  5
3d5
  8
Layer_0
  10
187.43341
  20
205.73932
  0
VERTEX
  5
3d6
  8
Layer_0
  10
188.00883
  20
205.72089
  0
VERTEX
  5
3d7
  8
Layer_0
  10
188.64843
  20
205.72588
  0
VERTEX
  5
3d8
  8
Layer_0
  10
189.27934
  20
205.75257
  0
VERTEX
  5
3d9
  8
Layer_0
  10
189.82872
  20
205.79926
  0
VERTEX
  5
3da
  8
Layer_0
  10
190.05005
  20
205.82957
  0
VERTEX
  5
3db
  8
Layer_0
  10
190.22368
  20
205.86424
  0
VERTEX
  5
3dc
  8
Layer_0
  10
190.34049
  20
205.90306
  0
VERTEX
  5
3dd
  8
Layer_0
  10
190.39137
  20
205.94581
  0
VERTEX
  5
3de
  8
Layer_0
  10
190.38682
  20
205.98682
  0
VERTEX
  5
3df
  8
Layer_0
  10
190.34011
  20
206.02085
  0
VERTEX
  5
3e0
  8
Layer_0
  10
190.24626
  20
206.04837
  0
VERTEX
  5
3e1
  8
Layer_0
  10
190.10033
  20
206.06984
  0
VERTEX
  5
3e2
  8
Layer_0
  10
189.89734
  20
206.08573
  0
VERTEX
  5
3e3
  8
Layer_0
  10
189.63235
  20
206.0965
  0
VERTEX
  5
3e4
  8
Layer_0
  10
189.30038
  20
206.10263
  0
VERTEX
  5
3e5
  8
Layer_0
  10
188.89648
  20
206.10456
  0
VERTEX
  5
3e6
  8
Layer_0
  10
187.36189
  20
206.10457
  0
SEQEND
  0
POLYLINE
  5
3e8
  8
Layer_0
  62
7
  70
1
  66
1
  10
0
  20
0
  30
0
  0
VERTEX
  5
3e8
  8
Layer_0
  10
189.9548
  20
213.11602
  0
VERTEX
  5
3e9
  8
Layer_0
  10
189.87915
  20
213.27022
  0
VERTEX
  5
3ea
  8
Layer_0
  10
189.8159
  20
213.40706
  0
VERTEX
  5
3eb
  8
Layer_0
  10
189.77249
  20
213.51414
  0
VERTEX
  5
3ec
  8
Layer_0
  10
189.75637
  20
213.57904
  0
VERTEX
  5
3ed
  8
Layer_0
  10
189.79838
  20
213.59328
  0
VERTEX
  5
3ee
  8
Layer_0
  10
189.91884
  20
213.60612
  0
VERTEX
  5
3ef
  8
Layer_0
  10
190.10937
  20
213.61741
  0
VERTEX
  5
3f0
  8
Layer_0
  10
190.3616
  20
213.627
  0
VERTEX
  5
3f1
  8
Layer_0
  10
190.66717
  20
213.63472
  0
VERTEX
  5
3f2
  8
Layer_0
  10
191.01769
  20
213.64043
  0
VERTEX
  5
3f3
  8
Layer_0
  10
191.4048
  20
213.64397
  0
VERTEX
  5
3f4
  8
Layer_0
  10
191.82012
  20
213.64519
  0
VERTEX
  5
3f5
  8
Layer_0
  10
192.15939
  20
213.64499
  0
VERTEX
  5
3f6
  8
Layer_0
  10
192.45936
  20
213.64421
  0
VERTEX
  5
3f7
  8
Layer_0
  10
192.72228
  20
213.64257
  0
VERTEX
  5
3f8
  8
Layer_0
  10
192.95039
  20
213.63981
  0
VERTEX
  5
3f9
  8
Layer_0
  10
193.14594
  20
213.63566
  0
VERTEX
  5
3fa
  8
Layer_0
  10
193.31119
  20
213.62984
  0
VERTEX
  5
3fb
  8
Layer_0
  10
193.44838
  20
213.62208
  0
VERTEX
  5
3fc
  8
Layer_0
  10
193.55976
  20
213.61212
  0
VERTEX
  5
3fd
  8
Layer_0
  10
193.71406
  20
213.58447
  0
VERTEX
  5
3fe
  8
Layer_0
  10
193.79209
  20
213.54473
  0
VERTEX
  5
3ff
  8
Layer_0
  10
193.81183
  20
213.49073
  0
VERTEX
  5
400
  8
Layer_0
  10
193.79127
  20
213.42029
  0
VERTEX
  5
401
  8
Layer_0
  10
193.70556
  20
213.20025
  0
VERTEX
  5
402
  8
Layer_0
  10
193.64884
  20
213.03169
  0
VERTEX
  5
403
  8
Layer_0
  10
193.62406
  20
212.90777
  0
VERTEX
  5
404
  8
Layer_0
  10
193.63417
  20
212.82167
  0
VERTEX
  5
405
  8
Layer_0
  10
193.6821
  20
212.76659
  0
VERTEX
  5
406
  8
Layer_0
  10
193.7708
  20
212.73568
  0
VERTEX
  5
407
  8
Layer_0
  10
193.90322
  20
212.72214
  0
VERTEX
  5
408
  8
Layer_0
  10
194.08231
  20
212.71915
  0
VERTEX
  5
409
  8
Layer_0
  10
194.36218
  20
212.74002
  0
VERTEX
  5
40a
  8
Layer_0
  10
194.59494
  20
212.81671
  0
VERTEX
  5
40b
  8
Layer_0
  10
194.70682
  20
212.88257
  0
VERTEX
  5
40c
  8
Layer_0
  10
194.82273
  20
212.97029
  0
VERTEX
  5
40d
  8
Layer_0
  10
194.94794
  20
213.08251
  0
VERTEX
  5
40e
  8
Layer_0
  10
195.08772
  20
213.22186
  0
VERTEX
  5
40f
  8
Layer_0
  10
195.27583
  20
213.436
  0
VERTEX
  5
410
  8
Layer_0
  10
195.43168
  20
213.64519
  0
VERTEX
  5
411
  8
Layer_0
  10
195.53793
  20
213.82461
  0
VERTEX
  5
412
  8
Layer_0
  10
195.5772
  20
213.94946
  0
VERTEX
  5
413
  8
Layer_0
  10
195.56216
  20
214.07506
  0
VERTEX
  5
414
  8
Layer_0
  10
195.51891
  20
214.22996
  0
VERTEX
  5
415
  8
Layer_0
  10
195.45023
  20
214.40873
  0
VERTEX
  5
416
  8
Layer_0
  10
195.35892
  20
214.60596
  0
VERTEX
  5
417
  8
Layer_0
  10
195.11956
  20
215.03404
  0
VERTEX
  5
418
  8
Layer_0
  10
194.82314
  20
215.47081
  0
VERTEX
  5
419
  8
Layer_0
  10
194.50565
  20
215.89415
  0
VERTEX
  5
41a
  8
Layer_0
  10
191.80688
  20
215.89415
  0
VERTEX
  5
41b
  8
Layer_0
  10
189.10814
  20
215.89415
  0
VERTEX
  5
41c
  8
Layer_0
  10
188.79065
  20
215.47081
  0
VERTEX
  5
41d
  8
Layer_0
  10
188.48864
  20
215.02846
  0
VERTEX
  5
41e
  8
Layer_0
  10
188.2499
  20
214.601
  0
VERTEX
  5
41f
  8
Layer_0
  10
188.16006
  20
214.40525
  0
VERTEX
  5
420
  8
Layer_0
  10
188.09301
  20
214.2281
  0
VERTEX
  5
421
  8
Layer_0
  10
188.05107
  20
214.07452
  0
VERTEX
  5
422
  8
Layer_0
  10
188.03657
  20
213.94946
  0
VERTEX
  5
423
  8
Layer_0
  10
188.07606
  20
213.80952
  0
VERTEX
  5
424
  8
Layer_0
  10
188.18375
  20
213.62369
  0
VERTEX
  5
425
  8
Layer_0
  10
188.34353
  20
213.41554
  0
VERTEX
  5
426
  8
Layer_0
  10
188.53928
  20
213.20863
  0
VERTEX
  5
427
  8
Layer_0
  10
188.68731
  20
213.06985
  0
VERTEX
  5
428
  8
Layer_0
  10
188.81813
  20
212.95913
  0
VERTEX
  5
429
  8
Layer_0
  10
188.9381
  20
212.87353
  0
VERTEX
  5
42a
  8
Layer_0
  10
189.05357
  20
212.8101
  0
VERTEX
  5
42b
  8
Layer_0
  10
189.29645
  20
212.73796
  0
VERTEX
  5
42c
  8
Layer_0
  10
189.59762
  20
212.71915
  0
VERTEX
  5
42d
  8
Layer_0
  10
190.16647
  20
212.71915
  0
VERTEX
  5
42e
  8
Layer_0
  10
189.9548
  20
213.11603
  0
SEQEND
  0
POLYLINE
  5
430
  8
Layer_0
  62
7
  70
1
  66
1
  10
0
  20
0
  30
0
  0
VERTEX
  5
430
  8
Layer_0
  10
191.80688
  20
215.2327
  0
VERTEX
  5
431
  8
Layer_0
  10
193.72513
  20
215.2327
  0
VERTEX
  5
432
  8
Layer_0
  10
193.85742
  20
214.88873
  0
VERTEX
  5
433
  8
Layer_0
  10
193.94565
  20
214.64913
  0
VERTEX
  5
434
  8
Layer_0
  10
193.98536
  20
214.47015
  0
VERTEX
  5
435
  8
Layer_0
  10
193.97922
  20
214.40063
  0
VERTEX
  5
436
  8
Layer_0
  10
193.95159
  20
214.34295
  0
VERTEX
  5
437
  8
Layer_0
  10
193.89935
  20
214.296
  0
VERTEX
  5
438
  8
Layer_0
  10
193.81938
  20
214.25869
  0
VERTEX
  5
439
  8
Layer_0
  10
193.70855
  20
214.2299
  0
VERTEX
  5
43a
  8
Layer_0
  10
193.56376
  20
214.20854
  0
VERTEX
  5
43b
  8
Layer_0
  10
193.38188
  20
214.19349
  0
VERTEX
  5
43c
  8
Layer_0
  10
193.15978
  20
214.18366
  0
VERTEX
  5
43d
  8
Layer_0
  10
192.89435
  20
214.17793
  0
VERTEX
  5
43e
  8
Layer_0
  10
192.58248
  20
214.17521
  0
VERTEX
  5
43f
  8
Layer_0
  10
192.22103
  20
214.17438
  0
VERTEX
  5
440
  8
Layer_0
  10
191.80689
  20
214.17436
  0
VERTEX
  5
441
  8
Layer_0
  10
191.39275
  20
214.17438
  0
VERTEX
  5
442
  8
Layer_0
  10
191.03131
  20
214.17521
  0
VERTEX
  5
443
  8
Layer_0
  10
190.71943
  20
214.17793
  0
VERTEX
  5
444
  8
Layer_0
  10
190.454
  20
214.18366
  0
VERTEX
  5
445
  8
Layer_0
  10
190.23191
  20
214.19349
  0
VERTEX
  5
446
  8
Layer_0
  10
190.05002
  20
214.20854
  0
VERTEX
  5
447
  8
Layer_0
  10
189.90523
  20
214.2299
  0
VERTEX
  5
448
  8
Layer_0
  10
189.7944
  20
214.25869
  0
VERTEX
  5
449
  8
Layer_0
  10
189.71443
  20
214.29601
  0
VERTEX
  5
44a
  8
Layer_0
  10
189.66219
  20
214.34295
  0
VERTEX
  5
44b
  8
Layer_0
  10
189.63456
  20
214.40063
  0
VERTEX
  5
44c
  8
Layer_0
  10
189.62842
  20
214.47015
  0
VERTEX
  5
44d
  8
Layer_0
  10
189.66813
  20
214.64913
  0
VERTEX
  5
44e
  8
Layer_0
  10
189.75637
  20
214.88873
  0
VERTEX
  5
44f
  8
Layer_0
  10
189.88867
  20
215.2327
  0
SEQEND
  0
POLYLINE
  5
451
  8
Layer_0
  62
7
  70
1
  66
1
  10
0
  20
0
  30
0
  0
VERTEX
  5
451
  8
Layer_0
  10
194.77022
  20
206.73956
  0
VERTEX
  5
452
  8
Layer_0
  10
194.41061
  20
206.74272
  0
VERTEX
  5
453
  8
Layer_0
  10
194.07114
  20
206.74246
  0
VERTEX
  5
454
  8
Layer_0
  10
193.75959
  20
206.7391
  0
VERTEX
  5
455
  8
Layer_0
  10
193.48369
  20
206.73295
  0
VERTEX
  5
456
  8
Layer_0
  10
193.25119
  20
206.72432
  0
VERTEX
  5
457
  8
Layer_0
  10
193.06986
  20
206.71352
  0
VERTEX
  5
458
  8
Layer_0
  10
192.94744
  20
206.70086
  0
VERTEX
  5
459
  8
Layer_0
  10
192.89168
  20
206.68665
  0
VERTEX
  5
45a
  8
Layer_0
  10
192.85489
  20
206.61492
  0
VERTEX
  5
45b
  8
Layer_0
  10
192.82554
  20
206.48986
  0
VERTEX
  5
45c
  8
Layer_0
  10
192.80611
  20
206.3276
  0
VERTEX
  5
45d
  8
Layer_0
  10
192.79908
  20
206.14425
  0
VERTEX
  5
45e
  8
Layer_0
  10
192.80148
  20
206.01155
  0
VERTEX
  5
45f
  8
Layer_0
  10
192.81086
  20
205.90861
  0
VERTEX
  5
460
  8
Layer_0
  10
192.83047
  20
205.83171
  0
VERTEX
  5
461
  8
Layer_0
  10
192.86357
  20
205.77714
  0
VERTEX
  5
462
  8
Layer_0
  10
192.91341
  20
205.74117
  0
VERTEX
  5
463
  8
Layer_0
  10
192.98325
  20
205.72009
  0
VERTEX
  5
464
  8
Layer_0
  10
193.07635
  20
205.71017
  0
VERTEX
  5
465
  8
Layer_0
  10
193.19595
  20
205.70769
  0
VERTEX
  5
466
  8
Layer_0
  10
193.39749
  20
205.7203
  0
VERTEX
  5
467
  8
Layer_0
  10
193.51841
  20
205.76887
  0
VERTEX
  5
468
  8
Layer_0
  10
193.57732
  20
205.86954
  0
VERTEX
  5
469
  8
Layer_0
  10
193.59283
  20
206.03842
  0
VERTEX
  5
46a
  8
Layer_0
  10
193.59556
  20
206.14758
  0
VERTEX
  5
46b
  8
Layer_0
  10
193.61226
  20
206.22962
  0
VERTEX
  5
46c
  8
Layer_0
  10
193.65561
  20
206.2884
  0
VERTEX
  5
46d
  8
Layer_0
  10
193.73835
  20
206.32781
  0
VERTEX
  5
46e
  8
Layer_0
  10
193.87317
  20
206.35171
  0
VERTEX
  5
46f
  8
Layer_0
  10
194.0728
  20
206.36398
  0
VERTEX
  5
470
  8
Layer_0
  10
194.34994
  20
206.3685
  0
VERTEX
  5
471
  8
Layer_0
  10
194.71731
  20
206.36915
  0
VERTEX
  5
472
  8
Layer_0
  10
195.08468
  20
206.3685
  0
VERTEX
  5
473
  8
Layer_0
  10
195.36182
  20
206.36398
  0
VERTEX
  5
474
  8
Layer_0
  10
195.56144
  20
206.35171
  0
VERTEX
  5
475
  8
Layer_0
  10
195.69627
  20
206.32781
  0
VERTEX
  5
476
  8
Layer_0
  10
195.779
  20
206.2884
  0
VERTEX
  5
477
  8
Layer_0
  10
195.82236
  20
206.22962
  0
VERTEX
  5
478
  8
Layer_0
  10
195.83905
  20
206.14758
  0
VERTEX
  5
479
  8
Layer_0
  10
195.84179
  20
206.03842
  0
VERTEX
  5
47a
  8
Layer_0
  10
195.8575
  20
205.86954
  0
VERTEX
  5
47b
  8
Layer_0
  10
195.91785
  20
205.76887
  0
VERTEX
  5
47c
  8
Layer_0
  10
196.0427
  20
205.7203
  0
VERTEX
  5
47d
  8
Layer_0
  10
196.25189
  20
205.70769
  0
VERTEX
  5
47e
  8
Layer_0
  10
196.37901
  20
205.70976
  0
VERTEX
  5
47f
  8
Layer_0
  10
196.47513
  20
205.71926
  0
VERTEX
  5
480
  8
Layer_0
  10
196.54396
  20
205.74117
  0
VERTEX
  5
481
  8
Layer_0
  10
196.58923
  20
205.78045
  0
VERTEX
  5
482
  8
Layer_0
  10
196.61466
  20
205.84205
  0
VERTEX
  5
483
  8
Layer_0
  10
196.62396
  20
205.93093
  0
VERTEX
  5
484
  8
Layer_0
  10
196.62086
  20
206.05206
  0
VERTEX
  5
485
  8
Layer_0
  10
196.60908
  20
206.2104
  0
VERTEX
  5
486
  8
Layer_0
  10
196.5694
  20
206.69987
  0
VERTEX
  5
487
  8
Layer_0
  10
194.77023
  20
206.73956
  0
SEQEND
  0
POLYLINE
  5
489
  8
Layer_0
  62
7
  70
1
  66
1
  10
0
  20
0
  30
0
  0
VERTEX
  5
489
  8
Layer_0
  10
194.79668
  20
207.29519
  0
VERTEX
  5
48a
  8
Layer_0
  10
195.17007
  20
207.29276
  0
VERTEX
  5
48b
  8
Layer_0
  10
195.50424
  20
207.28568
  0
VERTEX
  5
48c
  8
Layer_0
  10
195.79592
  20
207.27426
  0
VERTEX
  5
48d
  8
Layer_0
  10
196.04188
  20
207.25881
  0
VERTEX
  5
48e
  8
Layer_0
  10
196.23884
  20
207.23964
  0
VERTEX
  5
48f
  8
Layer_0
  10
196.38356
  20
207.21705
  0
VERTEX
  5
490
  8
Layer_0
  10
196.47278
  20
207.19137
  0
VERTEX
  5
491
  8
Layer_0
  10
196.50324
  20
207.1629
  0
VERTEX
  5
492
  8
Layer_0
  10
196.47151
  20
207.13442
  0
VERTEX
  5
493
  8
Layer_0
  10
196.37839
  20
207.10874
  0
VERTEX
  5
494
  8
Layer_0
  10
196.22698
  20
207.08616
  0
VERTEX
  5
495
  8
Layer_0
  10
196.02038
  20
207.06699
  0
VERTEX
  5
496
  8
Layer_0
  10
195.76169
  20
207.05153
  0
VERTEX
  5
497
  8
Layer_0
  10
195.45401
  20
207.04011
  0
VERTEX
  5
498
  8
Layer_0
  10
195.10044
  20
207.03303
  0
VERTEX
  5
499
  8
Layer_0
  10
194.70408
  20
207.03061
  0
VERTEX
  5
49a
  8
Layer_0
  10
194.29813
  20
207.03303
  0
VERTEX
  5
49b
  8
Layer_0
  10
193.94443
  20
207.04011
  0
VERTEX
  5
49c
  8
Layer_0
  10
193.64437
  20
207.05153
  0
VERTEX
  5
49d
  8
Layer_0
  10
193.39935
  20
207.06699
  0
VERTEX
  5
49e
  8
Layer_0
  10
193.21075
  20
207.08616
  0
VERTEX
  5
49f
  8
Layer_0
  10
193.07999
  20
207.10874
  0
VERTEX
  5
4a0
  8
Layer_0
  10
193.00844
  20
207.13442
  0
VERTEX
  5
4a1
  8
Layer_0
  10
192.99751
  20
207.1629
  0
VERTEX
  5
4a2
  8
Layer_0
  10
193.04878
  20
207.19137
  0
VERTEX
  5
4a3
  8
Layer_0
  10
193.15957
  20
207.21705
  0
VERTEX
  5
4a4
  8
Layer_0
  10
193.32494
  20
207.23964
  0
VERTEX
  5
4a5
  8
Layer_0
  10
193.53991
  20
207.25881
  0
VERTEX
  5
4a6
  8
Layer_0
  10
193.79953
  20
207.27426
  0
VERTEX
  5
4a7
  8
Layer_0
  10
194.09884
  20
207.28568
  0
VERTEX
  5
4a8
  8
Layer_0
  10
194.43288
  20
207.29276
  0
SEQEND
  0
POLYLINE
  5
4aa
  8
Layer_0
  62
7
  70
1
  66
1
  10
0
  20
0
  30
0
  0
VERTEX
  5
4aa
  8
Layer_0
  10
196.05345
  20
215.24592
  0
VERTEX
  5
4ab
  8
Layer_0
  10
196.22977
  20
215.42368
  0
VERTEX
  5
4ac
  8
Layer_0
  10
196.37261
  20
215.58657
  0
VERTEX
  5
4ad
  8
Layer_0
  10
196.46831
  20
215.71473
  0
VERTEX
  5
4ae
  8
Layer_0
  10
196.50324
  20
215.78831
  0
VERTEX
  5
4af
  8
Layer_0
  10
196.44792
  20
215.83552
  0
VERTEX
  5
4b0
  8
Layer_0
  10
196.30129
  20
215.86831
  0
VERTEX
  5
4b1
  8
Layer_0
  10
196.09234
  20
215.88714
  0
VERTEX
  5
4b2
  8
Layer_0
  10
195.85005
  20
215.89249
  0
VERTEX
  5
4b3
  8
Layer_0
  10
195.60343
  20
215.88482
  0
VERTEX
  5
4b4
  8
Layer_0
  10
195.38145
  20
215.86459
  0
VERTEX
  5
4b5
  8
Layer_0
  10
195.21312
  20
215.83226
  0
VERTEX
  5
4b6
  8
Layer_0
  10
195.12741
  20
215.78831
  0
VERTEX
  5
4b7
  8
Layer_0
  10
195.12121
  20
215.70894
  0
VERTEX
  5
4b8
  8
Layer_0
  10
195.15718
  20
215.57995
  0
VERTEX
  5
4b9
  8
Layer_0
  10
195.22787
  20
215.41624
  0
VERTEX
  5
4ba
  8
Layer_0
  10
195.32585
  20
215.23269
  0
VERTEX
  5
4bb
  8
Layer_0
  10
195.59042
  20
214.79613
  0
VERTEX
  5
4bc
  8
Layer_0
  10
196.05345
  20
215.24591
  0
SEQEND
  0
POLYLINE
  5
4be
  8
Layer_0
  62
7
  70
1
  66
1
  10
0
  20
0
  30
0
  0
VERTEX
  5
4be
  8
Layer_0
  10
197.19116
  20
213.08957
  42
0.24221118
  0
VERTEX
  5
4bf
  8
Layer_0
  10
197.90553
  20
212.71915
  0
VERTEX
  5
4c0
  8
Layer_0
  10
198.07477
  20
212.71987
  0
VERTEX
  5
4c1
  8
Layer_0
  10
198.19781
  20
212.7299
  0
VERTEX
  5
4c2
  8
Layer_0
  10
198.27807
  20
212.761
  0
VERTEX
  5
4c3
  8
Layer_0
  10
198.31894
  20
212.82498
  0
VERTEX
  5
4c4
  8
Layer_0
  10
198.32385
  20
212.9336
  0
VERTEX
  5
4c5
  8
Layer_0
  10
198.29621
  20
213.09866
  0
VERTEX
  5
4c6
  8
Layer_0
  10
198.23942
  20
213.33193
  0
VERTEX
  5
4c7
  8
Layer_0
  10
198.15689
  20
213.64519
  0
VERTEX
  5
4c8
  8
Layer_0
  10
198.0824
  20
213.93042
  0
VERTEX
  5
4c9
  8
Layer_0
  10
198.02728
  20
214.16588
  0
VERTEX
  5
4ca
  8
Layer_0
  10
197.99108
  20
214.35887
  0
VERTEX
  5
4cb
  8
Layer_0
  10
197.97333
  20
214.51666
  0
VERTEX
  5
4cc
  8
Layer_0
  10
197.99132
  20
214.75582
  0
VERTEX
  5
4cd
  8
Layer_0
  10
198.07751
  20
214.94165
  0
VERTEX
  5
4ce
  8
Layer_0
  10
198.12764
  20
214.9733
  0
VERTEX
  5
4cf
  8
Layer_0
  10
198.22304
  20
214.96666
  0
VERTEX
  5
4d0
  8
Layer_0
  10
198.37052
  20
214.91816
  0
VERTEX
  5
4d1
  8
Layer_0
  10
198.57692
  20
214.82424
  0
VERTEX
  5
4d2
  8
Layer_0
  10
198.84904
  20
214.68133
  0
VERTEX
  5
4d3
  8
Layer_0
  10
199.19373
  20
214.48586
  0
VERTEX
  5
4d4
  8
Layer_0
  10
199.39541
  20
214.36731
  0
VERTEX
  5
4d5
  8
Layer_0
  10
199.61778
  20
214.23427
  0
VERTEX
  5
4d6
  8
Layer_0
  10
199.86171
  20
214.08632
  0
VERTEX
  5
4d7
  8
Layer_0
  10
200.12804
  20
213.923
  0
VERTEX
  5
4d8
  8
Layer_0
  10
200.54828
  20
213.66415
  0
VERTEX
  5
4d9
  8
Layer_0
  10
200.92331
  20
213.43781
  0
VERTEX
  5
4da
  8
Layer_0
  10
201.2566
  20
213.24333
  0
VERTEX
  5
4db
  8
Layer_0
  10
201.55162
  20
213.08005
  0
VERTEX
  5
4dc
  8
Layer_0
  10
201.81183
  20
212.94732
  0
VERTEX
  5
4dd
  8
Layer_0
  10
202.04071
  20
212.84446
  0
VERTEX
  5
4de
  8
Layer_0
  10
202.24172
  20
212.77083
  0
VERTEX
  5
4df
  8
Layer_0
  10
202.41834
  20
212.72576
  0
VERTEX
  5
4e0
  8
Layer_0
  10
202.57402
  20
212.7086
  0
VERTEX
  5
4e1
  8
Layer_0
  10
202.71224
  20
212.71868
  0
VERTEX
  5
4e2
  8
Layer_0
  10
202.83648
  20
212.75535
  0
VERTEX
  5
4e3
  8
Layer_0
  10
202.95019
  20
212.81795
  0
VERTEX
  5
4e4
  8
Layer_0
  10
203.15992
  20
213.0183
  0
VERTEX
  5
4e5
  8
Layer_0
  10
203.36918
  20
213.31446
  0
VERTEX
  5
4e6
  8
Layer_0
  10
203.50193
  20
213.5254
  0
VERTEX
  5
4e7
  8
Layer_0
  10
203.61756
  20
213.71335
  0
VERTEX
  5
4e8
  8
Layer_0
  10
203.71634
  20
213.88076
  0
VERTEX
  5
4e9
  8
Layer_0
  10
203.79851
  20
214.03007
  0
VERTEX
  5
4ea
  8
Layer_0
  10
203.91403
  20
214.28417
  0
VERTEX
  5
4eb
  8
Layer_0
  10
203.96615
  20
214.49516
  0
VERTEX
  5
4ec
  8
Layer_0
  10
203.95687
  20
214.68259
  0
VERTEX
  5
4ed
  8
Layer_0
  10
203.88822
  20
214.86599
  0
VERTEX
  5
4ee
  8
Layer_0
  10
203.76221
  20
215.06489
  0
VERTEX
  5
4ef
  8
Layer_0
  10
203.58085
  20
215.29883
  0
VERTEX
  5
4f0
  8
Layer_0
  10
203.42737
  20
215.48014
  0
VERTEX
  5
4f1
  8
Layer_0
  10
203.29807
  20
215.62067
  0
VERTEX
  5
4f2
  8
Layer_0
  10
203.18366
  20
215.72555
  0
VERTEX
  5
4f3
  8
Layer_0
  10
203.07483
  20
215.79989
  0
VERTEX
  5
4f4
  8
Layer_0
  10
202.96228
  20
215.8488
  0
VERTEX
  5
4f5
  8
Layer_0
  10
202.83671
  20
215.8774
  0
VERTEX
  5
4f6
  8
Layer_0
  10
202.68881
  20
215.89081
  0
VERTEX
  5
4f7
  8
Layer_0
  10
202.50928
  20
215.89415
  0
VERTEX
  5
4f8
  8
Layer_0
  10
202.28439
  20
215.88939
  0
VERTEX
  5
4f9
  8
Layer_0
  10
202.09918
  20
215.87596
  0
VERTEX
  5
4fa
  8
Layer_0
  10
201.9735
  20
215.85508
  0
VERTEX
  5
4fb
  8
Layer_0
  10
201.9272
  20
215.828
  0
VERTEX
  5
4fc
  8
Layer_0
  10
201.94828
  20
215.7571
  0
VERTEX
  5
4fd
  8
Layer_0
  10
202.00658
  20
215.61799
  0
VERTEX
  5
4fe
  8
Layer_0
  10
202.09463
  20
215.43175
  0
VERTEX
  5
4ff
  8
Layer_0
  10
202.20502
  20
215.21946
  0
VERTEX
  5
500
  8
Layer_0
  10
202.32697
  20
214.93503
  0
VERTEX
  5
501
  8
Layer_0
  10
202.39684
  20
214.68037
  0
VERTEX
  5
502
  8
Layer_0
  10
202.41709
  20
214.43067
  0
VERTEX
  5
503
  8
Layer_0
  10
202.39022
  20
214.16113
  0
VERTEX
  5
504
  8
Layer_0
  10
202.34661
  20
213.95876
  0
VERTEX
  5
505
  8
Layer_0
  10
202.29927
  20
213.78244
  0
VERTEX
  5
506
  8
Layer_0
  10
202.25442
  20
213.65325
  0
VERTEX
  5
507
  8
Layer_0
  10
202.21825
  20
213.59227
  0
VERTEX
  5
508
  8
Layer_0
  10
202.16065
  20
213.6064
  0
VERTEX
  5
509
  8
Layer_0
  10
202.03283
  20
213.66565
  0
VERTEX
  5
50a
  8
Layer_0
  10
201.84269
  20
213.76552
  0
VERTEX
  5
50b
  8
Layer_0
  10
201.59813
  20
213.9015
  0
VERTEX
  5
50c
  8
Layer_0
  10
201.30706
  20
214.06912
  0
VERTEX
  5
50d
  8
Layer_0
  10
200.97739
  20
214.26386
  0
VERTEX
  5
50e
  8
Layer_0
  10
200.61703
  20
214.48124
  0
VERTEX
  5
50f
  8
Layer_0
  10
200.23387
  20
214.71675
  0
VERTEX
  5
510
  8
Layer_0
  10
199.8277
  20
214.96863
  0
VERTEX
  5
511
  8
Layer_0
  10
199.46498
  20
215.18894
  0
VERTEX
  5
512
  8
Layer_0
  10
199.14202
  20
215.37837
  0
VERTEX
  5
513
  8
Layer_0
  10
198.85514
  20
215.53758
  0
VERTEX
  5
514
  8
Layer_0
  10
198.60067
  20
215.66726
  0
VERTEX
  5
515
  8
Layer_0
  10
198.37491
  20
215.76808
  0
VERTEX
  5
516
  8
Layer_0
  10
198.17419
  20
215.84073
  0
VERTEX
  5
517
  8
Layer_0
  10
197.99483
  20
215.88588
  0
VERTEX
  5
518
  8
Layer_0
  10
197.83314
  20
215.90421
  0
VERTEX
  5
519
  8
Layer_0
  10
197.68545
  20
215.89639
  0
VERTEX
  5
51a
  8
Layer_0
  10
197.54806
  20
215.86312
  0
VERTEX
  5
51b
  8
Layer_0
  10
197.4173
  20
215.80506
  0
VERTEX
  5
51c
  8
Layer_0
  10
197.16093
  20
215.61729
  0
VERTEX
  5
51d
  8
Layer_0
  10
196.88689
  20
215.33852
  0
VERTEX
  5
51e
  8
Layer_0
  10
196.68349
  20
215.1066
  0
VERTEX
  5
51f
  8
Layer_0
  10
196.51978
  20
214.90196
  0
VERTEX
  5
520
  8
Layer_0
  10
196.41064
  20
214.74693
  0
VERTEX
  5
521
  8
Layer_0
  10
196.37096
  20
214.66383
  0
VERTEX
  5
522
  8
Layer_0
  10
196.39372
  20
214.57177
  0
VERTEX
  5
523
  8
Layer_0
  10
196.45633
  20
214.41599
  0
VERTEX
  5
524
  8
Layer_0
  10
196.55025
  20
214.2134
  0
VERTEX
  5
525
  8
Layer_0
  10
196.66696
  20
213.98088
  0
VERTEX
  5
526
  8
Layer_0
  10
196.93464
  20
213.49367
  0
VERTEX
  5
527
  8
Layer_0
  10
197.19116
  20
213.08956
  0
SEQEND
  0
POLYLINE
  5
529
  8
Layer_0
  62
7
  70
1
  66
1
  10
0
  20
0
  30
0
  0
VERTEX
  5
529
  8
Layer_0
  10
149.05022
  20
212.71915
  0
VERTEX
  5
52a
  8
Layer_0
  10
149.35821
  20
212.73755
  0
VERTEX
  5
52b
  8
Layer_0
  10
149.59923
  20
212.80679
  0
VERTEX
  5
52c
  8
Layer_0
  10
149.82041
  20
212.94797
  0
VERTEX
  5
52d
  8
Layer_0
  10
150.06887
  20
213.18217
  0
VERTEX
  5
52e
  8
Layer_0
  10
150.51866
  20
213.64519
  0
VERTEX
  5
52f
  8
Layer_0
  10
151.94742
  20
213.64519
  0
VERTEX
  5
530
  8
Layer_0
  10
153.38939
  20
213.64519
  0
VERTEX
  5
531
  8
Layer_0
  10
153.78627
  20
213.18217
  0
VERTEX
  5
532
  8
Layer_0
  10
153.91083
  20
213.04833
  0
VERTEX
  5
533
  8
Layer_0
  10
154.02129
  20
212.94239
  0
VERTEX
  5
534
  8
Layer_0
  10
154.12462
  20
212.86126
  0
VERTEX
  5
535
  8
Layer_0
  10
154.22779
  20
212.80183
  0
VERTEX
  5
536
  8
Layer_0
  10
154.46157
  20
212.73569
  0
VERTEX
  5
537
  8
Layer_0
  10
154.77845
  20
212.71915
  0
VERTEX
  5
538
  8
Layer_0
  10
155.00335
  20
212.7239
  0
VERTEX
  5
539
  8
Layer_0
  10
155.18856
  20
212.73734
  0
VERTEX
  5
53a
  8
Layer_0
  10
155.31423
  20
212.75822
  0
VERTEX
  5
53b
  8
Layer_0
  10
155.36053
  20
212.7853
  0
VERTEX
  5
53c
  8
Layer_0
  10
155.33759
  20
212.85124
  0
VERTEX
  5
53d
  8
Layer_0
  10
155.2762
  20
212.99531
  0
VERTEX
  5
53e
  8
Layer_0
  10
155.18752
  20
213.19643
  0
VERTEX
  5
53f
  8
Layer_0
  10
155.08272
  20
213.43353
  0
VERTEX
  5
540
  8
Layer_0
  10
154.99141
  20
213.62457
  0
VERTEX
  5
541
  8
Layer_0
  10
154.92521
  20
213.7812
  0
VERTEX
  5
542
  8
Layer_0
  10
154.8832
  20
213.91861
  0
VERTEX
  5
543
  8
Layer_0
  10
154.86444
  20
214.05199
  0
VERTEX
  5
544
  8
Layer_0
  10
154.86801
  20
214.19653
  0
VERTEX
  5
545
  8
Layer_0
  10
154.89297
  20
214.36742
  0
VERTEX
  5
546
  8
Layer_0
  10
154.93839
  20
214.57986
  0
VERTEX
  5
547
  8
Layer_0
  10
155.00335
  20
214.84905
  0
VERTEX
  5
548
  8
Layer_0
  10
155.07756
  20
215.18577
  0
VERTEX
  5
549
  8
Layer_0
  10
155.12076
  20
215.47909
  0
VERTEX
  5
54a
  8
Layer_0
  10
155.13034
  20
215.599
  0
VERTEX
  5
54b
  8
Layer_0
  10
155.13171
  20
215.69551
  0
VERTEX
  5
54c
  8
Layer_0
  10
155.12471
  20
215.76442
  0
VERTEX
  5
54d
  8
Layer_0
  10
155.10918
  20
215.80155
  0
VERTEX
  5
54e
  8
Layer_0
  10
155.03456
  20
215.84351
  0
VERTEX
  5
54f
  8
Layer_0
  10
154.91901
  20
215.86935
  0
VERTEX
  5
550
  8
Layer_0
  10
154.77618
  20
215.87782
  0
VERTEX
  5
551
  8
Layer_0
  10
154.6197
  20
215.86769
  0
VERTEX
  5
552
  8
Layer_0
  10
154.41093
  20
215.8156
  0
VERTEX
  5
553
  8
Layer_0
  10
154.21952
  20
215.67918
  0
VERTEX
  5
554
  8
Layer_0
  10
154.12025
  20
215.57004
  0
VERTEX
  5
555
  8
Layer_0
  10
154.01323
  20
215.42865
  0
VERTEX
  5
556
  8
Layer_0
  10
153.89442
  20
215.2513
  0
VERTEX
  5
557
  8
Layer_0
  10
153.75981
  20
215.03425
  0
VERTEX
  5
558
  8
Layer_0
  10
153.28355
  20
214.24051
  0
VERTEX
  5
559
  8
Layer_0
  10
151.92096
  20
214.24051
  0
VERTEX
  5
55a
  8
Layer_0
  10
150.55835
  20
214.24051
  0
VERTEX
  5
55b
  8
Layer_0
  10
150.08209
  20
215.03426
  0
VERTEX
  5
55c
  8
Layer_0
  10
149.94035
  20
215.26215
  0
VERTEX
  5
55d
  8
Layer_0
  10
149.81876
  20
215.44353
  0
VERTEX
  5
55e
  8
Layer_0
  10
149.71142
  20
215.58399
  0
VERTEX
  5
55f
  8
Layer_0
  10
149.61246
  20
215.6891
  0
VERTEX
  5
560
  8
Layer_0
  10
149.41609
  20
215.8156
  0
VERTEX
  5
561
  8
Layer_0
  10
149.18251
  20
215.86769
  0
VERTEX
  5
562
  8
Layer_0
  10
149.0188
  20
215.87596
  0
VERTEX
  5
563
  8
Layer_0
  10
148.87494
  20
215.86439
  0
VERTEX
  5
564
  8
Layer_0
  10
148.7658
  20
215.83793
  0
VERTEX
  5
565
  8
Layer_0
  10
148.70626
  20
215.80155
  0
VERTEX
  5
566
  8
Layer_0
  10
148.69624
  20
215.76501
  0
VERTEX
  5
567
  8
Layer_0
  10
148.69552
  20
215.69778
  0
VERTEX
  5
568
  8
Layer_0
  10
148.70347
  20
215.60388
  0
VERTEX
  5
569
  8
Layer_0
  10
148.71949
  20
215.48735
  0
VERTEX
  5
56a
  8
Layer_0
  10
148.77324
  20
215.20251
  0
VERTEX
  5
56b
  8
Layer_0
  10
148.85179
  20
214.8755
  0
VERTEX
  5
56c
  8
Layer_0
  10
148.92108
  20
214.60684
  0
VERTEX
  5
56d
  8
Layer_0
  10
148.96961
  20
214.39553
  0
VERTEX
  5
56e
  8
Layer_0
  10
148.99643
  20
214.22578
  0
VERTEX
  5
56f
  8
Layer_0
  10
149.00061
  20
214.08175
  0
VERTEX
  5
570
  8
Layer_0
  10
148.98124
  20
213.94765
  0
VERTEX
  5
571
  8
Layer_0
  10
148.93736
  20
213.80766
  0
VERTEX
  5
572
  8
Layer_0
  10
148.86806
  20
213.64597
  0
VERTEX
  5
573
  8
Layer_0
  10
148.77241
  20
213.44676
  0
VERTEX
  5
574
  8
Layer_0
  10
148.65996
  20
213.2076
  0
VERTEX
  5
575
  8
Layer_0
  10
148.56736
  20
213.00192
  0
VERTEX
  5
576
  8
Layer_0
  10
148.50452
  20
212.8533
  0
VERTEX
  5
577
  8
Layer_0
  10
148.48137
  20
212.7853
  0
VERTEX
  5
578
  8
Layer_0
  10
148.5256
  20
212.75822
  0
VERTEX
  5
579
  8
Layer_0
  10
148.64673
  20
212.73734
  0
VERTEX
  5
57a
  8
Layer_0
  10
148.82739
  20
212.72391
  0
SEQEND
  0
POLYLINE
  5
57c
  8
Layer_0
  62
7
  70
1
  66
1
  10
0
  20
0
  30
0
  0
VERTEX
  5
57c
  8
Layer_0
  10
166.1423
  20
210.00717
  0
VERTEX
  5
57d
  8
Layer_0
  10
165.61314
  20
209.54414
  0
VERTEX
  5
57e
  8
Layer_0
  10
157.72856
  20
209.54414
  0
VERTEX
  5
57f
  8
Layer_0
  10
149.84398
  20
209.54414
  0
VERTEX
  5
580
  8
Layer_0
  10
149.32803
  20
209.95425
  0
VERTEX
  5
581
  8
Layer_0
  10
149.12009
  20
210.11776
  0
VERTEX
  5
582
  8
Layer_0
  10
148.94439
  20
210.26018
  0
VERTEX
  5
583
  8
Layer_0
  10
148.8183
  20
210.36539
  0
VERTEX
  5
584
  8
Layer_0
  10
148.75918
  20
210.41728
  0
VERTEX
  5
585
  8
Layer_0
  10
148.80075
  20
210.42223
  0
VERTEX
  5
586
  8
Layer_0
  10
148.93235
  20
210.42715
  0
VERTEX
  5
587
  8
Layer_0
  10
149.14945
  20
210.43198
  0
VERTEX
  5
588
  8
Layer_0
  10
149.44751
  20
210.43671
  0
VERTEX
  5
589
  8
Layer_0
  10
149.822
  20
210.44127
  0
VERTEX
  5
58a
  8
Layer_0
  10
150.26839
  20
210.44565
  0
VERTEX
  5
58b
  8
Layer_0
  10
150.78214
  20
210.44979
  0
VERTEX
  5
58c
  8
Layer_0
  10
151.35871
  20
210.45366
  0
VERTEX
  5
58d
  8
Layer_0
  10
151.99358
  20
210.45722
  0
VERTEX
  5
58e
  8
Layer_0
  10
152.6822
  20
210.46043
  0
VERTEX
  5
58f
  8
Layer_0
  10
153.42004
  20
210.46325
  0
VERTEX
  5
590
  8
Layer_0
  10
154.20257
  20
210.46564
  0
VERTEX
  5
591
  8
Layer_0
  10
155.02525
  20
210.46758
  0
VERTEX
  5
592
  8
Layer_0
  10
155.88355
  20
210.469
  0
VERTEX
  5
593
  8
Layer_0
  10
156.77294
  20
210.46989
  0
VERTEX
  5
594
  8
Layer_0
  10
157.68887
  20
210.47019
  0
VERTEX
  5
595
  8
Layer_0
  10
166.67148
  20
210.45695
  0
SEQEND
  0
POLYLINE
  5
597
  8
Layer_0
  62
7
  70
1
  66
1
  10
0
  20
0
  30
0
  0
VERTEX
  5
597
  8
Layer_0
  10
159.01179
  20
207.03061
  0
VERTEX
  5
598
  8
Layer_0
  10
159.31027
  20
207.04012
  0
VERTEX
  5
599
  8
Layer_0
  10
159.52442
  20
207.06699
  0
VERTEX
  5
59a
  8
Layer_0
  10
159.59676
  20
207.08616
  0
VERTEX
  5
59b
  8
Layer_0
  10
159.6443
  20
207.10874
  0
VERTEX
  5
59c
  8
Layer_0
  10
159.6658
  20
207.13443
  0
VERTEX
  5
59d
  8
Layer_0
  10
159.66001
  20
207.1629
  0
VERTEX
  5
59e
  8
Layer_0
  10
159.60172
  20
207.19313
  0
VERTEX
  5
59f
  8
Layer_0
  10
159.47331
  20
207.21933
  0
VERTEX
  5
5a0
  8
Layer_0
  10
159.28498
  20
207.2415
  0
VERTEX
  5
5a1
  8
Layer_0
  10
159.04693
  20
207.25964
  0
VERTEX
  5
5a2
  8
Layer_0
  10
158.46241
  20
207.28382
  0
VERTEX
  5
5a3
  8
Layer_0
  10
157.80132
  20
207.29188
  0
VERTEX
  5
5a4
  8
Layer_0
  10
157.14518
  20
207.28382
  0
VERTEX
  5
5a5
  8
Layer_0
  10
156.57555
  20
207.25964
  0
VERTEX
  5
5a6
  8
Layer_0
  10
156.34866
  20
207.2415
  0
VERTEX
  5
5a7
  8
Layer_0
  10
156.17397
  20
207.21933
  0
VERTEX
  5
5a8
  8
Layer_0
  10
156.06169
  20
207.19313
  0
VERTEX
  5
5a9
  8
Layer_0
  10
156.02199
  20
207.1629
  0
VERTEX
  5
5aa
  8
Layer_0
  10
156.06354
  20
207.11432
  0
VERTEX
  5
5ab
  8
Layer_0
  10
156.17578
  20
207.07195
  0
VERTEX
  5
5ac
  8
Layer_0
  10
156.34011
  20
207.04198
  0
VERTEX
  5
5ad
  8
Layer_0
  10
156.53793
  20
207.03061
  0
VERTEX
  5
5ae
  8
Layer_0
  10
156.81758
  20
207.02536
  0
VERTEX
  5
5af
  8
Layer_0
  10
157.0363
  20
207.00601
  0
VERTEX
  5
5b0
  8
Layer_0
  10
157.20138
  20
206.96712
  0
VERTEX
  5
5b1
  8
Layer_0
  10
157.32011
  20
206.90328
  0
VERTEX
  5
5b2
  8
Layer_0
  10
157.39976
  20
206.80905
  0
VERTEX
  5
5b3
  8
Layer_0
  10
157.44764
  20
206.679
  0
VERTEX
  5
5b4
  8
Layer_0
  10
157.47103
  20
206.50772
  0
VERTEX
  5
5b5
  8
Layer_0
  10
157.4772
  20
206.28978
  0
VERTEX
  5
5b6
  8
Layer_0
  10
157.47852
  20
206.10524
  0
VERTEX
  5
5b7
  8
Layer_0
  10
157.48526
  20
205.96442
  0
VERTEX
  5
5b8
  8
Layer_0
  10
157.50162
  20
205.86143
  0
VERTEX
  5
5b9
  8
Layer_0
  10
157.53177
  20
205.79037
  0
VERTEX
  5
5ba
  8
Layer_0
  10
157.57991
  20
205.74536
  0
VERTEX
  5
5bb
  8
Layer_0
  10
157.65021
  20
205.72051
  0
VERTEX
  5
5bc
  8
Layer_0
  10
157.74687
  20
205.70991
  0
VERTEX
  5
5bd
  8
Layer_0
  10
157.87408
  20
205.70769
  0
VERTEX
  5
5be
  8
Layer_0
  10
158.00128
  20
205.70953
  0
VERTEX
  5
5bf
  8
Layer_0
  10
158.09794
  20
205.71989
  0
VERTEX
  5
5c0
  8
Layer_0
  10
158.16825
  20
205.74606
  0
VERTEX
  5
5c1
  8
Layer_0
  10
158.21638
  20
205.79534
  0
VERTEX
  5
5c2
  8
Layer_0
  10
158.24654
  20
205.87499
  0
VERTEX
  5
5c3
  8
Layer_0
  10
158.26289
  20
205.99233
  0
VERTEX
  5
5c4
  8
Layer_0
  10
158.26964
  20
206.15462
  0
VERTEX
  5
5c5
  8
Layer_0
  10
158.27095
  20
206.36915
  0
VERTEX
  5
5c6
  8
Layer_0
  10
158.27095
  20
207.03061
  0
VERTEX
  5
5c7
  8
Layer_0
  10
159.01178
  20
207.03061
  0
SEQEND
  0
POLYLINE
  5
5c9
  8
Layer_0
  62
7
  70
1
  66
1
  10
0
  20
0
  30
0
  0
VERTEX
  5
5c9
  8
Layer_0
  10
159.93784
  20
212.71915
  0
VERTEX
  5
5ca
  8
Layer_0
  10
157.1597
  20
212.71915
  0
VERTEX
  5
5cb
  8
Layer_0
  10
156.657
  20
213.20863
  0
VERTEX
  5
5cc
  8
Layer_0
  10
156.46124
  20
213.41554
  0
VERTEX
  5
5cd
  8
Layer_0
  10
156.30146
  20
213.62369
  0
VERTEX
  5
5ce
  8
Layer_0
  10
156.19377
  20
213.80952
  0
VERTEX
  5
5cf
  8
Layer_0
  10
156.15428
  20
213.94946
  0
VERTEX
  5
5d0
  8
Layer_0
  10
156.16878
  20
214.07452
  0
VERTEX
  5
5d1
  8
Layer_0
  10
156.21072
  20
214.2281
  0
VERTEX
  5
5d2
  8
Layer_0
  10
156.27777
  20
214.40525
  0
VERTEX
  5
5d3
  8
Layer_0
  10
156.36761
  20
214.601
  0
VERTEX
  5
5d4
  8
Layer_0
  10
156.60635
  20
215.02847
  0
VERTEX
  5
5d5
  8
Layer_0
  10
156.90835
  20
215.47082
  0
VERTEX
  5
5d6
  8
Layer_0
  10
157.0795
  20
215.66533
  0
VERTEX
  5
5d7
  8
Layer_0
  10
157.24569
  20
215.79659
  0
VERTEX
  5
5d8
  8
Layer_0
  10
157.42181
  20
215.87079
  0
VERTEX
  5
5d9
  8
Layer_0
  10
157.62272
  20
215.89415
  0
VERTEX
  5
5da
  8
Layer_0
  10
157.77178
  20
215.88699
  0
VERTEX
  5
5db
  8
Layer_0
  10
157.88255
  20
215.85922
  0
VERTEX
  5
5dc
  8
Layer_0
  10
157.95642
  20
215.80137
  0
VERTEX
  5
5dd
  8
Layer_0
  10
157.99479
  20
215.70398
  0
VERTEX
  5
5de
  8
Layer_0
  10
157.99906
  20
215.55761
  0
VERTEX
  5
5df
  8
Layer_0
  10
157.97061
  20
215.35279
  0
VERTEX
  5
5e0
  8
Layer_0
  10
157.91085
  20
215.08007
  0
VERTEX
  5
5e1
  8
Layer_0
  10
157.82116
  20
214.72998
  0
VERTEX
  5
5e2
  8
Layer_0
  10
157.73662
  20
214.37342
  0
VERTEX
  5
5e3
  8
Layer_0
  10
157.70044
  20
214.09994
  0
VERTEX
  5
5e4
  8
Layer_0
  10
157.7114
  20
213.88352
  0
VERTEX
  5
5e5
  8
Layer_0
  10
157.76825
  20
213.69811
  0
VERTEX
  5
5e6
  8
Layer_0
  10
157.82075
  20
213.59331
  0
VERTEX
  5
5e7
  8
Layer_0
  10
157.88565
  20
213.51455
  0
VERTEX
  5
5e8
  8
Layer_0
  10
157.98777
  20
213.45812
  0
VERTEX
  5
5e9
  8
Layer_0
  10
158.15189
  20
213.4203
  0
VERTEX
  5
5ea
  8
Layer_0
  10
158.26496
  20
213.4072
  0
VERTEX
  5
5eb
  8
Layer_0
  10
158.40283
  20
213.39735
  0
VERTEX
  5
5ec
  8
Layer_0
  10
158.56861
  20
213.3903
  0
VERTEX
  5
5ed
  8
Layer_0
  10
158.76539
  20
213.38557
  0
VERTEX
  5
5ee
  8
Layer_0
  10
158.99628
  20
213.3827
  0
VERTEX
  5
5ef
  8
Layer_0
  10
159.26438
  20
213.38123
  0
VERTEX
  5
5f0
  8
Layer_0
  10
159.57278
  20
213.38069
  0
VERTEX
  5
5f1
  8
Layer_0
  10
159.9246
  20
213.38061
  0
VERTEX
  5
5f2
  8
Layer_0
  10
160.27641
  20
213.38069
  0
VERTEX
  5
5f3
  8
Layer_0
  10
160.58482
  20
213.38123
  0
VERTEX
  5
5f4
  8
Layer_0
  10
160.85291
  20
213.3827
  0
VERTEX
  5
5f5
  8
Layer_0
  10
161.0838
  20
213.38557
  0
VERTEX
  5
5f6
  8
Layer_0
  10
161.28059
  20
213.3903
  0
VERTEX
  5
5f7
  8
Layer_0
  10
161.44637
  20
213.39735
  0
VERTEX
  5
5f8
  8
Layer_0
  10
161.58424
  20
213.4072
  0
VERTEX
  5
5f9
  8
Layer_0
  10
161.69731
  20
213.4203
  0
VERTEX
  5
5fa
  8
Layer_0
  10
161.86143
  20
213.45812
  0
VERTEX
  5
5fb
  8
Layer_0
  10
161.96354
  20
213.51455
  0
VERTEX
  5
5fc
  8
Layer_0
  10
162.02845
  20
213.59331
  0
VERTEX
  5
5fd
  8
Layer_0
  10
162.08095
  20
213.69811
  0
VERTEX
  5
5fe
  8
Layer_0
  10
162.1378
  20
213.88352
  0
VERTEX
  5
5ff
  8
Layer_0
  10
162.14875
  20
214.09994
  0
VERTEX
  5
600
  8
Layer_0
  10
162.11258
  20
214.37342
  0
VERTEX
  5
601
  8
Layer_0
  10
162.02804
  20
214.72998
  0
VERTEX
  5
602
  8
Layer_0
  10
161.93835
  20
215.08007
  0
VERTEX
  5
603
  8
Layer_0
  10
161.87859
  20
215.35279
  0
VERTEX
  5
604
  8
Layer_0
  10
161.85014
  20
215.55761
  0
VERTEX
  5
605
  8
Layer_0
  10
161.8544
  20
215.70398
  0
VERTEX
  5
606
  8
Layer_0
  10
161.89277
  20
215.80136
  0
VERTEX
  5
607
  8
Layer_0
  10
161.96665
  20
215.85922
  0
VERTEX
  5
608
  8
Layer_0
  10
162.07741
  20
215.88699
  0
VERTEX
  5
609
  8
Layer_0
  10
162.22647
  20
215.89415
  0
VERTEX
  5
60a
  8
Layer_0
  10
162.37977
  20
215.87482
  0
VERTEX
  5
60b
  8
Layer_0
  10
162.53261
  20
215.81643
  0
VERTEX
  5
60c
  8
Layer_0
  10
162.68575
  20
215.71835
  0
VERTEX
  5
60d
  8
Layer_0
  10
162.83998
  20
215.57996
  0
VERTEX
  5
60e
  8
Layer_0
  10
162.99607
  20
215.40064
  0
VERTEX
  5
60f
  8
Layer_0
  10
163.15479
  20
215.17977
  0
VERTEX
  5
610
  8
Layer_0
  10
163.31692
  20
214.91674
  0
VERTEX
  5
611
  8
Layer_0
  10
163.48325
  20
214.61092
  0
VERTEX
  5
612
  8
Layer_0
  10
163.58091
  20
214.39551
  0
VERTEX
  5
613
  8
Layer_0
  10
163.64447
  20
214.2097
  0
VERTEX
  5
614
  8
Layer_0
  10
163.67207
  20
214.04468
  0
VERTEX
  5
615
  8
Layer_0
  10
163.66184
  20
213.89158
  0
VERTEX
  5
616
  8
Layer_0
  10
163.61192
  20
213.74159
  0
VERTEX
  5
617
  8
Layer_0
  10
163.52045
  20
213.58587
  0
VERTEX
  5
618
  8
Layer_0
  10
163.38558
  20
213.41557
  0
VERTEX
  5
619
  8
Layer_0
  10
163.20543
  20
213.22186
  0
VERTEX
  5
61a
  8
Layer_0
  10
162.71596
  20
212.71915
  0
SEQEND
  0
POLYLINE
  5
61c
  8
Layer_0
  62
7
  70
1
  66
1
  10
0
  20
0
  30
0
  0
VERTEX
  5
61c
  8
Layer_0
  10
165.91741
  20
205.94582
  0
VERTEX
  5
61d
  8
Layer_0
  10
165.91286
  20
205.98682
  0
VERTEX
  5
61e
  8
Layer_0
  10
165.86615
  20
206.02085
  0
VERTEX
  5
61f
  8
Layer_0
  10
165.7723
  20
206.04837
  0
VERTEX
  5
620
  8
Layer_0
  10
165.62637
  20
206.06984
  0
VERTEX
  5
621
  8
Layer_0
  10
165.42338
  20
206.08573
  0
VERTEX
  5
622
  8
Layer_0
  10
165.15839
  20
206.0965
  0
VERTEX
  5
623
  8
Layer_0
  10
164.82642
  20
206.10263
  0
VERTEX
  5
624
  8
Layer_0
  10
164.42251
  20
206.10457
  0
VERTEX
  5
625
  8
Layer_0
  10
164.07295
  20
206.107
  0
VERTEX
  5
626
  8
Layer_0
  10
163.76912
  20
206.11408
  0
VERTEX
  5
627
  8
Layer_0
  10
163.5121
  20
206.1255
  0
VERTEX
  5
628
  8
Layer_0
  10
163.303
  20
206.14095
  0
VERTEX
  5
629
  8
Layer_0
  10
163.14288
  20
206.16012
  0
VERTEX
  5
62a
  8
Layer_0
  10
163.03283
  20
206.1827
  0
VERTEX
  5
62b
  8
Layer_0
  10
162.97395
  20
206.20838
  0
VERTEX
  5
62c
  8
Layer_0
  10
162.96731
  20
206.23686
  0
VERTEX
  5
62d
  8
Layer_0
  10
162.99831
  20
206.26153
  0
VERTEX
  5
62e
  8
Layer_0
  10
163.05908
  20
206.28543
  0
VERTEX
  5
62f
  8
Layer_0
  10
163.1459
  20
206.30778
  0
VERTEX
  5
630
  8
Layer_0
  10
163.25504
  20
206.32781
  0
VERTEX
  5
631
  8
Layer_0
  10
163.52541
  20
206.35778
  0
VERTEX
  5
632
  8
Layer_0
  10
163.84043
  20
206.36915
  0
VERTEX
  5
633
  8
Layer_0
  10
164.04158
  20
206.37111
  0
VERTEX
  5
634
  8
Layer_0
  10
164.2094
  20
206.37742
  0
VERTEX
  5
635
  8
Layer_0
  10
164.34528
  20
206.38868
  0
VERTEX
  5
636
  8
Layer_0
  10
164.45063
  20
206.40553
  0
VERTEX
  5
637
  8
Layer_0
  10
164.52682
  20
206.42858
  0
VERTEX
  5
638
  8
Layer_0
  10
164.57527
  20
206.45845
  0
VERTEX
  5
639
  8
Layer_0
  10
164.59736
  20
206.49576
  0
VERTEX
  5
63a
  8
Layer_0
  10
164.59449
  20
206.54113
  0
VERTEX
  5
63b
  8
Layer_0
  10
164.51181
  20
206.60748
  0
VERTEX
  5
63c
  8
Layer_0
  10
164.32991
  20
206.66515
  0
VERTEX
  5
63d
  8
Layer_0
  10
164.05871
  20
206.71042
  0
VERTEX
  5
63e
  8
Layer_0
  10
163.70814
  20
206.73957
  0
VERTEX
  5
63f
  8
Layer_0
  10
163.47317
  20
206.75374
  0
VERTEX
  5
640
  8
Layer_0
  10
163.2832
  20
206.77106
  0
VERTEX
  5
641
  8
Layer_0
  10
163.13672
  20
206.79099
  0
VERTEX
  5
642
  8
Layer_0
  10
163.03221
  20
206.81295
  0
VERTEX
  5
643
  8
Layer_0
  10
162.96816
  20
206.83638
  0
VERTEX
  5
644
  8
Layer_0
  10
162.94307
  20
206.86072
  0
VERTEX
  5
645
  8
Layer_0
  10
162.95541
  20
206.88541
  0
VERTEX
  5
646
  8
Layer_0
  10
163.00369
  20
206.90989
  0
VERTEX
  5
647
  8
Layer_0
  10
163.08638
  20
206.9336
  0
VERTEX
  5
648
  8
Layer_0
  10
163.20197
  20
206.95596
  0
VERTEX
  5
649
  8
Layer_0
  10
163.34896
  20
206.97643
  0
VERTEX
  5
64a
  8
Layer_0
  10
163.52583
  20
206.99443
  0
VERTEX
  5
64b
  8
Layer_0
  10
163.73107
  20
207.00942
  0
VERTEX
  5
64c
  8
Layer_0
  10
163.96316
  20
207.02082
  0
VERTEX
  5
64d
  8
Layer_0
  10
164.22061
  20
207.02807
  0
VERTEX
  5
64e
  8
Layer_0
  10
164.50189
  20
207.03061
  0
VERTEX
  5
64f
  8
Layer_0
  10
164.83285
  20
207.03304
  0
VERTEX
  5
650
  8
Layer_0
  10
165.12056
  20
207.04012
  0
VERTEX
  5
651
  8
Layer_0
  10
165.36393
  20
207.05154
  0
VERTEX
  5
652
  8
Layer_0
  10
165.56188
  20
207.06699
  0
VERTEX
  5
653
  8
Layer_0
  10
165.71331
  20
207.08616
  0
VERTEX
  5
654
  8
Layer_0
  10
165.81716
  20
207.10874
  0
VERTEX
  5
655
  8
Layer_0
  10
165.87232
  20
207.13443
  0
VERTEX
  5
656
  8
Layer_0
  10
165.87772
  20
207.1629
  0
VERTEX
  5
657
  8
Layer_0
  10
165.81972
  20
207.19748
  0
VERTEX
  5
658
  8
Layer_0
  10
165.69649
  20
207.22688
  0
VERTEX
  5
659
  8
Layer_0
  10
165.51722
  20
207.25115
  0
VERTEX
  5
65a
  8
Layer_0
  10
165.29109
  20
207.27039
  0
VERTEX
  5
65b
  8
Layer_0
  10
164.735
  20
207.29405
  0
VERTEX
  5
65c
  8
Layer_0
  10
164.10171
  20
207.2985
  0
VERTEX
  5
65d
  8
Layer_0
  10
163.46469
  20
207.28434
  0
VERTEX
  5
65e
  8
Layer_0
  10
162.89744
  20
207.2522
  0
VERTEX
  5
65f
  8
Layer_0
  10
162.66294
  20
207.22958
  0
VERTEX
  5
660
  8
Layer_0
  10
162.47344
  20
207.20269
  0
VERTEX
  5
661
  8
Layer_0
  10
162.33811
  20
207.17162
  0
VERTEX
  5
662
  8
Layer_0
  10
162.26616
  20
207.13644
  0
VERTEX
  5
663
  8
Layer_0
  10
162.1973
  20
207.02813
  0
VERTEX
  5
664
  8
Layer_0
  10
162.14937
  20
206.87268
  0
VERTEX
  5
665
  8
Layer_0
  10
162.12221
  20
206.68624
  0
VERTEX
  5
666
  8
Layer_0
  10
162.11568
  20
206.48491
  0
VERTEX
  5
667
  8
Layer_0
  10
162.1296
  20
206.28481
  0
VERTEX
  5
668
  8
Layer_0
  10
162.16384
  20
206.10209
  0
VERTEX
  5
669
  8
Layer_0
  10
162.21823
  20
205.95284
  0
VERTEX
  5
66a
  8
Layer_0
  10
162.29262
  20
205.85321
  0
VERTEX
  5
66b
  8
Layer_0
  10
162.37606
  20
205.81457
  0
VERTEX
  5
66c
  8
Layer_0
  10
162.52108
  20
205.78285
  0
VERTEX
  5
66d
  8
Layer_0
  10
162.71858
  20
205.75784
  0
VERTEX
  5
66e
  8
Layer_0
  10
162.95945
  20
205.73932
  0
VERTEX
  5
66f
  8
Layer_0
  10
163.53487
  20
205.72089
  0
VERTEX
  5
670
  8
Layer_0
  10
164.17447
  20
205.72588
  0
VERTEX
  5
671
  8
Layer_0
  10
164.80538
  20
205.75257
  0
VERTEX
  5
672
  8
Layer_0
  10
165.35476
  20
205.79926
  0
VERTEX
  5
673
  8
Layer_0
  10
165.57609
  20
205.82957
  0
VERTEX
  5
674
  8
Layer_0
  10
165.74972
  20
205.86424
  0
VERTEX
  5
675
  8
Layer_0
  10
165.86653
  20
205.90306
  0
SEQEND
  0
POLYLINE
  5
677
  8
Layer_0
  62
7
  70
1
  66
1
  10
0
  20
0
  30
0
  0
VERTEX
  5
677
  8
Layer_0
  10
171.0371
  20
212.71915
  0
VERTEX
  5
678
  8
Layer_0
  10
170.67619
  20
212.73941
  0
VERTEX
  5
679
  8
Layer_0
  10
170.35249
  20
212.81175
  0
VERTEX
  5
67a
  8
Layer_0
  10
170.18831
  20
212.87289
  0
VERTEX
  5
67b
  8
Layer_0
  10
170.01391
  20
212.95355
  0
VERTEX
  5
67c
  8
Layer_0
  10
169.82275
  20
213.05592
  0
VERTEX
  5
67d
  8
Layer_0
  10
169.60835
  20
213.18217
  0
VERTEX
  5
67e
  8
Layer_0
  10
168.84106
  20
213.64519
  0
VERTEX
  5
67f
  8
Layer_0
  10
166.7244
  20
213.64519
  0
VERTEX
  5
680
  8
Layer_0
  10
166.36939
  20
213.6454
  0
VERTEX
  5
681
  8
Layer_0
  10
166.05668
  20
213.64625
  0
VERTEX
  5
682
  8
Layer_0
  10
165.78358
  20
213.64807
  0
VERTEX
  5
683
  8
Layer_0
  10
165.54741
  20
213.65119
  0
VERTEX
  5
684
  8
Layer_0
  10
165.3455
  20
213.65593
  0
VERTEX
  5
685
  8
Layer_0
  10
165.17518
  20
213.66263
  0
VERTEX
  5
686
  8
Layer_0
  10
165.03378
  20
213.67162
  0
VERTEX
  5
687
  8
Layer_0
  10
164.91861
  20
213.68323
  0
VERTEX
  5
688
  8
Layer_0
  10
164.75629
  20
213.7156
  0
VERTEX
  5
689
  8
Layer_0
  10
164.66684
  20
213.76239
  0
VERTEX
  5
68a
  8
Layer_0
  10
164.62886
  20
213.82624
  0
VERTEX
  5
68b
  8
Layer_0
  10
164.62095
  20
213.90977
  0
VERTEX
  5
68c
  8
Layer_0
  10
164.62886
  20
213.99331
  0
VERTEX
  5
68d
  8
Layer_0
  10
164.66684
  20
214.05716
  0
VERTEX
  5
68e
  8
Layer_0
  10
164.75629
  20
214.10395
  0
VERTEX
  5
68f
  8
Layer_0
  10
164.91861
  20
214.13632
  0
VERTEX
  5
690
  8
Layer_0
  10
165.03378
  20
214.14793
  0
VERTEX
  5
691
  8
Layer_0
  10
165.17518
  20
214.15692
  0
VERTEX
  5
692
  8
Layer_0
  10
165.3455
  20
214.16362
  0
VERTEX
  5
693
  8
Layer_0
  10
165.54741
  20
214.16836
  0
VERTEX
  5
694
  8
Layer_0
  10
165.78358
  20
214.17148
  0
VERTEX
  5
695
  8
Layer_0
  10
166.05668
  20
214.1733
  0
VERTEX
  5
696
  8
Layer_0
  10
166.36939
  20
214.17415
  0
VERTEX
  5
697
  8
Layer_0
  10
166.72439
  20
214.17436
  0
VERTEX
  5
698
  8
Layer_0
  10
168.82782
  20
214.17436
  0
VERTEX
  5
699
  8
Layer_0
  10
169.25116
  20
214.70352
  0
VERTEX
  5
69a
  8
Layer_0
  10
169.6745
  20
215.2327
  0
VERTEX
  5
69b
  8
Layer_0
  10
167.14772
  20
215.2327
  0
VERTEX
  5
69c
  8
Layer_0
  10
164.62096
  20
215.2327
  0
VERTEX
  5
69d
  8
Layer_0
  10
164.62096
  20
215.56342
  0
VERTEX
  5
69e
  8
Layer_0
  10
164.62096
  20
215.89415
  0
VERTEX
  5
69f
  8
Layer_0
  10
167.83563
  20
215.89415
  0
VERTEX
  5
6a0
  8
Layer_0
  10
168.48454
  20
215.89237
  0
VERTEX
  5
6a1
  8
Layer_0
  10
169.09282
  20
215.88733
  0
VERTEX
  5
6a2
  8
Layer_0
  10
169.64716
  20
215.8795
  0
VERTEX
  5
6a3
  8
Layer_0
  10
170.13421
  20
215.86934
  0
VERTEX
  5
6a4
  8
Layer_0
  10
170.54064
  20
215.85733
  0
VERTEX
  5
6a5
  8
Layer_0
  10
170.85313
  20
215.84392
  0
VERTEX
  5
6a6
  8
Layer_0
  10
170.96998
  20
215.83684
  0
VERTEX
  5
6a7
  8
Layer_0
  10
171.05834
  20
215.82958
  0
VERTEX
  5
6a8
  8
Layer_0
  10
171.11654
  20
215.82221
  0
VERTEX
  5
6a9
  8
Layer_0
  10
171.14293
  20
215.81477
  0
VERTEX
  5
6aa
  8
Layer_0
  10
171.14815
  20
215.77697
  0
VERTEX
  5
6ab
  8
Layer_0
  10
171.13508
  20
215.70584
  0
VERTEX
  5
6ac
  8
Layer_0
  10
171.10526
  20
215.60525
  0
VERTEX
  5
6ad
  8
Layer_0
  10
171.06025
  20
215.47908
  0
VERTEX
  5
6ae
  8
Layer_0
  10
170.93085
  20
215.16551
  0
VERTEX
  5
6af
  8
Layer_0
  10
170.75928
  20
214.79613
  0
VERTEX
  5
6b0
  8
Layer_0
  10
170.28304
  20
213.87009
  0
VERTEX
  5
6b1
  8
Layer_0
  10
170.66669
  20
213.57904
  42
0.012030356
  0
VERTEX
  5
6b2
  8
Layer_0
  10
171.36783
  20
213.01019
  0
VERTEX
  5
6b3
  8
Layer_0
  10
171.69856
  20
212.73238
  0
VERTEX
  5
6b4
  8
Layer_0
  10
171.03709
  20
212.71915
  0
SEQEND
  0
POLYLINE
  5
6b6
  8
Layer_0
  62
7
  70
1
  66
1
  10
0
  20
0
  30
0
  0
VERTEX
  5
6b6
  8
Layer_0
  10
176.18581
  20
209.45693
  0
VERTEX
  5
6b7
  8
Layer_0
  10
177.10684
  20
209.45724
  0
VERTEX
  5
6b8
  8
Layer_0
  10
178.00156
  20
209.45812
  0
VERTEX
  5
6b9
  8
Layer_0
  10
178.86535
  20
209.45955
  0
VERTEX
  5
6ba
  8
Layer_0
  10
179.6936
  20
209.46148
  0
VERTEX
  5
6bb
  8
Layer_0
  10
180.4817
  20
209.46388
  0
VERTEX
  5
6bc
  8
Layer_0
  10
181.22503
  20
209.4667
  0
VERTEX
  5
6bd
  8
Layer_0
  10
181.91899
  20
209.46991
  0
VERTEX
  5
6be
  8
Layer_0
  10
182.55896
  20
209.47347
  0
VERTEX
  5
6bf
  8
Layer_0
  10
183.14032
  20
209.47734
  0
VERTEX
  5
6c0
  8
Layer_0
  10
183.65848
  20
209.48148
  0
VERTEX
  5
6c1
  8
Layer_0
  10
184.1088
  20
209.48585
  0
VERTEX
  5
6c2
  8
Layer_0
  10
184.48669
  20
209.49042
  0
VERTEX
  5
6c3
  8
Layer_0
  10
184.78754
  20
209.49514
  0
VERTEX
  5
6c4
  8
Layer_0
  10
185.00671
  20
209.49998
  0
VERTEX
  5
6c5
  8
Layer_0
  10
185.13962
  20
209.50489
  0
VERTEX
  5
6c6
  8
Layer_0
  10
185.18164
  20
209.50985
  0
VERTEX
  5
6c7
  8
Layer_0
  10
185.12252
  20
209.56173
  0
VERTEX
  5
6c8
  8
Layer_0
  10
184.99643
  20
209.66695
  0
VERTEX
  5
6c9
  8
Layer_0
  10
184.82073
  20
209.80937
  0
VERTEX
  5
6ca
  8
Layer_0
  10
184.61278
  20
209.97287
  0
VERTEX
  5
6cb
  8
Layer_0
  10
184.09685
  20
210.38298
  0
VERTEX
  5
6cc
  8
Layer_0
  10
176.14612
  20
210.38298
  0
VERTEX
  5
6cd
  8
Layer_0
  10
168.19539
  20
210.38298
  0
VERTEX
  5
6ce
  8
Layer_0
  10
167.66623
  20
209.91995
  0
VERTEX
  5
6cf
  8
Layer_0
  10
167.13705
  20
209.47017
  0
VERTEX
  5
6d0
  8
Layer_0
  10
176.18581
  20
209.45694
  0
SEQEND
  0
POLYLINE
  5
6d2
  8
Layer_0
  62
7
  70
1
  66
1
  10
0
  20
0
  30
0
  0
VERTEX
  5
6d2
  8
Layer_0
  10
170.65345
  20
206.10457
  0
VERTEX
  5
6d3
  8
Layer_0
  10
171.05299
  20
206.10263
  0
VERTEX
  5
6d4
  8
Layer_0
  10
171.38168
  20
206.0965
  0
VERTEX
  5
6d5
  8
Layer_0
  10
171.64432
  20
206.08573
  0
VERTEX
  5
6d6
  8
Layer_0
  10
171.84573
  20
206.06984
  0
VERTEX
  5
6d7
  8
Layer_0
  10
171.99071
  20
206.04837
  0
VERTEX
  5
6d8
  8
Layer_0
  10
172.08406
  20
206.02085
  0
VERTEX
  5
6d9
  8
Layer_0
  10
172.1306
  20
205.98682
  0
VERTEX
  5
6da
  8
Layer_0
  10
172.13512
  20
205.94582
  0
VERTEX
  5
6db
  8
Layer_0
  10
172.08424
  20
205.90306
  0
VERTEX
  5
6dc
  8
Layer_0
  10
171.96743
  20
205.86424
  0
VERTEX
  5
6dd
  8
Layer_0
  10
171.7938
  20
205.82957
  0
VERTEX
  5
6de
  8
Layer_0
  10
171.57247
  20
205.79926
  0
VERTEX
  5
6df
  8
Layer_0
  10
171.02309
  20
205.75257
  0
VERTEX
  5
6e0
  8
Layer_0
  10
170.39217
  20
205.72588
  0
VERTEX
  5
6e1
  8
Layer_0
  10
169.75258
  20
205.72089
  0
VERTEX
  5
6e2
  8
Layer_0
  10
169.17716
  20
205.73932
  0
VERTEX
  5
6e3
  8
Layer_0
  10
168.93629
  20
205.75784
  0
VERTEX
  5
6e4
  8
Layer_0
  10
168.73879
  20
205.78285
  0
VERTEX
  5
6e5
  8
Layer_0
  10
168.59376
  20
205.81457
  0
VERTEX
  5
6e6
  8
Layer_0
  10
168.51033
  20
205.85321
  0
VERTEX
  5
6e7
  8
Layer_0
  10
168.43594
  20
205.95284
  0
VERTEX
  5
6e8
  8
Layer_0
  10
168.38155
  20
206.10209
  0
VERTEX
  5
6e9
  8
Layer_0
  10
168.34731
  20
206.28481
  0
VERTEX
  5
6ea
  8
Layer_0
  10
168.33339
  20
206.4849
  0
VERTEX
  5
6eb
  8
Layer_0
  10
168.33992
  20
206.68624
  0
VERTEX
  5
6ec
  8
Layer_0
  10
168.36708
  20
206.87268
  0
VERTEX
  5
6ed
  8
Layer_0
  10
168.41501
  20
207.02813
  0
VERTEX
  5
6ee
  8
Layer_0
  10
168.48387
  20
207.13644
  0
VERTEX
  5
6ef
  8
Layer_0
  10
168.55582
  20
207.17162
  0
VERTEX
  5
6f0
  8
Layer_0
  10
168.69114
  20
207.20269
  0
VERTEX
  5
6f1
  8
Layer_0
  10
168.88065
  20
207.22957
  0
VERTEX
  5
6f2
  8
Layer_0
  10
169.11515
  20
207.2522
  0
VERTEX
  5
6f3
  8
Layer_0
  10
169.6824
  20
207.28434
  0
VERTEX
  5
6f4
  8
Layer_0
  10
170.31942
  20
207.2985
  0
VERTEX
  5
6f5
  8
Layer_0
  10
170.95271
  20
207.29405
  0
VERTEX
  5
6f6
  8
Layer_0
  10
171.5088
  20
207.27039
  0
VERTEX
  5
6f7
  8
Layer_0
  10
171.73493
  20
207.25115
  0
VERTEX
  5
6f8
  8
Layer_0
  10
171.9142
  20
207.22687
  0
VERTEX
  5
6f9
  8
Layer_0
  10
172.03743
  20
207.19748
  0
VERTEX
  5
6fa
  8
Layer_0
  10
172.09543
  20
207.1629
  0
VERTEX
  5
6fb
  8
Layer_0
  10
172.09192
  20
207.13443
  0
VERTEX
  5
6fc
  8
Layer_0
  10
172.04251
  20
207.10874
  0
VERTEX
  5
6fd
  8
Layer_0
  10
171.94846
  20
207.08616
  0
VERTEX
  5
6fe
  8
Layer_0
  10
171.811
  20
207.06699
  0
VERTEX
  5
6ff
  8
Layer_0
  10
171.63138
  20
207.05154
  0
VERTEX
  5
700
  8
Layer_0
  10
171.41082
  20
207.04012
  0
VERTEX
  5
701
  8
Layer_0
  10
171.15058
  20
207.03304
  0
VERTEX
  5
702
  8
Layer_0
  10
170.85189
  20
207.03061
  0
VERTEX
  5
703
  8
Layer_0
  10
170.57081
  20
207.03004
  0
VERTEX
  5
704
  8
Layer_0
  10
170.32164
  20
207.02792
  0
VERTEX
  5
705
  8
Layer_0
  10
170.10246
  20
207.02363
  0
VERTEX
  5
706
  8
Layer_0
  10
169.91138
  20
207.01655
  0
VERTEX
  5
707
  8
Layer_0
  10
169.60592
  20
206.99154
  0
VERTEX
  5
708
  8
Layer_0
  10
169.39007
  20
206.94793
  0
VERTEX
  5
709
  8
Layer_0
  10
169.24863
  20
206.88075
  0
VERTEX
  5
70a
  8
Layer_0
  10
169.16641
  20
206.78504
  0
VERTEX
  5
70b
  8
Layer_0
  10
169.12822
  20
206.65585
  0
VERTEX
  5
70c
  8
Layer_0
  10
169.11887
  20
206.48821
  0
VERTEX
  5
70d
  8
Layer_0
  10
169.11887
  20
206.10457
  0
VERTEX
  5
70e
  8
Layer_0
  10
170.65346
  20
206.10457
  0
SEQEND
  0
POLYLINE
  5
710
  8
Layer_0
  62
7
  70
1
  66
1
  10
0
  20
0
  30
0
  0
VERTEX
  5
710
  8
Layer_0
  10
178.16762
  20
212.71915
  0
VERTEX
  5
711
  8
Layer_0
  10
178.34766
  20
212.7224
  0
VERTEX
  5
712
  8
Layer_0
  10
178.49669
  20
212.73527
  0
VERTEX
  5
713
  8
Layer_0
  10
178.6234
  20
212.7624
  0
VERTEX
  5
714
  8
Layer_0
  10
178.73647
  20
212.80845
  0
VERTEX
  5
715
  8
Layer_0
  10
178.84458
  20
212.87805
  0
VERTEX
  5
716
  8
Layer_0
  10
178.95641
  20
212.97588
  0
VERTEX
  5
717
  8
Layer_0
  10
179.08064
  20
213.10657
  0
VERTEX
  5
718
  8
Layer_0
  10
179.22595
  20
213.27477
  0
VERTEX
  5
719
  8
Layer_0
  10
179.41199
  20
213.49946
  0
VERTEX
  5
71a
  8
Layer_0
  10
179.5633
  20
213.70307
  0
VERTEX
  5
71b
  8
Layer_0
  10
179.66499
  20
213.8645
  0
VERTEX
  5
71c
  8
Layer_0
  10
179.7022
  20
213.96269
  0
VERTEX
  5
71d
  8
Layer_0
  10
179.67267
  20
214.09788
  0
VERTEX
  5
71e
  8
Layer_0
  10
179.59244
  20
214.30003
  0
VERTEX
  5
71f
  8
Layer_0
  10
179.47408
  20
214.54684
  0
VERTEX
  5
720
  8
Layer_0
  10
179.33013
  20
214.81597
  0
VERTEX
  5
721
  8
Layer_0
  10
179.17317
  20
215.0851
  0
VERTEX
  5
722
  8
Layer_0
  10
179.01573
  20
215.33191
  0
VERTEX
  5
723
  8
Layer_0
  10
178.87039
  20
215.53407
  0
VERTEX
  5
724
  8
Layer_0
  10
178.7497
  20
215.66925
  0
VERTEX
  5
725
  8
Layer_0
  10
178.65185
  20
215.73589
  0
VERTEX
  5
726
  8
Layer_0
  10
178.52253
  20
215.78811
  0
VERTEX
  5
727
  8
Layer_0
  10
178.34019
  20
215.82761
  0
VERTEX
  5
728
  8
Layer_0
  10
178.08328
  20
215.85611
  0
VERTEX
  5
729
  8
Layer_0
  10
177.92013
  20
215.86677
  0
VERTEX
  5
72a
  8
Layer_0
  10
177.73026
  20
215.87531
  0
VERTEX
  5
72b
  8
Layer_0
  10
177.51096
  20
215.88196
  0
VERTEX
  5
72c
  8
Layer_0
  10
177.25956
  20
215.88691
  0
VERTEX
  5
72d
  8
Layer_0
  10
176.97335
  20
215.8904
  0
VERTEX
  5
72e
  8
Layer_0
  10
176.64965
  20
215.89262
  0
VERTEX
  5
72f
  8
Layer_0
  10
176.28575
  20
215.8938
  0
VERTEX
  5
730
  8
Layer_0
  10
175.87897
  20
215.89415
  0
VERTEX
  5
731
  8
Layer_0
  10
175.35436
  20
215.89177
  0
VERTEX
  5
732
  8
Layer_0
  10
174.8595
  20
215.88505
  0
VERTEX
  5
733
  8
Layer_0
  10
174.40558
  20
215.87462
  0
VERTEX
  5
734
  8
Layer_0
  10
174.00374
  20
215.86108
  0
VERTEX
  5
735
  8
Layer_0
  10
173.66516
  20
215.84506
  0
VERTEX
  5
736
  8
Layer_0
  10
173.40099
  20
215.82718
  0
VERTEX
  5
737
  8
Layer_0
  10
173.22239
  20
215.80806
  0
VERTEX
  5
738
  8
Layer_0
  10
173.14054
  20
215.78832
  0
VERTEX
  5
739
  8
Layer_0
  10
173.02251
  20
215.67848
  0
VERTEX
  5
73a
  8
Layer_0
  10
172.87595
  20
215.48508
  0
VERTEX
  5
73b
  8
Layer_0
  10
172.71452
  20
215.2337
  0
VERTEX
  5
73c
  8
Layer_0
  10
172.55184
  20
214.94992
  0
VERTEX
  5
73d
  8
Layer_0
  10
172.40156
  20
214.65931
  0
VERTEX
  5
73e
  8
Layer_0
  10
172.27733
  20
214.38747
  0
VERTEX
  5
73f
  8
Layer_0
  10
172.19279
  20
214.15997
  0
VERTEX
  5
740
  8
Layer_0
  10
172.16158
  20
214.00238
  0
VERTEX
  5
741
  8
Layer_0
  10
172.1992
  20
213.84487
  0
VERTEX
  5
742
  8
Layer_0
  10
172.30379
  20
213.64519
  0
VERTEX
  5
743
  8
Layer_0
  10
172.46296
  20
213.42567
  0
VERTEX
  5
744
  8
Layer_0
  10
172.66429
  20
213.20863
  0
VERTEX
  5
745
  8
Layer_0
  10
172.80461
  20
213.07365
  0
VERTEX
  5
746
  8
Layer_0
  10
172.93114
  20
212.96472
  0
VERTEX
  5
747
  8
Layer_0
  10
173.04868
  20
212.87935
  0
VERTEX
  5
748
  8
Layer_0
  10
173.16203
  20
212.81506
  0
VERTEX
  5
749
  8
Layer_0
  10
173.3954
  20
212.73982
  0
VERTEX
  5
74a
  8
Layer_0
  10
173.6697
  20
212.71915
  0
VERTEX
  5
74b
  8
Layer_0
  10
173.81212
  20
212.72124
  0
VERTEX
  5
74c
  8
Layer_0
  10
173.92354
  20
212.72845
  0
VERTEX
  5
74d
  8
Layer_0
  10
174.00643
  20
212.74217
  0
VERTEX
  5
74e
  8
Layer_0
  10
174.06327
  20
212.7638
  0
VERTEX
  5
74f
  8
Layer_0
  10
174.10875
  20
212.83635
  0
VERTEX
  5
750
  8
Layer_0
  10
174.07981
  20
212.95727
  0
VERTEX
  5
751
  8
Layer_0
  10
173.97976
  20
213.19573
  0
VERTEX
  5
752
  8
Layer_0
  10
173.92436
  20
213.37172
  0
VERTEX
  5
753
  8
Layer_0
  10
173.92116
  20
213.43924
  0
VERTEX
  5
754
  8
Layer_0
  10
173.93842
  20
213.49468
  0
VERTEX
  5
755
  8
Layer_0
  10
173.97924
  20
213.53924
  0
VERTEX
  5
756
  8
Layer_0
  10
174.04673
  20
213.57408
  0
VERTEX
  5
757
  8
Layer_0
  10
174.14399
  20
213.6004
  0
VERTEX
  5
758
  8
Layer_0
  10
174.27411
  20
213.61938
  0
VERTEX
  5
759
  8
Layer_0
  10
174.4402
  20
213.63219
  0
VERTEX
  5
75a
  8
Layer_0
  10
174.64535
  20
213.64002
  0
VERTEX
  5
75b
  8
Layer_0
  10
174.89268
  20
213.64406
  0
VERTEX
  5
75c
  8
Layer_0
  10
175.18527
  20
213.64547
  0
VERTEX
  5
75d
  8
Layer_0
  10
175.52623
  20
213.64546
  0
VERTEX
  5
75e
  8
Layer_0
  10
175.91866
  20
213.64519
  0
VERTEX
  5
75f
  8
Layer_0
  10
176.33398
  20
213.64398
  0
VERTEX
  5
760
  8
Layer_0
  10
176.72109
  20
213.64044
  0
VERTEX
  5
761
  8
Layer_0
  10
177.07161
  20
213.63473
  0
VERTEX
  5
762
  8
Layer_0
  10
177.37718
  20
213.627
  0
VERTEX
  5
763
  8
Layer_0
  10
177.62941
  20
213.61741
  0
VERTEX
  5
764
  8
Layer_0
  10
177.81994
  20
213.60612
  0
VERTEX
  5
765
  8
Layer_0
  10
177.9404
  20
213.59328
  0
VERTEX
  5
766
  8
Layer_0
  10
177.98241
  20
213.57904
  0
VERTEX
  5
767
  8
Layer_0
  10
177.96629
  20
213.51414
  0
VERTEX
  5
768
  8
Layer_0
  10
177.92288
  20
213.40707
  0
VERTEX
  5
769
  8
Layer_0
  10
177.85963
  20
213.27023
  0
VERTEX
  5
76a
  8
Layer_0
  10
177.78397
  20
213.11602
  0
VERTEX
  5
76b
  8
Layer_0
  10
177.5723
  20
212.71915
  0
VERTEX
  5
76c
  8
Layer_0
  10
178.16762
  20
212.71915
  0
SEQEND
  0
POLYLINE
  5
76e
  8
Layer_0
  62
7
  70
1
  66
1
  10
0
  20
0
  30
0
  0
VERTEX
  5
76e
  8
Layer_0
  10
175.86574
  20
206.36915
  0
VERTEX
  5
76f
  8
Layer_0
  10
175.86443
  20
206.15461
  0
VERTEX
  5
770
  8
Layer_0
  10
175.85768
  20
205.99232
  0
VERTEX
  5
771
  8
Layer_0
  10
175.84133
  20
205.87499
  0
VERTEX
  5
772
  8
Layer_0
  10
175.81117
  20
205.79533
  0
VERTEX
  5
773
  8
Layer_0
  10
175.76304
  20
205.74606
  0
VERTEX
  5
774
  8
Layer_0
  10
175.69273
  20
205.71989
  0
VERTEX
  5
775
  8
Layer_0
  10
175.59607
  20
205.70952
  0
VERTEX
  5
776
  8
Layer_0
  10
175.46887
  20
205.70769
  0
VERTEX
  5
777
  8
Layer_0
  10
175.07199
  20
205.70769
  0
VERTEX
  5
778
  8
Layer_0
  10
175.07199
  20
206.50143
  0
VERTEX
  5
779
  8
Layer_0
  10
175.07199
  20
207.2952
  0
VERTEX
  5
77a
  8
Layer_0
  10
176.83148
  20
207.2952
  0
VERTEX
  5
77b
  8
Layer_0
  10
177.2514
  20
207.29271
  0
VERTEX
  5
77c
  8
Layer_0
  10
177.61861
  20
207.28527
  0
VERTEX
  5
77d
  8
Layer_0
  10
177.93373
  20
207.27287
  0
VERTEX
  5
77e
  8
Layer_0
  10
178.19738
  20
207.2555
  0
VERTEX
  5
77f
  8
Layer_0
  10
178.41019
  20
207.23318
  0
VERTEX
  5
780
  8
Layer_0
  10
178.57276
  20
207.20589
  0
VERTEX
  5
781
  8
Layer_0
  10
178.68573
  20
207.17365
  0
VERTEX
  5
782
  8
Layer_0
  10
178.7497
  20
207.13644
  0
VERTEX
  5
783
  8
Layer_0
  10
178.81357
  20
207.02172
  0
VERTEX
  5
784
  8
Layer_0
  10
178.8638
  20
206.83382
  0
VERTEX
  5
785
  8
Layer_0
  10
178.89667
  20
206.5988
  0
VERTEX
  5
786
  8
Layer_0
  10
178.90845
  20
206.34269
  0
VERTEX
  5
787
  8
Layer_0
  10
178.90716
  20
206.14069
  0
VERTEX
  5
788
  8
Layer_0
  10
178.9006
  20
205.98674
  0
VERTEX
  5
789
  8
Layer_0
  10
178.88473
  20
205.87435
  0
VERTEX
  5
78a
  8
Layer_0
  10
178.85554
  20
205.79699
  0
VERTEX
  5
78b
  8
Layer_0
  10
178.80898
  20
205.74815
  0
VERTEX
  5
78c
  8
Layer_0
  10
178.74102
  20
205.72133
  0
VERTEX
  5
78d
  8
Layer_0
  10
178.64764
  20
205.71002
  0
VERTEX
  5
78e
  8
Layer_0
  10
178.52481
  20
205.70769
  0
VERTEX
  5
78f
  8
Layer_0
  10
178.40133
  20
205.71002
  0
VERTEX
  5
790
  8
Layer_0
  10
178.3059
  20
205.72133
  0
VERTEX
  5
791
  8
Layer_0
  10
178.23436
  20
205.74815
  0
VERTEX
  5
792
  8
Layer_0
  10
178.1825
  20
205.79699
  0
VERTEX
  5
793
  8
Layer_0
  10
178.14614
  20
205.87435
  0
VERTEX
  5
794
  8
Layer_0
  10
178.12111
  20
205.98674
  0
VERTEX
  5
795
  8
Layer_0
  10
178.1032
  20
206.14069
  0
VERTEX
  5
796
  8
Layer_0
  10
178.08824
  20
206.34269
  0
VERTEX
  5
797
  8
Layer_0
  10
178.04855
  20
206.96446
  0
VERTEX
  5
798
  8
Layer_0
  10
176.96378
  20
207.00415
  0
VERTEX
  5
799
  8
Layer_0
  10
175.86575
  20
207.04384
  0
VERTEX
  5
79a
  8
Layer_0
  10
175.86575
  20
206.36914
  0
SEQEND
  0
POLYLINE
  5
79c
  8
Layer_0
  62
7
  70
1
  66
1
  10
0
  20
0
  30
0
  0
VERTEX
  5
79c
  8
Layer_0
  10
178.04855
  20
214.61092
  0
VERTEX
  5
79d
  8
Layer_0
  10
178.00701
  20
214.77918
  0
VERTEX
  5
79e
  8
Layer_0
  10
177.96422
  20
214.93503
  0
VERTEX
  5
79f
  8
Layer_0
  10
177.92391
  20
215.06112
  0
VERTEX
  5
7a0
  8
Layer_0
  10
177.88981
  20
215.14009
  0
VERTEX
  5
7a1
  8
Layer_0
  10
177.83976
  20
215.15926
  0
VERTEX
  5
7a2
  8
Layer_0
  10
177.71514
  20
215.17688
  0
VERTEX
  5
7a3
  8
Layer_0
  10
177.52448
  20
215.19264
  0
VERTEX
  5
7a4
  8
Layer_0
  10
177.27631
  20
215.20623
  0
VERTEX
  5
7a5
  8
Layer_0
  10
176.97914
  20
215.21734
  0
VERTEX
  5
7a6
  8
Layer_0
  10
176.64151
  20
215.22566
  0
VERTEX
  5
7a7
  8
Layer_0
  10
176.27195
  20
215.23088
  0
VERTEX
  5
7a8
  8
Layer_0
  10
175.87897
  20
215.23269
  0
VERTEX
  5
7a9
  8
Layer_0
  10
175.53852
  20
215.23262
  0
VERTEX
  5
7aa
  8
Layer_0
  10
175.23958
  20
215.23212
  0
VERTEX
  5
7ab
  8
Layer_0
  10
174.97932
  20
215.23077
  0
VERTEX
  5
7ac
  8
Layer_0
  10
174.75491
  20
215.22814
  0
VERTEX
  5
7ad
  8
Layer_0
  10
174.56352
  20
215.22381
  0
VERTEX
  5
7ae
  8
Layer_0
  10
174.40232
  20
215.21734
  0
VERTEX
  5
7af
  8
Layer_0
  10
174.26849
  20
215.20832
  0
VERTEX
  5
7b0
  8
Layer_0
  10
174.15918
  20
215.19631
  0
VERTEX
  5
7b1
  8
Layer_0
  10
174.00286
  20
215.16164
  0
VERTEX
  5
7b2
  8
Layer_0
  10
173.91072
  20
215.10991
  0
VERTEX
  5
7b3
  8
Layer_0
  10
173.86013
  20
215.03772
  0
VERTEX
  5
7b4
  8
Layer_0
  10
173.82845
  20
214.94165
  0
VERTEX
  5
7b5
  8
Layer_0
  10
173.76042
  20
214.68079
  0
VERTEX
  5
7b6
  8
Layer_0
  10
173.73316
  20
214.4869
  0
VERTEX
  5
7b7
  8
Layer_0
  10
173.7433
  20
214.41197
  0
VERTEX
  5
7b8
  8
Layer_0
  10
173.7738
  20
214.35006
  0
VERTEX
  5
7b9
  8
Layer_0
  10
173.82807
  20
214.29993
  0
VERTEX
  5
7ba
  8
Layer_0
  10
173.90948
  20
214.26035
  0
VERTEX
  5
7bb
  8
Layer_0
  10
174.02144
  20
214.23006
  0
VERTEX
  5
7bc
  8
Layer_0
  10
174.16732
  20
214.20784
  0
VERTEX
  5
7bd
  8
Layer_0
  10
174.35053
  20
214.19244
  0
VERTEX
  5
7be
  8
Layer_0
  10
174.57445
  20
214.18263
  0
VERTEX
  5
7bf
  8
Layer_0
  10
174.84248
  20
214.17715
  0
VERTEX
  5
7c0
  8
Layer_0
  10
175.15801
  20
214.17477
  0
VERTEX
  5
7c1
  8
Layer_0
  10
175.52443
  20
214.17425
  0
VERTEX
  5
7c2
  8
Layer_0
  10
175.94512
  20
214.17436
  0
VERTEX
  5
7c3
  8
Layer_0
  10
178.14116
  20
214.17436
  0
VERTEX
  5
7c4
  8
Layer_0
  10
178.04855
  20
214.61092
  0
SEQEND
  0
POLYLINE
  5
7c6
  8
Layer_0
  62
7
  70
1
  66
1
  10
0
  20
0
  30
0
  0
VERTEX
  5
7c6
  8
Layer_0
  10
182.44064
  20
214.59769
  0
VERTEX
  5
7c7
  8
Layer_0
  10
182.78461
  20
215.2327
  0
VERTEX
  5
7c8
  8
Layer_0
  10
184.87482
  20
215.2327
  0
VERTEX
  5
7c9
  8
Layer_0
  10
185.21676
  20
215.2329
  0
VERTEX
  5
7ca
  8
Layer_0
  10
185.51999
  20
215.23372
  0
VERTEX
  5
7cb
  8
Layer_0
  10
185.78702
  20
215.23548
  0
VERTEX
  5
7cc
  8
Layer_0
  10
186.02037
  20
215.23848
  0
VERTEX
  5
7cd
  8
Layer_0
  10
186.22256
  20
215.24302
  0
VERTEX
  5
7ce
  8
Layer_0
  10
186.39611
  20
215.24943
  0
VERTEX
  5
7cf
  8
Layer_0
  10
186.54354
  20
215.25801
  0
VERTEX
  5
7d0
  8
Layer_0
  10
186.66736
  20
215.26907
  0
VERTEX
  5
7d1
  8
Layer_0
  10
186.85427
  20
215.29987
  0
VERTEX
  5
7d2
  8
Layer_0
  10
186.977
  20
215.34431
  0
VERTEX
  5
7d3
  8
Layer_0
  10
187.05571
  20
215.40488
  0
VERTEX
  5
7d4
  8
Layer_0
  10
187.11053
  20
215.48404
  0
VERTEX
  5
7d5
  8
Layer_0
  10
187.20149
  20
215.6891
  0
VERTEX
  5
7d6
  8
Layer_0
  10
187.24283
  20
215.81477
  0
VERTEX
  5
7d7
  8
Layer_0
  10
187.1912
  20
215.82958
  0
VERTEX
  5
7d8
  8
Layer_0
  10
187.04315
  20
215.84392
  0
VERTEX
  5
7d9
  8
Layer_0
  10
186.8089
  20
215.85733
  0
VERTEX
  5
7da
  8
Layer_0
  10
186.49869
  20
215.86934
  0
VERTEX
  5
7db
  8
Layer_0
  10
186.12274
  20
215.8795
  0
VERTEX
  5
7dc
  8
Layer_0
  10
185.69129
  20
215.88733
  0
VERTEX
  5
7dd
  8
Layer_0
  10
185.21458
  20
215.89237
  0
VERTEX
  5
7de
  8
Layer_0
  10
184.70283
  20
215.89415
  0
VERTEX
  5
7df
  8
Layer_0
  10
182.16283
  20
215.89415
  0
VERTEX
  5
7e0
  8
Layer_0
  10
181.32939
  20
215.0078
  0
VERTEX
  5
7e1
  8
Layer_0
  10
181.00941
  20
214.6413
  0
VERTEX
  5
7e2
  8
Layer_0
  10
180.744
  20
214.31822
  0
VERTEX
  5
7e3
  8
Layer_0
  10
180.64106
  20
214.18343
  0
VERTEX
  5
7e4
  8
Layer_0
  10
180.56293
  20
214.07204
  0
VERTEX
  5
7e5
  8
Layer_0
  10
180.51332
  20
213.98824
  0
VERTEX
  5
7e6
  8
Layer_0
  10
180.49596
  20
213.93623
  0
VERTEX
  5
7e7
  8
Layer_0
  10
180.51278
  20
213.89202
  0
VERTEX
  5
7e8
  8
Layer_0
  10
180.56107
  20
213.83061
  0
VERTEX
  5
7e9
  8
Layer_0
  10
180.63757
  20
213.75461
  0
VERTEX
  5
7ea
  8
Layer_0
  10
180.73904
  20
213.66669
  0
VERTEX
  5
7eb
  8
Layer_0
  10
181.00383
  20
213.46556
  0
VERTEX
  5
7ec
  8
Layer_0
  10
181.32939
  20
213.24831
  0
VERTEX
  5
7ed
  8
Layer_0
  10
182.1496
  20
212.71915
  0
VERTEX
  5
7ee
  8
Layer_0
  10
184.70282
  20
212.71915
  0
VERTEX
  5
7ef
  8
Layer_0
  10
185.21078
  20
212.72093
  0
VERTEX
  5
7f0
  8
Layer_0
  10
185.68571
  20
212.72597
  0
VERTEX
  5
7f1
  8
Layer_0
  10
186.11693
  20
212.7338
  0
VERTEX
  5
7f2
  8
Layer_0
  10
186.49373
  20
212.74395
  0
VERTEX
  5
7f3
  8
Layer_0
  10
186.80541
  20
212.75597
  0
VERTEX
  5
7f4
  8
Layer_0
  10
187.04129
  20
212.76938
  0
VERTEX
  5
7f5
  8
Layer_0
  10
187.19066
  20
212.78372
  0
VERTEX
  5
7f6
  8
Layer_0
  10
187.24283
  20
212.79852
  0
VERTEX
  5
7f7
  8
Layer_0
  10
187.20149
  20
212.9242
  0
VERTEX
  5
7f8
  8
Layer_0
  10
187.11053
  20
213.12925
  0
VERTEX
  5
7f9
  8
Layer_0
  10
187.05563
  20
213.20842
  0
VERTEX
  5
7fa
  8
Layer_0
  10
186.97638
  20
213.26898
  0
VERTEX
  5
7fb
  8
Layer_0
  10
186.85218
  20
213.31343
  0
VERTEX
  5
7fc
  8
Layer_0
  10
186.6624
  20
213.34423
  0
VERTEX
  5
7fd
  8
Layer_0
  10
186.53647
  20
213.35528
  0
VERTEX
  5
7fe
  8
Layer_0
  10
186.38642
  20
213.36386
  0
VERTEX
  5
7ff
  8
Layer_0
  10
186.20966
  20
213.37027
  0
VERTEX
  5
800
  8
Layer_0
  10
186.00363
  20
213.37482
  0
VERTEX
  5
801
  8
Layer_0
  10
185.76573
  20
213.37782
  0
VERTEX
  5
802
  8
Layer_0
  10
185.4934
  20
213.37957
  0
VERTEX
  5
803
  8
Layer_0
  10
185.18406
  20
213.3804
  0
VERTEX
  5
804
  8
Layer_0
  10
184.83512
  20
213.38061
  0
VERTEX
  5
805
  8
Layer_0
  10
184.47946
  20
213.38082
  0
VERTEX
  5
806
  8
Layer_0
  10
184.16457
  20
213.38172
  0
VERTEX
  5
807
  8
Layer_0
  10
183.8875
  20
213.38366
  0
VERTEX
  5
808
  8
Layer_0
  10
183.64532
  20
213.38701
  0
VERTEX
  5
809
  8
Layer_0
  10
183.43508
  20
213.39215
  0
VERTEX
  5
80a
  8
Layer_0
  10
183.25382
  20
213.39944
  0
VERTEX
  5
80b
  8
Layer_0
  10
183.09861
  20
213.40925
  0
VERTEX
  5
80c
  8
Layer_0
  10
182.9665
  20
213.42195
  0
VERTEX
  5
80d
  8
Layer_0
  10
182.75979
  20
213.45748
  0
VERTEX
  5
80e
  8
Layer_0
  10
182.61014
  20
213.50897
  0
VERTEX
  5
80f
  8
Layer_0
  10
182.49397
  20
213.57938
  0
VERTEX
  5
810
  8
Layer_0
  10
182.38773
  20
213.67165
  0
VERTEX
  5
811
  8
Layer_0
  10
182.08345
  20
213.94946
  0
SEQEND
  0
POLYLINE
  5
813
  8
Layer_0
  62
7
  70
1
  66
1
  10
0
  20
0
  30
0
  0
VERTEX
  5
813
  8
Layer_0
  10
182.74491
  20
205.70769
  0
VERTEX
  5
814
  8
Layer_0
  10
182.87211
  20
205.70947
  0
VERTEX
  5
815
  8
Layer_0
  10
182.96877
  20
205.71947
  0
VERTEX
  5
816
  8
Layer_0
  10
183.03908
  20
205.74466
  0
VERTEX
  5
817
  8
Layer_0
  10
183.08721
  20
205.79203
  0
VERTEX
  5
818
  8
Layer_0
  10
183.11737
  20
205.86853
  0
VERTEX
  5
819
  8
Layer_0
  10
183.13372
  20
205.98116
  0
VERTEX
  5
81a
  8
Layer_0
  10
183.14047
  20
206.13689
  0
VERTEX
  5
81b
  8
Layer_0
  10
183.14178
  20
206.34269
  0
VERTEX
  5
81c
  8
Layer_0
  10
183.13419
  20
206.57733
  0
VERTEX
  5
81d
  8
Layer_0
  10
183.11078
  20
206.77615
  0
VERTEX
  5
81e
  8
Layer_0
  10
183.07063
  20
206.94056
  0
VERTEX
  5
81f
  8
Layer_0
  10
183.0128
  20
207.07195
  0
VERTEX
  5
820
  8
Layer_0
  10
182.93637
  20
207.17171
  0
VERTEX
  5
821
  8
Layer_0
  10
182.84041
  20
207.24124
  0
VERTEX
  5
822
  8
Layer_0
  10
182.72398
  20
207.28193
  0
VERTEX
  5
823
  8
Layer_0
  10
182.58616
  20
207.29519
  0
VERTEX
  5
824
  8
Layer_0
  10
182.46524
  20
207.26604
  0
VERTEX
  5
825
  8
Layer_0
  10
182.39268
  20
207.15132
  0
VERTEX
  5
826
  8
Layer_0
  10
182.37106
  20
207.04908
  0
VERTEX
  5
827
  8
Layer_0
  10
182.35734
  20
206.9101
  0
VERTEX
  5
828
  8
Layer_0
  10
182.35013
  20
206.72925
  0
VERTEX
  5
829
  8
Layer_0
  10
182.34804
  20
206.50144
  0
VERTEX
  5
82a
  8
Layer_0
  10
182.34804
  20
205.70769
  0
VERTEX
  5
82b
  8
Layer_0
  10
182.7449
  20
205.70769
  0
SEQEND
  0
POLYLINE
  5
82d
  8
Layer_0
  62
7
  70
1
  66
1
  10
0
  20
0
  30
0
  0
VERTEX
  5
82d
  8
Layer_0
  10
203.31627
  20
210.00717
  0
VERTEX
  5
82e
  8
Layer_0
  10
202.78711
  20
209.54414
  0
VERTEX
  5
82f
  8
Layer_0
  10
194.83636
  20
209.54414
  0
VERTEX
  5
830
  8
Layer_0
  10
186.88565
  20
209.54414
  0
VERTEX
  5
831
  8
Layer_0
  10
186.36971
  20
209.95425
  0
VERTEX
  5
832
  8
Layer_0
  10
186.16176
  20
210.11776
  0
VERTEX
  5
833
  8
Layer_0
  10
185.98606
  20
210.26018
  0
VERTEX
  5
834
  8
Layer_0
  10
185.85997
  20
210.36539
  0
VERTEX
  5
835
  8
Layer_0
  10
185.80085
  20
210.41727
  0
VERTEX
  5
836
  8
Layer_0
  10
185.84287
  20
210.42223
  0
VERTEX
  5
837
  8
Layer_0
  10
185.97577
  20
210.42714
  0
VERTEX
  5
838
  8
Layer_0
  10
186.19495
  20
210.43198
  0
VERTEX
  5
839
  8
Layer_0
  10
186.49579
  20
210.4367
  0
VERTEX
  5
83a
  8
Layer_0
  10
186.87368
  20
210.44127
  0
VERTEX
  5
83b
  8
Layer_0
  10
187.32401
  20
210.44564
  0
VERTEX
  5
83c
  8
Layer_0
  10
187.84217
  20
210.44978
  0
VERTEX
  5
83d
  8
Layer_0
  10
188.42353
  20
210.45365
  0
VERTEX
  5
83e
  8
Layer_0
  10
189.0635
  20
210.45721
  0
VERTEX
  5
83f
  8
Layer_0
  10
189.75746
  20
210.46042
  0
VERTEX
  5
840
  8
Layer_0
  10
190.50079
  20
210.46324
  0
VERTEX
  5
841
  8
Layer_0
  10
191.28889
  20
210.46564
  0
VERTEX
  5
842
  8
Layer_0
  10
192.11714
  20
210.46757
  0
VERTEX
  5
843
  8
Layer_0
  10
192.98093
  20
210.469
  0
VERTEX
  5
844
  8
Layer_0
  10
193.87565
  20
210.46988
  0
VERTEX
  5
845
  8
Layer_0
  10
194.79668
  20
210.47019
  0
VERTEX
  5
846
  8
Layer_0
  10
203.84543
  20
210.45695
  0
SEQEND
  0
POLYLINE
  5
848
  8
Layer_0
  62
7
  70
1
  66
1
  10
0
  20
0
  30
0
  0
VERTEX
  5
848
  8
Layer_0
  10
187.40158
  20
206.54112
  0
VERTEX
  5
849
  8
Layer_0
  10
187.44127
  20
206.96446
  0
VERTEX
  5
84a
  8
Layer_0
  10
188.93616
  20
207.00415
  0
VERTEX
  5
84b
  8
Layer_0
  10
189.29797
  20
207.01614
  0
VERTEX
  5
84c
  8
Layer_0
  10
189.60504
  20
207.03185
  0
VERTEX
  5
84d
  8
Layer_0
  10
189.85811
  20
207.05066
  0
VERTEX
  5
84e
  8
Layer_0
  10
190.05795
  20
207.07195
  0
VERTEX
  5
84f
  8
Layer_0
  10
190.20532
  20
207.0951
  0
VERTEX
  5
850
  8
Layer_0
  10
190.30096
  20
207.11949
  0
VERTEX
  5
851
  8
Layer_0
  10
190.34564
  20
207.1445
  0
VERTEX
  5
852
  8
Layer_0
  10
190.3401
  20
207.16951
  0
VERTEX
  5
853
  8
Layer_0
  10
190.28512
  20
207.1939
  0
VERTEX
  5
854
  8
Layer_0
  10
190.18143
  20
207.21705
  0
VERTEX
  5
855
  8
Layer_0
  10
190.0298
  20
207.23834
  0
VERTEX
  5
856
  8
Layer_0
  10
189.83099
  20
207.25715
  0
VERTEX
  5
857
  8
Layer_0
  10
189.58574
  20
207.27286
  0
VERTEX
  5
858
  8
Layer_0
  10
189.29482
  20
207.28485
  0
VERTEX
  5
859
  8
Layer_0
  10
188.95898
  20
207.2925
  0
VERTEX
  5
85a
  8
Layer_0
  10
188.57897
  20
207.29519
  0
VERTEX
  5
85b
  8
Layer_0
  10
188.18145
  20
207.29271
  0
VERTEX
  5
85c
  8
Layer_0
  10
187.83215
  20
207.28527
  0
VERTEX
  5
85d
  8
Layer_0
  10
187.5309
  20
207.27286
  0
VERTEX
  5
85e
  8
Layer_0
  10
187.27756
  20
207.2555
  0
VERTEX
  5
85f
  8
Layer_0
  10
187.07196
  20
207.23318
  0
VERTEX
  5
860
  8
Layer_0
  10
186.91396
  20
207.20589
  0
VERTEX
  5
861
  8
Layer_0
  10
186.8034
  20
207.17365
  0
VERTEX
  5
862
  8
Layer_0
  10
186.74012
  20
207.13644
  0
VERTEX
  5
863
  8
Layer_0
  10
186.67126
  20
207.02813
  0
VERTEX
  5
864
  8
Layer_0
  10
186.62333
  20
206.87268
  0
VERTEX
  5
865
  8
Layer_0
  10
186.59617
  20
206.68623
  0
VERTEX
  5
866
  8
Layer_0
  10
186.58963
  20
206.4849
  0
VERTEX
  5
867
  8
Layer_0
  10
186.60356
  20
206.28481
  0
VERTEX
  5
868
  8
Layer_0
  10
186.6378
  20
206.10208
  0
VERTEX
  5
869
  8
Layer_0
  10
186.69219
  20
205.95284
  0
VERTEX
  5
86a
  8
Layer_0
  10
186.76658
  20
205.85321
  0
VERTEX
  5
86b
  8
Layer_0
  10
186.85001
  20
205.81457
  0
VERTEX
  5
86c
  8
Layer_0
  10
186.99504
  20
205.78285
  0
VERTEX
  5
86d
  8
Layer_0
  10
187.19254
  20
205.75784
  0
VERTEX
  5
86e
  8
Layer_0
  10
187.43341
  20
205.73932
  0
VERTEX
  5
86f
  8
Layer_0
  10
188.00883
  20
205.72089
  0
VERTEX
  5
870
  8
Layer_0
  10
188.64843
  20
205.72588
  0
VERTEX
  5
871
  8
Layer_0
  10
189.27934
  20
205.75257
  0
VERTEX
  5
872
  8
Layer_0
  10
189.82872
  20
205.79926
  0
VERTEX
  5
873
  8
Layer_0
  10
190.05005
  20
205.82957
  0
VERTEX
  5
874
  8
Layer_0
  10
190.22368
  20
205.86424
  0
VERTEX
  5
875
  8
Layer_0
  10
190.34049
  20
205.90306
  0
VERTEX
  5
876
  8
Layer_0
  10
190.39137
  20
205.94581
  0
VERTEX
  5
877
  8
Layer_0
  10
190.38682
  20
205.98682
  0
VERTEX
  5
878
  8
Layer_0
  10
190.34011
  20
206.02085
  0
VERTEX
  5
879
  8
Layer_0
  10
190.24626
  20
206.04837
  0
VERTEX
  5
87a
  8
Layer_0
  10
190.10033
  20
206.06984
  0
VERTEX
  5
87b
  8
Layer_0
  10
189.89734
  20
206.08573
  0
VERTEX
  5
87c
  8
Layer_0
  10
189.63235
  20
206.0965
  0
VERTEX
  5
87d
  8
Layer_0
  10
189.30038
  20
206.10263
  0
VERTEX
  5
87e
  8
Layer_0
  10
188.89648
  20
206.10456
  0
VERTEX
  5
87f
  8
Layer_0
  10
187.36189
  20
206.10457
  0
SEQEND
  0
POLYLINE
  5
881
  8
Layer_0
  62
7
  70
1
  66
1
  10
0
  20
0
  30
0
  0
VERTEX
  5
881
  8
Layer_0
  10
189.9548
  20
213.11602
  0
VERTEX
  5
882
  8
Layer_0
  10
189.87915
  20
213.27022
  0
VERTEX
  5
883
  8
Layer_0
  10
189.8159
  20
213.40706
  0
VERTEX
  5
884
  8
Layer_0
  10
189.77249
  20
213.51414
  0
VERTEX
  5
885
  8
Layer_0
  10
189.75637
  20
213.57904
  0
VERTEX
  5
886
  8
Layer_0
  10
189.79838
  20
213.59328
  0
VERTEX
  5
887
  8
Layer_0
  10
189.91884
  20
213.60612
  0
VERTEX
  5
888
  8
Layer_0
  10
190.10937
  20
213.61741
  0
VERTEX
  5
889
  8
Layer_0
  10
190.3616
  20
213.627
  0
VERTEX
  5
88a
  8
Layer_0
  10
190.66717
  20
213.63472
  0
VERTEX
  5
88b
  8
Layer_0
  10
191.01769
  20
213.64043
  0
VERTEX
  5
88c
  8
Layer_0
  10
191.4048
  20
213.64397
  0
VERTEX
  5
88d
  8
Layer_0
  10
191.82012
  20
213.64519
  0
VERTEX
  5
88e
  8
Layer_0
  10
192.15939
  20
213.64499
  0
VERTEX
  5
88f
  8
Layer_0
  10
192.45936
  20
213.64421
  0
VERTEX
  5
890
  8
Layer_0
  10
192.72228
  20
213.64257
  0
VERTEX
  5
891
  8
Layer_0
  10
192.95039
  20
213.63981
  0
VERTEX
  5
892
  8
Layer_0
  10
193.14594
  20
213.63566
  0
VERTEX
  5
893
  8
Layer_0
  10
193.31119
  20
213.62984
  0
VERTEX
  5
894
  8
Layer_0
  10
193.44838
  20
213.62208
  0
VERTEX
  5
895
  8
Layer_0
  10
193.55976
  20
213.61212
  0
VERTEX
  5
896
  8
Layer_0
  10
193.71406
  20
213.58447
  0
VERTEX
  5
897
  8
Layer_0
  10
193.79209
  20
213.54473
  0
VERTEX
  5
898
  8
Layer_0
  10
193.81183
  20
213.49073
  0
VERTEX
  5
899
  8
Layer_0
  10
193.79127
  20
213.42029
  0
VERTEX
  5
89a
  8
Layer_0
  10
193.70556
  20
213.20025
  0
VERTEX
  5
89b
  8
Layer_0
  10
193.64884
  20
213.03169
  0
VERTEX
  5
89c
  8
Layer_0
  10
193.62406
  20
212.90777
  0
VERTEX
  5
89d
  8
Layer_0
  10
193.63417
  20
212.82167
  0
VERTEX
  5
89e
  8
Layer_0
  10
193.6821
  20
212.76659
  0
VERTEX
  5
89f
  8
Layer_0
  10
193.7708
  20
212.73568
  0
VERTEX
  5
8a0
  8
Layer_0
  10
193.90322
  20
212.72214
  0
VERTEX
  5
8a1
  8
Layer_0
  10
194.08231
  20
212.71915
  0
VERTEX
  5
8a2
  8
Layer_0
  10
194.36218
  20
212.74002
  0
VERTEX
  5
8a3
  8
Layer_0
  10
194.59494
  20
212.81671
  0
VERTEX
  5
8a4
  8
Layer_0
  10
194.70682
  20
212.88257
  0
VERTEX
  5
8a5
  8
Layer_0
  10
194.82273
  20
212.97029
  0
VERTEX
  5
8a6
  8
Layer_0
  10
194.94794
  20
213.08251
  0
VERTEX
  5
8a7
  8
Layer_0
  10
195.08772
  20
213.22186
  0
VERTEX
  5
8a8
  8
Layer_0
  10
195.27583
  20
213.436
  0
VERTEX
  5
8a9
  8
Layer_0
  10
195.43168
  20
213.64519
  0
VERTEX
  5
8aa
  8
Layer_0
  10
195.53793
  20
213.82461
  0
VERTEX
  5
8ab
  8
Layer_0
  10
195.5772
  20
213.94946
  0
VERTEX
  5
8ac
  8
Layer_0
  10
195.56216
  20
214.07506
  0
VERTEX
  5
8ad
  8
Layer_0
  10
195.51891
  20
214.22996
  0
VERTEX
  5
8ae
  8
Layer_0
  10
195.45023
  20
214.40873
  0
VERTEX
  5
8af
  8
Layer_0
  10
195.35892
  20
214.60596
  0
VERTEX
  5
8b0
  8
Layer_0
  10
195.11956
  20
215.03404
  0
VERTEX
  5
8b1
  8
Layer_0
  10
194.82314
  20
215.47081
  0
VERTEX
  5
8b2
  8
Layer_0
  10
194.50565
  20
215.89415
  0
VERTEX
  5
8b3
  8
Layer_0
  10
191.80688
  20
215.89415
  0
VERTEX
  5
8b4
  8
Layer_0
  10
189.10814
  20
215.89415
  0
VERTEX
  5
8b5
  8
Layer_0
  10
188.79065
  20
215.47081
  0
VERTEX
  5
8b6
  8
Layer_0
  10
188.48864
  20
215.02846
  0
VERTEX
  5
8b7
  8
Layer_0
  10
188.2499
  20
214.601
  0
VERTEX
  5
8b8
  8
Layer_0
  10
188.16006
  20
214.40525
  0
VERTEX
  5
8b9
  8
Layer_0
  10
188.09301
  20
214.2281
  0
VERTEX
  5
8ba
  8
Layer_0
  10
188.05107
  20
214.07452
  0
VERTEX
  5
8bb
  8
Layer_0
  10
188.03657
  20
213.94946
  0
VERTEX
  5
8bc
  8
Layer_0
  10
188.07606
  20
213.80952
  0
VERTEX
  5
8bd
  8
Layer_0
  10
188.18375
  20
213.62369
  0
VERTEX
  5
8be
  8
Layer_0
  10
188.34353
  20
213.41554
  0
VERTEX
  5
8bf
  8
Layer_0
  10
188.53928
  20
213.20863
  0
VERTEX
  5
8c0
  8
Layer_0
  10
188.68731
  20
213.06985
  0
VERTEX
  5
8c1
  8
Layer_0
  10
188.81813
  20
212.95913
  0
VERTEX
  5
8c2
  8
Layer_0
  10
188.9381
  20
212.87353
  0
VERTEX
  5
8c3
  8
Layer_0
  10
189.05357
  20
212.8101
  0
VERTEX
  5
8c4
  8
Layer_0
  10
189.29645
  20
212.73796
  0
VERTEX
  5
8c5
  8
Layer_0
  10
189.59762
  20
212.71915
  0
VERTEX
  5
8c6
  8
Layer_0
  10
190.16647
  20
212.71915
  0
VERTEX
  5
8c7
  8
Layer_0
  10
189.9548
  20
213.11603
  0
SEQEND
  0
POLYLINE
  5
8c9
  8
Layer_0
  62
7
  70
1
  66
1
  10
0
  20
0
  30
0
  0
VERTEX
  5
8c9
  8
Layer_0
  10
191.80688
  20
215.2327
  0
VERTEX
  5
8ca
  8
Layer_0
  10
193.72513
  20
215.2327
  0
VERTEX
  5
8cb
  8
Layer_0
  10
193.85742
  20
214.88873
  0
VERTEX
  5
8cc
  8
Layer_0
  10
193.94565
  20
214.64913
  0
VERTEX
  5
8cd
  8
Layer_0
  10
193.98536
  20
214.47015
  0
VERTEX
  5
8ce
  8
Layer_0
  10
193.97922
  20
214.40063
  0
VERTEX
  5
8cf
  8
Layer_0
  10
193.95159
  20
214.34295
  0
VERTEX
  5
8d0
  8
Layer_0
  10
193.89935
  20
214.296
  0
VERTEX
  5
8d1
  8
Layer_0
  10
193.81938
  20
214.25869
  0
VERTEX
  5
8d2
  8
Layer_0
  10
193.70855
  20
214.2299
  0
VERTEX
  5
8d3
  8
Layer_0
  10
193.56376
  20
214.20854
  0
VERTEX
  5
8d4
  8
Layer_0
  10
193.38188
  20
214.19349
  0
VERTEX
  5
8d5
  8
Layer_0
  10
193.15978
  20
214.18366
  0
VERTEX
  5
8d6
  8
Layer_0
  10
192.89435
  20
214.17793
  0
VERTEX
  5
8d7
  8
Layer_0
  10
192.58248
  20
214.17521
  0
VERTEX
  5
8d8
  8
Layer_0
  10
192.22103
  20
214.17438
  0
VERTEX
  5
8d9
  8
Layer_0
  10
191.80689
  20
214.17436
  0
VERTEX
  5
8da
  8
Layer_0
  10
191.39275
  20
214.17438
  0
VERTEX
  5
8db
  8
Layer_0
  10
191.03131
  20
214.17521
  0
VERTEX
  5
8dc
  8
Layer_0
  10
190.71943
  20
214.17793
  0
VERTEX
  5
8dd
  8
Layer_0
  10
190.454
  20
214.18366
  0
VERTEX
  5
8de
  8
Layer_0
  10
190.23191
  20
214.19349
  0
VERTEX
  5
8df
  8
Layer_0
  10
190.05002
  20
214.20854
  0
VERTEX
  5
8e0
  8
Layer_0
  10
189.90523
  20
214.2299
  0
VERTEX
  5
8e1
  8
Layer_0
  10
189.7944
  20
214.25869
  0
VERTEX
  5
8e2
  8
Layer_0
  10
189.71443
  20
214.29601
  0
VERTEX
  5
8e3
  8
Layer_0
  10
189.66219
  20
214.34295
  0
VERTEX
  5
8e4
  8
Layer_0
  10
189.63456
  20
214.40063
  0
VERTEX
  5
8e5
  8
Layer_0
  10
189.62842
  20
214.47015
  0
VERTEX
  5
8e6
  8
Layer_0
  10
189.66813
  20
214.64913
  0
VERTEX
  5
8e7
  8
Layer_0
  10
189.75637
  20
214.88873
  0
VERTEX
  5
8e8
  8
Layer_0
  10
189.88867
  20
215.2327
  0
SEQEND
  0
POLYLINE
  5
8ea
  8
Layer_0
  62
7
  70
1
  66
1
  10
0
  20
0
  30
0
  0
VERTEX
  5
8ea
  8
Layer_0
  10
194.77022
  20
206.73956
  0
VERTEX
  5
8eb
  8
Layer_0
  10
194.41061
  20
206.74272
  0
VERTEX
  5
8ec
  8
Layer_0
  10
194.07114
  20
206.74246
  0
VERTEX
  5
8ed
  8
Layer_0
  10
193.75959
  20
206.7391
  0
VERTEX
  5
8ee
  8
Layer_0
  10
193.48369
  20
206.73295
  0
VERTEX
  5
8ef
  8
Layer_0
  10
193.25119
  20
206.72432
  0
VERTEX
  5
8f0
  8
Layer_0
  10
193.06986
  20
206.71352
  0
VERTEX
  5
8f1
  8
Layer_0
  10
192.94744
  20
206.70086
  0
VERTEX
  5
8f2
  8
Layer_0
  10
192.89168
  20
206.68665
  0
VERTEX
  5
8f3
  8
Layer_0
  10
192.85489
  20
206.61492
  0
VERTEX
  5
8f4
  8
Layer_0
  10
192.82554
  20
206.48986
  0
VERTEX
  5
8f5
  8
Layer_0
  10
192.80611
  20
206.3276
  0
VERTEX
  5
8f6
  8
Layer_0
  10
192.79908
  20
206.14425
  0
VERTEX
  5
8f7
  8
Layer_0
  10
192.80148
  20
206.01155
  0
VERTEX
  5
8f8
  8
Layer_0
  10
192.81086
  20
205.90861
  0
VERTEX
  5
8f9
  8
Layer_0
  10
192.83047
  20
205.83171
  0
VERTEX
  5
8fa
  8
Layer_0
  10
192.86357
  20
205.77714
  0
VERTEX
  5
8fb
  8
Layer_0
  10
192.91341
  20
205.74117
  0
VERTEX
  5
8fc
  8
Layer_0
  10
192.98325
  20
205.72009
  0
VERTEX
  5
8fd
  8
Layer_0
  10
193.07635
  20
205.71017
  0
VERTEX
  5
8fe
  8
Layer_0
  10
193.19595
  20
205.70769
  0
VERTEX
  5
8ff
  8
Layer_0
  10
193.39749
  20
205.7203
  0
VERTEX
  5
900
  8
Layer_0
  10
193.51841
  20
205.76887
  0
VERTEX
  5
901
  8
Layer_0
  10
193.57732
  20
205.86954
  0
VERTEX
  5
902
  8
Layer_0
  10
193.59283
  20
206.03842
  0
VERTEX
  5
903
  8
Layer_0
  10
193.59556
  20
206.14758
  0
VERTEX
  5
904
  8
Layer_0
  10
193.61226
  20
206.22962
  0
VERTEX
  5
905
  8
Layer_0
  10
193.65561
  20
206.2884
  0
VERTEX
  5
906
  8
Layer_0
  10
193.73835
  20
206.32781
  0
VERTEX
  5
907
  8
Layer_0
  10
193.87317
  20
206.35171
  0
VERTEX
  5
908
  8
Layer_0
  10
194.0728
  20
206.36398
  0
VERTEX
  5
909
  8
Layer_0
  10
194.34994
  20
206.3685
  0
VERTEX
  5
90a
  8
Layer_0
  10
194.71731
  20
206.36915
  0
VERTEX
  5
90b
  8
Layer_0
  10
195.08468
  20
206.3685
  0
VERTEX
  5
90c
  8
Layer_0
  10
195.36182
  20
206.36398
  0
VERTEX
  5
90d
  8
Layer_0
  10
195.56144
  20
206.35171
  0
VERTEX
  5
90e
  8
Layer_0
  10
195.69627
  20
206.32781
  0
VERTEX
  5
90f
  8
Layer_0
  10
195.779
  20
206.2884
  0
VERTEX
  5
910
  8
Layer_0
  10
195.82236
  20
206.22962
  0
VERTEX
  5
911
  8
Layer_0
  10
195.83905
  20
206.14758
  0
VERTEX
  5
912
  8
Layer_0
  10
195.84179
  20
206.03842
  0
VERTEX
  5
913
  8
Layer_0
  10
195.8575
  20
205.86954
  0
VERTEX
  5
914
  8
Layer_0
  10
195.91785
  20
205.76887
  0
VERTEX
  5
915
  8
Layer_0
  10
196.0427
  20
205.7203
  0
VERTEX
  5
916
  8
Layer_0
  10
196.25189
  20
205.70769
  0
VERTEX
  5
917
  8
Layer_0
  10
196.37901
  20
205.70976
  0
VERTEX
  5
918
  8
Layer_0
  10
196.47513
  20
205.71926
  0
VERTEX
  5
919
  8
Layer_0
  10
196.54396
  20
205.74117
  0
VERTEX
  5
91a
  8
Layer_0
  10
196.58923
  20
205.78045
  0
VERTEX
  5
91b
  8
Layer_0
  10
196.61466
  20
205.84205
  0
VERTEX
  5
91c
  8
Layer_0
  10
196.62396
  20
205.93093
  0
VERTEX
  5
91d
  8
Layer_0
  10
196.62086
  20
206.05206
  0
VERTEX
  5
91e
  8
Layer_0
  10
196.60908
  20
206.2104
  0
VERTEX
  5
91f
  8
Layer_0
  10
196.5694
  20
206.69987
  0
VERTEX
  5
920
  8
Layer_0
  10
194.77023
  20
206.73956
  0
SEQEND
  0
POLYLINE
  5
922
  8
Layer_0
  62
7
  70
1
  66
1
  10
0
  20
0
  30
0
  0
VERTEX
  5
922
  8
Layer_0
  10
194.79668
  20
207.29519
  0
VERTEX
  5
923
  8
Layer_0
  10
195.17007
  20
207.29276
  0
VERTEX
  5
924
  8
Layer_0
  10
195.50424
  20
207.28568
  0
VERTEX
  5
925
  8
Layer_0
  10
195.79592
  20
207.27426
  0
VERTEX
  5
926
  8
Layer_0
  10
196.04188
  20
207.25881
  0
VERTEX
  5
927
  8
Layer_0
  10
196.23884
  20
207.23964
  0
VERTEX
  5
928
  8
Layer_0
  10
196.38356
  20
207.21705
  0
VERTEX
  5
929
  8
Layer_0
  10
196.47278
  20
207.19137
  0
VERTEX
  5
92a
  8
Layer_0
  10
196.50324
  20
207.1629
  0
VERTEX
  5
92b
  8
Layer_0
  10
196.47151
  20
207.13442
  0
VERTEX
  5
92c
  8
Layer_0
  10
196.37839
  20
207.10874
  0
VERTEX
  5
92d
  8
Layer_0
  10
196.22698
  20
207.08616
  0
VERTEX
  5
92e
  8
Layer_0
  10
196.02038
  20
207.06699
  0
VERTEX
  5
92f
  8
Layer_0
  10
195.76169
  20
207.05153
  0
VERTEX
  5
930
  8
Layer_0
  10
195.45401
  20
207.04011
  0
VERTEX
  5
931
  8
Layer_0
  10
195.10044
  20
207.03303
  0
VERTEX
  5
932
  8
Layer_0
  10
194.70408
  20
207.03061
  0
VERTEX
  5
933
  8
Layer_0
  10
194.29813
  20
207.03303
  0
VERTEX
  5
934
  8
Layer_0
  10
193.94443
  20
207.04011
  0
VERTEX
  5
935
  8
Layer_0
  10
193.64437
  20
207.05153
  0
VERTEX
  5
936
  8
Layer_0
  10
193.39935
  20
207.06699
  0
VERTEX
  5
937
  8
Layer_0
  10
193.21075
  20
207.08616
  0
VERTEX
  5
938
  8
Layer_0
  10
193.07999
  20
207.10874
  0
VERTEX
  5
939
  8
Layer_0
  10
193.00844
  20
207.13442
  0
VERTEX
  5
93a
  8
Layer_0
  10
192.99751
  20
207.1629
  0
VERTEX
  5
93b
  8
Layer_0
  10
193.04878
  20
207.19137
  0
VERTEX
  5
93c
  8
Layer_0
  10
193.15957
  20
207.21705
  0
VERTEX
  5
93d
  8
Layer_0
  10
193.32494
  20
207.23964
  0
VERTEX
  5
93e
  8
Layer_0
  10
193.53991
  20
207.25881
  0
VERTEX
  5
93f
  8
Layer_0
  10
193.79953
  20
207.27426
  0
VERTEX
  5
940
  8
Layer_0
  10
194.09884
  20
207.28568
  0
VERTEX
  5
941
  8
Layer_0
  10
194.43288
  20
207.29276
  0
SEQEND
  0
POLYLINE
  5
943
  8
Layer_0
  62
7
  70
1
  66
1
  10
0
  20
0
  30
0
  0
VERTEX
  5
943
  8
Layer_0
  10
196.05345
  20
215.24592
  0
VERTEX
  5
944
  8
Layer_0
  10
196.22977
  20
215.42368
  0
VERTEX
  5
945
  8
Layer_0
  10
196.37261
  20
215.58657
  0
VERTEX
  5
946
  8
Layer_0
  10
196.46831
  20
215.71473
  0
VERTEX
  5
947
  8
Layer_0
  10
196.50324
  20
215.78831
  0
VERTEX
  5
948
  8
Layer_0
  10
196.44792
  20
215.83552
  0
VERTEX
  5
949
  8
Layer_0
  10
196.30129
  20
215.86831
  0
VERTEX
  5
94a
  8
Layer_0
  10
196.09234
  20
215.88714
  0
VERTEX
  5
94b
  8
Layer_0
  10
195.85005
  20
215.89249
  0
VERTEX
  5
94c
  8
Layer_0
  10
195.60343
  20
215.88482
  0
VERTEX
  5
94d
  8
Layer_0
  10
195.38145
  20
215.86459
  0
VERTEX
  5
94e
  8
Layer_0
  10
195.21312
  20
215.83226
  0
VERTEX
  5
94f
  8
Layer_0
  10
195.12741
  20
215.78831
  0
VERTEX
  5
950
  8
Layer_0
  10
195.12121
  20
215.70894
  0
VERTEX
  5
951
  8
Layer_0
  10
195.15718
  20
215.57995
  0
VERTEX
  5
952
  8
Layer_0
  10
195.22787
  20
215.41624
  0
VERTEX
  5
953
  8
Layer_0
  10
195.32585
  20
215.23269
  0
VERTEX
  5
954
  8
Layer_0
  10
195.59042
  20
214.79613
  0
VERTEX
  5
955
  8
Layer_0
  10
196.05345
  20
215.24591
  0
SEQEND
  0
POLYLINE
  5
957
  8
Layer_0
  62
7
  70
1
  66
1
  10
0
  20
0
  30
0
  0
VERTEX
  5
957
  8
Layer_0
  10
197.19116
  20
213.08957
  42
0.24221118
  0
VERTEX
  5
958
  8
Layer_0
  10
197.90553
  20
212.71915
  0
VERTEX
  5
959
  8
Layer_0
  10
198.07477
  20
212.71987
  0
VERTEX
  5
95a
  8
Layer_0
  10
198.19781
  20
212.7299
  0
VERTEX
  5
95b
  8
Layer_0
  10
198.27807
  20
212.761
  0
VERTEX
  5
95c
  8
Layer_0
  10
198.31894
  20
212.82498
  0
VERTEX
  5
95d
  8
Layer_0
  10
198.32385
  20
212.9336
  0
VERTEX
  5
95e
  8
Layer_0
  10
198.29621
  20
213.09866
  0
VERTEX
  5
95f
  8
Layer_0
  10
198.23942
  20
213.33193
  0
VERTEX
  5
960
  8
Layer_0
  10
198.15689
  20
213.64519
  0
VERTEX
  5
961
  8
Layer_0
  10
198.0824
  20
213.93042
  0
VERTEX
  5
962
  8
Layer_0
  10
198.02728
  20
214.16588
  0
VERTEX
  5
963
  8
Layer_0
  10
197.99108
  20
214.35887
  0
VERTEX
  5
964
  8
Layer_0
  10
197.97333
  20
214.51666
  0
VERTEX
  5
965
  8
Layer_0
  10
197.99132
  20
214.75582
  0
VERTEX
  5
966
  8
Layer_0
  10
198.07751
  20
214.94165
  0
VERTEX
  5
967
  8
Layer_0
  10
198.12764
  20
214.9733
  0
VERTEX
  5
968
  8
Layer_0
  10
198.22304
  20
214.96666
  0
VERTEX
  5
969
  8
Layer_0
  10
198.37052
  20
214.91816
  0
VERTEX
  5
96a
  8
Layer_0
  10
198.57692
  20
214.82424
  0
VERTEX
  5
96b
  8
Layer_0
  10
198.84904
  20
214.68133
  0
VERTEX
  5
96c
  8
Layer_0
  10
199.19373
  20
214.48586
  0
VERTEX
  5
96d
  8
Layer_0
  10
199.39541
  20
214.36731
  0
VERTEX
  5
96e
  8
Layer_0
  10
199.61778
  20
214.23427
  0
VERTEX
  5
96f
  8
Layer_0
  10
199.86171
  20
214.08632
  0
VERTEX
  5
970
  8
Layer_0
  10
200.12804
  20
213.923
  0
VERTEX
  5
971
  8
Layer_0
  10
200.54828
  20
213.66415
  0
VERTEX
  5
972
  8
Layer_0
  10
200.92331
  20
213.43781
  0
VERTEX
  5
973
  8
Layer_0
  10
201.2566
  20
213.24333
  0
VERTEX
  5
974
  8
Layer_0
  10
201.55162
  20
213.08005
  0
VERTEX
  5
975
  8
Layer_0
  10
201.81183
  20
212.94732
  0
VERTEX
  5
976
  8
Layer_0
  10
202.04071
  20
212.84446
  0
VERTEX
  5
977
  8
Layer_0
  10
202.24172
  20
212.77083
  0
VERTEX
  5
978
  8
Layer_0
  10
202.41834
  20
212.72576
  0
VERTEX
  5
979
  8
Layer_0
  10
202.57402
  20
212.7086
  0
VERTEX
  5
97a
  8
Layer_0
  10
202.71224
  20
212.71868
  0
VERTEX
  5
97b
  8
Layer_0
  10
202.83648
  20
212.75535
  0
VERTEX
  5
97c
  8
Layer_0
  10
202.95019
  20
212.81795
  0
VERTEX
  5
97d
  8
Layer_0
  10
203.15992
  20
213.0183
  0
VERTEX
  5
97e
  8
Layer_0
  10
203.36918
  20
213.31446
  0
VERTEX
  5
97f
  8
Layer_0
  10
203.50193
  20
213.5254
  0
VERTEX
  5
980
  8
Layer_0
  10
203.61756
  20
213.71335
  0
VERTEX
  5
981
  8
Layer_0
  10
203.71634
  20
213.88076
  0
VERTEX
  5
982
  8
Layer_0
  10
203.79851
  20
214.03007
  0
VERTEX
  5
983
  8
Layer_0
  10
203.91403
  20
214.28417
  0
VERTEX
  5
984
  8
Layer_0
  10
203.96615
  20
214.49516
  0
VERTEX
  5
985
  8
Layer_0
  10
203.95687
  20
214.68259
  0
VERTEX
  5
986
  8
Layer_0
  10
203.88822
  20
214.86599
  0
VERTEX
  5
987
  8
Layer_0
  10
203.76221
  20
215.06489
  0
VERTEX
  5
988
  8
Layer_0
  10
203.58085
  20
215.29883
  0
VERTEX
  5
989
  8
Layer_0
  10
203.42737
  20
215.48014
  0
VERTEX
  5
98a
  8
Layer_0
  10
203.29807
  20
215.62067
  0
VERTEX
  5
98b
  8
Layer_0
  10
203.18366
  20
215.72555
  0
VERTEX
  5
98c
  8
Layer_0
  10
203.07483
  20
215.79989
  0
VERTEX
  5
98d
  8
Layer_0
  10
202.96228
  20
215.8488
  0
VERTEX
  5
98e
  8
Layer_0
  10
202.83671
  20
215.8774
  0
VERTEX
  5
98f
  8
Layer_0
  10
202.68881
  20
215.89081
  0
VERTEX
  5
990
  8
Layer_0
  10
202.50928
  20
215.89415
  0
VERTEX
  5
991
  8
Layer_0
  10
202.28439
  20
215.88939
  0
VERTEX
  5
992
  8
Layer_0
  10
202.09918
  20
215.87596
  0
VERTEX
  5
993
  8
Layer_0
  10
201.9735
  20
215.85508
  0
VERTEX
  5
994
  8
Layer_0
  10
201.9272
  20
215.828
  0
VERTEX
  5
995
  8
Layer_0
  10
201.94828
  20
215.7571
  0
VERTEX
  5
996
  8
Layer_0
  10
202.00658
  20
215.61799
  0
VERTEX
  5
997
  8
Layer_0
  10
202.09463
  20
215.43175
  0
VERTEX
  5
998
  8
Layer_0
  10
202.20502
  20
215.21946
  0
VERTEX
  5
999
  8
Layer_0
  10
202.32697
  20
214.93503
  0
VERTEX
  5
99a
  8
Layer_0
  10
202.39684
  20
214.68037
  0
VERTEX
  5
99b
  8
Layer_0
  10
202.41709
  20
214.43067
  0
VERTEX
  5
99c
  8
Layer_0
  10
202.39022
  20
214.16113
  0
VERTEX
  5
99d
  8
Layer_0
  10
202.34661
  20
213.95876
  0
VERTEX
  5
99e
  8
Layer_0
  10
202.29927
  20
213.78244
  0
VERTEX
  5
99f
  8
Layer_0
  10
202.25442
  20
213.65325
  0
VERTEX
  5
9a0
  8
Layer_0
  10
202.21825
  20
213.59227
  0
VERTEX
  5
9a1
  8
Layer_0
  10
202.16065
  20
213.6064
  0
VERTEX
  5
9a2
  8
Layer_0
  10
202.03283
  20
213.66565
  0
VERTEX
  5
9a3
  8
Layer_0
  10
201.84269
  20
213.76552
  0
VERTEX
  5
9a4
  8
Layer_0
  10
201.59813
  20
213.9015
  0
VERTEX
  5
9a5
  8
Layer_0
  10
201.30706
  20
214.06912
  0
VERTEX
  5
9a6
  8
Layer_0
  10
200.97739
  20
214.26386
  0
VERTEX
  5
9a7
  8
Layer_0
  10
200.61703
  20
214.48124
  0
VERTEX
  5
9a8
  8
Layer_0
  10
200.23387
  20
214.71675
  0
VERTEX
  5
9a9
  8
Layer_0
  10
199.8277
  20
214.96863
  0
VERTEX
  5
9aa
  8
Layer_0
  10
199.46498
  20
215.18894
  0
VERTEX
  5
9ab
  8
Layer_0
  10
199.14202
  20
215.37837
  0
VERTEX
  5
9ac
  8
Layer_0
  10
198.85514
  20
215.53758
  0
VERTEX
  5
9ad
  8
Layer_0
  10
198.60067
  20
215.66726
  0
VERTEX
  5
9ae
  8
Layer_0
  10
198.37491
  20
215.76808
  0
VERTEX
  5
9af
  8
Layer_0
  10
198.17419
  20
215.84073
  0
VERTEX
  5
9b0
  8
Layer_0
  10
197.99483
  20
215.88588
  0
VERTEX
  5
9b1
  8
Layer_0
  10
197.83314
  20
215.90421
  0
VERTEX
  5
9b2
  8
Layer_0
  10
197.68545
  20
215.89639
  0
VERTEX
  5
9b3
  8
Layer_0
  10
197.54806
  20
215.86312
  0
VERTEX
  5
9b4
  8
Layer_0
  10
197.4173
  20
215.80506
  0
VERTEX
  5
9b5
  8
Layer_0
  10
197.16093
  20
215.61729
  0
VERTEX
  5
9b6
  8
Layer_0
  10
196.88689
  20
215.33852
  0
VERTEX
  5
9b7
  8
Layer_0
  10
196.68349
  20
215.1066
  0
VERTEX
  5
9b8
  8
Layer_0
  10
196.51978
  20
214.90196
  0
VERTEX
  5
9b9
  8
Layer_0
  10
196.41064
  20
214.74693
  0
VERTEX
  5
9ba
  8
Layer_0
  10
196.37096
  20
214.66383
  0
VERTEX
  5
9bb
  8
Layer_0
  10
196.39372
  20
214.57177
  0
VERTEX
  5
9bc
  8
Layer_0
  10
196.45633
  20
214.41599
  0
VERTEX
  5
9bd
  8
Layer_0
  10
196.55025
  20
214.2134
  0
VERTEX
  5
9be
  8
Layer_0
  10
196.66696
  20
213.98088
  0
VERTEX
  5
9bf
  8
Layer_0
  10
196.93464
  20
213.49367
  0
VERTEX
  5
9c0
  8
Layer_0
  10
197.19116
  20
213.08956
  0
SEQEND
  0
POLYLINE
  5
9c2
  8
Layer_0
  62
7
  70
1
  66
1
  10
0
  20
0
  30
0
  0
VERTEX
  5
9c2
  8
Layer_0
  10
187.13098
  20
196.61113
  42
0.094748383
  0
VERTEX
  5
9c3
  8
Layer_0
  10
187.45139
  20
197.08711
  42
0.098397632
  0
VERTEX
  5
9c4
  8
Layer_0
  10
187.49954
  20
197.45383
  0
VERTEX
  5
9c5
  8
Layer_0
  10
187.49073
  20
197.677
  0
VERTEX
  5
9c6
  8
Layer_0
  10
187.45694
  20
197.80572
  42
0.098387132
  0
VERTEX
  5
9c7
  8
Layer_0
  10
187.14023
  20
198.30948
  0
VERTEX
  5
9c8
  8
Layer_0
  10
187.04161
  20
198.39723
  0
VERTEX
  5
9c9
  8
Layer_0
  10
186.96799
  20
198.41691
  0
VERTEX
  5
9ca
  8
Layer_0
  10
186.90921
  20
198.40406
  0
VERTEX
  5
9cb
  8
Layer_0
  10
186.86728
  20
198.3669
  0
VERTEX
  5
9cc
  8
Layer_0
  10
186.84375
  20
198.30752
  0
VERTEX
  5
9cd
  8
Layer_0
  10
186.84019
  20
198.228
  0
VERTEX
  5
9ce
  8
Layer_0
  10
186.86196
  20
198.18169
  0
VERTEX
  5
9cf
  8
Layer_0
  10
186.91427
  20
198.11317
  42
-0.097128044
  0
VERTEX
  5
9d0
  8
Layer_0
  10
187.13838
  20
197.71312
  42
-0.19557783
  0
VERTEX
  5
9d1
  8
Layer_0
  10
187.1106
  20
197.14822
  0
VERTEX
  5
9d2
  8
Layer_0
  10
187.04458
  20
197.04084
  0
VERTEX
  5
9d3
  8
Layer_0
  10
186.95201
  20
196.93501
  0
VERTEX
  5
9d4
  8
Layer_0
  10
186.83686
  20
196.83439
  0
VERTEX
  5
9d5
  8
Layer_0
  10
186.70314
  20
196.74263
  42
0.068419282
  0
VERTEX
  5
9d6
  8
Layer_0
  10
186.12529
  20
196.28146
  42
0.026598721
  0
VERTEX
  5
9d7
  8
Layer_0
  10
185.68634
  20
195.72583
  0
VERTEX
  5
9d8
  8
Layer_0
  10
185.59768
  20
195.61864
  0
VERTEX
  5
9d9
  8
Layer_0
  10
185.53262
  20
195.56285
  0
VERTEX
  5
9da
  8
Layer_0
  10
185.46155
  20
195.56169
  0
VERTEX
  5
9db
  8
Layer_0
  10
185.31963
  20
195.60359
  0
VERTEX
  5
9dc
  8
Layer_0
  10
185.17479
  20
195.65467
  0
VERTEX
  5
9dd
  8
Layer_0
  10
185.06798
  20
195.69689
  0
VERTEX
  5
9de
  8
Layer_0
  10
184.99902
  20
195.73043
  0
VERTEX
  5
9df
  8
Layer_0
  10
184.96773
  20
195.75546
  0
VERTEX
  5
9e0
  8
Layer_0
  10
184.95718
  20
195.80162
  0
VERTEX
  5
9e1
  8
Layer_0
  10
184.95865
  20
195.88615
  0
VERTEX
  5
9e2
  8
Layer_0
  10
184.97184
  20
196.00732
  0
VERTEX
  5
9e3
  8
Layer_0
  10
184.99644
  20
196.16339
  0
VERTEX
  5
9e4
  8
Layer_0
  10
185.03216
  20
196.35262
  0
VERTEX
  5
9e5
  8
Layer_0
  10
185.07869
  20
196.57328
  0
VERTEX
  5
9e6
  8
Layer_0
  10
185.13572
  20
196.82363
  0
VERTEX
  5
9e7
  8
Layer_0
  10
185.20295
  20
197.10193
  42
0.0060240851
  0
VERTEX
  5
9e8
  8
Layer_0
  10
185.37149
  20
197.85202
  42
0.049569226
  0
VERTEX
  5
9e9
  8
Layer_0
  10
185.46039
  20
198.63916
  42
0.035487863
  0
VERTEX
  5
9ea
  8
Layer_0
  10
185.44559
  20
199.09477
  42
-0.15852731
  0
VERTEX
  5
9eb
  8
Layer_0
  10
185.4678
  20
199.26331
  42
-0.15938389
  0
VERTEX
  5
9ec
  8
Layer_0
  10
185.68449
  20
199.49112
  0
VERTEX
  5
9ed
  8
Layer_0
  10
185.77866
  20
199.51974
  0
VERTEX
  5
9ee
  8
Layer_0
  10
185.84886
  20
199.502
  0
VERTEX
  5
9ef
  8
Layer_0
  10
185.89754
  20
199.43668
  0
VERTEX
  5
9f0
  8
Layer_0
  10
185.92711
  20
199.32258
  0
VERTEX
  5
9f1
  8
Layer_0
  10
185.96555
  20
199.20126
  0
VERTEX
  5
9f2
  8
Layer_0
  10
186.02898
  20
199.15774
  0
VERTEX
  5
9f3
  8
Layer_0
  10
186.12532
  20
199.18387
  0
VERTEX
  5
9f4
  8
Layer_0
  10
186.23294
  20
199.25289
  0
VERTEX
  5
9f5
  8
Layer_0
  10
186.33397
  20
199.35073
  0
VERTEX
  5
9f6
  8
Layer_0
  10
186.41051
  20
199.46333
  42
0.12199687
  0
VERTEX
  5
9f7
  8
Layer_0
  10
186.45866
  20
199.66336
  0
VERTEX
  5
9f8
  8
Layer_0
  10
186.46086
  20
199.72821
  0
VERTEX
  5
9f9
  8
Layer_0
  10
186.4707
  20
199.7599
  0
VERTEX
  5
9fa
  8
Layer_0
  10
186.49304
  20
199.76415
  0
VERTEX
  5
9fb
  8
Layer_0
  10
186.53274
  20
199.7467
  42
-0.063131734
  0
VERTEX
  5
9fc
  8
Layer_0
  10
186.65128
  20
199.65781
  42
0.12928745
  0
VERTEX
  5
9fd
  8
Layer_0
  10
186.87354
  20
199.55965
  0
VERTEX
  5
9fe
  8
Layer_0
  10
187.08776
  20
199.48961
  0
VERTEX
  5
9ff
  8
Layer_0
  10
187.33308
  20
199.37027
  0
VERTEX
  5
a00
  8
Layer_0
  10
187.5968
  20
199.20856
  0
VERTEX
  5
a01
  8
Layer_0
  10
187.86625
  20
199.01143
  42
-0.077539686
  0
VERTEX
  5
a02
  8
Layer_0
  10
188.78119
  20
197.99094
  42
-0.051299372
  0
VERTEX
  5
a03
  8
Layer_0
  10
189.23865
  20
197.17046
  0
VERTEX
  5
a04
  8
Layer_0
  10
189.28378
  20
197.01974
  0
VERTEX
  5
a05
  8
Layer_0
  10
189.26086
  20
196.90931
  0
VERTEX
  5
a06
  8
Layer_0
  10
189.24084
  20
196.88001
  0
VERTEX
  5
a07
  8
Layer_0
  10
189.19503
  20
196.82388
  0
VERTEX
  5
a08
  8
Layer_0
  10
189.12609
  20
196.7438
  0
VERTEX
  5
a09
  8
Layer_0
  10
189.03668
  20
196.64261
  0
VERTEX
  5
a0a
  8
Layer_0
  10
188.807
  20
196.38841
  0
VERTEX
  5
a0b
  8
Layer_0
  10
188.52721
  20
196.08421
  0
VERTEX
  5
a0c
  8
Layer_0
  10
187.9021
  20
195.41746
  0
VERTEX
  5
a0d
  8
Layer_0
  10
187.33099
  20
194.82572
  0
VERTEX
  5
a0e
  8
Layer_0
  10
187.23755
  20
194.73141
  0
VERTEX
  5
a0f
  8
Layer_0
  10
187.1648
  20
194.65918
  0
VERTEX
  5
a10
  8
Layer_0
  10
187.10945
  20
194.60626
  0
VERTEX
  5
a11
  8
Layer_0
  10
187.06823
  20
194.5699
  0
VERTEX
  5
a12
  8
Layer_0
  10
187.01507
  20
194.53584
  0
VERTEX
  5
a13
  8
Layer_0
  10
186.9791
  20
194.53494
  0
VERTEX
  5
a14
  8
Layer_0
  10
186.87515
  20
194.58333
  0
VERTEX
  5
a15
  8
Layer_0
  10
186.84205
  20
194.66088
  0
VERTEX
  5
a16
  8
Layer_0
  10
186.86149
  20
194.78266
  0
VERTEX
  5
a17
  8
Layer_0
  10
186.90872
  20
194.99611
  42
0.079469979
  0
VERTEX
  5
a18
  8
Layer_0
  10
187.00688
  20
196.21292
  0
VERTEX
  5
a19
  8
Layer_0
  10
186.98465
  20
196.46295
  0
SEQEND
  0
POLYLINE
  5
a1b
  8
Layer_0
  62
7
  70
1
  66
1
  10
0
  20
0
  30
0
  0
VERTEX
  5
a1b
  8
Layer_0
  10
186.47904
  20
196.10736
  0
VERTEX
  5
a1c
  8
Layer_0
  10
186.24336
  20
195.85316
  0
VERTEX
  5
a1d
  8
Layer_0
  10
185.99935
  20
195.5184
  0
VERTEX
  5
a1e
  8
Layer_0
  10
185.90721
  20
195.37897
  0
VERTEX
  5
a1f
  8
Layer_0
  10
185.82722
  20
195.2743
  0
VERTEX
  5
a20
  8
Layer_0
  10
185.75192
  20
195.20179
  0
VERTEX
  5
a21
  8
Layer_0
  10
185.67384
  20
195.15886
  0
VERTEX
  5
a22
  8
Layer_0
  10
185.58552
  20
195.14293
  0
VERTEX
  5
a23
  8
Layer_0
  10
185.47949
  20
195.15142
  0
VERTEX
  5
a24
  8
Layer_0
  10
185.34828
  20
195.18175
  0
VERTEX
  5
a25
  8
Layer_0
  10
185.18443
  20
195.23132
  0
VERTEX
  5
a26
  8
Layer_0
  10
184.99433
  20
195.2947
  0
VERTEX
  5
a27
  8
Layer_0
  10
184.85823
  20
195.34801
  0
VERTEX
  5
a28
  8
Layer_0
  10
184.76068
  20
195.39853
  0
VERTEX
  5
a29
  8
Layer_0
  10
184.68622
  20
195.45357
  42
-0.1805371
  0
VERTEX
  5
a2a
  8
Layer_0
  10
184.51398
  20
195.78325
  0
VERTEX
  5
a2b
  8
Layer_0
  10
184.52005
  20
195.91825
  0
VERTEX
  5
a2c
  8
Layer_0
  10
184.55565
  20
196.14371
  0
VERTEX
  5
a2d
  8
Layer_0
  10
184.61763
  20
196.44453
  0
VERTEX
  5
a2e
  8
Layer_0
  10
184.70289
  20
196.8056
  0
VERTEX
  5
a2f
  8
Layer_0
  10
184.80025
  20
197.19416
  0
VERTEX
  5
a30
  8
Layer_0
  10
184.87959
  20
197.51969
  0
VERTEX
  5
a31
  8
Layer_0
  10
184.9427
  20
197.79088
  0
VERTEX
  5
a32
  8
Layer_0
  10
184.99135
  20
198.0164
  0
VERTEX
  5
a33
  8
Layer_0
  10
185.05241
  20
198.36517
  0
VERTEX
  5
a34
  8
Layer_0
  10
185.07701
  20
198.63545
  0
VERTEX
  5
a35
  8
Layer_0
  10
185.08813
  20
198.87993
  0
VERTEX
  5
a36
  8
Layer_0
  10
185.04367
  20
198.87993
  42
0.041311913
  0
VERTEX
  5
a37
  8
Layer_0
  10
184.77698
  20
198.8429
  0
VERTEX
  5
a38
  8
Layer_0
  10
184.58861
  20
198.8158
  0
VERTEX
  5
a39
  8
Layer_0
  10
184.45772
  20
198.80677
  0
VERTEX
  5
a3a
  8
Layer_0
  10
184.37301
  20
198.8158
  0
VERTEX
  5
a3b
  8
Layer_0
  10
184.32321
  20
198.84289
  0
VERTEX
  5
a3c
  8
Layer_0
  10
184.28834
  20
198.90215
  0
VERTEX
  5
a3d
  8
Layer_0
  10
184.304
  20
198.96975
  0
VERTEX
  5
a3e
  8
Layer_0
  10
184.37556
  20
199.05541
  0
VERTEX
  5
a3f
  8
Layer_0
  10
184.50842
  20
199.16885
  0
VERTEX
  5
a40
  8
Layer_0
  10
184.91394
  20
199.46114
  0
VERTEX
  5
a41
  8
Layer_0
  10
185.31338
  20
199.69716
  0
VERTEX
  5
a42
  8
Layer_0
  10
185.70206
  20
199.87415
  0
VERTEX
  5
a43
  8
Layer_0
  10
186.07529
  20
199.98933
  42
0.29863051
  0
VERTEX
  5
a44
  8
Layer_0
  10
186.18271
  20
200.08008
  42
0.074401614
  0
VERTEX
  5
a45
  8
Layer_0
  10
186.1716
  20
200.68201
  0
VERTEX
  5
a46
  8
Layer_0
  10
186.16034
  20
200.77406
  0
VERTEX
  5
a47
  8
Layer_0
  10
186.15793
  20
200.8267
  0
VERTEX
  5
a48
  8
Layer_0
  10
186.1656
  20
200.85468
  0
VERTEX
  5
a49
  8
Layer_0
  10
186.18455
  20
200.87277
  0
VERTEX
  5
a4a
  8
Layer_0
  10
186.31166
  20
200.89731
  0
VERTEX
  5
a4b
  8
Layer_0
  10
186.47904
  20
200.8524
  42
-0.16921412
  0
VERTEX
  5
a4c
  8
Layer_0
  10
186.83835
  20
200.47458
  42
-0.11496398
  0
VERTEX
  5
a4d
  8
Layer_0
  10
186.90686
  20
200.17639
  0
VERTEX
  5
a4e
  8
Layer_0
  10
186.90686
  20
200.01526
  0
VERTEX
  5
a4f
  8
Layer_0
  10
187.01801
  20
199.98563
  0
VERTEX
  5
a50
  8
Layer_0
  10
187.27861
  20
199.9011
  0
VERTEX
  5
a51
  8
Layer_0
  10
187.53985
  20
199.7845
  0
VERTEX
  5
a52
  8
Layer_0
  10
187.80009
  20
199.63708
  0
VERTEX
  5
a53
  8
Layer_0
  10
188.0577
  20
199.46009
  0
VERTEX
  5
a54
  8
Layer_0
  10
188.31107
  20
199.25481
  0
VERTEX
  5
a55
  8
Layer_0
  10
188.55855
  20
199.02248
  0
VERTEX
  5
a56
  8
Layer_0
  10
188.79852
  20
198.76437
  0
VERTEX
  5
a57
  8
Layer_0
  10
189.02936
  20
198.48173
  42
-0.068707725
  0
VERTEX
  5
a58
  8
Layer_0
  10
189.73315
  20
197.25935
  42
-0.10902524
  0
VERTEX
  5
a59
  8
Layer_0
  10
189.78316
  20
196.97229
  0
VERTEX
  5
a5a
  8
Layer_0
  10
189.7611
  20
196.81914
  0
VERTEX
  5
a5b
  8
Layer_0
  10
189.70675
  20
196.68197
  0
VERTEX
  5
a5c
  8
Layer_0
  10
189.60865
  20
196.53994
  0
VERTEX
  5
a5d
  8
Layer_0
  10
189.45534
  20
196.37221
  42
0.0056372266
  0
VERTEX
  5
a5e
  8
Layer_0
  10
189.09048
  20
195.98883
  0
VERTEX
  5
a5f
  8
Layer_0
  10
188.92978
  20
195.81675
  0
VERTEX
  5
a60
  8
Layer_0
  10
188.70889
  20
195.58316
  0
VERTEX
  5
a61
  8
Layer_0
  10
188.45075
  20
195.31198
  0
VERTEX
  5
a62
  8
Layer_0
  10
188.17832
  20
195.02713
  0
VERTEX
  5
a63
  8
Layer_0
  10
187.91458
  20
194.75253
  0
VERTEX
  5
a64
  8
Layer_0
  10
187.68249
  20
194.51208
  0
VERTEX
  5
a65
  8
Layer_0
  10
187.58548
  20
194.41214
  0
VERTEX
  5
a66
  8
Layer_0
  10
187.505
  20
194.32972
  0
VERTEX
  5
a67
  8
Layer_0
  10
187.44391
  20
194.26779
  0
VERTEX
  5
a68
  8
Layer_0
  10
187.40508
  20
194.22935
  0
VERTEX
  5
a69
  8
Layer_0
  10
187.29167
  20
194.13177
  0
VERTEX
  5
a6a
  8
Layer_0
  10
187.19371
  20
194.07377
  0
VERTEX
  5
a6b
  8
Layer_0
  10
187.0954
  20
194.04912
  0
VERTEX
  5
a6c
  8
Layer_0
  10
186.98095
  20
194.05155
  42
-0.25796713
  0
VERTEX
  5
a6d
  8
Layer_0
  10
186.47903
  20
194.40715
  0
VERTEX
  5
a6e
  8
Layer_0
  10
186.44165
  20
194.51613
  0
VERTEX
  5
a6f
  8
Layer_0
  10
186.42996
  20
194.64005
  0
VERTEX
  5
a70
  8
Layer_0
  10
186.44466
  20
194.79105
  0
VERTEX
  5
a71
  8
Layer_0
  10
186.48645
  20
194.98129
  0
VERTEX
  5
a72
  8
Layer_0
  10
186.5603
  20
195.28269
  0
VERTEX
  5
a73
  8
Layer_0
  10
186.60359
  20
195.49501
  0
VERTEX
  5
a74
  8
Layer_0
  10
186.62396
  20
195.6681
  0
VERTEX
  5
a75
  8
Layer_0
  10
186.62906
  20
195.85177
  0
VERTEX
  5
a76
  8
Layer_0
  10
186.62764
  20
195.97057
  0
VERTEX
  5
a77
  8
Layer_0
  10
186.62327
  20
196.05897
  0
VERTEX
  5
a78
  8
Layer_0
  10
186.61577
  20
196.11925
  0
VERTEX
  5
a79
  8
Layer_0
  10
186.60498
  20
196.15366
  0
VERTEX
  5
a7a
  8
Layer_0
  10
186.5809
  20
196.19441
  0
VERTEX
  5
a7b
  8
Layer_0
  10
186.47903
  20
196.10736
  0
SEQEND
  0
POLYLINE
  5
a7d
  8
Layer_0
  62
7
  70
1
  66
1
  10
0
  20
0
  30
0
  0
VERTEX
  5
a7d
  8
Layer_0
  10
185.90304
  20
197.28529
  0
VERTEX
  5
a7e
  8
Layer_0
  10
185.93519
  20
197.33584
  0
VERTEX
  5
a7f
  8
Layer_0
  10
185.988
  20
197.43137
  0
VERTEX
  5
a80
  8
Layer_0
  10
186.05436
  20
197.5585
  0
VERTEX
  5
a81
  8
Layer_0
  10
186.12714
  20
197.70386
  0
VERTEX
  5
a82
  8
Layer_0
  10
186.18965
  20
197.83376
  0
VERTEX
  5
a83
  8
Layer_0
  10
186.23754
  20
197.93843
  0
VERTEX
  5
a84
  8
Layer_0
  10
186.27185
  20
198.02167
  0
VERTEX
  5
a85
  8
Layer_0
  10
186.2936
  20
198.08724
  0
VERTEX
  5
a86
  8
Layer_0
  10
186.30346
  20
198.18048
  0
VERTEX
  5
a87
  8
Layer_0
  10
186.2753
  20
198.24837
  42
0.30975224
  0
VERTEX
  5
a88
  8
Layer_0
  10
186.01787
  20
198.32986
  42
0.2074148
  0
VERTEX
  5
a89
  8
Layer_0
  10
185.82339
  20
198.15947
  0
VERTEX
  5
a8a
  8
Layer_0
  10
185.73751
  20
197.77748
  0
VERTEX
  5
a8b
  8
Layer_0
  10
185.67523
  20
197.35937
  42
0.70081835
  0
VERTEX
  5
a8c
  8
Layer_0
  10
185.90305
  20
197.28528
  0
SEQEND
  0
POLYLINE
  5
a8e
  8
Layer_0
  62
7
  70
1
  66
1
  10
0
  20
0
  30
0
  0
VERTEX
  5
a8e
  8
Layer_0
  10
184.8772
  20
189.76817
  42
0.065168476
  0
VERTEX
  5
a8f
  8
Layer_0
  10
184.28665
  20
189.19191
  42
0.11272525
  0
VERTEX
  5
a90
  8
Layer_0
  10
183.65005
  20
187.89017
  42
0.10606667
  0
VERTEX
  5
a91
  8
Layer_0
  10
183.62784
  20
186.5011
  0
VERTEX
  5
a92
  8
Layer_0
  10
183.67278
  20
186.31171
  0
VERTEX
  5
a93
  8
Layer_0
  10
183.72904
  20
186.11712
  0
VERTEX
  5
a94
  8
Layer_0
  10
183.78232
  20
185.96331
  0
VERTEX
  5
a95
  8
Layer_0
  10
183.81833
  20
185.89626
  0
VERTEX
  5
a96
  8
Layer_0
  10
183.94514
  20
185.93138
  0
VERTEX
  5
a97
  8
Layer_0
  10
184.04217
  20
185.99151
  42
-0.070284177
  0
VERTEX
  5
a98
  8
Layer_0
  10
183.84216
  20
186.78209
  42
-0.077577817
  0
VERTEX
  5
a99
  8
Layer_0
  10
183.86438
  20
187.67267
  42
-0.18914354
  0
VERTEX
  5
a9a
  8
Layer_0
  10
185.05499
  20
189.58084
  42
-0.11750999
  0
VERTEX
  5
a9b
  8
Layer_0
  10
186.3504
  20
190.13647
  42
-0.071413198
  0
VERTEX
  5
a9c
  8
Layer_0
  10
187.23941
  20
190.15393
  42
-0.21924109
  0
VERTEX
  5
a9d
  8
Layer_0
  10
189.40158
  20
188.82837
  42
-0.22950374
  0
VERTEX
  5
a9e
  8
Layer_0
  10
189.76035
  20
186.17725
  0
VERTEX
  5
a9f
  8
Layer_0
  10
189.71967
  20
186.03517
  0
VERTEX
  5
aa0
  8
Layer_0
  10
189.71114
  20
185.96928
  42
0.19896915
  0
VERTEX
  5
aa1
  8
Layer_0
  10
189.91275
  20
185.88991
  0
VERTEX
  5
aa2
  8
Layer_0
  10
189.9479
  20
185.94743
  0
VERTEX
  5
aa3
  8
Layer_0
  10
190.00105
  20
186.09172
  0
VERTEX
  5
aa4
  8
Layer_0
  10
190.05808
  20
186.28036
  0
VERTEX
  5
aa5
  8
Layer_0
  10
190.10484
  20
186.47094
  42
0.30568709
  0
VERTEX
  5
aa6
  8
Layer_0
  10
188.68085
  20
189.892
  42
0.12230997
  0
VERTEX
  5
aa7
  8
Layer_0
  10
187.23782
  20
190.41428
  42
0.051587909
  0
VERTEX
  5
aa8
  8
Layer_0
  10
186.47105
  20
190.4127
  42
0.13515555
  0
SEQEND
  0
POLYLINE
  5
aaa
  8
Layer_0
  62
7
  70
1
  66
1
  10
0
  20
0
  30
0
  0
VERTEX
  5
aaa
  8
Layer_0
  10
185.07722
  20
189.06015
  0
VERTEX
  5
aab
  8
Layer_0
  10
184.95717
  20
189.17584
  0
VERTEX
  5
aac
  8
Layer_0
  10
184.89784
  20
189.22366
  42
0.19889502
  0
VERTEX
  5
aad
  8
Layer_0
  10
184.82957
  20
189.17126
  42
0.19889502
  0
VERTEX
  5
aae
  8
Layer_0
  10
184.77878
  20
189.10301
  0
VERTEX
  5
aaf
  8
Layer_0
  10
184.93376
  20
188.93394
  0
VERTEX
  5
ab0
  8
Layer_0
  10
185.10421
  20
188.77916
  0
VERTEX
  5
ab1
  8
Layer_0
  10
185.13199
  20
188.79662
  0
VERTEX
  5
ab2
  8
Layer_0
  10
185.17882
  20
188.8379
  0
VERTEX
  5
ab3
  8
Layer_0
  10
185.23915
  20
188.89664
  0
VERTEX
  5
ab4
  8
Layer_0
  10
185.07722
  20
189.06015
  0
SEQEND
  0
POLYLINE
  5
ab6
  8
Layer_0
  62
7
  70
1
  66
1
  10
0
  20
0
  30
0
  0
VERTEX
  5
ab6
  8
Layer_0
  10
184.37713
  20
188.06479
  0
VERTEX
  5
ab7
  8
Layer_0
  10
184.25118
  20
188.11772
  0
VERTEX
  5
ab8
  8
Layer_0
  10
184.19457
  20
188.15369
  0
VERTEX
  5
ab9
  8
Layer_0
  10
184.18917
  20
188.1956
  0
VERTEX
  5
aba
  8
Layer_0
  10
184.2168
  20
188.2664
  0
VERTEX
  5
abb
  8
Layer_0
  10
184.23664
  20
188.30331
  0
VERTEX
  5
abc
  8
Layer_0
  10
184.25172
  20
188.31878
  0
VERTEX
  5
abd
  8
Layer_0
  10
184.46385
  20
188.23683
  0
VERTEX
  5
abe
  8
Layer_0
  10
184.67241
  20
188.14416
  0
VERTEX
  5
abf
  8
Layer_0
  10
184.65058
  20
188.0497
  0
VERTEX
  5
ac0
  8
Layer_0
  10
184.5978
  20
187.9743
  42
0.019051064
  0
VERTEX
  5
ac1
  8
Layer_0
  10
184.37714
  20
188.06479
  0
SEQEND
  0
POLYLINE
  5
ac3
  8
Layer_0
  62
7
  70
1
  66
1
  10
0
  20
0
  30
0
  0
VERTEX
  5
ac3
  8
Layer_0
  10
184.23108
  20
187.04878
  0
VERTEX
  5
ac4
  8
Layer_0
  10
184.47714
  20
187.04878
  0
VERTEX
  5
ac5
  8
Layer_0
  10
184.47714
  20
187.13451
  0
VERTEX
  5
ac6
  8
Layer_0
  10
184.47159
  20
187.20297
  0
VERTEX
  5
ac7
  8
Layer_0
  10
184.45175
  20
187.22976
  0
VERTEX
  5
ac8
  8
Layer_0
  10
184.2162
  20
187.23909
  0
VERTEX
  5
ac9
  8
Layer_0
  10
183.99614
  20
187.22817
  0
VERTEX
  5
aca
  8
Layer_0
  10
183.9882
  20
187.19662
  0
VERTEX
  5
acb
  8
Layer_0
  10
183.98502
  20
187.13292
  0
VERTEX
  5
acc
  8
Layer_0
  10
183.98502
  20
187.04878
  0
SEQEND
  0
POLYLINE
  5
ace
  8
Layer_0
  62
7
  70
1
  66
1
  10
0
  20
0
  30
0
  0
VERTEX
  5
ace
  8
Layer_0
  10
185.94717
  20
187.38533
  42
0.00073453644
  0
VERTEX
  5
acf
  8
Layer_0
  10
185.28677
  20
187.74411
  0
VERTEX
  5
ad0
  8
Layer_0
  10
185.1668
  20
187.80972
  0
VERTEX
  5
ad1
  8
Layer_0
  10
185.07531
  20
187.86181
  0
VERTEX
  5
ad2
  8
Layer_0
  10
185.00953
  20
187.90292
  0
VERTEX
  5
ad3
  8
Layer_0
  10
184.96669
  20
187.9356
  0
VERTEX
  5
ad4
  8
Layer_0
  10
184.93874
  20
187.98588
  0
VERTEX
  5
ad5
  8
Layer_0
  10
184.96927
  20
188.03304
  42
-0.19888398
  0
VERTEX
  5
ad6
  8
Layer_0
  10
185.00739
  20
188.06479
  0
VERTEX
  5
ad7
  8
Layer_0
  10
185.04306
  20
188.05445
  0
VERTEX
  5
ad8
  8
Layer_0
  10
185.13065
  20
188.02527
  0
VERTEX
  5
ad9
  8
Layer_0
  10
185.26237
  20
187.97998
  0
VERTEX
  5
ada
  8
Layer_0
  10
185.43044
  20
187.92132
  0
VERTEX
  5
adb
  8
Layer_0
  10
185.84453
  20
187.7748
  0
VERTEX
  5
adc
  8
Layer_0
  10
186.31071
  20
187.60759
  0
VERTEX
  5
add
  8
Layer_0
  10
186.48375
  20
187.54567
  0
VERTEX
  5
ade
  8
Layer_0
  10
186.59329
  20
187.60281
  42
-0.11803722
  0
VERTEX
  5
adf
  8
Layer_0
  10
186.83301
  20
187.65997
  42
-0.11302729
  0
VERTEX
  5
ae0
  8
Layer_0
  10
187.06955
  20
187.60759
  42
-0.28811154
  0
VERTEX
  5
ae1
  8
Layer_0
  10
187.33942
  20
187.14722
  42
-0.28471367
  0
VERTEX
  5
ae2
  8
Layer_0
  10
187.05049
  20
186.7043
  42
-0.19731036
  0
VERTEX
  5
ae3
  8
Layer_0
  10
186.66949
  20
186.69159
  42
-0.28981704
  0
VERTEX
  5
ae4
  8
Layer_0
  10
186.34088
  20
187.09958
  0
VERTEX
  5
ae5
  8
Layer_0
  10
186.32977
  20
187.17578
  0
SEQEND
  0
POLYLINE
  5
ae7
  8
Layer_0
  62
7
  70
1
  66
1
  10
0
  20
0
  30
0
  0
VERTEX
  5
ae7
  8
Layer_0
  10
123.37165
  20
200.05218
  0
VERTEX
  5
ae8
  8
Layer_0
  10
123.58518
  20
200.05219
  0
VERTEX
  5
ae9
  8
Layer_0
  10
123.77145
  20
200.05208
  0
VERTEX
  5
aea
  8
Layer_0
  10
123.93245
  20
200.05162
  0
VERTEX
  5
aeb
  8
Layer_0
  10
124.07015
  20
200.05059
  0
VERTEX
  5
aec
  8
Layer_0
  10
124.28352
  20
200.04593
  0
VERTEX
  5
aed
  8
Layer_0
  10
124.42734
  20
200.0363
  0
VERTEX
  5
aee
  8
Layer_0
  10
124.56942
  20
199.99503
  0
VERTEX
  5
aef
  8
Layer_0
  10
124.6226
  20
199.91248
  42
-0.33404897
  0
VERTEX
  5
af0
  8
Layer_0
  10
124.55698
  20
199.63095
  0
VERTEX
  5
af1
  8
Layer_0
  10
124.4829
  20
199.56534
  0
VERTEX
  5
af2
  8
Layer_0
  10
123.38223
  20
199.56534
  0
VERTEX
  5
af3
  8
Layer_0
  10
122.27945
  20
199.56534
  0
VERTEX
  5
af4
  8
Layer_0
  10
122.20748
  20
199.63731
  42
-0.19891035
  0
VERTEX
  5
af5
  8
Layer_0
  10
122.13551
  20
199.80876
  42
-0.19891439
  0
VERTEX
  5
af6
  8
Layer_0
  10
122.20748
  20
199.98021
  0
VERTEX
  5
af7
  8
Layer_0
  10
122.27945
  20
200.05217
  0
VERTEX
  5
af8
  8
Layer_0
  10
123.37165
  20
200.05217
  0
SEQEND
  0
POLYLINE
  5
afa
  8
Layer_0
  62
7
  70
1
  66
1
  10
0
  20
0
  30
0
  0
VERTEX
  5
afa
  8
Layer_0
  10
120.70042
  20
198.11754
  0
VERTEX
  5
afb
  8
Layer_0
  10
120.698
  20
198.24564
  0
VERTEX
  5
afc
  8
Layer_0
  10
120.69261
  20
198.34105
  0
VERTEX
  5
afd
  8
Layer_0
  10
120.67988
  20
198.40858
  0
VERTEX
  5
afe
  8
Layer_0
  10
120.65544
  20
198.45303
  0
VERTEX
  5
aff
  8
Layer_0
  10
120.61492
  20
198.47924
  0
VERTEX
  5
b00
  8
Layer_0
  10
120.55397
  20
198.49199
  0
VERTEX
  5
b01
  8
Layer_0
  10
120.46821
  20
198.49612
  0
VERTEX
  5
b02
  8
Layer_0
  10
120.35328
  20
198.49643
  0
VERTEX
  5
b03
  8
Layer_0
  10
120.21087
  20
198.49534
  0
VERTEX
  5
b04
  8
Layer_0
  10
120.12998
  20
198.48928
  0
VERTEX
  5
b05
  8
Layer_0
  10
120.08718
  20
198.4741
  0
VERTEX
  5
b06
  8
Layer_0
  10
120.05907
  20
198.44563
  0
VERTEX
  5
b07
  8
Layer_0
  10
120.0464
  20
198.42583
  0
VERTEX
  5
b08
  8
Layer_0
  10
120.03671
  20
198.39321
  0
VERTEX
  5
b09
  8
Layer_0
  10
120.0296
  20
198.33553
  0
VERTEX
  5
b0a
  8
Layer_0
  10
120.02467
  20
198.24057
  0
VERTEX
  5
b0b
  8
Layer_0
  10
120.02153
  20
198.09611
  0
VERTEX
  5
b0c
  8
Layer_0
  10
120.01978
  20
197.8899
  0
VERTEX
  5
b0d
  8
Layer_0
  10
120.01902
  20
197.60973
  0
VERTEX
  5
b0e
  8
Layer_0
  10
120.01885
  20
197.24336
  0
VERTEX
  5
b0f
  8
Layer_0
  10
120.01912
  20
196.8408
  0
VERTEX
  5
b10
  8
Layer_0
  10
120.02064
  20
196.5351
  0
VERTEX
  5
b11
  8
Layer_0
  10
120.02443
  20
196.3124
  0
VERTEX
  5
b12
  8
Layer_0
  10
120.03155
  20
196.15883
  0
VERTEX
  5
b13
  8
Layer_0
  10
120.04303
  20
196.06053
  0
VERTEX
  5
b14
  8
Layer_0
  10
120.05993
  20
196.00362
  0
VERTEX
  5
b15
  8
Layer_0
  10
120.08327
  20
195.97425
  0
VERTEX
  5
b16
  8
Layer_0
  10
120.1141
  20
195.95854
  0
VERTEX
  5
b17
  8
Layer_0
  10
120.20961
  20
195.94981
  0
VERTEX
  5
b18
  8
Layer_0
  10
120.38927
  20
195.94584
  0
VERTEX
  5
b19
  8
Layer_0
  10
120.49422
  20
195.946
  0
VERTEX
  5
b1a
  8
Layer_0
  10
120.57206
  20
195.95031
  0
VERTEX
  5
b1b
  8
Layer_0
  10
120.62683
  20
195.96448
  0
VERTEX
  5
b1c
  8
Layer_0
  10
120.66258
  20
195.99426
  0
VERTEX
  5
b1d
  8
Layer_0
  10
120.68335
  20
196.04537
  0
VERTEX
  5
b1e
  8
Layer_0
  10
120.69317
  20
196.12354
  0
VERTEX
  5
b1f
  8
Layer_0
  10
120.69611
  20
196.23451
  0
VERTEX
  5
b20
  8
Layer_0
  10
120.69618
  20
196.38399
  0
VERTEX
  5
b21
  8
Layer_0
  10
120.69618
  20
196.729
  0
VERTEX
  5
b22
  8
Layer_0
  10
120.7491
  20
196.76288
  42
-0.1786647
  0
VERTEX
  5
b23
  8
Layer_0
  10
120.88033
  20
196.78616
  0
VERTEX
  5
b24
  8
Layer_0
  10
120.95895
  20
196.76407
  0
VERTEX
  5
b25
  8
Layer_0
  10
121.00284
  20
196.71102
  0
VERTEX
  5
b26
  8
Layer_0
  10
121.0241
  20
196.59447
  0
VERTEX
  5
b27
  8
Layer_0
  10
121.03485
  20
196.38188
  0
VERTEX
  5
b28
  8
Layer_0
  10
121.04132
  20
196.23583
  0
VERTEX
  5
b29
  8
Layer_0
  10
121.05291
  20
196.1247
  0
VERTEX
  5
b2a
  8
Layer_0
  10
121.07451
  20
196.04374
  0
VERTEX
  5
b2b
  8
Layer_0
  10
121.11105
  20
195.98818
  0
VERTEX
  5
b2c
  8
Layer_0
  10
121.16743
  20
195.95325
  0
VERTEX
  5
b2d
  8
Layer_0
  10
121.24857
  20
195.9342
  0
VERTEX
  5
b2e
  8
Layer_0
  10
121.35937
  20
195.92626
  0
VERTEX
  5
b2f
  8
Layer_0
  10
121.50475
  20
195.92468
  0
VERTEX
  5
b30
  8
Layer_0
  10
121.73123
  20
195.92468
  0
VERTEX
  5
b31
  8
Layer_0
  10
121.84341
  20
195.8252
  42
-0.014968125
  0
VERTEX
  5
b32
  8
Layer_0
  10
122.0953
  20
195.59236
  42
0.041466081
  0
VERTEX
  5
b33
  8
Layer_0
  10
122.2858
  20
195.42091
  0
VERTEX
  5
b34
  8
Layer_0
  10
122.30952
  20
195.40963
  0
VERTEX
  5
b35
  8
Layer_0
  10
122.35453
  20
195.4009
  0
VERTEX
  5
b36
  8
Layer_0
  10
122.43396
  20
195.39431
  0
VERTEX
  5
b37
  8
Layer_0
  10
122.56097
  20
195.38942
  0
VERTEX
  5
b38
  8
Layer_0
  10
122.7487
  20
195.38583
  0
VERTEX
  5
b39
  8
Layer_0
  10
123.0103
  20
195.38311
  0
VERTEX
  5
b3a
  8
Layer_0
  10
123.1729
  20
195.38194
  0
VERTEX
  5
b3b
  8
Layer_0
  10
123.35891
  20
195.38083
  0
VERTEX
  5
b3c
  8
Layer_0
  10
123.56995
  20
195.37973
  0
VERTEX
  5
b3d
  8
Layer_0
  10
123.80768
  20
195.37858
  0
VERTEX
  5
b3e
  8
Layer_0
  10
124.15103
  20
195.37739
  0
VERTEX
  5
b3f
  8
Layer_0
  10
124.45218
  20
195.37702
  0
VERTEX
  5
b40
  8
Layer_0
  10
124.71081
  20
195.3775
  0
VERTEX
  5
b41
  8
Layer_0
  10
124.92661
  20
195.37884
  0
VERTEX
  5
b42
  8
Layer_0
  10
125.09924
  20
195.38108
  0
VERTEX
  5
b43
  8
Layer_0
  10
125.2284
  20
195.38423
  0
VERTEX
  5
b44
  8
Layer_0
  10
125.31375
  20
195.38833
  0
VERTEX
  5
b45
  8
Layer_0
  10
125.35497
  20
195.39339
  42
0.12921582
  0
VERTEX
  5
b46
  8
Layer_0
  10
125.48196
  20
195.47171
  0
VERTEX
  5
b47
  8
Layer_0
  10
125.51061
  20
195.51037
  0
VERTEX
  5
b48
  8
Layer_0
  10
125.52695
  20
195.57146
  0
VERTEX
  5
b49
  8
Layer_0
  10
125.53614
  20
195.69168
  0
VERTEX
  5
b4a
  8
Layer_0
  10
125.54335
  20
195.90774
  0
VERTEX
  5
b4b
  8
Layer_0
  10
125.54758
  20
196.05914
  0
VERTEX
  5
b4c
  8
Layer_0
  10
125.55334
  20
196.1712
  0
VERTEX
  5
b4d
  8
Layer_0
  10
125.56456
  20
196.24982
  0
VERTEX
  5
b4e
  8
Layer_0
  10
125.58515
  20
196.30091
  0
VERTEX
  5
b4f
  8
Layer_0
  10
125.67015
  20
196.34411
  0
VERTEX
  5
b50
  8
Layer_0
  10
125.83968
  20
196.34801
  0
VERTEX
  5
b51
  8
Layer_0
  10
126.01189
  20
196.34311
  0
VERTEX
  5
b52
  8
Layer_0
  10
126.09977
  20
196.30568
  0
VERTEX
  5
b53
  8
Layer_0
  10
126.12095
  20
196.26409
  0
VERTEX
  5
b54
  8
Layer_0
  10
126.13168
  20
196.20156
  0
VERTEX
  5
b55
  8
Layer_0
  10
126.13553
  20
196.11384
  0
VERTEX
  5
b56
  8
Layer_0
  10
126.13602
  20
195.99664
  0
VERTEX
  5
b57
  8
Layer_0
  10
126.13634
  20
195.87264
  0
VERTEX
  5
b58
  8
Layer_0
  10
126.14022
  20
195.78015
  0
VERTEX
  5
b59
  8
Layer_0
  10
126.15198
  20
195.71454
  0
VERTEX
  5
b5a
  8
Layer_0
  10
126.17597
  20
195.6712
  0
VERTEX
  5
b5b
  8
Layer_0
  10
126.21653
  20
195.64553
  0
VERTEX
  5
b5c
  8
Layer_0
  10
126.278
  20
195.63291
  0
VERTEX
  5
b5d
  8
Layer_0
  10
126.36472
  20
195.62871
  0
VERTEX
  5
b5e
  8
Layer_0
  10
126.48103
  20
195.62834
  0
VERTEX
  5
b5f
  8
Layer_0
  10
126.6159
  20
195.6299
  0
VERTEX
  5
b60
  8
Layer_0
  10
126.70434
  20
195.63601
  0
VERTEX
  5
b61
  8
Layer_0
  10
126.76262
  20
195.64888
  0
VERTEX
  5
b62
  8
Layer_0
  10
126.807
  20
195.67068
  0
VERTEX
  5
b63
  8
Layer_0
  10
126.88767
  20
195.73027
  0
VERTEX
  5
b64
  8
Layer_0
  10
126.93162
  20
195.81884
  0
VERTEX
  5
b65
  8
Layer_0
  10
126.94374
  20
195.88974
  0
VERTEX
  5
b66
  8
Layer_0
  10
126.95136
  20
195.98679
  0
VERTEX
  5
b67
  8
Layer_0
  10
126.95606
  20
196.11627
  0
VERTEX
  5
b68
  8
Layer_0
  10
126.9594
  20
196.28451
  0
VERTEX
  5
b69
  8
Layer_0
  10
126.95841
  20
196.49796
  0
VERTEX
  5
b6a
  8
Layer_0
  10
126.9515
  20
196.7642
  0
VERTEX
  5
b6b
  8
Layer_0
  10
126.93987
  20
197.0602
  0
VERTEX
  5
b6c
  8
Layer_0
  10
126.92474
  20
197.36295
  0
VERTEX
  5
b6d
  8
Layer_0
  10
126.90733
  20
197.64943
  0
VERTEX
  5
b6e
  8
Layer_0
  10
126.88886
  20
197.89662
  0
VERTEX
  5
b6f
  8
Layer_0
  10
126.87053
  20
198.08149
  0
VERTEX
  5
b70
  8
Layer_0
  10
126.85357
  20
198.18104
  42
0.12548706
  0
VERTEX
  5
b71
  8
Layer_0
  10
126.77102
  20
198.30592
  0
VERTEX
  5
b72
  8
Layer_0
  10
126.69058
  20
198.35752
  0
VERTEX
  5
b73
  8
Layer_0
  10
126.5403
  20
198.37577
  42
0.063316241
  0
VERTEX
  5
b74
  8
Layer_0
  10
126.29688
  20
198.37154
  0
VERTEX
  5
b75
  8
Layer_0
  10
126.22237
  20
198.34968
  0
VERTEX
  5
b76
  8
Layer_0
  10
126.1802
  20
198.30778
  0
VERTEX
  5
b77
  8
Layer_0
  10
126.16145
  20
198.22897
  0
VERTEX
  5
b78
  8
Layer_0
  10
126.15718
  20
198.09638
  0
VERTEX
  5
b79
  8
Layer_0
  10
126.15196
  20
197.9413
  0
VERTEX
  5
b7a
  8
Layer_0
  10
126.11379
  20
197.86222
  0
VERTEX
  5
b7b
  8
Layer_0
  10
126.07181
  20
197.84318
  0
VERTEX
  5
b7c
  8
Layer_0
  10
126.00895
  20
197.83355
  0
VERTEX
  5
b7d
  8
Layer_0
  10
125.92099
  20
197.83011
  0
VERTEX
  5
b7e
  8
Layer_0
  10
125.8037
  20
197.82968
  0
VERTEX
  5
b7f
  8
Layer_0
  10
125.68556
  20
197.82978
  0
VERTEX
  5
b80
  8
Layer_0
  10
125.59795
  20
197.83325
  0
VERTEX
  5
b81
  8
Layer_0
  10
125.53629
  20
197.84486
  0
VERTEX
  5
b82
  8
Layer_0
  10
125.49599
  20
197.86936
  0
VERTEX
  5
b83
  8
Layer_0
  10
125.47245
  20
197.91153
  0
VERTEX
  5
b84
  8
Layer_0
  10
125.4611
  20
197.97612
  0
VERTEX
  5
b85
  8
Layer_0
  10
125.45733
  20
198.0679
  0
VERTEX
  5
b86
  8
Layer_0
  10
125.45657
  20
198.19163
  0
VERTEX
  5
b87
  8
Layer_0
  10
125.45431
  20
198.34828
  0
VERTEX
  5
b88
  8
Layer_0
  10
125.44489
  20
198.46891
  0
VERTEX
  5
b89
  8
Layer_0
  10
125.42431
  20
198.55819
  0
VERTEX
  5
b8a
  8
Layer_0
  10
125.38857
  20
198.62078
  0
VERTEX
  5
b8b
  8
Layer_0
  10
125.33368
  20
198.66134
  0
VERTEX
  5
b8c
  8
Layer_0
  10
125.25565
  20
198.68454
  0
VERTEX
  5
b8d
  8
Layer_0
  10
125.15048
  20
198.69504
  0
VERTEX
  5
b8e
  8
Layer_0
  10
125.01418
  20
198.69751
  0
VERTEX
  5
b8f
  8
Layer_0
  10
124.89777
  20
198.6992
  0
VERTEX
  5
b90
  8
Layer_0
  10
124.81469
  20
198.70465
  0
VERTEX
  5
b91
  8
Layer_0
  10
124.75939
  20
198.71447
  0
VERTEX
  5
b92
  8
Layer_0
  10
124.72632
  20
198.72926
  0
VERTEX
  5
b93
  8
Layer_0
  10
124.66837
  20
198.79435
  0
VERTEX
  5
b94
  8
Layer_0
  10
124.59297
  20
198.90706
  42
0.098931145
  0
VERTEX
  5
b95
  8
Layer_0
  10
124.45962
  20
199.0891
  0
VERTEX
  5
b96
  8
Layer_0
  10
124.39903
  20
199.10566
  0
VERTEX
  5
b97
  8
Layer_0
  10
124.24001
  20
199.11529
  0
VERTEX
  5
b98
  8
Layer_0
  10
124.1045
  20
199.11805
  0
VERTEX
  5
b99
  8
Layer_0
  10
123.92145
  20
199.11975
  0
VERTEX
  5
b9a
  8
Layer_0
  10
123.68325
  20
199.12061
  0
VERTEX
  5
b9b
  8
Layer_0
  10
123.38223
  20
199.12084
  0
VERTEX
  5
b9c
  8
Layer_0
  10
123.0516
  20
199.12067
  0
VERTEX
  5
b9d
  8
Layer_0
  10
122.79975
  20
199.11988
  0
VERTEX
  5
b9e
  8
Layer_0
  10
122.61517
  20
199.11805
  0
VERTEX
  5
b9f
  8
Layer_0
  10
122.48636
  20
199.11476
  0
VERTEX
  5
ba0
  8
Layer_0
  10
122.34996
  20
199.10209
  0
VERTEX
  5
ba1
  8
Layer_0
  10
122.2985
  20
199.07851
  0
VERTEX
  5
ba2
  8
Layer_0
  10
122.21278
  20
198.97664
  0
VERTEX
  5
ba3
  8
Layer_0
  10
122.0826
  20
198.79064
  0
VERTEX
  5
ba4
  8
Layer_0
  10
122.01047
  20
198.68769
  0
VERTEX
  5
ba5
  8
Layer_0
  10
121.94846
  20
198.60676
  0
VERTEX
  5
ba6
  8
Layer_0
  10
121.89954
  20
198.55162
  0
VERTEX
  5
ba7
  8
Layer_0
  10
121.8667
  20
198.52606
  42
-0.092054491
  0
VERTEX
  5
ba8
  8
Layer_0
  10
121.6889
  20
198.507
  42
0.11643382
  0
VERTEX
  5
ba9
  8
Layer_0
  10
121.50052
  20
198.47525
  0
VERTEX
  5
baa
  8
Layer_0
  10
121.43831
  20
198.42575
  0
VERTEX
  5
bab
  8
Layer_0
  10
121.34891
  20
198.32683
  0
VERTEX
  5
bac
  8
Layer_0
  10
121.23054
  20
198.17671
  0
VERTEX
  5
bad
  8
Layer_0
  10
121.08142
  20
197.97361
  0
VERTEX
  5
bae
  8
Layer_0
  10
120.98689
  20
197.85289
  0
VERTEX
  5
baf
  8
Layer_0
  10
120.91103
  20
197.78734
  0
VERTEX
  5
bb0
  8
Layer_0
  10
120.84151
  20
197.76942
  0
VERTEX
  5
bb1
  8
Layer_0
  10
120.76603
  20
197.79158
  0
VERTEX
  5
bb2
  8
Layer_0
  10
120.70676
  20
197.81909
  0
VERTEX
  5
bb3
  8
Layer_0
  10
120.70042
  20
198.11754
  0
SEQEND
  0
POLYLINE
  5
bb5
  8
Layer_0
  62
7
  70
1
  66
1
  10
0
  20
0
  30
0
  0
VERTEX
  5
bb5
  8
Layer_0
  10
122.71125
  20
195.90351
  0
VERTEX
  5
bb6
  8
Layer_0
  10
122.68936
  20
195.92815
  0
VERTEX
  5
bb7
  8
Layer_0
  10
122.71231
  20
196.01807
  0
VERTEX
  5
bb8
  8
Layer_0
  10
122.74346
  20
196.09502
  0
VERTEX
  5
bb9
  8
Layer_0
  10
122.78924
  20
196.1973
  0
VERTEX
  5
bba
  8
Layer_0
  10
122.85079
  20
196.3279
  0
VERTEX
  5
bbb
  8
Layer_0
  10
122.92927
  20
196.48983
  0
VERTEX
  5
bbc
  8
Layer_0
  10
123.02356
  20
196.68694
  0
VERTEX
  5
bbd
  8
Layer_0
  10
123.10098
  20
196.85389
  0
VERTEX
  5
bbe
  8
Layer_0
  10
123.1534
  20
196.97322
  0
VERTEX
  5
bbf
  8
Layer_0
  10
123.17268
  20
197.02746
  0
VERTEX
  5
bc0
  8
Layer_0
  10
123.15664
  20
197.06893
  0
VERTEX
  5
bc1
  8
Layer_0
  10
123.09834
  20
197.09413
  0
VERTEX
  5
bc2
  8
Layer_0
  10
122.98248
  20
197.10664
  0
VERTEX
  5
bc3
  8
Layer_0
  10
122.7938
  20
197.11001
  0
VERTEX
  5
bc4
  8
Layer_0
  10
122.65251
  20
197.11133
  0
VERTEX
  5
bc5
  8
Layer_0
  10
122.56044
  20
197.11583
  0
VERTEX
  5
bc6
  8
Layer_0
  10
122.51043
  20
197.1243
  0
VERTEX
  5
bc7
  8
Layer_0
  10
122.49535
  20
197.13753
  0
VERTEX
  5
bc8
  8
Layer_0
  10
123.24306
  20
197.89926
  0
VERTEX
  5
bc9
  8
Layer_0
  10
124.0257
  20
198.63401
  42
-0.41421356
  0
VERTEX
  5
bca
  8
Layer_0
  10
124.06168
  20
198.60437
  0
VERTEX
  5
bcb
  8
Layer_0
  10
124.04495
  20
198.55735
  0
VERTEX
  5
bcc
  8
Layer_0
  10
123.99924
  20
198.45198
  0
VERTEX
  5
bcd
  8
Layer_0
  10
123.93131
  20
198.30374
  0
VERTEX
  5
bce
  8
Layer_0
  10
123.8479
  20
198.12812
  0
VERTEX
  5
bcf
  8
Layer_0
  10
123.76343
  20
197.9451
  0
VERTEX
  5
bd0
  8
Layer_0
  10
123.69762
  20
197.79422
  0
VERTEX
  5
bd1
  8
Layer_0
  10
123.65561
  20
197.687
  0
VERTEX
  5
bd2
  8
Layer_0
  10
123.64258
  20
197.63494
  0
VERTEX
  5
bd3
  8
Layer_0
  10
123.65297
  20
197.60739
  0
VERTEX
  5
bd4
  8
Layer_0
  10
123.69391
  20
197.59076
  0
VERTEX
  5
bd5
  8
Layer_0
  10
123.79439
  20
197.57928
  0
VERTEX
  5
bd6
  8
Layer_0
  10
123.98337
  20
197.56721
  0
VERTEX
  5
bd7
  8
Layer_0
  10
124.15584
  20
197.55596
  0
VERTEX
  5
bd8
  8
Layer_0
  10
124.25668
  20
197.54551
  0
VERTEX
  5
bd9
  8
Layer_0
  10
124.30394
  20
197.53268
  0
VERTEX
  5
bda
  8
Layer_0
  10
124.31568
  20
197.51429
  0
VERTEX
  5
bdb
  8
Layer_0
  10
123.52775
  20
196.69382
  0
SEQEND
  0
POLYLINE
  5
bdd
  8
Layer_0
  62
7
  70
1
  66
1
  10
0
  20
0
  30
0
  0
VERTEX
  5
bdd
  8
Layer_0
  10
120.13914
  20
186.46267
  0
VERTEX
  5
bde
  8
Layer_0
  10
120.1791
  20
186.30536
  0
VERTEX
  5
bdf
  8
Layer_0
  10
120.22903
  20
186.13763
  0
VERTEX
  5
be0
  8
Layer_0
  10
120.27688
  20
185.99788
  0
VERTEX
  5
be1
  8
Layer_0
  10
120.31059
  20
185.92451
  0
VERTEX
  5
be2
  8
Layer_0
  10
120.42707
  20
185.96261
  0
VERTEX
  5
be3
  8
Layer_0
  10
120.5376
  20
186.01976
  42
0.082592393
  0
VERTEX
  5
be4
  8
Layer_0
  10
120.4995
  20
186.14041
  42
-0.16807956
  0
VERTEX
  5
be5
  8
Layer_0
  10
120.48204
  20
188.16924
  42
-0.08922704
  0
VERTEX
  5
be6
  8
Layer_0
  10
120.99004
  20
189.08205
  42
-0.057239672
  0
VERTEX
  5
be7
  8
Layer_0
  10
121.48216
  20
189.56783
  42
-0.12287036
  0
VERTEX
  5
be8
  8
Layer_0
  10
122.87122
  20
190.17902
  42
-0.088668009
  0
VERTEX
  5
be9
  8
Layer_0
  10
123.86341
  20
190.17902
  42
-0.20594525
  0
VERTEX
  5
bea
  8
Layer_0
  10
125.92558
  20
188.82487
  42
-0.13750075
  0
VERTEX
  5
beb
  8
Layer_0
  10
126.40659
  20
187.26436
  42
-0.093882429
  0
VERTEX
  5
bec
  8
Layer_0
  10
126.24307
  20
186.17216
  42
-0.0055302419
  0
VERTEX
  5
bed
  8
Layer_0
  10
126.19386
  20
186.03406
  0
VERTEX
  5
bee
  8
Layer_0
  10
126.21272
  20
186.00468
  0
VERTEX
  5
bef
  8
Layer_0
  10
126.29229
  20
185.96578
  42
0.099015326
  0
VERTEX
  5
bf0
  8
Layer_0
  10
126.40976
  20
185.92293
  0
VERTEX
  5
bf1
  8
Layer_0
  10
126.43457
  20
185.9636
  0
VERTEX
  5
bf2
  8
Layer_0
  10
126.47485
  20
186.06262
  42
0.17836045
  0
VERTEX
  5
bf3
  8
Layer_0
  10
126.46691
  20
188.3121
  42
0.10876004
  0
VERTEX
  5
bf4
  8
Layer_0
  10
125.6938
  20
189.51067
  42
0.16163838
  0
VERTEX
  5
bf5
  8
Layer_0
  10
123.83167
  20
190.43936
  42
0.057087307
  0
VERTEX
  5
bf6
  8
Layer_0
  10
123.1411
  20
190.46953
  42
0.077613129
  0
VERTEX
  5
bf7
  8
Layer_0
  10
122.07113
  20
190.20758
  42
0.10096794
  0
VERTEX
  5
bf8
  8
Layer_0
  10
120.99004
  20
189.46146
  42
0.25043616
  0
VERTEX
  5
bf9
  8
Layer_0
  10
120.13914
  20
186.46268
  0
SEQEND
  0
POLYLINE
  5
bfb
  8
Layer_0
  62
7
  70
1
  66
1
  10
0
  20
0
  30
0
  0
VERTEX
  5
bfb
  8
Layer_0
  10
125.9986
  20
187.0818
  0
VERTEX
  5
bfc
  8
Layer_0
  10
126.13575
  20
187.08239
  0
VERTEX
  5
bfd
  8
Layer_0
  10
126.20756
  20
187.08656
  0
VERTEX
  5
bfe
  8
Layer_0
  10
126.2368
  20
187.09787
  0
VERTEX
  5
bff
  8
Layer_0
  10
126.24625
  20
187.1199
  42
0.083109136
  0
VERTEX
  5
c00
  8
Layer_0
  10
126.24943
  20
187.21039
  0
VERTEX
  5
c01
  8
Layer_0
  10
126.24467
  20
187.26436
  0
VERTEX
  5
c02
  8
Layer_0
  10
126.01289
  20
187.26912
  0
VERTEX
  5
c03
  8
Layer_0
  10
125.847
  20
187.26833
  0
VERTEX
  5
c04
  8
Layer_0
  10
125.77159
  20
187.26277
  0
VERTEX
  5
c05
  8
Layer_0
  10
125.76365
  20
187.22983
  0
VERTEX
  5
c06
  8
Layer_0
  10
125.76048
  20
187.16593
  0
VERTEX
  5
c07
  8
Layer_0
  10
125.76048
  20
187.0818
  0
VERTEX
  5
c08
  8
Layer_0
  10
125.9986
  20
187.0818
  0
SEQEND
  0
POLYLINE
  5
c0a
  8
Layer_0
  62
7
  70
1
  66
1
  10
0
  20
0
  30
0
  0
VERTEX
  5
c0a
  8
Layer_0
  10
126.01765
  20
188.17082
  0
VERTEX
  5
c0b
  8
Layer_0
  10
125.79064
  20
188.07577
  0
VERTEX
  5
c0c
  8
Layer_0
  10
125.62554
  20
188.02477
  0
VERTEX
  5
c0d
  8
Layer_0
  10
125.57811
  20
188.10296
  0
VERTEX
  5
c0e
  8
Layer_0
  10
125.55569
  20
188.18352
  42
-0.015577792
  0
VERTEX
  5
c0f
  8
Layer_0
  10
125.75254
  20
188.26926
  0
VERTEX
  5
c10
  8
Layer_0
  10
125.89561
  20
188.32541
  0
VERTEX
  5
c11
  8
Layer_0
  10
125.9732
  20
188.34704
  0
VERTEX
  5
c12
  8
Layer_0
  10
126.00257
  20
188.326
  0
VERTEX
  5
c13
  8
Layer_0
  10
126.03194
  20
188.26925
  0
VERTEX
  5
c14
  8
Layer_0
  10
126.0621
  20
188.19305
  0
VERTEX
  5
c15
  8
Layer_0
  10
126.01765
  20
188.17082
  0
SEQEND
  0
POLYLINE
  5
c17
  8
Layer_0
  62
7
  70
1
  66
1
  10
0
  20
0
  30
0
  0
VERTEX
  5
c17
  8
Layer_0
  10
124.50794
  20
187.49137
  0
VERTEX
  5
c18
  8
Layer_0
  10
124.75995
  20
187.62075
  0
VERTEX
  5
c19
  8
Layer_0
  10
124.9703
  20
187.7299
  0
VERTEX
  5
c1a
  8
Layer_0
  10
125.11694
  20
187.80748
  0
VERTEX
  5
c1b
  8
Layer_0
  10
125.17786
  20
187.84221
  42
0.44700666
  0
VERTEX
  5
c1c
  8
Layer_0
  10
125.1858
  20
187.96762
  0
VERTEX
  5
c1d
  8
Layer_0
  10
125.15601
  20
187.98246
  0
VERTEX
  5
c1e
  8
Layer_0
  10
125.10345
  20
187.98032
  0
VERTEX
  5
c1f
  8
Layer_0
  10
125.01547
  20
187.95914
  0
VERTEX
  5
c20
  8
Layer_0
  10
124.87941
  20
187.91682
  42
-0.0017582247
  0
VERTEX
  5
c21
  8
Layer_0
  10
123.84277
  20
187.58028
  0
VERTEX
  5
c22
  8
Layer_0
  10
123.7126
  20
187.539
  0
VERTEX
  5
c23
  8
Layer_0
  10
123.6364
  20
187.58662
  42
0.45852035
  0
VERTEX
  5
c24
  8
Layer_0
  10
122.91568
  20
187.37708
  42
0.23058941
  0
VERTEX
  5
c25
  8
Layer_0
  10
122.92203
  20
186.96274
  42
0.15559545
  0
VERTEX
  5
c26
  8
Layer_0
  10
123.15697
  20
186.73096
  42
0.24258982
  0
VERTEX
  5
c27
  8
Layer_0
  10
123.5729
  20
186.73096
  42
0.24005297
  0
VERTEX
  5
c28
  8
Layer_0
  10
123.8523
  20
187.09767
  0
VERTEX
  5
c29
  8
Layer_0
  10
123.86341
  20
187.16435
  0
VERTEX
  5
c2a
  8
Layer_0
  10
124.50794
  20
187.49138
  0
SEQEND
  0
POLYLINE
  5
c2c
  8
Layer_0
  62
7
  70
1
  66
1
  10
0
  20
0
  30
0
  0
VERTEX
  5
c2c
  8
Layer_0
  10
125.16199
  20
189.10904
  0
VERTEX
  5
c2d
  8
Layer_0
  10
125.33185
  20
189.2789
  0
VERTEX
  5
c2e
  8
Layer_0
  10
125.39536
  20
189.21698
  0
VERTEX
  5
c2f
  8
Layer_0
  10
125.4402
  20
189.17035
  0
VERTEX
  5
c30
  8
Layer_0
  10
125.45885
  20
189.14396
  0
VERTEX
  5
c31
  8
Layer_0
  10
125.3009
  20
188.97787
  0
VERTEX
  5
c32
  8
Layer_0
  10
125.12865
  20
188.81535
  0
VERTEX
  5
c33
  8
Layer_0
  10
125.10206
  20
188.83182
  0
VERTEX
  5
c34
  8
Layer_0
  10
125.05404
  20
188.87567
  0
VERTEX
  5
c35
  8
Layer_0
  10
124.99213
  20
188.93918
  0
SEQEND
  0
POLYLINE
  5
c37
  8
Layer_0
  62
7
  70
1
  66
1
  10
0
  20
0
  30
0
  0
VERTEX
  5
c37
  8
Layer_0
  10
120.96622
  20
187.0818
  0
VERTEX
  5
c38
  8
Layer_0
  10
120.96622
  20
187.17705
  0
VERTEX
  5
c39
  8
Layer_0
  10
120.96622
  20
187.27231
  0
VERTEX
  5
c3a
  8
Layer_0
  10
120.7281
  20
187.27231
  0
VERTEX
  5
c3b
  8
Layer_0
  10
120.48997
  20
187.27231
  0
VERTEX
  5
c3c
  8
Layer_0
  10
120.48997
  20
187.17705
  0
VERTEX
  5
c3d
  8
Layer_0
  10
120.48997
  20
187.0818
  0
VERTEX
  5
c3e
  8
Layer_0
  10
120.7281
  20
187.0818
  0
SEQEND
  0
POLYLINE
  5
c40
  8
Layer_0
  62
7
  70
1
  66
1
  10
0
  20
0
  30
0
  0
VERTEX
  5
c40
  8
Layer_0
  10
120.70588
  20
188.2883
  42
0.097386345
  0
VERTEX
  5
c41
  8
Layer_0
  10
120.68047
  20
188.20416
  0
VERTEX
  5
c42
  8
Layer_0
  10
120.70746
  20
188.17836
  0
VERTEX
  5
c43
  8
Layer_0
  10
120.77255
  20
188.14542
  42
-0.010763939
  0
VERTEX
  5
c44
  8
Layer_0
  10
120.91066
  20
188.08827
  0
VERTEX
  5
c45
  8
Layer_0
  10
121.03866
  20
188.03608
  0
VERTEX
  5
c46
  8
Layer_0
  10
121.10116
  20
188.01842
  0
VERTEX
  5
c47
  8
Layer_0
  10
121.14343
  20
188.08053
  0
VERTEX
  5
c48
  8
Layer_0
  10
121.1726
  20
188.17241
  42
0.32281286
  0
VERTEX
  5
c49
  8
Layer_0
  10
121.12974
  20
188.20575
  42
-0.0070304161
  0
VERTEX
  5
c4a
  8
Layer_0
  10
120.92972
  20
188.28671
  0
VERTEX
  5
c4b
  8
Layer_0
  10
120.81283
  20
188.33295
  0
VERTEX
  5
c4c
  8
Layer_0
  10
120.75191
  20
188.3518
  0
VERTEX
  5
c4d
  8
Layer_0
  10
120.73009
  20
188.33314
  0
VERTEX
  5
c4e
  8
Layer_0
  10
120.70588
  20
188.2883
  0
SEQEND
  0
POLYLINE
  5
c50
  8
Layer_0
  62
7
  70
1
  66
1
  10
0
  20
0
  30
0
  0
VERTEX
  5
c50
  8
Layer_0
  10
122.32036
  20
189.444
  0
VERTEX
  5
c51
  8
Layer_0
  10
122.27232
  20
189.55604
  0
VERTEX
  5
c52
  8
Layer_0
  10
122.23008
  20
189.66168
  0
VERTEX
  5
c53
  8
Layer_0
  10
122.20004
  20
189.74381
  0
VERTEX
  5
c54
  8
Layer_0
  10
122.1886
  20
189.78531
  0
VERTEX
  5
c55
  8
Layer_0
  10
122.20626
  20
189.80595
  0
VERTEX
  5
c56
  8
Layer_0
  10
122.24893
  20
189.83135
  0
VERTEX
  5
c57
  8
Layer_0
  10
122.32394
  20
189.85695
  0
VERTEX
  5
c58
  8
Layer_0
  10
122.35846
  20
189.84087
  0
VERTEX
  5
c59
  8
Layer_0
  10
122.44796
  20
189.63827
  0
VERTEX
  5
c5a
  8
Layer_0
  10
122.52198
  20
189.43924
  0
VERTEX
  5
c5b
  8
Layer_0
  10
122.49816
  20
189.41542
  0
VERTEX
  5
c5c
  8
Layer_0
  10
122.44101
  20
189.38685
  0
VERTEX
  5
c5d
  8
Layer_0
  10
122.36164
  20
189.35352
  0
VERTEX
  5
c5e
  8
Layer_0
  10
122.32037
  20
189.444
  0
SEQEND
  0
POLYLINE
  5
c60
  8
Layer_0
  62
7
  70
1
  66
1
  10
0
  20
0
  30
0
  0
VERTEX
  5
c60
  8
Layer_0
  10
121.39803
  20
189.27731
  0
VERTEX
  5
c61
  8
Layer_0
  10
121.32977
  20
189.21222
  0
VERTEX
  5
c62
  8
Layer_0
  10
121.25991
  20
189.14714
  0
VERTEX
  5
c63
  8
Layer_0
  10
121.42978
  20
188.97568
  0
VERTEX
  5
c64
  8
Layer_0
  10
121.60123
  20
188.80423
  0
VERTEX
  5
c65
  8
Layer_0
  10
121.6679
  20
188.8725
  0
VERTEX
  5
c66
  8
Layer_0
  10
121.73616
  20
188.93918
  0
VERTEX
  5
c67
  8
Layer_0
  10
121.5663
  20
189.10745
  0
SEQEND
  0
POLYLINE
  5
c69
  8
Layer_0
  62
7
  70
1
  66
1
  10
0
  20
0
  30
0
  0
VERTEX
  5
c69
  8
Layer_0
  10
123.36335
  20
189.57417
  0
VERTEX
  5
c6a
  8
Layer_0
  10
123.4586
  20
189.57417
  0
VERTEX
  5
c6b
  8
Layer_0
  10
123.4586
  20
189.8123
  0
VERTEX
  5
c6c
  8
Layer_0
  10
123.4586
  20
190.05042
  0
VERTEX
  5
c6d
  8
Layer_0
  10
123.36335
  20
190.05042
  0
VERTEX
  5
c6e
  8
Layer_0
  10
123.2681
  20
190.05042
  0
VERTEX
  5
c6f
  8
Layer_0
  10
123.2681
  20
189.8123
  0
VERTEX
  5
c70
  8
Layer_0
  10
123.2681
  20
189.57417
  0
SEQEND
  0
POLYLINE
  5
c72
  8
Layer_0
  62
7
  70
1
  66
1
  10
0
  20
0
  30
0
  0
VERTEX
  5
c72
  8
Layer_0
  10
124.39364
  20
189.85992
  0
VERTEX
  5
c73
  8
Layer_0
  10
124.37479
  20
189.84246
  0
VERTEX
  5
c74
  8
Layer_0
  10
124.35236
  20
189.80119
  42
-0.0084134155
  0
VERTEX
  5
c75
  8
Layer_0
  10
124.26664
  20
189.59799
  0
VERTEX
  5
c76
  8
Layer_0
  10
124.22318
  20
189.49222
  0
VERTEX
  5
c77
  8
Layer_0
  10
124.20473
  20
189.43765
  0
VERTEX
  5
c78
  8
Layer_0
  10
124.2849
  20
189.38725
  0
VERTEX
  5
c79
  8
Layer_0
  10
124.37459
  20
189.37256
  0
VERTEX
  5
c7a
  8
Layer_0
  10
124.46964
  20
189.58568
  0
VERTEX
  5
c7b
  8
Layer_0
  10
124.55398
  20
189.79166
  0
VERTEX
  5
c7c
  8
Layer_0
  10
124.48095
  20
189.82877
  0
SEQEND
  0
POLYLINE
  5
c7e
  8
Layer_0
  62
7
  70
1
  66
1
  10
0
  20
0
  30
0
  0
VERTEX
  5
c7e
  8
Layer_0
  10
289.70001
  20
211.323
  42
0.41421361
  0
VERTEX
  5
c7f
  8
Layer_0
  10
279.70001
  20
221.323
  0
VERTEX
  5
c80
  8
Layer_0
  10
120.30003
  20
221.32301
  42
0.41421356
  0
VERTEX
  5
c81
  8
Layer_0
  10
110.30003
  20
211.32301
  0
VERTEX
  5
c82
  8
Layer_0
  10
110.30003
  20
188.67702
  42
0.41421356
  0
VERTEX
  5
c83
  8
Layer_0
  10
120.30003
  20
178.67702
  0
VERTEX
  5
c84
  8
Layer_0
  10
279.70001
  20
178.677
  42
0.41421356
  0
VERTEX
  5
c85
  8
Layer_0
  10
289.70001
  20
188.677
  0
SEQEND
  0
POLYLINE
  5
c87
  8
Layer_0
  62
7
  70
1
  66
1
  10
0
  20
0
  30
0
  0
VERTEX
  5
c87
  8
Layer_0
  10
277.74466
  20
214.87271
  42
-0.027251264
  0
VERTEX
  5
c88
  8
Layer_0
  10
277.78192
  20
214.63503
  42
-0.033565331
  0
VERTEX
  5
c89
  8
Layer_0
  10
277.62988
  20
208.84134
  0
VERTEX
  5
c8a
  8
Layer_0
  10
277.51202
  20
207.68493
  0
VERTEX
  5
c8b
  8
Layer_0
  10
277.3677
  20
206.54682
  0
VERTEX
  5
c8c
  8
Layer_0
  10
277.19686
  20
205.42685
  0
VERTEX
  5
c8d
  8
Layer_0
  10
276.99942
  20
204.32487
  0
VERTEX
  5
c8e
  8
Layer_0
  10
276.77531
  20
203.24071
  0
VERTEX
  5
c8f
  8
Layer_0
  10
276.52448
  20
202.1742
  0
VERTEX
  5
c90
  8
Layer_0
  10
276.24685
  20
201.12519
  0
VERTEX
  5
c91
  8
Layer_0
  10
275.94234
  20
200.09351
  0
VERTEX
  5
c92
  8
Layer_0
  10
275.61091
  20
199.07901
  0
VERTEX
  5
c93
  8
Layer_0
  10
275.25247
  20
198.08151
  0
VERTEX
  5
c94
  8
Layer_0
  10
274.86695
  20
197.10086
  0
VERTEX
  5
c95
  8
Layer_0
  10
274.4543
  20
196.13689
  0
VERTEX
  5
c96
  8
Layer_0
  10
274.01444
  20
195.18944
  0
VERTEX
  5
c97
  8
Layer_0
  10
273.5473
  20
194.25835
  0
VERTEX
  5
c98
  8
Layer_0
  10
273.05282
  20
193.34346
  0
VERTEX
  5
c99
  8
Layer_0
  10
272.53093
  20
192.4446
  0
VERTEX
  5
c9a
  8
Layer_0
  10
272.53058
  20
192.444
  0
VERTEX
  5
c9b
  8
Layer_0
  10
272.53021
  20
192.44341
  42
-0.024671941
  0
VERTEX
  5
c9c
  8
Layer_0
  10
270.60236
  20
189.60687
  0
VERTEX
  5
c9d
  8
Layer_0
  10
269.91773
  20
188.72568
  0
VERTEX
  5
c9e
  8
Layer_0
  10
269.18627
  20
187.84783
  0
VERTEX
  5
c9f
  8
Layer_0
  10
268.41331
  20
186.97881
  0
VERTEX
  5
ca0
  8
Layer_0
  10
267.60419
  20
186.12408
  0
VERTEX
  5
ca1
  8
Layer_0
  10
266.76424
  20
185.2891
  0
VERTEX
  5
ca2
  8
Layer_0
  10
265.89879
  20
184.47934
  0
VERTEX
  5
ca3
  8
Layer_0
  10
265.01319
  20
183.70026
  0
VERTEX
  5
ca4
  8
Layer_0
  10
264.11277
  20
182.95733
  0
VERTEX
  5
ca5
  8
Layer_0
  10
264.1113
  20
182.95615
  42
0.004420824
  0
VERTEX
  5
ca6
  8
Layer_0
  10
263.42517
  20
182.40637
  0
VERTEX
  5
ca7
  8
Layer_0
  10
263.42108
  20
182.40305
  42
-0.015444989
  0
VERTEX
  5
ca8
  8
Layer_0
  10
262.0343
  20
181.39839
  42
-0.1460229
  0
VERTEX
  5
ca9
  8
Layer_0
  10
260.7074
  20
180.99597
  42
-0.14694269
  0
VERTEX
  5
caa
  8
Layer_0
  10
259.02869
  20
181.65341
  0
VERTEX
  5
cab
  8
Layer_0
  10
258.96625
  20
181.69693
  42
-0.014601655
  0
VERTEX
  5
cac
  8
Layer_0
  10
256.75385
  20
183.42758
  0
VERTEX
  5
cad
  8
Layer_0
  10
256.72305
  20
183.45496
  42
0.0037105195
  0
VERTEX
  5
cae
  8
Layer_0
  10
256.25598
  20
183.85663
  42
-0.032160386
  0
VERTEX
  5
caf
  8
Layer_0
  10
253.07169
  20
186.91995
  42
-0.024711644
  0
VERTEX
  5
cb0
  8
Layer_0
  10
250.9778
  20
189.41553
  0
VERTEX
  5
cb1
  8
Layer_0
  10
250.97328
  20
189.42154
  42
0.0074555885
  0
VERTEX
  5
cb2
  8
Layer_0
  10
250.70602
  20
189.77231
  0
VERTEX
  5
cb3
  8
Layer_0
  10
250.6981
  20
189.7825
  0
VERTEX
  5
cb4
  8
Layer_0
  10
250.69032
  20
189.79251
  0
VERTEX
  5
cb5
  8
Layer_0
  10
250.68839
  20
189.79507
  42
-0.051476482
  0
VERTEX
  5
cb6
  8
Layer_0
  10
247.61147
  20
194.82033
  42
-0.00072033781
  0
VERTEX
  5
cb7
  8
Layer_0
  10
247.19725
  20
195.6916
  0
VERTEX
  5
cb8
  8
Layer_0
  10
247.19707
  20
195.69201
  0
VERTEX
  5
cb9
  8
Layer_0
  10
247.19688
  20
195.6924
  42
-0.037105063
  0
VERTEX
  5
cba
  8
Layer_0
  10
245.20615
  20
201.09991
  0
VERTEX
  5
cbb
  8
Layer_0
  10
245.1703
  20
201.22913
  42
-0.064001211
  0
VERTEX
  5
cbc
  8
Layer_0
  10
243.62511
  20
212.78206
  0
VERTEX
  5
cbd
  8
Layer_0
  10
243.62376
  20
213.08647
  42
-0.0054669226
  0
VERTEX
  5
cbe
  8
Layer_0
  10
243.63031
  20
213.85864
  42
-0.11599447
  0
VERTEX
  5
cbf
  8
Layer_0
  10
243.95129
  20
215.58362
  0
VERTEX
  5
cc0
  8
Layer_0
  10
243.97205
  20
215.62584
  42
-0.083043019
  0
VERTEX
  5
cc1
  8
Layer_0
  10
244.40326
  20
216.2253
  0
VERTEX
  5
cc2
  8
Layer_0
  10
244.58774
  20
216.38897
  0
VERTEX
  5
cc3
  8
Layer_0
  10
244.79527
  20
216.54047
  0
VERTEX
  5
cc4
  8
Layer_0
  10
245.03002
  20
216.68354
  0
VERTEX
  5
cc5
  8
Layer_0
  10
245.29615
  20
216.8219
  0
VERTEX
  5
cc6
  8
Layer_0
  10
245.59783
  20
216.9593
  0
VERTEX
  5
cc7
  8
Layer_0
  10
245.93921
  20
217.09946
  0
VERTEX
  5
cc8
  8
Layer_0
  10
246.32448
  20
217.24613
  0
VERTEX
  5
cc9
  8
Layer_0
  10
246.75778
  20
217.40304
  0
VERTEX
  5
cca
  8
Layer_0
  10
247.93744
  20
217.79237
  0
VERTEX
  5
ccb
  8
Layer_0
  10
249.1847
  20
218.14354
  0
VERTEX
  5
ccc
  8
Layer_0
  10
250.49632
  20
218.45623
  0
VERTEX
  5
ccd
  8
Layer_0
  10
251.8691
  20
218.73012
  0
VERTEX
  5
cce
  8
Layer_0
  10
253.29981
  20
218.9649
  0
VERTEX
  5
ccf
  8
Layer_0
  10
254.78522
  20
219.16026
  0
VERTEX
  5
cd0
  8
Layer_0
  10
256.32212
  20
219.31589
  0
VERTEX
  5
cd1
  8
Layer_0
  10
257.90727
  20
219.43147
  0
VERTEX
  5
cd2
  8
Layer_0
  10
258.12428
  20
219.4423
  0
VERTEX
  5
cd3
  8
Layer_0
  10
258.3889
  20
219.45179
  0
VERTEX
  5
cd4
  8
Layer_0
  10
258.69443
  20
219.45991
  0
VERTEX
  5
cd5
  8
Layer_0
  10
259.03419
  20
219.46666
  0
VERTEX
  5
cd6
  8
Layer_0
  10
259.78961
  20
219.47599
  0
VERTEX
  5
cd7
  8
Layer_0
  10
260.60164
  20
219.47969
  0
VERTEX
  5
cd8
  8
Layer_0
  10
261.41677
  20
219.47767
  0
VERTEX
  5
cd9
  8
Layer_0
  10
262.18146
  20
219.46985
  0
VERTEX
  5
cda
  8
Layer_0
  10
262.52817
  20
219.46373
  0
VERTEX
  5
cdb
  8
Layer_0
  10
262.8422
  20
219.45612
  0
VERTEX
  5
cdc
  8
Layer_0
  10
263.11686
  20
219.44701
  0
VERTEX
  5
cdd
  8
Layer_0
  10
263.34546
  20
219.4364
  0
VERTEX
  5
cde
  8
Layer_0
  10
264.73195
  20
219.34665
  0
VERTEX
  5
cdf
  8
Layer_0
  10
266.0684
  20
219.22804
  0
VERTEX
  5
ce0
  8
Layer_0
  10
267.35891
  20
219.07975
  0
VERTEX
  5
ce1
  8
Layer_0
  10
268.60758
  20
218.90096
  0
VERTEX
  5
ce2
  8
Layer_0
  10
269.81852
  20
218.69083
  0
VERTEX
  5
ce3
  8
Layer_0
  10
270.99585
  20
218.44854
  0
VERTEX
  5
ce4
  8
Layer_0
  10
272.14366
  20
218.17328
  0
VERTEX
  5
ce5
  8
Layer_0
  10
273.26607
  20
217.8642
  0
VERTEX
  5
ce6
  8
Layer_0
  10
273.26648
  20
217.86407
  42
-0.0042214492
  0
VERTEX
  5
ce7
  8
Layer_0
  10
273.78738
  20
217.70534
  42
-0.049256697
  0
VERTEX
  5
ce8
  8
Layer_0
  10
276.53687
  20
216.62166
  0
VERTEX
  5
ce9
  8
Layer_0
  10
276.76246
  20
216.46878
  0
VERTEX
  5
cea
  8
Layer_0
  10
276.96817
  20
216.29441
  0
VERTEX
  5
ceb
  8
Layer_0
  10
277.1533
  20
216.09991
  0
VERTEX
  5
cec
  8
Layer_0
  10
277.31711
  20
215.88663
  0
VERTEX
  5
ced
  8
Layer_0
  10
277.45887
  20
215.65592
  0
VERTEX
  5
cee
  8
Layer_0
  10
277.57787
  20
215.40913
  0
VERTEX
  5
cef
  8
Layer_0
  10
277.67338
  20
215.14761
  0
VERTEX
  5
cf0
  8
Layer_0
  10
277.74466
  20
214.87272
  0
SEQEND
  0
POLYLINE
  5
cf2
  8
Layer_0
  62
7
  70
1
  66
1
  10
0
  20
0
  30
0
  0
VERTEX
  5
cf2
  8
Layer_0
  10
261.77081
  20
181.82571
  42
0.030947504
  0
VERTEX
  5
cf3
  8
Layer_0
  10
263.10434
  20
182.7925
  42
-0.0049465236
  0
VERTEX
  5
cf4
  8
Layer_0
  10
263.79965
  20
183.34972
  0
VERTEX
  5
cf5
  8
Layer_0
  10
264.68746
  20
184.08234
  0
VERTEX
  5
cf6
  8
Layer_0
  10
265.56126
  20
184.85124
  0
VERTEX
  5
cf7
  8
Layer_0
  10
266.41552
  20
185.65073
  0
VERTEX
  5
cf8
  8
Layer_0
  10
267.24473
  20
186.4751
  0
VERTEX
  5
cf9
  8
Layer_0
  10
268.04335
  20
187.31868
  0
VERTEX
  5
cfa
  8
Layer_0
  10
268.80586
  20
188.17576
  0
VERTEX
  5
cfb
  8
Layer_0
  10
269.52673
  20
189.04066
  0
VERTEX
  5
cfc
  8
Layer_0
  10
270.20045
  20
189.90767
  42
0.024675534
  0
VERTEX
  5
cfd
  8
Layer_0
  10
272.10071
  20
192.70326
  0
VERTEX
  5
cfe
  8
Layer_0
  10
272.61494
  20
193.5889
  0
VERTEX
  5
cff
  8
Layer_0
  10
273.10224
  20
194.49036
  0
VERTEX
  5
d00
  8
Layer_0
  10
273.56265
  20
195.40786
  0
VERTEX
  5
d01
  8
Layer_0
  10
273.99624
  20
196.34159
  0
VERTEX
  5
d02
  8
Layer_0
  10
274.40307
  20
197.29175
  0
VERTEX
  5
d03
  8
Layer_0
  10
274.7832
  20
198.25856
  0
VERTEX
  5
d04
  8
Layer_0
  10
275.13669
  20
199.24221
  0
VERTEX
  5
d05
  8
Layer_0
  10
275.46361
  20
200.24289
  0
VERTEX
  5
d06
  8
Layer_0
  10
275.76402
  20
201.26083
  0
VERTEX
  5
d07
  8
Layer_0
  10
276.03798
  20
202.29621
  0
VERTEX
  5
d08
  8
Layer_0
  10
276.28556
  20
203.34924
  0
VERTEX
  5
d09
  8
Layer_0
  10
276.50682
  20
204.42013
  0
VERTEX
  5
d0a
  8
Layer_0
  10
276.70182
  20
205.50907
  0
VERTEX
  5
d0b
  8
Layer_0
  10
276.87063
  20
206.61626
  0
VERTEX
  5
d0c
  8
Layer_0
  10
277.0133
  20
207.74192
  0
VERTEX
  5
d0d
  8
Layer_0
  10
277.1299
  20
208.88624
  0
VERTEX
  5
d0e
  8
Layer_0
  10
277.24836
  20
210.6116
  0
VERTEX
  5
d0f
  8
Layer_0
  10
277.31325
  20
212.39144
  0
VERTEX
  5
d10
  8
Layer_0
  10
277.32026
  20
212.80546
  0
VERTEX
  5
d11
  8
Layer_0
  10
277.32337
  20
213.19658
  0
VERTEX
  5
d12
  8
Layer_0
  10
277.32246
  20
213.55954
  0
VERTEX
  5
d13
  8
Layer_0
  10
277.31742
  20
213.88909
  0
VERTEX
  5
d14
  8
Layer_0
  10
277.30814
  20
214.17997
  0
VERTEX
  5
d15
  8
Layer_0
  10
277.2945
  20
214.4269
  0
VERTEX
  5
d16
  8
Layer_0
  10
277.2764
  20
214.62464
  0
VERTEX
  5
d17
  8
Layer_0
  10
277.25372
  20
214.76792
  0
VERTEX
  5
d18
  8
Layer_0
  10
277.11725
  20
215.21612
  0
VERTEX
  5
d19
  8
Layer_0
  10
276.90844
  20
215.60315
  0
VERTEX
  5
d1a
  8
Layer_0
  10
276.6282
  20
215.92856
  0
VERTEX
  5
d1b
  8
Layer_0
  10
276.2774
  20
216.19191
  0
VERTEX
  5
d1c
  8
Layer_0
  10
276.05384
  20
216.31378
  0
VERTEX
  5
d1d
  8
Layer_0
  10
275.7667
  20
216.44894
  0
VERTEX
  5
d1e
  8
Layer_0
  10
275.42342
  20
216.59459
  0
VERTEX
  5
d1f
  8
Layer_0
  10
275.03142
  20
216.74793
  0
VERTEX
  5
d20
  8
Layer_0
  10
274.59811
  20
216.90619
  0
VERTEX
  5
d21
  8
Layer_0
  10
274.13093
  20
217.06657
  0
VERTEX
  5
d22
  8
Layer_0
  10
273.6373
  20
217.22629
  0
VERTEX
  5
d23
  8
Layer_0
  10
273.12463
  20
217.38254
  0
VERTEX
  5
d24
  8
Layer_0
  10
272.01843
  20
217.68717
  0
VERTEX
  5
d25
  8
Layer_0
  10
270.88655
  20
217.95865
  0
VERTEX
  5
d26
  8
Layer_0
  10
269.72476
  20
218.19776
  0
VERTEX
  5
d27
  8
Layer_0
  10
268.52882
  20
218.40528
  0
VERTEX
  5
d28
  8
Layer_0
  10
267.29448
  20
218.582
  0
VERTEX
  5
d29
  8
Layer_0
  10
266.01749
  20
218.72869
  0
VERTEX
  5
d2a
  8
Layer_0
  10
264.69363
  20
218.84613
  0
VERTEX
  5
d2b
  8
Layer_0
  10
263.31865
  20
218.93511
  0
VERTEX
  5
d2c
  8
Layer_0
  10
263.10067
  20
218.94511
  0
VERTEX
  5
d2d
  8
Layer_0
  10
262.83366
  20
218.95366
  0
VERTEX
  5
d2e
  8
Layer_0
  10
262.52476
  20
218.96079
  0
VERTEX
  5
d2f
  8
Layer_0
  10
262.18108
  20
218.96652
  0
VERTEX
  5
d30
  8
Layer_0
  10
261.41788
  20
218.97379
  0
VERTEX
  5
d31
  8
Layer_0
  10
260.60105
  20
218.97559
  0
VERTEX
  5
d32
  8
Layer_0
  10
259.78756
  20
218.97204
  0
VERTEX
  5
d33
  8
Layer_0
  10
259.03441
  20
218.96324
  0
VERTEX
  5
d34
  8
Layer_0
  10
258.69826
  20
218.95691
  0
VERTEX
  5
d35
  8
Layer_0
  10
258.39857
  20
218.94931
  0
VERTEX
  5
d36
  8
Layer_0
  10
258.14245
  20
218.94045
  0
VERTEX
  5
d37
  8
Layer_0
  10
257.93703
  20
218.93035
  0
VERTEX
  5
d38
  8
Layer_0
  10
256.36552
  20
218.81569
  0
VERTEX
  5
d39
  8
Layer_0
  10
254.84296
  20
218.66134
  0
VERTEX
  5
d3a
  8
Layer_0
  10
253.37276
  20
218.46782
  0
VERTEX
  5
d3b
  8
Layer_0
  10
251.9583
  20
218.23562
  0
VERTEX
  5
d3c
  8
Layer_0
  10
250.60301
  20
217.96525
  0
VERTEX
  5
d3d
  8
Layer_0
  10
249.31027
  20
217.6572
  0
VERTEX
  5
d3e
  8
Layer_0
  10
248.08351
  20
217.31199
  0
VERTEX
  5
d3f
  8
Layer_0
  10
246.92612
  20
216.9301
  0
VERTEX
  5
d40
  8
Layer_0
  10
246.62355
  20
216.82085
  0
VERTEX
  5
d41
  8
Layer_0
  10
246.34713
  20
216.71752
  0
VERTEX
  5
d42
  8
Layer_0
  10
246.09541
  20
216.61924
  0
VERTEX
  5
d43
  8
Layer_0
  10
245.86698
  20
216.52514
  0
VERTEX
  5
d44
  8
Layer_0
  10
245.47423
  20
216.34593
  0
VERTEX
  5
d45
  8
Layer_0
  10
245.15744
  20
216.17286
  0
VERTEX
  5
d46
  8
Layer_0
  10
244.90517
  20
215.9989
  0
VERTEX
  5
d47
  8
Layer_0
  10
244.70598
  20
215.81702
  0
VERTEX
  5
d48
  8
Layer_0
  10
244.54842
  20
215.62017
  0
VERTEX
  5
d49
  8
Layer_0
  10
244.42105
  20
215.40134
  0
VERTEX
  5
d4a
  8
Layer_0
  10
244.26843
  20
215.035
  0
VERTEX
  5
d4b
  8
Layer_0
  10
244.17876
  20
214.61017
  0
VERTEX
  5
d4c
  8
Layer_0
  10
244.15265
  20
214.33689
  0
VERTEX
  5
d4d
  8
Layer_0
  10
244.13642
  20
214.00228
  0
VERTEX
  5
d4e
  8
Layer_0
  10
244.12811
  20
213.59076
  0
VERTEX
  5
d4f
  8
Layer_0
  10
244.12578
  20
213.08677
  0
VERTEX
  5
d50
  8
Layer_0
  10
244.15181
  20
211.58087
  0
VERTEX
  5
d51
  8
Layer_0
  10
244.22601
  20
210.07731
  0
VERTEX
  5
d52
  8
Layer_0
  10
244.34787
  20
208.58068
  0
VERTEX
  5
d53
  8
Layer_0
  10
244.51689
  20
207.09554
  0
VERTEX
  5
d54
  8
Layer_0
  10
244.73257
  20
205.62648
  0
VERTEX
  5
d55
  8
Layer_0
  10
244.9944
  20
204.17806
  0
VERTEX
  5
d56
  8
Layer_0
  10
245.30189
  20
202.75487
  0
VERTEX
  5
d57
  8
Layer_0
  10
245.65452
  20
201.36149
  0
VERTEX
  5
d58
  8
Layer_0
  10
245.84419
  20
200.70623
  0
VERTEX
  5
d59
  8
Layer_0
  10
246.06545
  20
200.0038
  0
VERTEX
  5
d5a
  8
Layer_0
  10
246.31103
  20
199.27404
  0
VERTEX
  5
d5b
  8
Layer_0
  10
246.5737
  20
198.53673
  0
VERTEX
  5
d5c
  8
Layer_0
  10
246.84618
  20
197.81171
  0
VERTEX
  5
d5d
  8
Layer_0
  10
247.12124
  20
197.11877
  0
VERTEX
  5
d5e
  8
Layer_0
  10
247.3916
  20
196.47774
  0
VERTEX
  5
d5f
  8
Layer_0
  10
247.65002
  20
195.90843
  42
0.00079680301
  0
VERTEX
  5
d60
  8
Layer_0
  10
248.06436
  20
195.0369
  0
VERTEX
  5
d61
  8
Layer_0
  10
248.33924
  20
194.48733
  0
VERTEX
  5
d62
  8
Layer_0
  10
248.67217
  20
193.87209
  0
VERTEX
  5
d63
  8
Layer_0
  10
249.04885
  20
193.21431
  0
VERTEX
  5
d64
  8
Layer_0
  10
249.45501
  20
192.53717
  0
VERTEX
  5
d65
  8
Layer_0
  10
249.87634
  20
191.86383
  0
VERTEX
  5
d66
  8
Layer_0
  10
250.29857
  20
191.21744
  0
VERTEX
  5
d67
  8
Layer_0
  10
250.7074
  20
190.62117
  0
VERTEX
  5
d68
  8
Layer_0
  10
251.08854
  20
190.09818
  42
-0.011600565
  0
VERTEX
  5
d69
  8
Layer_0
  10
251.37906
  20
189.71718
  42
0.024713335
  0
VERTEX
  5
d6a
  8
Layer_0
  10
253.44122
  20
187.25974
  42
0.032182319
  0
VERTEX
  5
d6b
  8
Layer_0
  10
256.57971
  20
184.2403
  42
-0.0037219345
  0
VERTEX
  5
d6c
  8
Layer_0
  10
257.05597
  20
183.83072
  0
VERTEX
  5
d6d
  8
Layer_0
  10
258.10787
  20
182.98121
  0
VERTEX
  5
d6e
  8
Layer_0
  10
259.25624
  20
182.1067
  0
VERTEX
  5
d6f
  8
Layer_0
  10
259.62135
  20
181.86862
  0
VERTEX
  5
d70
  8
Layer_0
  10
259.95989
  20
181.68976
  0
VERTEX
  5
d71
  8
Layer_0
  10
260.2779
  20
181.5695
  0
VERTEX
  5
d72
  8
Layer_0
  10
260.58139
  20
181.50722
  0
VERTEX
  5
d73
  8
Layer_0
  10
260.87641
  20
181.50232
  0
VERTEX
  5
d74
  8
Layer_0
  10
261.16897
  20
181.55418
  0
VERTEX
  5
d75
  8
Layer_0
  10
261.4651
  20
181.66218
  0
VERTEX
  5
d76
  8
Layer_0
  10
261.77082
  20
181.82571
  0
SEQEND
  0
POLYLINE
  5
d78
  8
Layer_0
  62
7
  70
1
  66
1
  10
0
  20
0
  30
0
  0
VERTEX
  5
d78
  8
Layer_0
  10
268.15735
  20
201.11383
  42
-0.033578912
  0
VERTEX
  5
d79
  8
Layer_0
  10
268.28119
  20
201.45198
  0
VERTEX
  5
d7a
  8
Layer_0
  10
268.38192
  20
201.75938
  0
VERTEX
  5
d7b
  8
Layer_0
  10
268.39071
  20
202.07527
  0
VERTEX
  5
d7c
  8
Layer_0
  10
268.35698
  20
202.26695
  0
VERTEX
  5
d7d
  8
Layer_0
  10
268.2959
  20
202.49742
  0
VERTEX
  5
d7e
  8
Layer_0
  10
268.20603
  20
202.7789
  0
VERTEX
  5
d7f
  8
Layer_0
  10
268.08591
  20
203.12361
  0
VERTEX
  5
d80
  8
Layer_0
  10
267.98307
  20
203.47328
  0
VERTEX
  5
d81
  8
Layer_0
  10
267.94542
  20
203.79215
  0
VERTEX
  5
d82
  8
Layer_0
  10
267.97206
  20
204.13155
  0
VERTEX
  5
d83
  8
Layer_0
  10
268.0621
  20
204.54284
  0
VERTEX
  5
d84
  8
Layer_0
  10
268.09988
  20
204.69675
  0
VERTEX
  5
d85
  8
Layer_0
  10
268.12773
  20
204.8178
  0
VERTEX
  5
d86
  8
Layer_0
  10
268.14598
  20
204.91462
  0
VERTEX
  5
d87
  8
Layer_0
  10
268.15496
  20
204.99587
  0
VERTEX
  5
d88
  8
Layer_0
  10
268.14648
  20
205.14626
  0
VERTEX
  5
d89
  8
Layer_0
  10
268.10496
  20
205.33818
  0
VERTEX
  5
d8a
  8
Layer_0
  10
268.01112
  20
205.64784
  0
VERTEX
  5
d8b
  8
Layer_0
  10
267.87926
  20
205.93758
  0
VERTEX
  5
d8c
  8
Layer_0
  10
267.71426
  20
206.20221
  0
VERTEX
  5
d8d
  8
Layer_0
  10
267.52096
  20
206.43653
  0
VERTEX
  5
d8e
  8
Layer_0
  10
267.30422
  20
206.63535
  0
VERTEX
  5
d8f
  8
Layer_0
  10
267.06889
  20
206.79349
  0
VERTEX
  5
d90
  8
Layer_0
  10
266.81983
  20
206.90575
  0
VERTEX
  5
d91
  8
Layer_0
  10
266.5619
  20
206.96695
  0
VERTEX
  5
d92
  8
Layer_0
  10
266.44238
  20
206.97981
  0
VERTEX
  5
d93
  8
Layer_0
  10
266.35488
  20
206.98146
  0
VERTEX
  5
d94
  8
Layer_0
  10
266.29887
  20
206.97005
  0
VERTEX
  5
d95
  8
Layer_0
  10
266.27377
  20
206.94373
  0
VERTEX
  5
d96
  8
Layer_0
  10
266.27904
  20
206.90067
  0
VERTEX
  5
d97
  8
Layer_0
  10
266.31411
  20
206.83903
  0
VERTEX
  5
d98
  8
Layer_0
  10
266.37842
  20
206.75696
  0
VERTEX
  5
d99
  8
Layer_0
  10
266.47142
  20
206.65262
  42
-0.20594704
  0
VERTEX
  5
d9a
  8
Layer_0
  10
267.02386
  20
205.08575
  0
VERTEX
  5
d9b
  8
Layer_0
  10
266.99098
  20
204.80306
  0
VERTEX
  5
d9c
  8
Layer_0
  10
266.92862
  20
204.57796
  0
VERTEX
  5
d9d
  8
Layer_0
  10
266.83768
  20
204.41269
  0
VERTEX
  5
d9e
  8
Layer_0
  10
266.71907
  20
204.30947
  0
VERTEX
  5
d9f
  8
Layer_0
  10
266.64815
  20
204.27844
  0
VERTEX
  5
da0
  8
Layer_0
  10
266.58751
  20
204.27197
  0
VERTEX
  5
da1
  8
Layer_0
  10
266.51882
  20
204.29139
  0
VERTEX
  5
da2
  8
Layer_0
  10
266.4238
  20
204.33805
  0
VERTEX
  5
da3
  8
Layer_0
  10
266.32816
  20
204.40157
  0
VERTEX
  5
da4
  8
Layer_0
  10
266.23196
  20
204.48814
  0
VERTEX
  5
da5
  8
Layer_0
  10
266.13196
  20
204.60251
  0
VERTEX
  5
da6
  8
Layer_0
  10
266.02494
  20
204.74941
  0
VERTEX
  5
da7
  8
Layer_0
  10
265.90764
  20
204.9336
  0
VERTEX
  5
da8
  8
Layer_0
  10
265.77684
  20
205.1598
  0
VERTEX
  5
da9
  8
Layer_0
  10
265.6293
  20
205.43278
  0
VERTEX
  5
daa
  8
Layer_0
  10
265.46178
  20
205.75728
  0
VERTEX
  5
dab
  8
Layer_0
  10
265.30019
  20
206.06976
  0
VERTEX
  5
dac
  8
Layer_0
  10
265.15578
  20
206.3319
  0
VERTEX
  5
dad
  8
Layer_0
  10
265.02478
  20
206.54872
  0
VERTEX
  5
dae
  8
Layer_0
  10
264.90337
  20
206.72525
  0
VERTEX
  5
daf
  8
Layer_0
  10
264.78777
  20
206.86651
  0
VERTEX
  5
db0
  8
Layer_0
  10
264.67417
  20
206.97752
  0
VERTEX
  5
db1
  8
Layer_0
  10
264.55879
  20
207.0633
  0
VERTEX
  5
db2
  8
Layer_0
  10
264.43783
  20
207.12888
  0
VERTEX
  5
db3
  8
Layer_0
  10
264.27755
  20
207.19317
  0
VERTEX
  5
db4
  8
Layer_0
  10
264.16637
  20
207.2146
  0
VERTEX
  5
db5
  8
Layer_0
  10
264.10163
  20
207.19317
  0
VERTEX
  5
db6
  8
Layer_0
  10
264.08064
  20
207.12888
  0
VERTEX
  5
db7
  8
Layer_0
  10
264.09374
  20
207.05268
  0
VERTEX
  5
db8
  8
Layer_0
  10
264.12826
  20
207.00505
  0
VERTEX
  5
db9
  8
Layer_0
  10
264.17268
  20
206.95259
  0
VERTEX
  5
dba
  8
Layer_0
  10
264.24696
  20
206.83717
  0
VERTEX
  5
dbb
  8
Layer_0
  10
264.343
  20
206.67354
  0
VERTEX
  5
dbc
  8
Layer_0
  10
264.45272
  20
206.47641
  0
VERTEX
  5
dbd
  8
Layer_0
  10
264.68079
  20
206.04064
  0
VERTEX
  5
dbe
  8
Layer_0
  10
264.86645
  20
205.64774
  42
0.0016252538
  0
VERTEX
  5
dbf
  8
Layer_0
  10
265.12842
  20
205.05243
  0
VERTEX
  5
dc0
  8
Layer_0
  10
265.20569
  20
204.86431
  0
VERTEX
  5
dc1
  8
Layer_0
  10
265.29486
  20
204.62797
  0
VERTEX
  5
dc2
  8
Layer_0
  10
265.3962
  20
204.34251
  0
VERTEX
  5
dc3
  8
Layer_0
  10
265.50999
  20
204.00706
  0
VERTEX
  5
dc4
  8
Layer_0
  10
265.6365
  20
203.6207
  0
VERTEX
  5
dc5
  8
Layer_0
  10
265.77602
  20
203.18255
  0
VERTEX
  5
dc6
  8
Layer_0
  10
265.92882
  20
202.69171
  0
VERTEX
  5
dc7
  8
Layer_0
  10
266.09518
  20
202.1473
  0
VERTEX
  5
dc8
  8
Layer_0
  10
266.20947
  20
201.7663
  0
VERTEX
  5
dc9
  8
Layer_0
  10
266.07135
  20
201.75201
  0
VERTEX
  5
dca
  8
Layer_0
  10
265.9369
  20
201.74896
  0
VERTEX
  5
dcb
  8
Layer_0
  10
265.8386
  20
201.79547
  0
VERTEX
  5
dcc
  8
Layer_0
  10
265.79199
  20
201.84666
  0
VERTEX
  5
dcd
  8
Layer_0
  10
265.74119
  20
201.92145
  0
VERTEX
  5
dce
  8
Layer_0
  10
265.6818
  20
202.0236
  0
VERTEX
  5
dcf
  8
Layer_0
  10
265.6094
  20
202.15683
  0
VERTEX
  5
dd0
  8
Layer_0
  10
265.33296
  20
202.64885
  0
VERTEX
  5
dd1
  8
Layer_0
  10
265.05874
  20
203.10694
  0
VERTEX
  5
dd2
  8
Layer_0
  10
264.93154
  20
203.3082
  0
VERTEX
  5
dd3
  8
Layer_0
  10
264.81578
  20
203.48288
  0
VERTEX
  5
dd4
  8
Layer_0
  10
264.71509
  20
203.62498
  0
VERTEX
  5
dd5
  8
Layer_0
  10
264.6331
  20
203.72845
  0
VERTEX
  5
dd6
  8
Layer_0
  10
264.40532
  20
203.92781
  0
VERTEX
  5
dd7
  8
Layer_0
  10
264.15744
  20
204.04813
  0
VERTEX
  5
dd8
  8
Layer_0
  10
264.03588
  20
204.07573
  0
VERTEX
  5
dd9
  8
Layer_0
  10
263.92118
  20
204.08006
  0
VERTEX
  5
dda
  8
Layer_0
  10
263.81731
  20
204.05994
  0
VERTEX
  5
ddb
  8
Layer_0
  10
263.72822
  20
204.0142
  0
VERTEX
  5
ddc
  8
Layer_0
  10
263.66817
  20
203.93845
  0
VERTEX
  5
ddd
  8
Layer_0
  10
263.68
  20
203.84751
  0
VERTEX
  5
dde
  8
Layer_0
  10
263.76237
  20
203.74229
  0
VERTEX
  5
ddf
  8
Layer_0
  10
263.91395
  20
203.62368
  0
VERTEX
  5
de0
  8
Layer_0
  10
264.05995
  20
203.50603
  0
VERTEX
  5
de1
  8
Layer_0
  10
264.12112
  20
203.39329
  0
VERTEX
  5
de2
  8
Layer_0
  10
264.10014
  20
203.27073
  0
VERTEX
  5
de3
  8
Layer_0
  10
263.99968
  20
203.12361
  0
VERTEX
  5
de4
  8
Layer_0
  10
263.90971
  20
202.97077
  0
VERTEX
  5
de5
  8
Layer_0
  10
263.91217
  20
202.84024
  0
VERTEX
  5
de6
  8
Layer_0
  10
264.00839
  20
202.73115
  0
VERTEX
  5
de7
  8
Layer_0
  10
264.19971
  20
202.6426
  42
-0.11915496
  0
VERTEX
  5
de8
  8
Layer_0
  10
264.58545
  20
202.41876
  0
VERTEX
  5
de9
  8
Layer_0
  10
264.7151
  20
202.24411
  0
VERTEX
  5
dea
  8
Layer_0
  10
264.86884
  20
201.97883
  0
VERTEX
  5
deb
  8
Layer_0
  10
265.01543
  20
201.67872
  0
VERTEX
  5
dec
  8
Layer_0
  10
265.12362
  20
201.39959
  0
VERTEX
  5
ded
  8
Layer_0
  10
265.17482
  20
201.28246
  0
VERTEX
  5
dee
  8
Layer_0
  10
265.27603
  20
201.21623
  0
VERTEX
  5
def
  8
Layer_0
  10
265.36771
  20
201.19523
  0
VERTEX
  5
df0
  8
Layer_0
  10
265.49868
  20
201.17858
  0
VERTEX
  5
df1
  8
Layer_0
  10
265.67787
  20
201.16349
  0
VERTEX
  5
df2
  8
Layer_0
  10
265.91421
  20
201.14717
  42
-0.10317835
  0
VERTEX
  5
df3
  8
Layer_0
  10
267.78113
  20
200.62807
  42
0.11644143
  0
VERTEX
  5
df4
  8
Layer_0
  10
268.23355
  20
200.50424
  0
VERTEX
  5
df5
  8
Layer_0
  10
268.61589
  20
200.46428
  0
VERTEX
  5
df6
  8
Layer_0
  10
268.95983
  20
200.35243
  0
VERTEX
  5
df7
  8
Layer_0
  10
269.26091
  20
200.17004
  0
VERTEX
  5
df8
  8
Layer_0
  10
269.51466
  20
199.91845
  42
0.030347892
  0
VERTEX
  5
df9
  8
Layer_0
  10
269.99091
  20
199.39934
  0
VERTEX
  5
dfa
  8
Layer_0
  10
270.16823
  20
199.23581
  0
VERTEX
  5
dfb
  8
Layer_0
  10
270.34155
  20
199.10912
  0
VERTEX
  5
dfc
  8
Layer_0
  10
270.51397
  20
199.0186
  0
VERTEX
  5
dfd
  8
Layer_0
  10
270.68862
  20
198.96357
  0
VERTEX
  5
dfe
  8
Layer_0
  10
270.86862
  20
198.94337
  0
VERTEX
  5
dff
  8
Layer_0
  10
271.05711
  20
198.95732
  0
VERTEX
  5
e00
  8
Layer_0
  10
271.25721
  20
199.00476
  0
VERTEX
  5
e01
  8
Layer_0
  10
271.47204
  20
199.08501
  0
VERTEX
  5
e02
  8
Layer_0
  10
271.64349
  20
199.14573
  0
VERTEX
  5
e03
  8
Layer_0
  10
271.72922
  20
199.15645
  0
VERTEX
  5
e04
  8
Layer_0
  10
271.73016
  20
199.12459
  0
VERTEX
  5
e05
  8
Layer_0
  10
271.69477
  20
199.07214
  0
VERTEX
  5
e06
  8
Layer_0
  10
271.63002
  20
199.00484
  0
VERTEX
  5
e07
  8
Layer_0
  10
271.54289
  20
198.92844
  0
VERTEX
  5
e08
  8
Layer_0
  10
271.32939
  20
198.77136
  0
VERTEX
  5
e09
  8
Layer_0
  10
271.11009
  20
198.64686
  0
VERTEX
  5
e0a
  8
Layer_0
  10
270.83259
  20
198.54462
  0
VERTEX
  5
e0b
  8
Layer_0
  10
270.5537
  20
198.48791
  0
VERTEX
  5
e0c
  8
Layer_0
  10
270.27335
  20
198.47675
  0
VERTEX
  5
e0d
  8
Layer_0
  10
269.9915
  20
198.51113
  0
VERTEX
  5
e0e
  8
Layer_0
  10
269.70809
  20
198.59105
  0
VERTEX
  5
e0f
  8
Layer_0
  10
269.42305
  20
198.71651
  0
VERTEX
  5
e10
  8
Layer_0
  10
269.13635
  20
198.88752
  0
VERTEX
  5
e11
  8
Layer_0
  10
268.84791
  20
199.10406
  0
VERTEX
  5
e12
  8
Layer_0
  10
268.66718
  20
199.24709
  0
VERTEX
  5
e13
  8
Layer_0
  10
268.50843
  20
199.35796
  0
VERTEX
  5
e14
  8
Layer_0
  10
268.37357
  20
199.43625
  0
VERTEX
  5
e15
  8
Layer_0
  10
268.2645
  20
199.48149
  0
VERTEX
  5
e16
  8
Layer_0
  10
268.18311
  20
199.49325
  0
VERTEX
  5
e17
  8
Layer_0
  10
268.1313
  20
199.47107
  0
VERTEX
  5
e18
  8
Layer_0
  10
268.11096
  20
199.41452
  0
VERTEX
  5
e19
  8
Layer_0
  10
268.12401
  20
199.32314
  0
VERTEX
  5
e1a
  8
Layer_0
  10
268.18279
  20
199.16121
  0
VERTEX
  5
e1b
  8
Layer_0
  10
268.27283
  20
199.02072
  0
VERTEX
  5
e1c
  8
Layer_0
  10
268.33934
  20
198.94623
  0
VERTEX
  5
e1d
  8
Layer_0
  10
268.42538
  20
198.86237
  0
VERTEX
  5
e1e
  8
Layer_0
  10
268.53486
  20
198.76421
  0
VERTEX
  5
e1f
  8
Layer_0
  10
268.67169
  20
198.64686
  0
VERTEX
  5
e20
  8
Layer_0
  10
268.81387
  20
198.52576
  0
VERTEX
  5
e21
  8
Layer_0
  10
268.92864
  20
198.42369
  0
VERTEX
  5
e22
  8
Layer_0
  10
269.01986
  20
198.33603
  0
VERTEX
  5
e23
  8
Layer_0
  10
269.09138
  20
198.25812
  0
VERTEX
  5
e24
  8
Layer_0
  10
269.19073
  20
198.11309
  0
VERTEX
  5
e25
  8
Layer_0
  10
269.25747
  20
197.95154
  0
VERTEX
  5
e26
  8
Layer_0
  10
269.27526
  20
197.89121
  0
VERTEX
  5
e27
  8
Layer_0
  10
269.28457
  20
197.82072
  0
VERTEX
  5
e28
  8
Layer_0
  10
269.2836
  20
197.72366
  0
VERTEX
  5
e29
  8
Layer_0
  10
269.27058
  20
197.58363
  0
VERTEX
  5
e2a
  8
Layer_0
  10
269.24371
  20
197.38422
  0
VERTEX
  5
e2b
  8
Layer_0
  10
269.20122
  20
197.10902
  0
VERTEX
  5
e2c
  8
Layer_0
  10
269.17356
  20
196.93787
  0
VERTEX
  5
e2d
  8
Layer_0
  10
269.14132
  20
196.74162
  0
VERTEX
  5
e2e
  8
Layer_0
  10
269.10428
  20
196.51822
  0
VERTEX
  5
e2f
  8
Layer_0
  10
269.06222
  20
196.26561
  0
VERTEX
  5
e30
  8
Layer_0
  10
269.01465
  20
195.96173
  0
VERTEX
  5
e31
  8
Layer_0
  10
268.97902
  20
195.67945
  0
VERTEX
  5
e32
  8
Layer_0
  10
268.95523
  20
195.41983
  0
VERTEX
  5
e33
  8
Layer_0
  10
268.94315
  20
195.18393
  0
VERTEX
  5
e34
  8
Layer_0
  10
268.94269
  20
194.97281
  0
VERTEX
  5
e35
  8
Layer_0
  10
268.95372
  20
194.78753
  0
VERTEX
  5
e36
  8
Layer_0
  10
268.97614
  20
194.62915
  0
VERTEX
  5
e37
  8
Layer_0
  10
269.00982
  20
194.49873
  42
-0.09893412
  0
VERTEX
  5
e38
  8
Layer_0
  10
269.07651
  20
194.05106
  42
0.099070158
  0
VERTEX
  5
e39
  8
Layer_0
  10
269.17651
  20
193.52718
  0
VERTEX
  5
e3a
  8
Layer_0
  10
269.24416
  20
193.28049
  0
VERTEX
  5
e3b
  8
Layer_0
  10
269.25331
  20
193.06819
  0
VERTEX
  5
e3c
  8
Layer_0
  10
269.20264
  20
192.87821
  0
VERTEX
  5
e3d
  8
Layer_0
  10
269.09079
  20
192.6985
  0
VERTEX
  5
e3e
  8
Layer_0
  10
268.96087
  20
192.56746
  0
VERTEX
  5
e3f
  8
Layer_0
  10
268.85862
  20
192.53241
  0
VERTEX
  5
e40
  8
Layer_0
  10
268.77602
  20
192.59469
  0
VERTEX
  5
e41
  8
Layer_0
  10
268.70503
  20
192.75565
  0
VERTEX
  5
e42
  8
Layer_0
  10
268.67003
  20
192.85344
  0
VERTEX
  5
e43
  8
Layer_0
  10
268.63665
  20
192.92182
  0
VERTEX
  5
e44
  8
Layer_0
  10
268.60516
  20
192.96084
  0
VERTEX
  5
e45
  8
Layer_0
  10
268.57585
  20
192.97056
  0
VERTEX
  5
e46
  8
Layer_0
  10
268.549
  20
192.95103
  0
VERTEX
  5
e47
  8
Layer_0
  10
268.52488
  20
192.90232
  0
VERTEX
  5
e48
  8
Layer_0
  10
268.50377
  20
192.82447
  0
VERTEX
  5
e49
  8
Layer_0
  10
268.48596
  20
192.71755
  0
VERTEX
  5
e4a
  8
Layer_0
  10
268.47308
  20
192.61635
  0
VERTEX
  5
e4b
  8
Layer_0
  10
268.45797
  20
192.533
  0
VERTEX
  5
e4c
  8
Layer_0
  10
268.44376
  20
192.47645
  0
VERTEX
  5
e4d
  8
Layer_0
  10
268.43356
  20
192.45561
  0
VERTEX
  5
e4e
  8
Layer_0
  10
268.29546
  20
192.49966
  0
VERTEX
  5
e4f
  8
Layer_0
  10
268.10377
  20
192.60444
  0
VERTEX
  5
e50
  8
Layer_0
  10
267.92458
  20
192.72886
  0
VERTEX
  5
e51
  8
Layer_0
  10
267.82397
  20
192.83185
  0
VERTEX
  5
e52
  8
Layer_0
  10
267.791
  20
192.90969
  0
VERTEX
  5
e53
  8
Layer_0
  10
267.78884
  20
192.99377
  0
VERTEX
  5
e54
  8
Layer_0
  10
267.8233
  20
193.11715
  0
VERTEX
  5
e55
  8
Layer_0
  10
267.90017
  20
193.31286
  42
0.14081723
  0
VERTEX
  5
e56
  8
Layer_0
  10
268.0097
  20
194.27489
  42
-0.11122046
  0
VERTEX
  5
e57
  8
Layer_0
  10
268.05255
  20
194.71304
  42
0.11360196
  0
VERTEX
  5
e58
  8
Layer_0
  10
268.08591
  20
195.26549
  0
VERTEX
  5
e59
  8
Layer_0
  10
268.01395
  20
195.55183
  0
VERTEX
  5
e5a
  8
Layer_0
  10
267.88886
  20
195.89533
  0
VERTEX
  5
e5b
  8
Layer_0
  10
267.72894
  20
196.25133
  0
VERTEX
  5
e5c
  8
Layer_0
  10
267.5525
  20
196.57518
  0
VERTEX
  5
e5d
  8
Layer_0
  10
267.47661
  20
196.6903
  0
VERTEX
  5
e5e
  8
Layer_0
  10
267.40435
  20
196.77914
  0
VERTEX
  5
e5f
  8
Layer_0
  10
267.33309
  20
196.84265
  0
VERTEX
  5
e60
  8
Layer_0
  10
267.26021
  20
196.88176
  0
VERTEX
  5
e61
  8
Layer_0
  10
267.0991
  20
196.89062
  0
VERTEX
  5
e62
  8
Layer_0
  10
266.90004
  20
196.8133
  42
0.28101112
  0
VERTEX
  5
e63
  8
Layer_0
  10
265.60464
  20
194.6797
  0
VERTEX
  5
e64
  8
Layer_0
  10
265.60047
  20
194.52693
  0
VERTEX
  5
e65
  8
Layer_0
  10
265.58916
  20
194.38621
  0
VERTEX
  5
e66
  8
Layer_0
  10
265.57249
  20
194.27318
  0
VERTEX
  5
e67
  8
Layer_0
  10
265.55226
  20
194.20345
  0
VERTEX
  5
e68
  8
Layer_0
  10
265.43677
  20
194.04629
  0
VERTEX
  5
e69
  8
Layer_0
  10
265.24626
  20
193.83912
  0
VERTEX
  5
e6a
  8
Layer_0
  10
265.04326
  20
193.64624
  0
VERTEX
  5
e6b
  8
Layer_0
  10
264.89027
  20
193.53194
  0
VERTEX
  5
e6c
  8
Layer_0
  10
264.84621
  20
193.51562
  0
VERTEX
  5
e6d
  8
Layer_0
  10
264.77977
  20
193.50232
  0
VERTEX
  5
e6e
  8
Layer_0
  10
264.68776
  20
193.49192
  0
VERTEX
  5
e6f
  8
Layer_0
  10
264.56701
  20
193.48431
  0
VERTEX
  5
e70
  8
Layer_0
  10
264.41434
  20
193.47938
  0
VERTEX
  5
e71
  8
Layer_0
  10
264.22657
  20
193.47702
  0
VERTEX
  5
e72
  8
Layer_0
  10
264.00051
  20
193.47711
  0
VERTEX
  5
e73
  8
Layer_0
  10
263.73298
  20
193.47955
  0
VERTEX
  5
e74
  8
Layer_0
  10
262.69476
  20
193.48907
  0
VERTEX
  5
e75
  8
Layer_0
  10
262.53284
  20
193.64624
  0
VERTEX
  5
e76
  8
Layer_0
  10
262.44748
  20
193.74908
  0
VERTEX
  5
e77
  8
Layer_0
  10
262.35007
  20
193.9046
  0
VERTEX
  5
e78
  8
Layer_0
  10
262.24284
  20
194.10835
  0
VERTEX
  5
e79
  8
Layer_0
  10
262.12802
  20
194.35585
  0
VERTEX
  5
e7a
  8
Layer_0
  10
262.02738
  20
194.58656
  0
VERTEX
  5
e7b
  8
Layer_0
  10
261.95069
  20
194.7594
  0
VERTEX
  5
e7c
  8
Layer_0
  10
261.89286
  20
194.88301
  0
VERTEX
  5
e7d
  8
Layer_0
  10
261.84882
  20
194.96605
  0
VERTEX
  5
e7e
  8
Layer_0
  10
261.78177
  20
195.045
  0
VERTEX
  5
e7f
  8
Layer_0
  10
261.70892
  20
195.06546
  0
VERTEX
  5
e80
  8
Layer_0
  10
261.60348
  20
195.03213
  0
VERTEX
  5
e81
  8
Layer_0
  10
261.48687
  20
194.91306
  0
VERTEX
  5
e82
  8
Layer_0
  10
261.36937
  20
194.72256
  0
VERTEX
  5
e83
  8
Layer_0
  10
261.26124
  20
194.47491
  0
VERTEX
  5
e84
  8
Layer_0
  10
261.21339
  20
194.3173
  0
VERTEX
  5
e85
  8
Layer_0
  10
261.18207
  20
194.1463
  0
VERTEX
  5
e86
  8
Layer_0
  10
261.16413
  20
193.94315
  0
VERTEX
  5
e87
  8
Layer_0
  10
261.15646
  20
193.6891
  0
VERTEX
  5
e88
  8
Layer_0
  10
261.15285
  20
193.52722
  0
VERTEX
  5
e89
  8
Layer_0
  10
261.14813
  20
193.40134
  0
VERTEX
  5
e8a
  8
Layer_0
  10
261.14073
  20
193.30459
  0
VERTEX
  5
e8b
  8
Layer_0
  10
261.12908
  20
193.23011
  0
VERTEX
  5
e8c
  8
Layer_0
  10
261.08682
  20
193.1205
  0
VERTEX
  5
e8d
  8
Layer_0
  10
261.00883
  20
193.01759
  0
VERTEX
  5
e8e
  8
Layer_0
  10
260.77123
  20
192.79918
  0
VERTEX
  5
e8f
  8
Layer_0
  10
260.47603
  20
192.62051
  0
VERTEX
  5
e90
  8
Layer_0
  10
260.16029
  20
192.49989
  0
VERTEX
  5
e91
  8
Layer_0
  10
259.86107
  20
192.45561
  0
VERTEX
  5
e92
  8
Layer_0
  10
259.78135
  20
192.46281
  0
VERTEX
  5
e93
  8
Layer_0
  10
259.72429
  20
192.48463
  0
VERTEX
  5
e94
  8
Layer_0
  10
259.68978
  20
192.52141
  0
VERTEX
  5
e95
  8
Layer_0
  10
259.67771
  20
192.57348
  0
VERTEX
  5
e96
  8
Layer_0
  10
259.68796
  20
192.64118
  0
VERTEX
  5
e97
  8
Layer_0
  10
259.72042
  20
192.72484
  0
VERTEX
  5
e98
  8
Layer_0
  10
259.77499
  20
192.8248
  0
VERTEX
  5
e99
  8
Layer_0
  10
259.85154
  20
192.94139
  42
0.37670827
  0
VERTEX
  5
e9a
  8
Layer_0
  10
259.85632
  20
193.0795
  0
VERTEX
  5
e9b
  8
Layer_0
  10
259.81947
  20
193.09215
  0
VERTEX
  5
e9c
  8
Layer_0
  10
259.76165
  20
193.06998
  0
VERTEX
  5
e9d
  8
Layer_0
  10
259.67615
  20
193.00851
  0
VERTEX
  5
e9e
  8
Layer_0
  10
259.55627
  20
192.90329
  0
VERTEX
  5
e9f
  8
Layer_0
  10
259.416
  20
192.77455
  0
VERTEX
  5
ea0
  8
Layer_0
  10
259.33422
  20
192.71636
  0
VERTEX
  5
ea1
  8
Layer_0
  10
259.28369
  20
192.7171
  0
VERTEX
  5
ea2
  8
Layer_0
  10
259.23718
  20
192.76518
  0
VERTEX
  5
ea3
  8
Layer_0
  10
259.20023
  20
192.85108
  0
VERTEX
  5
ea4
  8
Layer_0
  10
259.188
  20
192.96751
  0
VERTEX
  5
ea5
  8
Layer_0
  10
259.19842
  20
193.10615
  0
VERTEX
  5
ea6
  8
Layer_0
  10
259.22945
  20
193.25869
  0
VERTEX
  5
ea7
  8
Layer_0
  10
259.34501
  20
193.5722
  0
VERTEX
  5
ea8
  8
Layer_0
  10
259.51817
  20
193.8415
  42
-0.049655003
  0
VERTEX
  5
ea9
  8
Layer_0
  10
259.8468
  20
194.11296
  0
VERTEX
  5
eaa
  8
Layer_0
  10
259.96071
  20
194.19936
  0
VERTEX
  5
eab
  8
Layer_0
  10
260.05812
  20
194.30049
  0
VERTEX
  5
eac
  8
Layer_0
  10
260.14749
  20
194.42572
  0
VERTEX
  5
ead
  8
Layer_0
  10
260.2373
  20
194.58445
  42
-0.0055220693
  0
VERTEX
  5
eae
  8
Layer_0
  10
260.51355
  20
195.11308
  0
VERTEX
  5
eaf
  8
Layer_0
  10
260.57813
  20
195.2326
  0
VERTEX
  5
eb0
  8
Layer_0
  10
260.60164
  20
195.30121
  0
VERTEX
  5
eb1
  8
Layer_0
  10
260.58586
  20
195.34481
  0
VERTEX
  5
eb2
  8
Layer_0
  10
260.53258
  20
195.38931
  0
VERTEX
  5
eb3
  8
Layer_0
  10
260.47052
  20
195.42235
  0
VERTEX
  5
eb4
  8
Layer_0
  10
260.38613
  20
195.44289
  0
VERTEX
  5
eb5
  8
Layer_0
  10
260.27139
  20
195.45093
  0
VERTEX
  5
eb6
  8
Layer_0
  10
260.11824
  20
195.44646
  0
VERTEX
  5
eb7
  8
Layer_0
  10
259.88376
  20
195.4167
  0
VERTEX
  5
eb8
  8
Layer_0
  10
259.71759
  20
195.34764
  0
VERTEX
  5
eb9
  8
Layer_0
  10
259.60054
  20
195.22679
  0
VERTEX
  5
eba
  8
Layer_0
  10
259.51341
  20
195.04165
  0
VERTEX
  5
ebb
  8
Layer_0
  10
259.39077
  20
194.77287
  0
VERTEX
  5
ebc
  8
Layer_0
  10
259.21099
  20
194.47015
  0
VERTEX
  5
ebd
  8
Layer_0
  10
258.99906
  20
194.17101
  0
VERTEX
  5
ebe
  8
Layer_0
  10
258.77998
  20
193.91294
  42
0.11172058
  0
VERTEX
  5
ebf
  8
Layer_0
  10
258.15134
  20
192.89853
  0
VERTEX
  5
ec0
  8
Layer_0
  10
258.03048
  20
192.57646
  0
VERTEX
  5
ec1
  8
Layer_0
  10
257.91321
  20
192.35084
  42
0.10293306
  0
VERTEX
  5
ec2
  8
Layer_0
  10
257.65604
  20
191.76505
  0
VERTEX
  5
ec3
  8
Layer_0
  10
257.59159
  20
191.57455
  0
VERTEX
  5
ec4
  8
Layer_0
  10
257.4941
  20
191.42691
  0
VERTEX
  5
ec5
  8
Layer_0
  10
257.34661
  20
191.30428
  0
VERTEX
  5
ec6
  8
Layer_0
  10
257.13215
  20
191.18879
  42
-0.12795227
  0
VERTEX
  5
ec7
  8
Layer_0
  10
256.59875
  20
191.08401
  0
VERTEX
  5
ec8
  8
Layer_0
  10
256.48877
  20
191.09354
  0
VERTEX
  5
ec9
  8
Layer_0
  10
256.39397
  20
191.10664
  0
VERTEX
  5
eca
  8
Layer_0
  10
256.32417
  20
191.12152
  0
VERTEX
  5
ecb
  8
Layer_0
  10
256.2892
  20
191.1364
  0
VERTEX
  5
ecc
  8
Layer_0
  10
256.29038
  20
191.16855
  0
VERTEX
  5
ecd
  8
Layer_0
  10
256.31301
  20
191.23641
  0
VERTEX
  5
ece
  8
Layer_0
  10
256.35349
  20
191.32928
  0
VERTEX
  5
ecf
  8
Layer_0
  10
256.40826
  20
191.43644
  0
VERTEX
  5
ed0
  8
Layer_0
  10
256.46548
  20
191.5465
  0
VERTEX
  5
ed1
  8
Layer_0
  10
256.51244
  20
191.64182
  0
VERTEX
  5
ed2
  8
Layer_0
  10
256.54421
  20
191.71304
  0
VERTEX
  5
ed3
  8
Layer_0
  10
256.55589
  20
191.75076
  0
VERTEX
  5
ed4
  8
Layer_0
  10
256.5236
  20
191.79623
  0
VERTEX
  5
ed5
  8
Layer_0
  10
256.4404
  20
191.77517
  0
VERTEX
  5
ed6
  8
Layer_0
  10
256.32685
  20
191.69786
  0
VERTEX
  5
ed7
  8
Layer_0
  10
256.20347
  20
191.57455
  0
VERTEX
  5
ed8
  8
Layer_0
  10
256.06744
  20
191.43175
  0
VERTEX
  5
ed9
  8
Layer_0
  10
255.96891
  20
191.37155
  0
VERTEX
  5
eda
  8
Layer_0
  10
255.89003
  20
191.38904
  0
VERTEX
  5
edb
  8
Layer_0
  10
255.81294
  20
191.4793
  0
VERTEX
  5
edc
  8
Layer_0
  10
255.77521
  20
191.55386
  0
VERTEX
  5
edd
  8
Layer_0
  10
255.75401
  20
191.64361
  0
VERTEX
  5
ede
  8
Layer_0
  10
255.74798
  20
191.76193
  0
VERTEX
  5
edf
  8
Layer_0
  10
255.7558
  20
191.92221
  0
VERTEX
  5
ee0
  8
Layer_0
  10
255.81734
  20
192.27017
  0
VERTEX
  5
ee1
  8
Layer_0
  10
255.94451
  20
192.55563
  0
VERTEX
  5
ee2
  8
Layer_0
  10
256.13687
  20
192.77678
  0
VERTEX
  5
ee3
  8
Layer_0
  10
256.39396
  20
192.93186
  42
0.086906736
  0
VERTEX
  5
ee4
  8
Layer_0
  10
256.84164
  20
193.24142
  42
0.0051033145
  0
VERTEX
  5
ee5
  8
Layer_0
  10
257.29407
  20
193.67958
  0
VERTEX
  5
ee6
  8
Layer_0
  10
257.46189
  20
193.86673
  0
VERTEX
  5
ee7
  8
Layer_0
  10
257.61138
  20
194.09094
  0
VERTEX
  5
ee8
  8
Layer_0
  10
257.74749
  20
194.36069
  0
VERTEX
  5
ee9
  8
Layer_0
  10
257.8751
  20
194.68446
  0
VERTEX
  5
eea
  8
Layer_0
  10
257.96082
  20
194.93687
  0
VERTEX
  5
eeb
  8
Layer_0
  10
257.81796
  20
195.19405
  0
VERTEX
  5
eec
  8
Layer_0
  10
257.72933
  20
195.38195
  0
VERTEX
  5
eed
  8
Layer_0
  10
257.68758
  20
195.57207
  0
VERTEX
  5
eee
  8
Layer_0
  10
257.6822
  20
195.69044
  0
VERTEX
  5
eef
  8
Layer_0
  10
257.68602
  20
195.83632
  0
VERTEX
  5
ef0
  8
Layer_0
  10
257.69821
  20
196.0187
  0
VERTEX
  5
ef1
  8
Layer_0
  10
257.71794
  20
196.24656
  0
VERTEX
  5
ef2
  8
Layer_0
  10
257.73543
  20
196.46995
  0
VERTEX
  5
ef3
  8
Layer_0
  10
257.7364
  20
196.6228
  0
VERTEX
  5
ef4
  8
Layer_0
  10
257.71861
  20
196.73278
  0
VERTEX
  5
ef5
  8
Layer_0
  10
257.67984
  20
196.82759
  0
VERTEX
  5
ef6
  8
Layer_0
  10
257.62655
  20
196.90586
  0
VERTEX
  5
ef7
  8
Layer_0
  10
257.56362
  20
196.95374
  0
VERTEX
  5
ef8
  8
Layer_0
  10
257.49179
  20
196.97206
  0
VERTEX
  5
ef9
  8
Layer_0
  10
257.4118
  20
196.96168
  0
VERTEX
  5
efa
  8
Layer_0
  10
257.32439
  20
196.92345
  0
VERTEX
  5
efb
  8
Layer_0
  10
257.23029
  20
196.85823
  0
VERTEX
  5
efc
  8
Layer_0
  10
257.13024
  20
196.76685
  0
VERTEX
  5
efd
  8
Layer_0
  10
257.025
  20
196.65019
  0
VERTEX
  5
efe
  8
Layer_0
  10
256.80185
  20
196.34436
  0
VERTEX
  5
eff
  8
Layer_0
  10
256.56676
  20
195.94757
  0
VERTEX
  5
f00
  8
Layer_0
  10
256.32564
  20
195.46661
  0
VERTEX
  5
f01
  8
Layer_0
  10
256.08441
  20
194.9083
  0
VERTEX
  5
f02
  8
Layer_0
  10
255.95207
  20
194.58937
  0
VERTEX
  5
f03
  8
Layer_0
  10
255.82582
  20
194.29907
  0
VERTEX
  5
f04
  8
Layer_0
  10
255.70459
  20
194.03523
  0
VERTEX
  5
f05
  8
Layer_0
  10
255.58732
  20
193.79566
  0
VERTEX
  5
f06
  8
Layer_0
  10
255.36043
  20
193.38066
  0
VERTEX
  5
f07
  8
Layer_0
  10
255.13667
  20
193.03664
  0
VERTEX
  5
f08
  8
Layer_0
  10
255.023
  20
192.87546
  0
VERTEX
  5
f09
  8
Layer_0
  10
254.93367
  20
192.7366
  0
VERTEX
  5
f0a
  8
Layer_0
  10
254.86577
  20
192.61203
  0
VERTEX
  5
f0b
  8
Layer_0
  10
254.81639
  20
192.49371
  0
VERTEX
  5
f0c
  8
Layer_0
  10
254.76162
  20
192.24368
  0
VERTEX
  5
f0d
  8
Layer_0
  10
254.74614
  20
191.92221
  0
VERTEX
  5
f0e
  8
Layer_0
  10
254.73743
  20
191.63974
  0
VERTEX
  5
f0f
  8
Layer_0
  10
254.70506
  20
191.43049
  0
VERTEX
  5
f10
  8
Layer_0
  10
254.63965
  20
191.25517
  0
VERTEX
  5
f11
  8
Layer_0
  10
254.53183
  20
191.07449
  0
VERTEX
  5
f12
  8
Layer_0
  10
254.48264
  20
190.97783
  0
VERTEX
  5
f13
  8
Layer_0
  10
254.43123
  20
190.84053
  0
VERTEX
  5
f14
  8
Layer_0
  10
254.38249
  20
190.67734
  0
VERTEX
  5
f15
  8
Layer_0
  10
254.34134
  20
190.50299
  0
VERTEX
  5
f16
  8
Layer_0
  10
254.27599
  20
190.21486
  0
VERTEX
  5
f17
  8
Layer_0
  10
254.20441
  20
190.02317
  0
VERTEX
  5
f18
  8
Layer_0
  10
254.10961
  20
189.89756
  0
VERTEX
  5
f19
  8
Layer_0
  10
253.97462
  20
189.80766
  0
VERTEX
  5
f1a
  8
Layer_0
  10
253.758
  20
189.74292
  0
VERTEX
  5
f1b
  8
Layer_0
  10
253.46325
  20
189.70408
  0
VERTEX
  5
f1c
  8
Layer_0
  10
253.31908
  20
189.69688
  0
VERTEX
  5
f1d
  8
Layer_0
  10
253.19439
  20
189.69917
  0
VERTEX
  5
f1e
  8
Layer_0
  10
253.10218
  20
189.71195
  0
VERTEX
  5
f1f
  8
Layer_0
  10
253.05546
  20
189.73623
  0
VERTEX
  5
f20
  8
Layer_0
  10
253.05389
  20
189.78333
  0
VERTEX
  5
f21
  8
Layer_0
  10
253.0751
  20
189.8666
  0
VERTEX
  5
f22
  8
Layer_0
  10
253.11506
  20
189.97398
  0
VERTEX
  5
f23
  8
Layer_0
  10
253.16975
  20
190.09341
  0
VERTEX
  5
f24
  8
Layer_0
  10
253.22698
  20
190.21553
  0
VERTEX
  5
f25
  8
Layer_0
  10
253.27393
  20
190.3238
  0
VERTEX
  5
f26
  8
Layer_0
  10
253.30571
  20
190.40618
  0
VERTEX
  5
f27
  8
Layer_0
  10
253.3174
  20
190.4506
  0
VERTEX
  5
f28
  8
Layer_0
  10
253.29247
  20
190.50195
  0
VERTEX
  5
f29
  8
Layer_0
  10
253.22155
  20
190.48632
  0
VERTEX
  5
f2a
  8
Layer_0
  10
253.11045
  20
190.4064
  0
VERTEX
  5
f2b
  8
Layer_0
  10
252.96496
  20
190.26486
  0
VERTEX
  5
f2c
  8
Layer_0
  10
252.87433
  20
190.17341
  0
VERTEX
  5
f2d
  8
Layer_0
  10
252.79351
  20
190.09758
  0
VERTEX
  5
f2e
  8
Layer_0
  10
252.73056
  20
190.04586
  0
VERTEX
  5
f2f
  8
Layer_0
  10
252.69351
  20
190.02674
  0
VERTEX
  5
f30
  8
Layer_0
  10
252.63636
  20
190.07637
  0
VERTEX
  5
f31
  8
Layer_0
  10
252.57563
  20
190.19878
  0
VERTEX
  5
f32
  8
Layer_0
  10
252.52741
  20
190.35424
  0
VERTEX
  5
f33
  8
Layer_0
  10
252.50776
  20
190.50299
  42
-0.099965386
  0
VERTEX
  5
f34
  8
Layer_0
  10
252.57445
  20
190.81255
  0
VERTEX
  5
f35
  8
Layer_0
  10
252.67505
  20
190.97321
  0
VERTEX
  5
f36
  8
Layer_0
  10
252.82567
  20
191.15128
  0
VERTEX
  5
f37
  8
Layer_0
  10
252.90242
  20
191.22829
  0
VERTEX
  5
f38
  8
Layer_0
  10
252.97092
  20
191.28739
  0
VERTEX
  5
f39
  8
Layer_0
  10
253.02424
  20
191.32114
  0
VERTEX
  5
f3a
  8
Layer_0
  10
253.05546
  20
191.32214
  42
-0.080590069
  0
VERTEX
  5
f3b
  8
Layer_0
  10
253.05547
  20
191.36977
  0
VERTEX
  5
f3c
  8
Layer_0
  10
253.0565
  20
191.4822
  0
VERTEX
  5
f3d
  8
Layer_0
  10
253.13523
  20
191.64063
  0
VERTEX
  5
f3e
  8
Layer_0
  10
253.20568
  20
191.7403
  0
VERTEX
  5
f3f
  8
Layer_0
  10
253.29789
  20
191.85532
  0
VERTEX
  5
f40
  8
Layer_0
  10
253.41266
  20
191.98696
  0
VERTEX
  5
f41
  8
Layer_0
  10
253.55075
  20
192.13653
  0
VERTEX
  5
f42
  8
Layer_0
  10
253.72416
  20
192.32217
  0
VERTEX
  5
f43
  8
Layer_0
  10
253.85577
  20
192.46975
  0
VERTEX
  5
f44
  8
Layer_0
  10
253.952
  20
192.59211
  0
VERTEX
  5
f45
  8
Layer_0
  10
254.01926
  20
192.70207
  0
VERTEX
  5
f46
  8
Layer_0
  10
254.06397
  20
192.81248
  0
VERTEX
  5
f47
  8
Layer_0
  10
254.09256
  20
192.93618
  0
VERTEX
  5
f48
  8
Layer_0
  10
254.11143
  20
193.08599
  0
VERTEX
  5
f49
  8
Layer_0
  10
254.12701
  20
193.27476
  42
-0.11188488
  0
VERTEX
  5
f4a
  8
Layer_0
  10
254.49849
  20
194.51778
  42
0.043326941
  0
VERTEX
  5
f4b
  8
Layer_0
  10
254.70804
  20
194.9464
  0
VERTEX
  5
f4c
  8
Layer_0
  10
254.71913
  20
194.99744
  0
VERTEX
  5
f4d
  8
Layer_0
  10
254.73074
  20
195.08325
  0
VERTEX
  5
f4e
  8
Layer_0
  10
254.74245
  20
195.19931
  0
VERTEX
  5
f4f
  8
Layer_0
  10
254.75388
  20
195.34109
  0
VERTEX
  5
f50
  8
Layer_0
  10
254.77434
  20
195.68377
  0
VERTEX
  5
f51
  8
Layer_0
  10
254.789
  20
196.07511
  0
VERTEX
  5
f52
  8
Layer_0
  10
254.80066
  20
196.3799
  0
VERTEX
  5
f53
  8
Layer_0
  10
254.8117
  20
196.62035
  0
VERTEX
  5
f54
  8
Layer_0
  10
254.82374
  20
196.80888
  0
VERTEX
  5
f55
  8
Layer_0
  10
254.83841
  20
196.95796
  0
VERTEX
  5
f56
  8
Layer_0
  10
254.88209
  20
197.18753
  0
VERTEX
  5
f57
  8
Layer_0
  10
254.95569
  20
197.40861
  0
VERTEX
  5
f58
  8
Layer_0
  10
255.04026
  20
197.63705
  0
VERTEX
  5
f59
  8
Layer_0
  10
255.11412
  20
197.83707
  0
VERTEX
  5
f5a
  8
Layer_0
  10
255.17804
  20
198.01206
  0
VERTEX
  5
f5b
  8
Layer_0
  10
255.23281
  20
198.1654
  0
VERTEX
  5
f5c
  8
Layer_0
  10
255.31801
  20
198.42074
  0
VERTEX
  5
f5d
  8
Layer_0
  10
255.37598
  20
198.63019
  0
VERTEX
  5
f5e
  8
Layer_0
  10
255.41297
  20
198.8209
  0
VERTEX
  5
f5f
  8
Layer_0
  10
255.43522
  20
199.01998
  0
VERTEX
  5
f60
  8
Layer_0
  10
255.44899
  20
199.25455
  0
VERTEX
  5
f61
  8
Layer_0
  10
255.46052
  20
199.55174
  0
VERTEX
  5
f62
  8
Layer_0
  10
255.47637
  20
199.88236
  0
VERTEX
  5
f63
  8
Layer_0
  10
255.49445
  20
200.16789
  0
VERTEX
  5
f64
  8
Layer_0
  10
255.50391
  20
200.28411
  0
VERTEX
  5
f65
  8
Layer_0
  10
255.51343
  20
200.37751
  0
VERTEX
  5
f66
  8
Layer_0
  10
255.52283
  20
200.44423
  0
VERTEX
  5
f67
  8
Layer_0
  10
255.53195
  20
200.48043
  42
-0.07982433
  0
VERTEX
  5
f68
  8
Layer_0
  10
256.21777
  20
201.65677
  0
VERTEX
  5
f69
  8
Layer_0
  10
256.56929
  20
202.14842
  0
VERTEX
  5
f6a
  8
Layer_0
  10
256.82974
  20
202.65034
  0
VERTEX
  5
f6b
  8
Layer_0
  10
256.93864
  20
202.93459
  0
VERTEX
  5
f6c
  8
Layer_0
  10
257.04018
  20
203.25674
  0
VERTEX
  5
f6d
  8
Layer_0
  10
257.13949
  20
203.62856
  0
VERTEX
  5
f6e
  8
Layer_0
  10
257.2417
  20
204.06183
  0
VERTEX
  5
f6f
  8
Layer_0
  10
257.32334
  20
204.42297
  0
VERTEX
  5
f70
  8
Layer_0
  10
257.39566
  20
204.72032
  0
VERTEX
  5
f71
  8
Layer_0
  10
257.46228
  20
204.9642
  0
VERTEX
  5
f72
  8
Layer_0
  10
257.52685
  20
205.16494
  0
VERTEX
  5
f73
  8
Layer_0
  10
257.66429
  20
205.4783
  0
VERTEX
  5
f74
  8
Layer_0
  10
257.837
  20
205.74299
  0
VERTEX
  5
f75
  8
Layer_0
  10
258.03547
  20
205.97628
  0
VERTEX
  5
f76
  8
Layer_0
  10
258.28171
  20
206.19483
  0
VERTEX
  5
f77
  8
Layer_0
  10
258.59849
  20
206.41606
  0
VERTEX
  5
f78
  8
Layer_0
  10
259.00859
  20
206.65739
  42
0.0016450504
  0
VERTEX
  5
f79
  8
Layer_0
  10
259.84204
  20
207.12411
  42
0.01921242
  0
VERTEX
  5
f7a
  8
Layer_0
  10
261.11838
  20
207.91945
  0
VERTEX
  5
f7b
  8
Layer_0
  10
261.4659
  20
208.14697
  0
VERTEX
  5
f7c
  8
Layer_0
  10
261.74836
  20
208.32605
  0
VERTEX
  5
f7d
  8
Layer_0
  10
261.97746
  20
208.46226
  0
VERTEX
  5
f7e
  8
Layer_0
  10
262.16493
  20
208.5612
  0
VERTEX
  5
f7f
  8
Layer_0
  10
262.46184
  20
208.66954
  0
VERTEX
  5
f80
  8
Layer_0
  10
262.73286
  20
208.69574
  0
VERTEX
  5
f81
  8
Layer_0
  10
263.03044
  20
208.67699
  0
VERTEX
  5
f82
  8
Layer_0
  10
263.3883
  20
208.60644
  0
VERTEX
  5
f83
  8
Layer_0
  10
263.61704
  20
208.54505
  0
VERTEX
  5
f84
  8
Layer_0
  10
263.8935
  20
208.46267
  0
VERTEX
  5
f85
  8
Layer_0
  10
264.22856
  20
208.35663
  0
VERTEX
  5
f86
  8
Layer_0
  10
264.6331
  20
208.22425
  0
VERTEX
  5
f87
  8
Layer_0
  10
264.9049
  20
208.13437
  0
VERTEX
  5
f88
  8
Layer_0
  10
265.14989
  20
208.05373
  0
VERTEX
  5
f89
  8
Layer_0
  10
265.36976
  20
207.98185
  0
VERTEX
  5
f8a
  8
Layer_0
  10
265.56617
  20
207.91826
  0
VERTEX
  5
f8b
  8
Layer_0
  10
265.89528
  20
207.81404
  0
VERTEX
  5
f8c
  8
Layer_0
  10
266.15055
  20
207.73728
  0
VERTEX
  5
f8d
  8
Layer_0
  10
266.34532
  20
207.68419
  0
VERTEX
  5
f8e
  8
Layer_0
  10
266.49293
  20
207.65096
  0
VERTEX
  5
f8f
  8
Layer_0
  10
266.60672
  20
207.63381
  0
VERTEX
  5
f90
  8
Layer_0
  10
266.70003
  20
207.62894
  42
0.28787187
  0
VERTEX
  5
f91
  8
Layer_0
  10
267.02386
  20
207.83849
  42
0.22980151
  0
VERTEX
  5
f92
  8
Layer_0
  10
267.01434
  20
208.91005
  42
0.18333182
  0
VERTEX
  5
f93
  8
Layer_0
  10
266.46191
  20
209.44821
  0
VERTEX
  5
f94
  8
Layer_0
  10
266.29329
  20
209.51624
  0
VERTEX
  5
f95
  8
Layer_0
  10
266.13016
  20
209.56824
  0
VERTEX
  5
f96
  8
Layer_0
  10
265.94537
  20
209.60652
  0
VERTEX
  5
f97
  8
Layer_0
  10
265.7118
  20
209.63335
  0
VERTEX
  5
f98
  8
Layer_0
  10
265.56825
  20
209.6432
  0
VERTEX
  5
f99
  8
Layer_0
  10
265.40233
  20
209.65104
  0
VERTEX
  5
f9a
  8
Layer_0
  10
265.21066
  20
209.65716
  0
VERTEX
  5
f9b
  8
Layer_0
  10
264.98983
  20
209.66186
  0
VERTEX
  5
f9c
  8
Layer_0
  10
264.73648
  20
209.66541
  0
VERTEX
  5
f9d
  8
Layer_0
  10
264.44719
  20
209.6681
  0
VERTEX
  5
f9e
  8
Layer_0
  10
264.11858
  20
209.67022
  0
VERTEX
  5
f9f
  8
Layer_0
  10
263.74727
  20
209.67205
  0
VERTEX
  5
fa0
  8
Layer_0
  10
263.15688
  20
209.67758
  0
VERTEX
  5
fa1
  8
Layer_0
  10
262.61659
  20
209.6873
  0
VERTEX
  5
fa2
  8
Layer_0
  10
262.12423
  20
209.70157
  0
VERTEX
  5
fa3
  8
Layer_0
  10
261.67767
  20
209.72079
  0
VERTEX
  5
fa4
  8
Layer_0
  10
261.27475
  20
209.74534
  0
VERTEX
  5
fa5
  8
Layer_0
  10
260.91332
  20
209.77561
  0
VERTEX
  5
fa6
  8
Layer_0
  10
260.59125
  20
209.81197
  0
VERTEX
  5
fa7
  8
Layer_0
  10
260.30636
  20
209.85481
  0
VERTEX
  5
fa8
  8
Layer_0
  10
260.05653
  20
209.90452
  0
VERTEX
  5
fa9
  8
Layer_0
  10
259.8396
  20
209.96147
  0
VERTEX
  5
faa
  8
Layer_0
  10
259.65342
  20
210.02606
  0
VERTEX
  5
fab
  8
Layer_0
  10
259.49585
  20
210.09867
  0
VERTEX
  5
fac
  8
Layer_0
  10
259.25791
  20
210.26946
  0
VERTEX
  5
fad
  8
Layer_0
  10
259.1086
  20
210.47691
  42
-0.19127125
  0
VERTEX
  5
fae
  8
Layer_0
  10
259.08002
  20
210.84839
  0
VERTEX
  5
faf
  8
Layer_0
  10
259.16822
  20
211.04609
  0
VERTEX
  5
fb0
  8
Layer_0
  10
259.31144
  20
211.23698
  0
VERTEX
  5
fb1
  8
Layer_0
  10
259.50446
  20
211.41782
  0
VERTEX
  5
fb2
  8
Layer_0
  10
259.742
  20
211.58539
  0
VERTEX
  5
fb3
  8
Layer_0
  10
260.01884
  20
211.73643
  0
VERTEX
  5
fb4
  8
Layer_0
  10
260.32972
  20
211.86771
  0
VERTEX
  5
fb5
  8
Layer_0
  10
260.6694
  20
211.976
  0
VERTEX
  5
fb6
  8
Layer_0
  10
261.03264
  20
212.05806
  0
VERTEX
  5
fb7
  8
Layer_0
  10
261.24928
  20
212.08604
  0
VERTEX
  5
fb8
  8
Layer_0
  10
261.51202
  20
212.10241
  0
VERTEX
  5
fb9
  8
Layer_0
  10
261.80802
  20
212.10762
  0
VERTEX
  5
fba
  8
Layer_0
  10
262.12445
  20
212.10212
  0
VERTEX
  5
fbb
  8
Layer_0
  10
262.76724
  20
212.06074
  0
VERTEX
  5
fbc
  8
Layer_0
  10
263.33769
  20
211.98186
  0
VERTEX
  5
fbd
  8
Layer_0
  10
263.96248
  20
211.82939
  0
VERTEX
  5
fbe
  8
Layer_0
  10
264.5569
  20
211.63718
  0
VERTEX
  5
fbf
  8
Layer_0
  10
264.80533
  20
211.53998
  0
VERTEX
  5
fc0
  8
Layer_0
  10
265.0013
  20
211.44943
  0
VERTEX
  5
fc1
  8
Layer_0
  10
265.12985
  20
211.37104
  0
VERTEX
  5
fc2
  8
Layer_0
  10
265.17602
  20
211.31035
  0
VERTEX
  5
fc3
  8
Layer_0
  10
265.12364
  20
211.28654
  0
VERTEX
  5
fc4
  8
Layer_0
  10
264.9998
  20
211.2913
  0
VERTEX
  5
fc5
  8
Layer_0
  10
264.35754
  20
211.33558
  0
VERTEX
  5
fc6
  8
Layer_0
  10
263.68
  20
211.3419
  0
VERTEX
  5
fc7
  8
Layer_0
  10
263.37781
  20
211.33181
  0
VERTEX
  5
fc8
  8
Layer_0
  10
263.12658
  20
211.3134
  0
VERTEX
  5
fc9
  8
Layer_0
  10
262.94623
  20
211.28707
  0
VERTEX
  5
fca
  8
Layer_0
  10
262.85669
  20
211.2532
  0
VERTEX
  5
fcb
  8
Layer_0
  10
262.84817
  20
211.21184
  0
VERTEX
  5
fcc
  8
Layer_0
  10
262.89218
  20
211.16785
  0
VERTEX
  5
fcd
  8
Layer_0
  10
262.9805
  20
211.12352
  0
VERTEX
  5
fce
  8
Layer_0
  10
263.10492
  20
211.08116
  0
VERTEX
  5
fcf
  8
Layer_0
  10
263.42929
  20
211.01143
  0
VERTEX
  5
fd0
  8
Layer_0
  10
263.79965
  20
210.97698
  0
VERTEX
  5
fd1
  8
Layer_0
  10
263.92735
  20
210.9702
  0
VERTEX
  5
fd2
  8
Layer_0
  10
264.03183
  20
210.95852
  0
VERTEX
  5
fd3
  8
Layer_0
  10
264.10237
  20
210.94416
  0
VERTEX
  5
fd4
  8
Layer_0
  10
264.12826
  20
210.92935
  0
VERTEX
  5
fd5
  8
Layer_0
  10
264.10033
  20
210.87421
  0
VERTEX
  5
fd6
  8
Layer_0
  10
264.02267
  20
210.81773
  0
VERTEX
  5
fd7
  8
Layer_0
  10
263.90449
  20
210.76259
  0
VERTEX
  5
fd8
  8
Layer_0
  10
263.75501
  20
210.71147
  0
VERTEX
  5
fd9
  8
Layer_0
  10
263.39894
  20
210.63199
  0
VERTEX
  5
fda
  8
Layer_0
  10
263.02814
  20
210.60074
  0
VERTEX
  5
fdb
  8
Layer_0
  10
262.66514
  20
210.6247
  0
VERTEX
  5
fdc
  8
Layer_0
  10
262.2959
  20
210.70313
  0
VERTEX
  5
fdd
  8
Layer_0
  10
262.09805
  20
210.76584
  0
VERTEX
  5
fde
  8
Layer_0
  10
261.88558
  20
210.84586
  0
VERTEX
  5
fdf
  8
Layer_0
  10
261.65413
  20
210.9444
  0
VERTEX
  5
fe0
  8
Layer_0
  10
261.39935
  20
211.0627
  0
VERTEX
  5
fe1
  8
Layer_0
  10
261.13429
  20
211.18682
  0
VERTEX
  5
fe2
  8
Layer_0
  10
260.91299
  20
211.28148
  0
VERTEX
  5
fe3
  8
Layer_0
  10
260.72829
  20
211.348
  0
VERTEX
  5
fe4
  8
Layer_0
  10
260.57306
  20
211.38774
  0
VERTEX
  5
fe5
  8
Layer_0
  10
260.32244
  20
211.39221
  0
VERTEX
  5
fe6
  8
Layer_0
  10
260.10396
  20
211.30559
  0
VERTEX
  5
fe7
  8
Layer_0
  10
259.94583
  20
211.1921
  0
VERTEX
  5
fe8
  8
Layer_0
  10
259.82565
  20
211.06292
  0
VERTEX
  5
fe9
  8
Layer_0
  10
259.74432
  20
210.92426
  0
VERTEX
  5
fea
  8
Layer_0
  10
259.70272
  20
210.78231
  0
VERTEX
  5
feb
  8
Layer_0
  10
259.70175
  20
210.64326
  0
VERTEX
  5
fec
  8
Layer_0
  10
259.74231
  20
210.5133
  0
VERTEX
  5
fed
  8
Layer_0
  10
259.82527
  20
210.39864
  0
VERTEX
  5
fee
  8
Layer_0
  10
259.95155
  20
210.30546
  0
VERTEX
  5
fef
  8
Layer_0
  10
260.18332
  20
210.21429
  0
VERTEX
  5
ff0
  8
Layer_0
  10
260.50021
  20
210.13773
  0
VERTEX
  5
ff1
  8
Layer_0
  10
260.89177
  20
210.07658
  0
VERTEX
  5
ff2
  8
Layer_0
  10
261.34756
  20
210.03162
  0
VERTEX
  5
ff3
  8
Layer_0
  10
261.85716
  20
210.00362
  0
VERTEX
  5
ff4
  8
Layer_0
  10
262.41013
  20
209.99337
  0
VERTEX
  5
ff5
  8
Layer_0
  10
262.99602
  20
210.00165
  0
VERTEX
  5
ff6
  8
Layer_0
  10
263.6044
  20
210.02924
  0
VERTEX
  5
ff7
  8
Layer_0
  10
264.07917
  20
210.0565
  0
VERTEX
  5
ff8
  8
Layer_0
  10
264.52274
  20
210.07411
  0
VERTEX
  5
ff9
  8
Layer_0
  10
264.93205
  20
210.08223
  0
VERTEX
  5
ffa
  8
Layer_0
  10
265.30401
  20
210.08103
  0
VERTEX
  5
ffb
  8
Layer_0
  10
265.63557
  20
210.07068
  0
VERTEX
  5
ffc
  8
Layer_0
  10
265.92366
  20
210.05134
  0
VERTEX
  5
ffd
  8
Layer_0
  10
266.1652
  20
210.02318
  0
VERTEX
  5
ffe
  8
Layer_0
  10
266.35712
  20
209.98638
  42
-0.050331405
  0
VERTEX
  5
fff
  8
Layer_0
  10
266.9429
  20
209.79111
  42
-0.15714453
  0
VERTEX
  5
1000
  8
Layer_0
  10
267.73825
  20
209.00529
  0
VERTEX
  5
1001
  8
Layer_0
  10
267.8085
  20
208.86079
  0
VERTEX
  5
1002
  8
Layer_0
  10
267.8466
  20
208.72074
  0
VERTEX
  5
1003
  8
Layer_0
  10
267.85638
  20
208.63593
  0
VERTEX
  5
1004
  8
Layer_0
  10
267.86148
  20
208.53247
  0
VERTEX
  5
1005
  8
Layer_0
  10
267.863
  20
208.40379
  0
VERTEX
  5
1006
  8
Layer_0
  10
267.86207
  20
208.2433
  0
VERTEX
  5
1007
  8
Layer_0
  10
267.85471
  20
207.96306
  0
VERTEX
  5
1008
  8
Layer_0
  10
267.83528
  20
207.75157
  0
VERTEX
  5
1009
  8
Layer_0
  10
267.79711
  20
207.56688
  0
VERTEX
  5
100a
  8
Layer_0
  10
267.73349
  20
207.367
  0
VERTEX
  5
100b
  8
Layer_0
  10
267.60968
  20
207.01933
  0
VERTEX
  5
100c
  8
Layer_0
  10
267.82874
  20
206.605
  0
VERTEX
  5
100d
  8
Layer_0
  10
268.0516
  20
206.18116
  0
VERTEX
  5
100e
  8
Layer_0
  10
268.23198
  20
205.83601
  0
VERTEX
  5
100f
  8
Layer_0
  10
268.37699
  20
205.55537
  0
VERTEX
  5
1010
  8
Layer_0
  10
268.4937
  20
205.32508
  0
VERTEX
  5
1011
  8
Layer_0
  10
268.67058
  20
204.95881
  0
VERTEX
  5
1012
  8
Layer_0
  10
268.81933
  20
204.6238
  0
VERTEX
  5
1013
  8
Layer_0
  10
268.97679
  20
204.24718
  0
VERTEX
  5
1014
  8
Layer_0
  10
269.10032
  20
203.92632
  0
VERTEX
  5
1015
  8
Layer_0
  10
269.1917
  20
203.65312
  0
VERTEX
  5
1016
  8
Layer_0
  10
269.25272
  20
203.41948
  0
VERTEX
  5
1017
  8
Layer_0
  10
269.28516
  20
203.21733
  0
VERTEX
  5
1018
  8
Layer_0
  10
269.29082
  20
203.03856
  0
VERTEX
  5
1019
  8
Layer_0
  10
269.27147
  20
202.87508
  0
VERTEX
  5
101a
  8
Layer_0
  10
269.22891
  20
202.7188
  0
VERTEX
  5
101b
  8
Layer_0
  10
269.15569
  20
202.46162
  0
VERTEX
  5
101c
  8
Layer_0
  10
269.13604
  20
202.22588
  0
VERTEX
  5
101d
  8
Layer_0
  10
269.16997
  20
201.97942
  0
VERTEX
  5
101e
  8
Layer_0
  10
269.25748
  20
201.6901
  0
VERTEX
  5
101f
  8
Layer_0
  10
269.32951
  20
201.43069
  0
VERTEX
  5
1020
  8
Layer_0
  10
269.37655
  20
201.16146
  0
VERTEX
  5
1021
  8
Layer_0
  10
269.38845
  20
201.04074
  0
VERTEX
  5
1022
  8
Layer_0
  10
269.39143
  20
200.93867
  0
VERTEX
  5
1023
  8
Layer_0
  10
269.38458
  20
200.86226
  0
VERTEX
  5
1024
  8
Layer_0
  10
269.36702
  20
200.81856
  0
VERTEX
  5
1025
  8
Layer_0
  10
269.33644
  20
200.81826
  0
VERTEX
  5
1026
  8
Layer_0
  10
269.27237
  20
200.83047
  0
VERTEX
  5
1027
  8
Layer_0
  10
269.18419
  20
200.85339
  0
VERTEX
  5
1028
  8
Layer_0
  10
269.08127
  20
200.88524
  42
0.079434333
  0
VERTEX
  5
1029
  8
Layer_0
  10
268.47168
  20
200.98048
  0
VERTEX
  5
102a
  8
Layer_0
  10
268.12878
  20
200.98048
  0
SEQEND
  0
POLYLINE
  5
102c
  8
Layer_0
  62
7
  70
1
  66
1
  10
0
  20
0
  30
0
  0
VERTEX
  5
102c
  8
Layer_0
  10
263.93301
  20
194.98926
  0
VERTEX
  5
102d
  8
Layer_0
  10
264.05379
  20
195.31482
  0
VERTEX
  5
102e
  8
Layer_0
  10
264.14107
  20
195.59879
  0
VERTEX
  5
102f
  8
Layer_0
  10
264.19487
  20
195.84693
  0
VERTEX
  5
1030
  8
Layer_0
  10
264.21519
  20
196.06499
  0
VERTEX
  5
1031
  8
Layer_0
  10
264.20202
  20
196.25872
  0
VERTEX
  5
1032
  8
Layer_0
  10
264.15536
  20
196.43386
  0
VERTEX
  5
1033
  8
Layer_0
  10
264.07521
  20
196.59617
  0
VERTEX
  5
1034
  8
Layer_0
  10
263.96158
  20
196.75139
  0
VERTEX
  5
1035
  8
Layer_0
  10
263.87258
  20
196.87298
  0
VERTEX
  5
1036
  8
Layer_0
  10
263.84966
  20
196.95975
  0
VERTEX
  5
1037
  8
Layer_0
  10
263.89461
  20
197.0233
  0
VERTEX
  5
1038
  8
Layer_0
  10
264.0092
  20
197.07524
  0
VERTEX
  5
1039
  8
Layer_0
  10
264.12649
  20
197.12405
  0
VERTEX
  5
103a
  8
Layer_0
  10
264.1759
  20
197.16573
  0
VERTEX
  5
103b
  8
Layer_0
  10
264.12589
  20
197.20799
  0
VERTEX
  5
103c
  8
Layer_0
  10
264.00444
  20
197.26097
  0
VERTEX
  5
103d
  8
Layer_0
  10
263.91723
  20
197.30079
  0
VERTEX
  5
103e
  8
Layer_0
  10
263.84966
  20
197.35444
  0
VERTEX
  5
103f
  8
Layer_0
  10
263.79281
  20
197.43042
  0
VERTEX
  5
1040
  8
Layer_0
  10
263.73775
  20
197.5372
  0
VERTEX
  5
1041
  8
Layer_0
  10
263.68268
  20
197.65314
  0
VERTEX
  5
1042
  8
Layer_0
  10
263.64368
  20
197.70746
  0
VERTEX
  5
1043
  8
Layer_0
  10
263.60648
  20
197.70999
  0
VERTEX
  5
1044
  8
Layer_0
  10
263.55678
  20
197.67055
  42
0.16985923
  0
VERTEX
  5
1045
  8
Layer_0
  10
263.44247
  20
197.43242
  0
VERTEX
  5
1046
  8
Layer_0
  10
263.4415
  20
197.29454
  0
VERTEX
  5
1047
  8
Layer_0
  10
263.49545
  20
197.12227
  0
VERTEX
  5
1048
  8
Layer_0
  10
263.54623
  20
197.01585
  0
VERTEX
  5
1049
  8
Layer_0
  10
263.61459
  20
196.89196
  0
VERTEX
  5
104a
  8
Layer_0
  10
263.70181
  20
196.74764
  0
VERTEX
  5
104b
  8
Layer_0
  10
263.80919
  20
196.57994
  42
-0.1483095
  0
VERTEX
  5
104c
  8
Layer_0
  10
263.95682
  20
196.09892
  0
VERTEX
  5
104d
  8
Layer_0
  10
263.91448
  20
195.80715
  0
VERTEX
  5
104e
  8
Layer_0
  10
263.82169
  20
195.4542
  0
VERTEX
  5
104f
  8
Layer_0
  10
263.76572
  20
195.28535
  0
VERTEX
  5
1050
  8
Layer_0
  10
263.70835
  20
195.13787
  0
VERTEX
  5
1051
  8
Layer_0
  10
263.65334
  20
195.02399
  0
VERTEX
  5
1052
  8
Layer_0
  10
263.6044
  20
194.95592
  42
-0.34423833
  0
VERTEX
  5
1053
  8
Layer_0
  10
263.38531
  20
194.95116
  0
VERTEX
  5
1054
  8
Layer_0
  10
263.31389
  20
195.01436
  0
VERTEX
  5
1055
  8
Layer_0
  10
263.24966
  20
195.10401
  0
VERTEX
  5
1056
  8
Layer_0
  10
263.19269
  20
195.22023
  0
VERTEX
  5
1057
  8
Layer_0
  10
263.14303
  20
195.36312
  0
VERTEX
  5
1058
  8
Layer_0
  10
263.10074
  20
195.5328
  0
VERTEX
  5
1059
  8
Layer_0
  10
263.06587
  20
195.72939
  0
VERTEX
  5
105a
  8
Layer_0
  10
263.03847
  20
195.95298
  0
VERTEX
  5
105b
  8
Layer_0
  10
263.01861
  20
196.2037
  0
VERTEX
  5
105c
  8
Layer_0
  10
263.00545
  20
196.37818
  0
VERTEX
  5
105d
  8
Layer_0
  10
262.98832
  20
196.50657
  0
VERTEX
  5
105e
  8
Layer_0
  10
262.96327
  20
196.59097
  0
VERTEX
  5
105f
  8
Layer_0
  10
262.92634
  20
196.63352
  0
VERTEX
  5
1060
  8
Layer_0
  10
262.87355
  20
196.63633
  0
VERTEX
  5
1061
  8
Layer_0
  10
262.80095
  20
196.60152
  0
VERTEX
  5
1062
  8
Layer_0
  10
262.70457
  20
196.53122
  0
VERTEX
  5
1063
  8
Layer_0
  10
262.58046
  20
196.42754
  0
VERTEX
  5
1064
  8
Layer_0
  10
262.39382
  20
196.2892
  0
VERTEX
  5
1065
  8
Layer_0
  10
262.25899
  20
196.23168
  0
VERTEX
  5
1066
  8
Layer_0
  10
262.21266
  20
196.23336
  0
VERTEX
  5
1067
  8
Layer_0
  10
262.1813
  20
196.25542
  0
VERTEX
  5
1068
  8
Layer_0
  10
262.16556
  20
196.2979
  0
VERTEX
  5
1069
  8
Layer_0
  10
262.16612
  20
196.36086
  0
VERTEX
  5
106a
  8
Layer_0
  10
262.19649
  20
196.53463
  0
VERTEX
  5
106b
  8
Layer_0
  10
262.25192
  20
196.77587
  0
VERTEX
  5
106c
  8
Layer_0
  10
262.32711
  20
197.06634
  0
VERTEX
  5
106d
  8
Layer_0
  10
262.41675
  20
197.38778
  0
VERTEX
  5
106e
  8
Layer_0
  10
262.61819
  20
198.05058
  0
VERTEX
  5
106f
  8
Layer_0
  10
262.81383
  20
198.61829
  0
VERTEX
  5
1070
  8
Layer_0
  10
262.90074
  20
198.90523
  0
VERTEX
  5
1071
  8
Layer_0
  10
262.93765
  20
199.14216
  0
VERTEX
  5
1072
  8
Layer_0
  10
262.90826
  20
199.34211
  0
VERTEX
  5
1073
  8
Layer_0
  10
262.82394
  20
199.57019
  0
VERTEX
  5
1074
  8
Layer_0
  10
262.69052
  20
199.81524
  0
VERTEX
  5
1075
  8
Layer_0
  10
262.51378
  20
200.06609
  0
VERTEX
  5
1076
  8
Layer_0
  10
262.3385
  20
200.31046
  0
VERTEX
  5
1077
  8
Layer_0
  10
262.20273
  20
200.54948
  0
VERTEX
  5
1078
  8
Layer_0
  10
262.10759
  20
200.776
  0
VERTEX
  5
1079
  8
Layer_0
  10
262.0542
  20
200.98287
  0
VERTEX
  5
107a
  8
Layer_0
  10
262.04367
  20
201.16295
  0
VERTEX
  5
107b
  8
Layer_0
  10
262.07712
  20
201.3091
  0
VERTEX
  5
107c
  8
Layer_0
  10
262.15567
  20
201.41417
  0
VERTEX
  5
107d
  8
Layer_0
  10
262.28042
  20
201.47103
  0
VERTEX
  5
107e
  8
Layer_0
  10
262.42732
  20
201.48464
  0
VERTEX
  5
107f
  8
Layer_0
  10
262.61261
  20
201.46924
  0
VERTEX
  5
1080
  8
Layer_0
  10
262.82826
  20
201.42615
  0
VERTEX
  5
1081
  8
Layer_0
  10
263.06624
  20
201.35673
  42
0.152377
  0
VERTEX
  5
1082
  8
Layer_0
  10
263.63773
  20
201.33768
  0
VERTEX
  5
1083
  8
Layer_0
  10
263.82012
  20
201.38351
  0
VERTEX
  5
1084
  8
Layer_0
  10
263.98688
  20
201.41053
  0
VERTEX
  5
1085
  8
Layer_0
  10
264.13534
  20
201.41913
  0
VERTEX
  5
1086
  8
Layer_0
  10
264.26281
  20
201.40971
  0
VERTEX
  5
1087
  8
Layer_0
  10
264.36662
  20
201.38265
  0
VERTEX
  5
1088
  8
Layer_0
  10
264.44409
  20
201.33834
  0
VERTEX
  5
1089
  8
Layer_0
  10
264.49253
  20
201.27719
  0
VERTEX
  5
108a
  8
Layer_0
  10
264.50928
  20
201.19956
  0
VERTEX
  5
108b
  8
Layer_0
  10
264.50154
  20
201.14107
  0
VERTEX
  5
108c
  8
Layer_0
  10
264.47236
  20
201.10312
  0
VERTEX
  5
108d
  8
Layer_0
  10
264.41283
  20
201.07767
  0
VERTEX
  5
108e
  8
Layer_0
  10
264.31401
  20
201.05669
  0
VERTEX
  5
108f
  8
Layer_0
  10
263.97729
  20
200.95348
  0
VERTEX
  5
1090
  8
Layer_0
  10
263.67762
  20
200.77034
  0
VERTEX
  5
1091
  8
Layer_0
  10
263.55326
  20
200.65788
  0
VERTEX
  5
1092
  8
Layer_0
  10
263.45207
  20
200.53631
  0
VERTEX
  5
1093
  8
Layer_0
  10
263.37867
  20
200.40928
  0
VERTEX
  5
1094
  8
Layer_0
  10
263.33769
  20
200.2804
  42
0.19884354
  0
VERTEX
  5
1095
  8
Layer_0
  10
263.51868
  20
199.53268
  0
VERTEX
  5
1096
  8
Layer_0
  10
263.73194
  20
199.27335
  0
VERTEX
  5
1097
  8
Layer_0
  10
263.98897
  20
199.05108
  0
VERTEX
  5
1098
  8
Layer_0
  10
264.29422
  20
198.86363
  0
VERTEX
  5
1099
  8
Layer_0
  10
264.65214
  20
198.70877
  42
0.086466281
  0
VERTEX
  5
109a
  8
Layer_0
  10
265.5332
  20
198.58018
  0
VERTEX
  5
109b
  8
Layer_0
  10
265.69937
  20
198.57932
  0
VERTEX
  5
109c
  8
Layer_0
  10
265.83205
  20
198.5813
  0
VERTEX
  5
109d
  8
Layer_0
  10
265.93972
  20
198.58764
  0
VERTEX
  5
109e
  8
Layer_0
  10
266.03088
  20
198.59983
  0
VERTEX
  5
109f
  8
Layer_0
  10
266.19757
  20
198.64783
  0
VERTEX
  5
10a0
  8
Layer_0
  10
266.39998
  20
198.73735
  0
VERTEX
  5
10a1
  8
Layer_0
  10
266.67204
  20
198.88201
  0
VERTEX
  5
10a2
  8
Layer_0
  10
266.84765
  20
199.00881
  0
VERTEX
  5
10a3
  8
Layer_0
  10
266.91054
  20
199.08509
  0
VERTEX
  5
10a4
  8
Layer_0
  10
266.90421
  20
199.11537
  0
VERTEX
  5
10a5
  8
Layer_0
  10
266.87077
  20
199.11397
  0
VERTEX
  5
10a6
  8
Layer_0
  10
266.81484
  20
199.1019
  0
VERTEX
  5
10a7
  8
Layer_0
  10
266.73469
  20
199.07946
  0
VERTEX
  5
10a8
  8
Layer_0
  10
266.62858
  20
199.04691
  42
-0.12466567
  0
VERTEX
  5
10a9
  8
Layer_0
  10
265.52368
  20
199.00406
  0
VERTEX
  5
10aa
  8
Layer_0
  10
265.3103
  20
199.06413
  0
VERTEX
  5
10ab
  8
Layer_0
  10
265.11589
  20
199.14536
  0
VERTEX
  5
10ac
  8
Layer_0
  10
264.9447
  20
199.2439
  0
VERTEX
  5
10ad
  8
Layer_0
  10
264.80097
  20
199.35588
  0
VERTEX
  5
10ae
  8
Layer_0
  10
264.68894
  20
199.47746
  0
VERTEX
  5
10af
  8
Layer_0
  10
264.61285
  20
199.60479
  0
VERTEX
  5
10b0
  8
Layer_0
  10
264.57694
  20
199.73402
  0
VERTEX
  5
10b1
  8
Layer_0
  10
264.58546
  20
199.8613
  0
VERTEX
  5
10b2
  8
Layer_0
  10
264.6505
  20
199.95945
  0
VERTEX
  5
10b3
  8
Layer_0
  10
264.77715
  20
200.02858
  0
VERTEX
  5
10b4
  8
Layer_0
  10
264.94846
  20
200.06289
  0
VERTEX
  5
10b5
  8
Layer_0
  10
265.14744
  20
200.05656
  0
VERTEX
  5
10b6
  8
Layer_0
  10
265.25282
  20
200.0454
  0
VERTEX
  5
10b7
  8
Layer_0
  10
265.33319
  20
200.04942
  0
VERTEX
  5
10b8
  8
Layer_0
  10
265.39927
  20
200.0713
  0
VERTEX
  5
10b9
  8
Layer_0
  10
265.46177
  20
200.11371
  0
VERTEX
  5
10ba
  8
Layer_0
  10
265.53492
  20
200.20933
  0
VERTEX
  5
10bb
  8
Layer_0
  10
265.53975
  20
200.32505
  0
VERTEX
  5
10bc
  8
Layer_0
  10
265.47583
  20
200.4613
  0
VERTEX
  5
10bd
  8
Layer_0
  10
265.34271
  20
200.61854
  0
VERTEX
  5
10be
  8
Layer_0
  10
265.25596
  20
200.71124
  0
VERTEX
  5
10bf
  8
Layer_0
  10
265.20058
  20
200.78329
  0
VERTEX
  5
10c0
  8
Layer_0
  10
265.17846
  20
200.83637
  0
VERTEX
  5
10c1
  8
Layer_0
  10
265.1915
  20
200.87214
  0
VERTEX
  5
10c2
  8
Layer_0
  10
265.2416
  20
200.89229
  0
VERTEX
  5
10c3
  8
Layer_0
  10
265.33065
  20
200.89848
  0
VERTEX
  5
10c4
  8
Layer_0
  10
265.46056
  20
200.8924
  0
VERTEX
  5
10c5
  8
Layer_0
  10
265.63322
  20
200.87571
  0
VERTEX
  5
10c6
  8
Layer_0
  10
265.92246
  20
200.83162
  0
VERTEX
  5
10c7
  8
Layer_0
  10
266.17994
  20
200.7632
  0
VERTEX
  5
10c8
  8
Layer_0
  10
266.4065
  20
200.66977
  0
VERTEX
  5
10c9
  8
Layer_0
  10
266.60298
  20
200.55067
  0
VERTEX
  5
10ca
  8
Layer_0
  10
266.77022
  20
200.40523
  0
VERTEX
  5
10cb
  8
Layer_0
  10
266.90905
  20
200.23277
  0
VERTEX
  5
10cc
  8
Layer_0
  10
267.0203
  20
200.03264
  0
VERTEX
  5
10cd
  8
Layer_0
  10
267.10483
  20
199.80415
  42
0.14676285
  0
VERTEX
  5
10ce
  8
Layer_0
  10
267.36676
  20
199.41362
  42
-0.24505841
  0
VERTEX
  5
10cf
  8
Layer_0
  10
267.69061
  20
198.64687
  0
VERTEX
  5
10d0
  8
Layer_0
  10
267.66882
  20
198.46648
  0
VERTEX
  5
10d1
  8
Layer_0
  10
267.62335
  20
198.29325
  0
VERTEX
  5
10d2
  8
Layer_0
  10
267.54127
  20
198.08965
  0
VERTEX
  5
10d3
  8
Layer_0
  10
267.40964
  20
197.81819
  0
VERTEX
  5
10d4
  8
Layer_0
  10
267.15247
  20
197.30383
  0
VERTEX
  5
10d5
  8
Layer_0
  10
266.79529
  20
197.13239
  0
VERTEX
  5
10d6
  8
Layer_0
  10
266.43183
  20
196.90803
  0
VERTEX
  5
10d7
  8
Layer_0
  10
266.08089
  20
196.60911
  0
VERTEX
  5
10d8
  8
Layer_0
  10
265.77996
  20
196.27179
  0
VERTEX
  5
10d9
  8
Layer_0
  10
265.56654
  20
195.93224
  42
0.11189187
  0
VERTEX
  5
10da
  8
Layer_0
  10
265.27127
  20
194.66541
  0
VERTEX
  5
10db
  8
Layer_0
  10
265.27127
  20
194.27965
  0
VERTEX
  5
10dc
  8
Layer_0
  10
265.03314
  20
194.05582
  0
VERTEX
  5
10dd
  8
Layer_0
  10
264.89421
  20
193.93117
  0
VERTEX
  5
10de
  8
Layer_0
  10
264.78966
  20
193.86591
  0
VERTEX
  5
10df
  8
Layer_0
  10
264.6735
  20
193.84083
  0
VERTEX
  5
10e0
  8
Layer_0
  10
264.49974
  20
193.83674
  0
VERTEX
  5
10e1
  8
Layer_0
  10
264.27642
  20
193.84619
  0
VERTEX
  5
10e2
  8
Layer_0
  10
264.14553
  20
193.8802
  0
VERTEX
  5
10e3
  8
Layer_0
  10
264.09054
  20
193.94724
  0
VERTEX
  5
10e4
  8
Layer_0
  10
264.09494
  20
194.05581
  42
0.27133614
  0
VERTEX
  5
10e5
  8
Layer_0
  10
263.90918
  20
194.53206
  0
VERTEX
  5
10e6
  8
Layer_0
  10
263.79013
  20
194.63208
  0
VERTEX
  5
10e7
  8
Layer_0
  10
263.93301
  20
194.98926
  0
SEQEND
  0
POLYLINE
  5
10e9
  8
Layer_0
  62
7
  70
1
  66
1
  10
0
  20
0
  30
0
  0
VERTEX
  5
10e9
  8
Layer_0
  10
259.20384
  20
197.67055
  0
VERTEX
  5
10ea
  8
Layer_0
  10
259.06901
  20
197.68216
  0
VERTEX
  5
10eb
  8
Layer_0
  10
258.83594
  20
197.68841
  0
VERTEX
  5
10ec
  8
Layer_0
  10
258.5368
  20
197.6893
  0
VERTEX
  5
10ed
  8
Layer_0
  10
258.20372
  20
197.68484
  0
VERTEX
  5
10ee
  8
Layer_0
  10
257.96064
  20
197.67618
  0
VERTEX
  5
10ef
  8
Layer_0
  10
257.7655
  20
197.66735
  0
VERTEX
  5
10f0
  8
Layer_0
  10
257.61043
  20
197.6573
  0
VERTEX
  5
10f1
  8
Layer_0
  10
257.48756
  20
197.64495
  0
VERTEX
  5
10f2
  8
Layer_0
  10
257.30696
  20
197.60916
  0
VERTEX
  5
10f3
  8
Layer_0
  10
257.16073
  20
197.55149
  0
VERTEX
  5
10f4
  8
Layer_0
  10
256.92744
  20
197.41003
  0
VERTEX
  5
10f5
  8
Layer_0
  10
256.69817
  20
197.20561
  0
VERTEX
  5
10f6
  8
Layer_0
  10
256.46087
  20
196.92529
  0
VERTEX
  5
10f7
  8
Layer_0
  10
256.20347
  20
196.55613
  0
VERTEX
  5
10f8
  8
Layer_0
  10
256.07868
  20
196.37046
  0
VERTEX
  5
10f9
  8
Layer_0
  10
255.96952
  20
196.21739
  0
VERTEX
  5
10fa
  8
Layer_0
  10
255.88803
  20
196.11344
  0
VERTEX
  5
10fb
  8
Layer_0
  10
255.84628
  20
196.07511
  0
VERTEX
  5
10fc
  8
Layer_0
  10
255.77201
  20
196.08334
  0
VERTEX
  5
10fd
  8
Layer_0
  10
255.71643
  20
196.11232
  0
VERTEX
  5
10fe
  8
Layer_0
  10
255.6786
  20
196.16854
  0
VERTEX
  5
10ff
  8
Layer_0
  10
255.65757
  20
196.25847
  0
VERTEX
  5
1100
  8
Layer_0
  10
255.65239
  20
196.38858
  0
VERTEX
  5
1101
  8
Layer_0
  10
255.66211
  20
196.56535
  0
VERTEX
  5
1102
  8
Layer_0
  10
255.68578
  20
196.79526
  0
VERTEX
  5
1103
  8
Layer_0
  10
255.72246
  20
197.08476
  0
VERTEX
  5
1104
  8
Layer_0
  10
255.7993
  20
197.57832
  0
VERTEX
  5
1105
  8
Layer_0
  10
255.88446
  20
197.97662
  0
VERTEX
  5
1106
  8
Layer_0
  10
255.98491
  20
198.29019
  0
VERTEX
  5
1107
  8
Layer_0
  10
256.10762
  20
198.52959
  0
VERTEX
  5
1108
  8
Layer_0
  10
256.25959
  20
198.70536
  0
VERTEX
  5
1109
  8
Layer_0
  10
256.44777
  20
198.82806
  0
VERTEX
  5
110a
  8
Layer_0
  10
256.67915
  20
198.90823
  0
VERTEX
  5
110b
  8
Layer_0
  10
256.96071
  20
198.95643
  42
0.077603397
  0
VERTEX
  5
110c
  8
Layer_0
  10
257.78461
  20
199.15169
  0
VERTEX
  5
110d
  8
Layer_0
  10
257.94177
  20
199.22313
  0
VERTEX
  5
110e
  8
Layer_0
  10
257.90845
  20
199.58031
  0
VERTEX
  5
110f
  8
Layer_0
  10
257.89609
  20
199.74187
  0
VERTEX
  5
1110
  8
Layer_0
  10
257.89534
  20
199.85118
  0
VERTEX
  5
1111
  8
Layer_0
  10
257.9071
  20
199.91317
  0
VERTEX
  5
1112
  8
Layer_0
  10
257.93225
  20
199.93274
  0
VERTEX
  5
1113
  8
Layer_0
  10
257.98412
  20
199.9244
  0
VERTEX
  5
1114
  8
Layer_0
  10
258.08644
  20
199.90178
  0
VERTEX
  5
1115
  8
Layer_0
  10
258.22358
  20
199.86844
  0
VERTEX
  5
1116
  8
Layer_0
  10
258.37993
  20
199.82796
  0
VERTEX
  5
1117
  8
Layer_0
  10
258.5993
  20
199.77468
  0
VERTEX
  5
1118
  8
Layer_0
  10
258.81689
  20
199.74105
  0
VERTEX
  5
1119
  8
Layer_0
  10
259.06841
  20
199.72349
  0
VERTEX
  5
111a
  8
Layer_0
  10
259.38959
  20
199.71843
  42
0.1117879
  0
VERTEX
  5
111b
  8
Layer_0
  10
260.94214
  20
200.07561
  0
VERTEX
  5
111c
  8
Layer_0
  10
261.06855
  20
200.13185
  0
VERTEX
  5
111d
  8
Layer_0
  10
261.1738
  20
200.1719
  0
VERTEX
  5
111e
  8
Layer_0
  10
261.25952
  20
200.19566
  0
VERTEX
  5
111f
  8
Layer_0
  10
261.32732
  20
200.20301
  0
VERTEX
  5
1120
  8
Layer_0
  10
261.41565
  20
200.16804
  0
VERTEX
  5
1121
  8
Layer_0
  10
261.45175
  20
200.06609
  0
VERTEX
  5
1122
  8
Layer_0
  10
261.44751
  20
199.98922
  0
VERTEX
  5
1123
  8
Layer_0
  10
261.4071
  20
199.90476
  0
VERTEX
  5
1124
  8
Layer_0
  10
261.32115
  20
199.79619
  0
VERTEX
  5
1125
  8
Layer_0
  10
261.18028
  20
199.64699
  0
VERTEX
  5
1126
  8
Layer_0
  10
260.94848
  20
199.39368
  0
VERTEX
  5
1127
  8
Layer_0
  10
260.77606
  20
199.15288
  0
VERTEX
  5
1128
  8
Layer_0
  10
260.65454
  20
198.91029
  0
VERTEX
  5
1129
  8
Layer_0
  10
260.57544
  20
198.65162
  0
VERTEX
  5
112a
  8
Layer_0
  10
260.53913
  20
198.35732
  0
VERTEX
  5
112b
  8
Layer_0
  10
260.58497
  20
198.02595
  0
VERTEX
  5
112c
  8
Layer_0
  10
260.64428
  20
197.82363
  0
VERTEX
  5
112d
  8
Layer_0
  10
260.73082
  20
197.58475
  0
VERTEX
  5
112e
  8
Layer_0
  10
260.84684
  20
197.30022
  0
VERTEX
  5
112f
  8
Layer_0
  10
260.99455
  20
196.96094
  42
-0.003573202
  0
VERTEX
  5
1130
  8
Layer_0
  10
261.47556
  20
195.87509
  0
VERTEX
  5
1131
  8
Layer_0
  10
261.53568
  20
195.70542
  0
VERTEX
  5
1132
  8
Layer_0
  10
261.54223
  20
195.61791
  0
VERTEX
  5
1133
  8
Layer_0
  10
261.51135
  20
195.61226
  0
VERTEX
  5
1134
  8
Layer_0
  10
261.45234
  20
195.62268
  0
VERTEX
  5
1135
  8
Layer_0
  10
261.37279
  20
195.64738
  0
VERTEX
  5
1136
  8
Layer_0
  10
261.28029
  20
195.68459
  0
VERTEX
  5
1137
  8
Layer_0
  10
261.07666
  20
195.76362
  0
VERTEX
  5
1138
  8
Layer_0
  10
260.86298
  20
195.81853
  0
VERTEX
  5
1139
  8
Layer_0
  10
260.64037
  20
195.84934
  0
VERTEX
  5
113a
  8
Layer_0
  10
260.40995
  20
195.85604
  0
VERTEX
  5
113b
  8
Layer_0
  10
259.93013
  20
195.7971
  0
VERTEX
  5
113c
  8
Layer_0
  10
259.43245
  20
195.64173
  0
VERTEX
  5
113d
  8
Layer_0
  10
259.2064
  20
195.55249
  0
VERTEX
  5
113e
  8
Layer_0
  10
259.00753
  20
195.47632
  0
VERTEX
  5
113f
  8
Layer_0
  10
258.8341
  20
195.41391
  0
VERTEX
  5
1140
  8
Layer_0
  10
258.68436
  20
195.36595
  0
VERTEX
  5
1141
  8
Layer_0
  10
258.44904
  20
195.31607
  0
VERTEX
  5
1142
  8
Layer_0
  10
258.28766
  20
195.33216
  0
VERTEX
  5
1143
  8
Layer_0
  10
258.18634
  20
195.41969
  0
VERTEX
  5
1144
  8
Layer_0
  10
258.13117
  20
195.58413
  0
VERTEX
  5
1145
  8
Layer_0
  10
258.10826
  20
195.83094
  0
VERTEX
  5
1146
  8
Layer_0
  10
258.10371
  20
196.1656
  0
VERTEX
  5
1147
  8
Layer_0
  10
258.09939
  20
196.45262
  0
VERTEX
  5
1148
  8
Layer_0
  10
258.08704
  20
196.67578
  0
VERTEX
  5
1149
  8
Layer_0
  10
258.06754
  20
196.83198
  0
VERTEX
  5
114a
  8
Layer_0
  10
258.04179
  20
196.91808
  0
VERTEX
  5
114b
  8
Layer_0
  10
257.9964
  20
197.01868
  0
VERTEX
  5
114c
  8
Layer_0
  10
258.00369
  20
197.08
  0
VERTEX
  5
114d
  8
Layer_0
  10
258.07528
  20
197.11631
  0
VERTEX
  5
114e
  8
Layer_0
  10
258.22278
  20
197.14191
  0
VERTEX
  5
114f
  8
Layer_0
  10
258.51901
  20
197.19839
  0
VERTEX
  5
1150
  8
Layer_0
  10
258.8032
  20
197.283
  0
VERTEX
  5
1151
  8
Layer_0
  10
259.0472
  20
197.38636
  0
VERTEX
  5
1152
  8
Layer_0
  10
259.2229
  20
197.4991
  0
VERTEX
  5
1153
  8
Layer_0
  10
259.38959
  20
197.63721
  0
VERTEX
  5
1154
  8
Layer_0
  10
259.20386
  20
197.67055
  0
SEQEND
  0
POLYLINE
  5
1156
  8
Layer_0
  62
7
  70
1
  66
1
  10
0
  20
0
  30
0
  0
VERTEX
  5
1156
  8
Layer_0
  10
257.63222
  20
201.59961
  0
VERTEX
  5
1157
  8
Layer_0
  10
257.7995
  20
201.65557
  0
VERTEX
  5
1158
  8
Layer_0
  10
258.02751
  20
201.79011
  0
VERTEX
  5
1159
  8
Layer_0
  10
258.16958
  20
201.88437
  0
VERTEX
  5
115a
  8
Layer_0
  10
258.2925
  20
201.95301
  0
VERTEX
  5
115b
  8
Layer_0
  10
258.40214
  20
201.99631
  0
VERTEX
  5
115c
  8
Layer_0
  10
258.50435
  20
202.01455
  0
VERTEX
  5
115d
  8
Layer_0
  10
258.60501
  20
202.00801
  0
VERTEX
  5
115e
  8
Layer_0
  10
258.70996
  20
201.97697
  0
VERTEX
  5
115f
  8
Layer_0
  10
258.82506
  20
201.92171
  0
VERTEX
  5
1160
  8
Layer_0
  10
258.95619
  20
201.8425
  0
VERTEX
  5
1161
  8
Layer_0
  10
259.13583
  20
201.73541
  0
VERTEX
  5
1162
  8
Layer_0
  10
259.30475
  20
201.65371
  0
VERTEX
  5
1163
  8
Layer_0
  10
259.45983
  20
201.5978
  0
VERTEX
  5
1164
  8
Layer_0
  10
259.59794
  20
201.56806
  0
VERTEX
  5
1165
  8
Layer_0
  10
259.71596
  20
201.56489
  0
VERTEX
  5
1166
  8
Layer_0
  10
259.81077
  20
201.58867
  0
VERTEX
  5
1167
  8
Layer_0
  10
259.87923
  20
201.63981
  0
VERTEX
  5
1168
  8
Layer_0
  10
259.91823
  20
201.71868
  0
VERTEX
  5
1169
  8
Layer_0
  10
259.92402
  20
201.8201
  0
VERTEX
  5
116a
  8
Layer_0
  10
259.8825
  20
201.94073
  0
VERTEX
  5
116b
  8
Layer_0
  10
259.83981
  20
202.01591
  0
VERTEX
  5
116c
  8
Layer_0
  10
259.78026
  20
202.10511
  0
VERTEX
  5
116d
  8
Layer_0
  10
259.70218
  20
202.21138
  0
VERTEX
  5
116e
  8
Layer_0
  10
259.6039
  20
202.3378
  0
VERTEX
  5
116f
  8
Layer_0
  10
259.33348
  20
202.72155
  0
VERTEX
  5
1170
  8
Layer_0
  10
259.1336
  20
203.10754
  0
VERTEX
  5
1171
  8
Layer_0
  10
259.05202
  20
203.32104
  0
VERTEX
  5
1172
  8
Layer_0
  10
258.97837
  20
203.55871
  0
VERTEX
  5
1173
  8
Layer_0
  10
258.9094
  20
203.82842
  0
VERTEX
  5
1174
  8
Layer_0
  10
258.84189
  20
204.13803
  0
VERTEX
  5
1175
  8
Layer_0
  10
258.80519
  20
204.31285
  0
VERTEX
  5
1176
  8
Layer_0
  10
258.77246
  20
204.45436
  0
VERTEX
  5
1177
  8
Layer_0
  10
258.74185
  20
204.56673
  0
VERTEX
  5
1178
  8
Layer_0
  10
258.71152
  20
204.65416
  0
VERTEX
  5
1179
  8
Layer_0
  10
258.64433
  20
204.77092
  0
VERTEX
  5
117a
  8
Layer_0
  10
258.55615
  20
204.83811
  0
VERTEX
  5
117b
  8
Layer_0
  10
258.49096
  20
204.8722
  0
VERTEX
  5
117c
  8
Layer_0
  10
258.44542
  20
204.8786
  0
VERTEX
  5
117d
  8
Layer_0
  10
258.38737
  20
204.85285
  0
VERTEX
  5
117e
  8
Layer_0
  10
258.28468
  20
204.79049
  0
VERTEX
  5
117f
  8
Layer_0
  10
258.18385
  20
204.71585
  0
VERTEX
  5
1180
  8
Layer_0
  10
258.12097
  20
204.58272
  0
VERTEX
  5
1181
  8
Layer_0
  10
258.09553
  20
204.46311
  0
VERTEX
  5
1182
  8
Layer_0
  10
258.0697
  20
204.29154
  0
VERTEX
  5
1183
  8
Layer_0
  10
258.04018
  20
204.05557
  0
VERTEX
  5
1184
  8
Layer_0
  10
258.00369
  20
203.74274
  0
VERTEX
  5
1185
  8
Layer_0
  10
257.9737
  20
203.48544
  0
VERTEX
  5
1186
  8
Layer_0
  10
257.94327
  20
203.26225
  0
VERTEX
  5
1187
  8
Layer_0
  10
257.9106
  20
203.06573
  0
VERTEX
  5
1188
  8
Layer_0
  10
257.87392
  20
202.88847
  0
VERTEX
  5
1189
  8
Layer_0
  10
257.78135
  20
202.56201
  0
VERTEX
  5
118a
  8
Layer_0
  10
257.65127
  20
202.2235
  0
VERTEX
  5
118b
  8
Layer_0
  10
257.5968
  20
202.07527
  0
VERTEX
  5
118c
  8
Layer_0
  10
257.55126
  20
201.93418
  0
VERTEX
  5
118d
  8
Layer_0
  10
257.52
  20
201.81631
  0
VERTEX
  5
118e
  8
Layer_0
  10
257.50839
  20
201.73773
  0
VERTEX
  5
118f
  8
Layer_0
  10
257.51301
  20
201.66592
  0
VERTEX
  5
1190
  8
Layer_0
  10
257.53102
  20
201.62402
  0
VERTEX
  5
1191
  8
Layer_0
  10
257.56867
  20
201.60445
  0
SEQEND
  0
POLYLINE
  5
1193
  8
Layer_0
  62
7
  70
1
  66
1
  10
0
  20
0
  30
0
  0
VERTEX
  5
1193
  8
Layer_0
  10
267.97636
  20
196.51803
  0
VERTEX
  5
1194
  8
Layer_0
  10
268.10553
  20
196.31159
  0
VERTEX
  5
1195
  8
Layer_0
  10
268.21583
  20
196.156
  0
VERTEX
  5
1196
  8
Layer_0
  10
268.30939
  20
196.05031
  0
VERTEX
  5
1197
  8
Layer_0
  10
268.38832
  20
195.99356
  0
VERTEX
  5
1198
  8
Layer_0
  10
268.45476
  20
195.9848
  0
VERTEX
  5
1199
  8
Layer_0
  10
268.51081
  20
196.0231
  0
VERTEX
  5
119a
  8
Layer_0
  10
268.55861
  20
196.10749
  0
VERTEX
  5
119b
  8
Layer_0
  10
268.60026
  20
196.23704
  0
VERTEX
  5
119c
  8
Layer_0
  10
268.63217
  20
196.42627
  0
VERTEX
  5
119d
  8
Layer_0
  10
268.64662
  20
196.64899
  0
VERTEX
  5
119e
  8
Layer_0
  10
268.64488
  20
196.89136
  0
VERTEX
  5
119f
  8
Layer_0
  10
268.62824
  20
197.13953
  0
VERTEX
  5
11a0
  8
Layer_0
  10
268.59798
  20
197.37967
  0
VERTEX
  5
11a1
  8
Layer_0
  10
268.55539
  20
197.59792
  0
VERTEX
  5
11a2
  8
Layer_0
  10
268.50175
  20
197.78046
  0
VERTEX
  5
11a3
  8
Layer_0
  10
268.43834
  20
197.91344
  0
VERTEX
  5
11a4
  8
Layer_0
  10
268.34368
  20
198.01271
  0
VERTEX
  5
11a5
  8
Layer_0
  10
268.24545
  20
198.01464
  0
VERTEX
  5
11a6
  8
Layer_0
  10
268.19165
  20
197.97771
  0
VERTEX
  5
11a7
  8
Layer_0
  10
268.13294
  20
197.91478
  0
VERTEX
  5
11a8
  8
Layer_0
  10
268.06797
  20
197.82528
  0
VERTEX
  5
11a9
  8
Layer_0
  10
267.99542
  20
197.70865
  0
VERTEX
  5
11aa
  8
Layer_0
  10
267.90479
  20
197.55212
  0
VERTEX
  5
11ab
  8
Layer_0
  10
267.83476
  20
197.42885
  0
VERTEX
  5
11ac
  8
Layer_0
  10
267.7827
  20
197.33327
  0
VERTEX
  5
11ad
  8
Layer_0
  10
267.74598
  20
197.25978
  0
VERTEX
  5
11ae
  8
Layer_0
  10
267.70811
  20
197.15679
  0
VERTEX
  5
11af
  8
Layer_0
  10
267.70015
  20
197.07524
  0
VERTEX
  5
11b0
  8
Layer_0
  10
267.72188
  20
196.99956
  0
VERTEX
  5
11b1
  8
Layer_0
  10
267.78111
  20
196.86985
  0
VERTEX
  5
11b2
  8
Layer_0
  10
267.86891
  20
196.70354
  0
SEQEND
  0
POLYLINE
  5
11b4
  8
Layer_0
  62
7
  70
1
  66
1
  10
0
  20
0
  30
0
  0
VERTEX
  5
11b4
  8
Layer_0
  10
263.04242
  20
193.93199
  0
VERTEX
  5
11b5
  8
Layer_0
  10
263.28315
  20
193.84611
  0
VERTEX
  5
11b6
  8
Layer_0
  10
263.51093
  20
193.85936
  0
VERTEX
  5
11b7
  8
Layer_0
  10
263.60587
  20
193.89952
  0
VERTEX
  5
11b8
  8
Layer_0
  10
263.68067
  20
193.96012
  0
VERTEX
  5
11b9
  8
Layer_0
  10
263.72968
  20
194.03968
  0
VERTEX
  5
11ba
  8
Layer_0
  10
263.74727
  20
194.13678
  0
VERTEX
  5
11bb
  8
Layer_0
  10
263.73529
  20
194.23746
  0
VERTEX
  5
11bc
  8
Layer_0
  10
263.69071
  20
194.31358
  0
VERTEX
  5
11bd
  8
Layer_0
  10
263.6006
  20
194.37989
  0
VERTEX
  5
11be
  8
Layer_0
  10
263.45199
  20
194.4511
  42
-0.14179455
  0
VERTEX
  5
11bf
  8
Layer_0
  10
263.11862
  20
194.71304
  0
VERTEX
  5
11c0
  8
Layer_0
  10
263.03795
  20
194.82243
  0
VERTEX
  5
11c1
  8
Layer_0
  10
262.96979
  20
194.87377
  0
VERTEX
  5
11c2
  8
Layer_0
  10
262.90698
  20
194.86975
  0
VERTEX
  5
11c3
  8
Layer_0
  10
262.84239
  20
194.81305
  0
VERTEX
  5
11c4
  8
Layer_0
  10
262.78789
  20
194.71913
  0
VERTEX
  5
11c5
  8
Layer_0
  10
262.75912
  20
194.6064
  0
VERTEX
  5
11c6
  8
Layer_0
  10
262.75458
  20
194.48195
  0
VERTEX
  5
11c7
  8
Layer_0
  10
262.77274
  20
194.35287
  0
VERTEX
  5
11c8
  8
Layer_0
  10
262.87119
  20
194.10917
  0
SEQEND
  0
POLYLINE
  5
11ca
  8
Layer_0
  62
7
  70
1
  66
1
  10
0
  20
0
  30
0
  0
VERTEX
  5
11ca
  8
Layer_0
  10
245.99744
  20
211.05318
  42
-0.0036839959
  0
VERTEX
  5
11cb
  8
Layer_0
  10
246.4594
  20
211.19604
  42
-0.0096709934
  0
VERTEX
  5
11cc
  8
Layer_0
  10
247.15948
  20
211.40561
  0
VERTEX
  5
11cd
  8
Layer_0
  10
247.50238
  20
211.50562
  0
VERTEX
  5
11ce
  8
Layer_0
  10
247.53572
  20
211.77231
  0
VERTEX
  5
11cf
  8
Layer_0
  10
247.54524
  20
211.87515
  0
VERTEX
  5
11d0
  8
Layer_0
  10
247.5512
  20
211.96281
  0
VERTEX
  5
11d1
  8
Layer_0
  10
247.55179
  20
212.02547
  0
VERTEX
  5
11d2
  8
Layer_0
  10
247.54524
  20
212.0533
  0
VERTEX
  5
11d3
  8
Layer_0
  10
247.50141
  20
212.04943
  0
VERTEX
  5
11d4
  8
Layer_0
  10
247.39463
  20
212.02592
  0
VERTEX
  5
11d5
  8
Layer_0
  10
247.24052
  20
211.98633
  0
VERTEX
  5
11d6
  8
Layer_0
  10
247.0547
  20
211.93424
  0
VERTEX
  5
11d7
  8
Layer_0
  10
246.86822
  20
211.87776
  0
VERTEX
  5
11d8
  8
Layer_0
  10
246.70585
  20
211.83244
  0
VERTEX
  5
11d9
  8
Layer_0
  10
246.58455
  20
211.8023
  0
VERTEX
  5
11da
  8
Layer_0
  10
246.5213
  20
211.79136
  0
VERTEX
  5
11db
  8
Layer_0
  10
246.5036
  20
211.80838
  0
VERTEX
  5
11dc
  8
Layer_0
  10
246.48953
  20
211.86585
  0
VERTEX
  5
11dd
  8
Layer_0
  10
246.47869
  20
211.97345
  0
VERTEX
  5
11de
  8
Layer_0
  10
246.4707
  20
212.14081
  0
VERTEX
  5
11df
  8
Layer_0
  10
246.46517
  20
212.37761
  0
VERTEX
  5
11e0
  8
Layer_0
  10
246.4617
  20
212.69349
  0
VERTEX
  5
11e1
  8
Layer_0
  10
246.45991
  20
213.0981
  0
VERTEX
  5
11e2
  8
Layer_0
  10
246.4594
  20
213.60111
  0
VERTEX
  5
11e3
  8
Layer_0
  10
246.45874
  20
213.96465
  0
VERTEX
  5
11e4
  8
Layer_0
  10
246.45687
  20
214.30373
  0
VERTEX
  5
11e5
  8
Layer_0
  10
246.45387
  20
214.61089
  0
VERTEX
  5
11e6
  8
Layer_0
  10
246.44987
  20
214.87866
  0
VERTEX
  5
11e7
  8
Layer_0
  10
246.44498
  20
215.09953
  0
VERTEX
  5
11e8
  8
Layer_0
  10
246.43931
  20
215.26605
  0
VERTEX
  5
11e9
  8
Layer_0
  10
246.43296
  20
215.37074
  0
VERTEX
  5
11ea
  8
Layer_0
  10
246.42606
  20
215.4061
  0
VERTEX
  5
11eb
  8
Layer_0
  10
246.32426
  20
215.38229
  0
VERTEX
  5
11ec
  8
Layer_0
  10
246.1403
  20
215.3299
  0
VERTEX
  5
11ed
  8
Layer_0
  10
245.88789
  20
215.25371
  0
VERTEX
  5
11ee
  8
Layer_0
  10
245.88789
  20
213.13916
  0
VERTEX
  5
11ef
  8
Layer_0
  10
245.88789
  20
211.0246
  0
SEQEND
  0
POLYLINE
  5
11f1
  8
Layer_0
  62
7
  70
1
  66
1
  10
0
  20
0
  30
0
  0
VERTEX
  5
11f1
  8
Layer_0
  10
250.04556
  20
212.18665
  0
VERTEX
  5
11f2
  8
Layer_0
  10
250.02941
  20
212.23137
  0
VERTEX
  5
11f3
  8
Layer_0
  10
249.99852
  20
212.33369
  0
VERTEX
  5
11f4
  8
Layer_0
  10
249.95782
  20
212.47798
  0
VERTEX
  5
11f5
  8
Layer_0
  10
249.9122
  20
212.64861
  0
VERTEX
  5
11f6
  8
Layer_0
  10
249.86733
  20
212.81843
  0
VERTEX
  5
11f7
  8
Layer_0
  10
249.82827
  20
212.96056
  0
VERTEX
  5
11f8
  8
Layer_0
  10
249.79902
  20
213.05983
  0
VERTEX
  5
11f9
  8
Layer_0
  10
249.78361
  20
213.10105
  0
VERTEX
  5
11fa
  8
Layer_0
  10
249.73153
  20
213.09644
  0
VERTEX
  5
11fb
  8
Layer_0
  10
249.60265
  20
213.07129
  0
VERTEX
  5
11fc
  8
Layer_0
  10
249.41661
  20
213.03006
  0
VERTEX
  5
11fd
  8
Layer_0
  10
249.19307
  20
212.97723
  0
VERTEX
  5
11fe
  8
Layer_0
  10
248.61681
  20
212.82959
  0
VERTEX
  5
11ff
  8
Layer_0
  10
248.5025
  20
212.30095
  0
VERTEX
  5
1200
  8
Layer_0
  10
248.38821
  20
211.76755
  0
VERTEX
  5
1201
  8
Layer_0
  10
248.11674
  20
211.6723
  0
VERTEX
  5
1202
  8
Layer_0
  10
248.01033
  20
211.63971
  0
VERTEX
  5
1203
  8
Layer_0
  10
247.9191
  20
211.61515
  0
VERTEX
  5
1204
  8
Layer_0
  10
247.85287
  20
211.60131
  0
VERTEX
  5
1205
  8
Layer_0
  10
247.82147
  20
211.60086
  0
VERTEX
  5
1206
  8
Layer_0
  10
247.82549
  20
211.6386
  0
VERTEX
  5
1207
  8
Layer_0
  10
247.8438
  20
211.73667
  0
VERTEX
  5
1208
  8
Layer_0
  10
247.87505
  20
211.88843
  0
VERTEX
  5
1209
  8
Layer_0
  10
247.91791
  20
212.08723
  0
VERTEX
  5
120a
  8
Layer_0
  10
247.97104
  20
212.32645
  0
VERTEX
  5
120b
  8
Layer_0
  10
248.0331
  20
212.59943
  0
VERTEX
  5
120c
  8
Layer_0
  10
248.10276
  20
212.89953
  0
VERTEX
  5
120d
  8
Layer_0
  10
248.17866
  20
213.22011
  42
-0.00057258678
  0
VERTEX
  5
120e
  8
Layer_0
  10
248.70253
  20
215.43944
  0
VERTEX
  5
120f
  8
Layer_0
  10
248.85017
  20
216.06332
  0
VERTEX
  5
1210
  8
Layer_0
  10
249.14069
  20
216.13477
  0
VERTEX
  5
1211
  8
Layer_0
  10
249.27367
  20
216.16759
  0
VERTEX
  5
1212
  8
Layer_0
  10
249.37858
  20
216.1911
  0
VERTEX
  5
1213
  8
Layer_0
  10
249.45905
  20
216.20534
  0
VERTEX
  5
1214
  8
Layer_0
  10
249.5187
  20
216.21037
  0
VERTEX
  5
1215
  8
Layer_0
  10
249.59007
  20
216.19303
  0
VERTEX
  5
1216
  8
Layer_0
  10
249.62169
  20
216.13953
  0
VERTEX
  5
1217
  8
Layer_0
  10
249.64266
  20
216.06602
  0
VERTEX
  5
1218
  8
Layer_0
  10
249.6823
  20
215.92203
  0
VERTEX
  5
1219
  8
Layer_0
  10
249.73785
  20
215.71791
  0
VERTEX
  5
121a
  8
Layer_0
  10
249.80654
  20
215.464
  0
VERTEX
  5
121b
  8
Layer_0
  10
249.97229
  20
214.84813
  0
VERTEX
  5
121c
  8
Layer_0
  10
250.15747
  20
214.15714
  0
VERTEX
  5
121d
  8
Layer_0
  10
250.33997
  20
213.47374
  0
VERTEX
  5
121e
  8
Layer_0
  10
250.49769
  20
212.88064
  0
VERTEX
  5
121f
  8
Layer_0
  10
250.56035
  20
212.6438
  0
VERTEX
  5
1220
  8
Layer_0
  10
250.60853
  20
212.46055
  0
VERTEX
  5
1221
  8
Layer_0
  10
250.63947
  20
212.34124
  0
VERTEX
  5
1222
  8
Layer_0
  10
250.65039
  20
212.29619
  0
VERTEX
  5
1223
  8
Layer_0
  10
250.3569
  20
212.22178
  0
SEQEND
  0
POLYLINE
  5
1225
  8
Layer_0
  62
7
  70
1
  66
1
  10
0
  20
0
  30
0
  0
VERTEX
  5
1225
  8
Layer_0
  10
249.10735
  20
215.03938
  42
0.0016790306
  0
VERTEX
  5
1226
  8
Layer_0
  10
248.82159
  20
213.74399
  0
VERTEX
  5
1227
  8
Layer_0
  10
248.79592
  20
213.6224
  0
VERTEX
  5
1228
  8
Layer_0
  10
248.77695
  20
213.52134
  0
VERTEX
  5
1229
  8
Layer_0
  10
248.76601
  20
213.45065
  0
VERTEX
  5
122a
  8
Layer_0
  10
248.76445
  20
213.42014
  0
VERTEX
  5
122b
  8
Layer_0
  10
249.21807
  20
213.5142
  0
VERTEX
  5
122c
  8
Layer_0
  10
249.65027
  20
213.65826
  0
VERTEX
  5
122d
  8
Layer_0
  10
249.43596
  20
214.53933
  0
VERTEX
  5
122e
  8
Layer_0
  10
249.20735
  20
215.39181
  0
VERTEX
  5
122f
  8
Layer_0
  10
249.19441
  20
215.36956
  0
VERTEX
  5
1230
  8
Layer_0
  10
249.17164
  20
215.29597
  0
VERTEX
  5
1231
  8
Layer_0
  10
249.14172
  20
215.18219
  0
VERTEX
  5
1232
  8
Layer_0
  10
249.10735
  20
215.03939
  0
SEQEND
  0
POLYLINE
  5
1234
  8
Layer_0
  62
7
  70
1
  66
1
  10
0
  20
0
  30
0
  0
VERTEX
  5
1234
  8
Layer_0
  10
253.45551
  20
214.40121
  0
VERTEX
  5
1235
  8
Layer_0
  10
253.46027
  20
212.83911
  0
VERTEX
  5
1236
  8
Layer_0
  10
253.59839
  20
212.83911
  42
0.043696838
  0
VERTEX
  5
1237
  8
Layer_0
  10
253.88414
  20
212.86769
  0
VERTEX
  5
1238
  8
Layer_0
  10
254.03177
  20
212.90103
  0
VERTEX
  5
1239
  8
Layer_0
  10
254.03177
  20
214.987
  0
VERTEX
  5
123a
  8
Layer_0
  10
254.03177
  20
217.07774
  0
VERTEX
  5
123b
  8
Layer_0
  10
253.927
  20
217.07298
  42
0.028611331
  0
VERTEX
  5
123c
  8
Layer_0
  10
253.54599
  20
217.01582
  0
VERTEX
  5
123d
  8
Layer_0
  10
253.27454
  20
216.9682
  0
VERTEX
  5
123e
  8
Layer_0
  10
253.20309
  20
216.72531
  42
0.0042958138
  0
VERTEX
  5
123f
  8
Layer_0
  10
252.86496
  20
215.4823
  42
-0.0087695608
  0
VERTEX
  5
1240
  8
Layer_0
  10
252.56017
  20
214.36787
  0
VERTEX
  5
1241
  8
Layer_0
  10
252.53955
  20
214.31861
  0
VERTEX
  5
1242
  8
Layer_0
  10
252.5167
  20
214.32739
  0
VERTEX
  5
1243
  8
Layer_0
  10
252.48582
  20
214.40404
  0
VERTEX
  5
1244
  8
Layer_0
  10
252.4411
  20
214.55838
  0
VERTEX
  5
1245
  8
Layer_0
  10
252.26213
  20
215.17802
  0
VERTEX
  5
1246
  8
Layer_0
  10
252.05593
  20
215.86152
  0
VERTEX
  5
1247
  8
Layer_0
  10
251.96034
  20
216.16846
  0
VERTEX
  5
1248
  8
Layer_0
  10
251.8792
  20
216.42089
  0
VERTEX
  5
1249
  8
Layer_0
  10
251.84626
  20
216.51931
  0
VERTEX
  5
124a
  8
Layer_0
  10
251.8196
  20
216.59528
  0
VERTEX
  5
124b
  8
Layer_0
  10
251.8001
  20
216.64588
  0
VERTEX
  5
124c
  8
Layer_0
  10
251.78863
  20
216.66816
  0
VERTEX
  5
124d
  8
Layer_0
  10
251.74845
  20
216.67985
  0
VERTEX
  5
124e
  8
Layer_0
  10
251.66361
  20
216.67947
  0
VERTEX
  5
124f
  8
Layer_0
  10
251.54485
  20
216.66749
  0
VERTEX
  5
1250
  8
Layer_0
  10
251.40288
  20
216.64435
  0
VERTEX
  5
1251
  8
Layer_0
  10
251.05521
  20
216.57768
  0
VERTEX
  5
1252
  8
Layer_0
  10
251.04092
  20
214.4679
  0
VERTEX
  5
1253
  8
Layer_0
  10
251.03932
  20
214.11535
  0
VERTEX
  5
1254
  8
Layer_0
  10
251.03813
  20
213.80436
  0
VERTEX
  5
1255
  8
Layer_0
  10
251.03745
  20
213.53234
  0
VERTEX
  5
1256
  8
Layer_0
  10
251.03735
  20
213.29676
  0
VERTEX
  5
1257
  8
Layer_0
  10
251.03793
  20
213.09505
  0
VERTEX
  5
1258
  8
Layer_0
  10
251.03925
  20
212.92467
  0
VERTEX
  5
1259
  8
Layer_0
  10
251.04141
  20
212.78306
  0
VERTEX
  5
125a
  8
Layer_0
  10
251.0445
  20
212.66766
  0
VERTEX
  5
125b
  8
Layer_0
  10
251.05376
  20
212.50531
  0
VERTEX
  5
125c
  8
Layer_0
  10
251.06772
  20
212.41719
  0
VERTEX
  5
125d
  8
Layer_0
  10
251.08703
  20
212.38286
  0
VERTEX
  5
125e
  8
Layer_0
  10
251.11236
  20
212.38191
  42
-0.025813391
  0
VERTEX
  5
125f
  8
Layer_0
  10
251.37906
  20
212.43906
  0
VERTEX
  5
1260
  8
Layer_0
  10
251.55527
  20
212.46764
  0
VERTEX
  5
1261
  8
Layer_0
  10
251.56003
  20
214.0726
  0
VERTEX
  5
1262
  8
Layer_0
  10
251.56046
  20
214.39345
  0
VERTEX
  5
1263
  8
Layer_0
  10
251.56167
  20
214.69091
  0
VERTEX
  5
1264
  8
Layer_0
  10
251.56355
  20
214.95857
  0
VERTEX
  5
1265
  8
Layer_0
  10
251.56599
  20
215.19
  0
VERTEX
  5
1266
  8
Layer_0
  10
251.56887
  20
215.3788
  0
VERTEX
  5
1267
  8
Layer_0
  10
251.57209
  20
215.51854
  0
VERTEX
  5
1268
  8
Layer_0
  10
251.57553
  20
215.60281
  0
VERTEX
  5
1269
  8
Layer_0
  10
251.57909
  20
215.62518
  0
VERTEX
  5
126a
  8
Layer_0
  10
251.58999
  20
215.59102
  0
VERTEX
  5
126b
  8
Layer_0
  10
251.6145
  20
215.50998
  0
VERTEX
  5
126c
  8
Layer_0
  10
251.65108
  20
215.38742
  0
VERTEX
  5
126d
  8
Layer_0
  10
251.69814
  20
215.2287
  0
VERTEX
  5
126e
  8
Layer_0
  10
251.8175
  20
214.82418
  0
VERTEX
  5
126f
  8
Layer_0
  10
251.96008
  20
214.3393
  0
VERTEX
  5
1270
  8
Layer_0
  10
252.04535
  20
214.05096
  0
VERTEX
  5
1271
  8
Layer_0
  10
252.12117
  20
213.7955
  0
VERTEX
  5
1272
  8
Layer_0
  10
252.18815
  20
213.5711
  0
VERTEX
  5
1273
  8
Layer_0
  10
252.24688
  20
213.37594
  0
VERTEX
  5
1274
  8
Layer_0
  10
252.342
  20
213.06598
  0
VERTEX
  5
1275
  8
Layer_0
  10
252.41133
  20
212.85102
  0
VERTEX
  5
1276
  8
Layer_0
  10
252.45968
  20
212.71642
  0
VERTEX
  5
1277
  8
Layer_0
  10
252.49185
  20
212.64757
  0
VERTEX
  5
1278
  8
Layer_0
  10
252.51263
  20
212.62984
  0
VERTEX
  5
1279
  8
Layer_0
  10
252.52682
  20
212.64861
  0
VERTEX
  5
127a
  8
Layer_0
  10
252.54123
  20
212.69567
  0
VERTEX
  5
127b
  8
Layer_0
  10
252.57244
  20
212.80362
  0
VERTEX
  5
127c
  8
Layer_0
  10
252.61849
  20
212.96548
  0
VERTEX
  5
127d
  8
Layer_0
  10
252.67743
  20
213.17427
  0
VERTEX
  5
127e
  8
Layer_0
  10
252.74732
  20
213.42303
  0
VERTEX
  5
127f
  8
Layer_0
  10
252.82618
  20
213.70477
  0
VERTEX
  5
1280
  8
Layer_0
  10
252.91209
  20
214.01252
  0
VERTEX
  5
1281
  8
Layer_0
  10
253.00307
  20
214.3393
  0
VERTEX
  5
1282
  8
Layer_0
  10
253.45551
  20
215.95856
  0
SEQEND
  0
POLYLINE
  5
1284
  8
Layer_0
  62
7
  70
1
  66
1
  10
0
  20
0
  30
0
  0
VERTEX
  5
1284
  8
Layer_0
  10
256.92261
  20
215.30609
  0
VERTEX
  5
1285
  8
Layer_0
  10
257.08773
  20
215.19715
  0
VERTEX
  5
1286
  8
Layer_0
  10
257.18633
  20
215.04177
  0
VERTEX
  5
1287
  8
Layer_0
  10
257.21557
  20
214.93327
  0
VERTEX
  5
1288
  8
Layer_0
  10
257.23403
  20
214.7971
  0
VERTEX
  5
1289
  8
Layer_0
  10
257.24368
  20
214.62788
  0
VERTEX
  5
128a
  8
Layer_0
  10
257.24646
  20
214.42026
  0
VERTEX
  5
128b
  8
Layer_0
  10
257.24566
  20
214.25548
  0
VERTEX
  5
128c
  8
Layer_0
  10
257.24274
  20
214.12179
  0
VERTEX
  5
128d
  8
Layer_0
  10
257.23692
  20
214.01366
  0
VERTEX
  5
128e
  8
Layer_0
  10
257.22741
  20
213.92556
  0
VERTEX
  5
128f
  8
Layer_0
  10
257.19422
  20
213.78737
  0
VERTEX
  5
1290
  8
Layer_0
  10
257.13692
  20
213.66303
  0
VERTEX
  5
1291
  8
Layer_0
  10
257.06273
  20
213.54199
  0
VERTEX
  5
1292
  8
Layer_0
  10
256.9747
  20
213.44127
  0
VERTEX
  5
1293
  8
Layer_0
  10
256.86568
  20
213.35797
  0
VERTEX
  5
1294
  8
Layer_0
  10
256.72854
  20
213.28917
  0
VERTEX
  5
1295
  8
Layer_0
  10
256.55612
  20
213.23198
  0
VERTEX
  5
1296
  8
Layer_0
  10
256.34129
  20
213.1835
  0
VERTEX
  5
1297
  8
Layer_0
  10
256.0769
  20
213.14083
  0
VERTEX
  5
1298
  8
Layer_0
  10
255.7558
  20
213.10105
  42
0.017104747
  0
VERTEX
  5
1299
  8
Layer_0
  10
254.95093
  20
213.0058
  0
VERTEX
  5
129a
  8
Layer_0
  10
254.79378
  20
212.97723
  0
VERTEX
  5
129b
  8
Layer_0
  10
254.79378
  20
215.07272
  0
VERTEX
  5
129c
  8
Layer_0
  10
254.79378
  20
217.16823
  0
VERTEX
  5
129d
  8
Layer_0
  10
254.95093
  20
217.19681
  0
VERTEX
  5
129e
  8
Layer_0
  10
255.3163
  20
217.25313
  0
VERTEX
  5
129f
  8
Layer_0
  10
255.75222
  20
217.30098
  0
VERTEX
  5
12a0
  8
Layer_0
  10
255.96175
  20
217.31851
  0
VERTEX
  5
12a1
  8
Layer_0
  10
256.14706
  20
217.33008
  0
VERTEX
  5
12a2
  8
Layer_0
  10
256.2942
  20
217.33438
  0
VERTEX
  5
12a3
  8
Layer_0
  10
256.38921
  20
217.33015
  42
-0.068769299
  0
VERTEX
  5
12a4
  8
Layer_0
  10
256.77496
  20
217.22061
  42
-0.18521286
  0
VERTEX
  5
12a5
  8
Layer_0
  10
257.07501
  20
216.91582
  0
VERTEX
  5
12a6
  8
Layer_0
  10
257.13134
  20
216.78261
  0
VERTEX
  5
12a7
  8
Layer_0
  10
257.16133
  20
216.64673
  0
VERTEX
  5
12a8
  8
Layer_0
  10
257.17078
  20
216.46442
  0
VERTEX
  5
12a9
  8
Layer_0
  10
257.1655
  20
216.19191
  0
VERTEX
  5
12aa
  8
Layer_0
  10
257.15121
  20
215.68709
  0
VERTEX
  5
12ab
  8
Layer_0
  10
256.97498
  20
215.52992
  0
VERTEX
  5
12ac
  8
Layer_0
  10
256.79877
  20
215.368
  0
VERTEX
  5
12ad
  8
Layer_0
  10
256.92261
  20
215.30609
  0
SEQEND
  0
POLYLINE
  5
12af
  8
Layer_0
  62
7
  70
1
  66
1
  10
0
  20
0
  30
0
  0
VERTEX
  5
12af
  8
Layer_0
  10
255.4129
  20
214.30597
  0
VERTEX
  5
12b0
  8
Layer_0
  10
255.4129
  20
214.97748
  0
VERTEX
  5
12b1
  8
Layer_0
  10
255.61768
  20
214.99652
  0
VERTEX
  5
12b2
  8
Layer_0
  10
255.8189
  20
215.01281
  0
VERTEX
  5
12b3
  8
Layer_0
  10
255.99161
  20
215.02235
  0
VERTEX
  5
12b4
  8
Layer_0
  10
256.13764
  20
215.02507
  0
VERTEX
  5
12b5
  8
Layer_0
  10
256.25883
  20
215.02093
  0
VERTEX
  5
12b6
  8
Layer_0
  10
256.43408
  20
214.99184
  0
VERTEX
  5
12b7
  8
Layer_0
  10
256.53209
  20
214.93461
  0
VERTEX
  5
12b8
  8
Layer_0
  10
256.59824
  20
214.7834
  0
VERTEX
  5
12b9
  8
Layer_0
  10
256.63626
  20
214.54647
  0
VERTEX
  5
12ba
  8
Layer_0
  10
256.64124
  20
214.28096
  0
VERTEX
  5
12bb
  8
Layer_0
  10
256.60828
  20
214.04403
  0
VERTEX
  5
12bc
  8
Layer_0
  10
256.53193
  20
213.87466
  0
VERTEX
  5
12bd
  8
Layer_0
  10
256.39754
  20
213.76423
  0
VERTEX
  5
12be
  8
Layer_0
  10
256.29937
  20
213.72665
  0
VERTEX
  5
12bf
  8
Layer_0
  10
256.17564
  20
213.69845
  0
VERTEX
  5
12c0
  8
Layer_0
  10
256.02267
  20
213.67783
  0
VERTEX
  5
12c1
  8
Layer_0
  10
255.83676
  20
213.66303
  0
VERTEX
  5
12c2
  8
Layer_0
  10
255.4129
  20
213.63445
  0
SEQEND
  0
POLYLINE
  5
12c4
  8
Layer_0
  62
7
  70
1
  66
1
  10
0
  20
0
  30
0
  0
VERTEX
  5
12c4
  8
Layer_0
  10
255.4129
  20
216.07285
  0
VERTEX
  5
12c5
  8
Layer_0
  10
255.4129
  20
216.69197
  0
VERTEX
  5
12c6
  8
Layer_0
  10
255.57005
  20
216.71579
  42
-0.012574922
  0
VERTEX
  5
12c7
  8
Layer_0
  10
255.86533
  20
216.75865
  0
VERTEX
  5
12c8
  8
Layer_0
  10
256.13888
  20
216.778
  0
VERTEX
  5
12c9
  8
Layer_0
  10
256.33563
  20
216.75627
  0
VERTEX
  5
12ca
  8
Layer_0
  10
256.46272
  20
216.69168
  0
VERTEX
  5
12cb
  8
Layer_0
  10
256.52731
  20
216.58244
  0
VERTEX
  5
12cc
  8
Layer_0
  10
256.54696
  20
216.41397
  0
VERTEX
  5
12cd
  8
Layer_0
  10
256.55589
  20
216.14905
  0
VERTEX
  5
12ce
  8
Layer_0
  10
256.55004
  20
215.97391
  0
VERTEX
  5
12cf
  8
Layer_0
  10
256.52873
  20
215.83465
  0
VERTEX
  5
12d0
  8
Layer_0
  10
256.48633
  20
215.72654
  0
VERTEX
  5
12d1
  8
Layer_0
  10
256.41719
  20
215.64482
  0
VERTEX
  5
12d2
  8
Layer_0
  10
256.31568
  20
215.58476
  0
VERTEX
  5
12d3
  8
Layer_0
  10
256.17616
  20
215.54161
  0
VERTEX
  5
12d4
  8
Layer_0
  10
255.993
  20
215.51062
  0
VERTEX
  5
12d5
  8
Layer_0
  10
255.76056
  20
215.48706
  0
VERTEX
  5
12d6
  8
Layer_0
  10
255.4129
  20
215.4585
  0
SEQEND
  0
POLYLINE
  5
12d8
  8
Layer_0
  62
7
  70
1
  66
1
  10
0
  20
0
  30
0
  0
VERTEX
  5
12d8
  8
Layer_0
  10
258.46089
  20
215.4061
  0
VERTEX
  5
12d9
  8
Layer_0
  10
258.46439
  20
215.84246
  0
VERTEX
  5
12da
  8
Layer_0
  10
258.47459
  20
216.20025
  0
VERTEX
  5
12db
  8
Layer_0
  10
258.48206
  20
216.34242
  0
VERTEX
  5
12dc
  8
Layer_0
  10
258.49104
  20
216.45623
  0
VERTEX
  5
12dd
  8
Layer_0
  10
258.50147
  20
216.53879
  0
VERTEX
  5
12de
  8
Layer_0
  10
258.51329
  20
216.5872
  0
VERTEX
  5
12df
  8
Layer_0
  10
258.57639
  20
216.70991
  0
VERTEX
  5
12e0
  8
Layer_0
  10
258.66449
  20
216.82592
  0
VERTEX
  5
12e1
  8
Layer_0
  10
258.7651
  20
216.92139
  0
VERTEX
  5
12e2
  8
Layer_0
  10
258.86571
  20
216.98249
  42
-0.22166277
  0
VERTEX
  5
12e3
  8
Layer_0
  10
259.461
  20
216.9682
  42
-0.12281848
  0
VERTEX
  5
12e4
  8
Layer_0
  10
259.68488
  20
216.74913
  0
VERTEX
  5
12e5
  8
Layer_0
  10
259.74617
  20
216.63505
  0
VERTEX
  5
12e6
  8
Layer_0
  10
259.77892
  20
216.45445
  0
VERTEX
  5
12e7
  8
Layer_0
  10
259.78737
  20
216.30446
  0
VERTEX
  5
12e8
  8
Layer_0
  10
259.79202
  20
216.09614
  0
VERTEX
  5
12e9
  8
Layer_0
  10
259.79399
  20
215.81561
  0
VERTEX
  5
12ea
  8
Layer_0
  10
259.7944
  20
215.44896
  0
VERTEX
  5
12eb
  8
Layer_0
  10
259.7933
  20
215.03815
  0
VERTEX
  5
12ec
  8
Layer_0
  10
259.78822
  20
214.72082
  0
VERTEX
  5
12ed
  8
Layer_0
  10
259.77657
  20
214.48196
  0
VERTEX
  5
12ee
  8
Layer_0
  10
259.7557
  20
214.30656
  0
VERTEX
  5
12ef
  8
Layer_0
  10
259.72301
  20
214.1796
  0
VERTEX
  5
12f0
  8
Layer_0
  10
259.67585
  20
214.08607
  0
VERTEX
  5
12f1
  8
Layer_0
  10
259.61162
  20
214.01096
  0
VERTEX
  5
12f2
  8
Layer_0
  10
259.52769
  20
213.93925
  0
VERTEX
  5
12f3
  8
Layer_0
  10
259.35104
  20
213.85963
  0
VERTEX
  5
12f4
  8
Layer_0
  10
259.12527
  20
213.83448
  0
VERTEX
  5
12f5
  8
Layer_0
  10
258.89949
  20
213.8629
  0
VERTEX
  5
12f6
  8
Layer_0
  10
258.72284
  20
213.94401
  0
VERTEX
  5
12f7
  8
Layer_0
  10
258.64321
  20
214.01348
  0
VERTEX
  5
12f8
  8
Layer_0
  10
258.58145
  20
214.09076
  0
VERTEX
  5
12f9
  8
Layer_0
  10
258.53531
  20
214.18813
  0
VERTEX
  5
12fa
  8
Layer_0
  10
258.50257
  20
214.31787
  0
VERTEX
  5
12fb
  8
Layer_0
  10
258.48099
  20
214.49226
  0
VERTEX
  5
12fc
  8
Layer_0
  10
258.46833
  20
214.72357
  0
VERTEX
  5
12fd
  8
Layer_0
  10
258.46238
  20
215.0241
  0
SEQEND
  0
POLYLINE
  5
12ff
  8
Layer_0
  62
7
  70
1
  66
1
  10
0
  20
0
  30
0
  0
VERTEX
  5
12ff
  8
Layer_0
  10
260.29922
  20
216.93486
  0
VERTEX
  5
1300
  8
Layer_0
  10
260.34774
  20
216.80836
  0
VERTEX
  5
1301
  8
Layer_0
  10
260.37661
  20
216.59434
  0
VERTEX
  5
1302
  8
Layer_0
  10
260.38591
  20
216.42829
  0
VERTEX
  5
1303
  8
Layer_0
  10
260.39298
  20
216.20888
  0
VERTEX
  5
1304
  8
Layer_0
  10
260.39871
  20
215.92562
  0
VERTEX
  5
1305
  8
Layer_0
  10
260.40399
  20
215.56803
  0
VERTEX
  5
1306
  8
Layer_0
  10
260.40766
  20
215.13383
  0
VERTEX
  5
1307
  8
Layer_0
  10
260.40653
  20
214.79211
  0
VERTEX
  5
1308
  8
Layer_0
  10
260.39847
  20
214.52685
  0
VERTEX
  5
1309
  8
Layer_0
  10
260.38137
  20
214.32204
  0
VERTEX
  5
130a
  8
Layer_0
  10
260.31157
  20
214.02966
  0
VERTEX
  5
130b
  8
Layer_0
  10
260.18016
  20
213.78685
  0
VERTEX
  5
130c
  8
Layer_0
  10
260.00691
  20
213.58392
  0
VERTEX
  5
130d
  8
Layer_0
  10
259.78264
  20
213.42966
  0
VERTEX
  5
130e
  8
Layer_0
  10
259.52199
  20
213.32541
  0
VERTEX
  5
130f
  8
Layer_0
  10
259.23956
  20
213.2725
  0
VERTEX
  5
1310
  8
Layer_0
  10
258.95
  20
213.27228
  0
VERTEX
  5
1311
  8
Layer_0
  10
258.66792
  20
213.32608
  0
VERTEX
  5
1312
  8
Layer_0
  10
258.40793
  20
213.43524
  0
VERTEX
  5
1313
  8
Layer_0
  10
258.18468
  20
213.60111
  0
VERTEX
  5
1314
  8
Layer_0
  10
258.07796
  20
213.71313
  0
VERTEX
  5
1315
  8
Layer_0
  10
257.99529
  20
213.82748
  0
VERTEX
  5
1316
  8
Layer_0
  10
257.93394
  20
213.95992
  0
VERTEX
  5
1317
  8
Layer_0
  10
257.89118
  20
214.12618
  0
VERTEX
  5
1318
  8
Layer_0
  10
257.86427
  20
214.342
  0
VERTEX
  5
1319
  8
Layer_0
  10
257.85048
  20
214.62312
  0
VERTEX
  5
131a
  8
Layer_0
  10
257.84707
  20
214.98527
  0
VERTEX
  5
131b
  8
Layer_0
  10
257.8513
  20
215.4442
  0
VERTEX
  5
131c
  8
Layer_0
  10
257.8566
  20
215.80654
  0
VERTEX
  5
131d
  8
Layer_0
  10
257.86246
  20
216.09086
  0
VERTEX
  5
131e
  8
Layer_0
  10
257.86988
  20
216.30932
  0
VERTEX
  5
131f
  8
Layer_0
  10
257.87987
  20
216.47409
  0
VERTEX
  5
1320
  8
Layer_0
  10
257.91157
  20
216.69123
  0
VERTEX
  5
1321
  8
Layer_0
  10
257.96559
  20
216.83961
  42
-0.17608638
  0
VERTEX
  5
1322
  8
Layer_0
  10
258.62756
  20
217.49208
  42
-0.12343475
  0
VERTEX
  5
1323
  8
Layer_0
  10
259.2229
  20
217.58733
  42
-0.10254375
  0
VERTEX
  5
1324
  8
Layer_0
  10
259.77057
  20
217.47302
  42
-0.14945942
  0
VERTEX
  5
1325
  8
Layer_0
  10
260.29922
  20
216.93486
  0
SEQEND
  0
POLYLINE
  5
1327
  8
Layer_0
  62
7
  70
1
  66
1
  10
0
  20
0
  30
0
  0
VERTEX
  5
1327
  8
Layer_0
  10
261.72321
  20
214.30597
  0
VERTEX
  5
1328
  8
Layer_0
  10
261.72321
  20
213.3868
  0
VERTEX
  5
1329
  8
Layer_0
  10
261.41364
  20
213.3868
  0
VERTEX
  5
132a
  8
Layer_0
  10
261.10406
  20
213.3868
  0
VERTEX
  5
132b
  8
Layer_0
  10
261.08978
  20
215.41086
  0
VERTEX
  5
132c
  8
Layer_0
  10
261.08846
  20
215.8191
  0
VERTEX
  5
132d
  8
Layer_0
  10
261.08801
  20
216.20233
  0
VERTEX
  5
132e
  8
Layer_0
  10
261.08846
  20
216.55208
  0
VERTEX
  5
132f
  8
Layer_0
  10
261.0898
  20
216.85985
  0
VERTEX
  5
1330
  8
Layer_0
  10
261.09203
  20
217.11718
  0
VERTEX
  5
1331
  8
Layer_0
  10
261.09515
  20
217.31557
  0
VERTEX
  5
1332
  8
Layer_0
  10
261.09917
  20
217.44653
  0
VERTEX
  5
1333
  8
Layer_0
  10
261.10408
  20
217.5016
  0
VERTEX
  5
1334
  8
Layer_0
  10
261.14933
  20
217.533
  0
VERTEX
  5
1335
  8
Layer_0
  10
261.27315
  20
217.54923
  0
VERTEX
  5
1336
  8
Layer_0
  10
261.37569
  20
217.55192
  0
VERTEX
  5
1337
  8
Layer_0
  10
261.51127
  20
217.55116
  0
VERTEX
  5
1338
  8
Layer_0
  10
261.68436
  20
217.54705
  0
VERTEX
  5
1339
  8
Layer_0
  10
261.89941
  20
217.5397
  0
VERTEX
  5
133a
  8
Layer_0
  10
262.13993
  20
217.53118
  0
VERTEX
  5
133b
  8
Layer_0
  10
262.32871
  20
217.52244
  0
VERTEX
  5
133c
  8
Layer_0
  10
262.47563
  20
217.51191
  0
VERTEX
  5
133d
  8
Layer_0
  10
262.59058
  20
217.49803
  0
VERTEX
  5
133e
  8
Layer_0
  10
262.76403
  20
217.45398
  0
VERTEX
  5
133f
  8
Layer_0
  10
262.92812
  20
217.37778
  42
-0.15699226
  0
VERTEX
  5
1340
  8
Layer_0
  10
263.30435
  20
217.03011
  0
VERTEX
  5
1341
  8
Layer_0
  10
263.36352
  20
216.901
  0
VERTEX
  5
1342
  8
Layer_0
  10
263.39544
  20
216.76877
  0
VERTEX
  5
1343
  8
Layer_0
  10
263.40683
  20
216.58742
  0
VERTEX
  5
1344
  8
Layer_0
  10
263.40437
  20
216.31098
  0
VERTEX
  5
1345
  8
Layer_0
  10
263.39224
  20
216.03788
  0
VERTEX
  5
1346
  8
Layer_0
  10
263.37163
  20
215.86211
  0
VERTEX
  5
1347
  8
Layer_0
  10
263.33405
  20
215.74171
  0
VERTEX
  5
1348
  8
Layer_0
  10
263.27103
  20
215.6347
  42
-0.13541127
  0
VERTEX
  5
1349
  8
Layer_0
  10
262.97098
  20
215.37276
  0
VERTEX
  5
134a
  8
Layer_0
  10
262.8578
  20
215.31122
  0
VERTEX
  5
134b
  8
Layer_0
  10
262.81561
  20
215.23406
  0
VERTEX
  5
134c
  8
Layer_0
  10
262.81988
  20
215.17636
  0
VERTEX
  5
134d
  8
Layer_0
  10
262.84039
  20
215.09884
  0
VERTEX
  5
134e
  8
Layer_0
  10
262.87663
  20
214.99622
  0
VERTEX
  5
134f
  8
Layer_0
  10
262.92812
  20
214.86318
  0
VERTEX
  5
1350
  8
Layer_0
  10
263.15195
  20
214.282
  0
VERTEX
  5
1351
  8
Layer_0
  10
263.3365
  20
213.78209
  0
VERTEX
  5
1352
  8
Layer_0
  10
263.40679
  20
213.58297
  0
VERTEX
  5
1353
  8
Layer_0
  10
263.45854
  20
213.42862
  0
VERTEX
  5
1354
  8
Layer_0
  10
263.48886
  20
213.32718
  0
VERTEX
  5
1355
  8
Layer_0
  10
263.49486
  20
213.28679
  0
VERTEX
  5
1356
  8
Layer_0
  10
263.46368
  20
213.27957
  0
VERTEX
  5
1357
  8
Layer_0
  10
263.39187
  20
213.27905
  0
VERTEX
  5
1358
  8
Layer_0
  10
263.29059
  20
213.28478
  0
VERTEX
  5
1359
  8
Layer_0
  10
263.171
  20
213.29631
  0
VERTEX
  5
135a
  8
Layer_0
  10
262.86621
  20
213.32489
  0
VERTEX
  5
135b
  8
Layer_0
  10
262.51379
  20
214.27263
  0
VERTEX
  5
135c
  8
Layer_0
  10
262.16138
  20
215.22037
  0
VERTEX
  5
135d
  8
Layer_0
  10
261.94226
  20
215.22037
  0
VERTEX
  5
135e
  8
Layer_0
  10
261.72321
  20
215.22037
  0
SEQEND
  0
POLYLINE
  5
1360
  8
Layer_0
  62
7
  70
1
  66
1
  10
0
  20
0
  30
0
  0
VERTEX
  5
1360
  8
Layer_0
  10
261.74225
  20
216.53482
  42
0.0047147194
  0
VERTEX
  5
1361
  8
Layer_0
  10
261.73749
  20
215.95856
  42
0.041295736
  0
VERTEX
  5
1362
  8
Layer_0
  10
261.74225
  20
215.79187
  0
VERTEX
  5
1363
  8
Layer_0
  10
261.77545
  20
215.77237
  0
VERTEX
  5
1364
  8
Layer_0
  10
261.86132
  20
215.75733
  0
VERTEX
  5
1365
  8
Layer_0
  10
261.99006
  20
215.74766
  0
VERTEX
  5
1366
  8
Layer_0
  10
262.15184
  20
215.74424
  0
VERTEX
  5
1367
  8
Layer_0
  10
262.37776
  20
215.74751
  0
VERTEX
  5
1368
  8
Layer_0
  10
262.51617
  20
215.76329
  0
VERTEX
  5
1369
  8
Layer_0
  10
262.60457
  20
215.80049
  0
VERTEX
  5
136a
  8
Layer_0
  10
262.68047
  20
215.86806
  0
VERTEX
  5
136b
  8
Layer_0
  10
262.74774
  20
215.94211
  0
VERTEX
  5
136c
  8
Layer_0
  10
262.78286
  20
216.02463
  0
VERTEX
  5
136d
  8
Layer_0
  10
262.79298
  20
216.1527
  0
VERTEX
  5
136e
  8
Layer_0
  10
262.78525
  20
216.36336
  0
VERTEX
  5
136f
  8
Layer_0
  10
262.77346
  20
216.53919
  0
VERTEX
  5
1370
  8
Layer_0
  10
262.75258
  20
216.67702
  0
VERTEX
  5
1371
  8
Layer_0
  10
262.71752
  20
216.78169
  0
VERTEX
  5
1372
  8
Layer_0
  10
262.66321
  20
216.85807
  0
VERTEX
  5
1373
  8
Layer_0
  10
262.58456
  20
216.911
  0
VERTEX
  5
1374
  8
Layer_0
  10
262.47651
  20
216.94536
  0
VERTEX
  5
1375
  8
Layer_0
  10
262.33396
  20
216.96598
  0
VERTEX
  5
1376
  8
Layer_0
  10
262.15184
  20
216.97773
  0
VERTEX
  5
1377
  8
Layer_0
  10
261.74701
  20
216.99202
  0
SEQEND
  0
POLYLINE
  5
1379
  8
Layer_0
  62
7
  70
1
  66
1
  10
0
  20
0
  30
0
  0
VERTEX
  5
1379
  8
Layer_0
  10
266.28569
  20
216.00618
  0
VERTEX
  5
137a
  8
Layer_0
  10
266.17578
  20
216.02106
  0
VERTEX
  5
137b
  8
Layer_0
  10
266.08149
  20
216.03594
  0
VERTEX
  5
137c
  8
Layer_0
  10
266.01311
  20
216.04904
  0
VERTEX
  5
137d
  8
Layer_0
  10
265.98088
  20
216.05856
  0
VERTEX
  5
137e
  8
Layer_0
  10
265.94993
  20
216.12464
  0
VERTEX
  5
137f
  8
Layer_0
  10
265.91898
  20
216.25859
  0
VERTEX
  5
1380
  8
Layer_0
  10
265.83946
  20
216.4888
  0
VERTEX
  5
1381
  8
Layer_0
  10
265.69633
  20
216.66347
  0
VERTEX
  5
1382
  8
Layer_0
  10
265.50943
  20
216.78022
  0
VERTEX
  5
1383
  8
Layer_0
  10
265.29866
  20
216.83664
  0
VERTEX
  5
1384
  8
Layer_0
  10
265.08386
  20
216.83032
  0
VERTEX
  5
1385
  8
Layer_0
  10
264.88491
  20
216.75887
  0
VERTEX
  5
1386
  8
Layer_0
  10
264.72168
  20
216.6199
  0
VERTEX
  5
1387
  8
Layer_0
  10
264.61404
  20
216.41099
  0
VERTEX
  5
1388
  8
Layer_0
  10
264.58718
  20
216.25703
  0
VERTEX
  5
1389
  8
Layer_0
  10
264.57059
  20
216.01511
  0
VERTEX
  5
138a
  8
Layer_0
  10
264.566
  20
215.85377
  0
VERTEX
  5
138b
  8
Layer_0
  10
264.56382
  20
215.66156
  0
VERTEX
  5
138c
  8
Layer_0
  10
264.56398
  20
215.43554
  0
VERTEX
  5
138d
  8
Layer_0
  10
264.56642
  20
215.17274
  0
VERTEX
  5
138e
  8
Layer_0
  10
264.57154
  20
214.85044
  0
VERTEX
  5
138f
  8
Layer_0
  10
264.57706
  20
214.60087
  0
VERTEX
  5
1390
  8
Layer_0
  10
264.58425
  20
214.41235
  0
VERTEX
  5
1391
  8
Layer_0
  10
264.5944
  20
214.27322
  0
VERTEX
  5
1392
  8
Layer_0
  10
264.6287
  20
214.09649
  0
VERTEX
  5
1393
  8
Layer_0
  10
264.69025
  20
213.97735
  0
VERTEX
  5
1394
  8
Layer_0
  10
264.80484
  20
213.83559
  0
VERTEX
  5
1395
  8
Layer_0
  10
264.95338
  20
213.73268
  0
VERTEX
  5
1396
  8
Layer_0
  10
265.13227
  20
213.66995
  0
VERTEX
  5
1397
  8
Layer_0
  10
265.33795
  20
213.64874
  0
VERTEX
  5
1398
  8
Layer_0
  10
265.50047
  20
213.65718
  0
VERTEX
  5
1399
  8
Layer_0
  10
265.63263
  20
213.68505
  0
VERTEX
  5
139a
  8
Layer_0
  10
265.7371
  20
213.73614
  0
VERTEX
  5
139b
  8
Layer_0
  10
265.81658
  20
213.81423
  0
VERTEX
  5
139c
  8
Layer_0
  10
265.87372
  20
213.92314
  0
VERTEX
  5
139d
  8
Layer_0
  10
265.91123
  20
214.06665
  0
VERTEX
  5
139e
  8
Layer_0
  10
265.93177
  20
214.24855
  0
VERTEX
  5
139f
  8
Layer_0
  10
265.93802
  20
214.47265
  0
VERTEX
  5
13a0
  8
Layer_0
  10
265.93707
  20
214.63538
  0
VERTEX
  5
13a1
  8
Layer_0
  10
265.93221
  20
214.75922
  0
VERTEX
  5
13a2
  8
Layer_0
  10
265.92044
  20
214.84946
  0
VERTEX
  5
13a3
  8
Layer_0
  10
265.89873
  20
214.9114
  0
VERTEX
  5
13a4
  8
Layer_0
  10
265.81345
  20
214.9716
  0
VERTEX
  5
13a5
  8
Layer_0
  10
265.65227
  20
214.98224
  0
VERTEX
  5
13a6
  8
Layer_0
  10
265.50113
  20
214.99251
  0
VERTEX
  5
13a7
  8
Layer_0
  10
265.41474
  20
215.03582
  0
VERTEX
  5
13a8
  8
Layer_0
  10
265.37567
  20
215.13092
  0
VERTEX
  5
13a9
  8
Layer_0
  10
265.36652
  20
215.29656
  0
VERTEX
  5
13aa
  8
Layer_0
  10
265.3686
  20
215.44219
  0
VERTEX
  5
13ab
  8
Layer_0
  10
265.38319
  20
215.51504
  0
VERTEX
  5
13ac
  8
Layer_0
  10
265.42278
  20
215.53699
  0
VERTEX
  5
13ad
  8
Layer_0
  10
265.49988
  20
215.52993
  42
0.00091416606
  0
VERTEX
  5
13ae
  8
Layer_0
  10
266.09518
  20
215.45372
  0
VERTEX
  5
13af
  8
Layer_0
  10
266.55713
  20
215.39658
  0
VERTEX
  5
13b0
  8
Layer_0
  10
266.55713
  20
214.69649
  0
VERTEX
  5
13b1
  8
Layer_0
  10
266.55403
  20
214.42382
  0
VERTEX
  5
13b2
  8
Layer_0
  10
266.54382
  20
214.19479
  0
VERTEX
  5
13b3
  8
Layer_0
  10
266.52525
  20
214.00349
  0
VERTEX
  5
13b4
  8
Layer_0
  10
266.49702
  20
213.844
  0
VERTEX
  5
13b5
  8
Layer_0
  10
266.40646
  20
213.5968
  0
VERTEX
  5
13b6
  8
Layer_0
  10
266.26187
  20
213.40585
  0
VERTEX
  5
13b7
  8
Layer_0
  10
266.1027
  20
213.27161
  0
VERTEX
  5
13b8
  8
Layer_0
  10
265.93504
  20
213.17844
  0
VERTEX
  5
13b9
  8
Layer_0
  10
265.74149
  20
213.11921
  0
VERTEX
  5
13ba
  8
Layer_0
  10
265.50464
  20
213.08676
  0
VERTEX
  5
13bb
  8
Layer_0
  10
265.16129
  20
213.09056
  0
VERTEX
  5
13bc
  8
Layer_0
  10
264.86884
  20
213.15641
  0
VERTEX
  5
13bd
  8
Layer_0
  10
264.60854
  20
213.29103
  0
VERTEX
  5
13be
  8
Layer_0
  10
264.36163
  20
213.5011
  0
VERTEX
  5
13bf
  8
Layer_0
  10
264.23779
  20
213.63522
  0
VERTEX
  5
13c0
  8
Layer_0
  10
264.14241
  20
213.76326
  0
VERTEX
  5
13c1
  8
Layer_0
  10
264.07181
  20
213.90235
  0
VERTEX
  5
13c2
  8
Layer_0
  10
264.0223
  20
214.06962
  0
VERTEX
  5
13c3
  8
Layer_0
  10
263.99021
  20
214.28222
  0
VERTEX
  5
13c4
  8
Layer_0
  10
263.97185
  20
214.55726
  0
VERTEX
  5
13c5
  8
Layer_0
  10
263.96353
  20
214.91189
  0
VERTEX
  5
13c6
  8
Layer_0
  10
263.96158
  20
215.36324
  0
VERTEX
  5
13c7
  8
Layer_0
  10
263.96248
  20
215.62827
  0
VERTEX
  5
13c8
  8
Layer_0
  10
263.96523
  20
215.8601
  0
VERTEX
  5
13c9
  8
Layer_0
  10
263.96987
  20
216.06034
  0
VERTEX
  5
13ca
  8
Layer_0
  10
263.97646
  20
216.23061
  0
VERTEX
  5
13cb
  8
Layer_0
  10
263.98507
  20
216.37253
  0
VERTEX
  5
13cc
  8
Layer_0
  10
263.99574
  20
216.48771
  0
VERTEX
  5
13cd
  8
Layer_0
  10
264.00853
  20
216.57778
  0
VERTEX
  5
13ce
  8
Layer_0
  10
264.0235
  20
216.64435
  0
VERTEX
  5
13cf
  8
Layer_0
  10
264.12991
  20
216.85308
  0
VERTEX
  5
13d0
  8
Layer_0
  10
264.30687
  20
217.07119
  0
VERTEX
  5
13d1
  8
Layer_0
  10
264.5124
  20
217.25447
  0
VERTEX
  5
13d2
  8
Layer_0
  10
264.70453
  20
217.35873
  42
-0.14394846
  0
VERTEX
  5
13d3
  8
Layer_0
  10
265.65704
  20
217.33015
  42
-0.32451922
  0
VERTEX
  5
13d4
  8
Layer_0
  10
266.55713
  20
216.11571
  0
VERTEX
  5
13d5
  8
Layer_0
  10
266.55713
  20
215.97284
  0
VERTEX
  5
13d6
  8
Layer_0
  10
266.28571
  20
216.00618
  0
SEQEND
  0
POLYLINE
  5
13d8
  8
Layer_0
  62
7
  70
1
  66
1
  10
0
  20
0
  30
0
  0
VERTEX
  5
13d8
  8
Layer_0
  10
269.40512
  20
212.57717
  0
VERTEX
  5
13d9
  8
Layer_0
  10
269.27293
  20
212.59559
  0
VERTEX
  5
13da
  8
Layer_0
  10
269.1763
  20
212.61468
  0
VERTEX
  5
13db
  8
Layer_0
  10
269.10969
  20
212.64984
  0
VERTEX
  5
13dc
  8
Layer_0
  10
269.06758
  20
212.71648
  0
VERTEX
  5
13dd
  8
Layer_0
  10
269.04444
  20
212.83
  0
VERTEX
  5
13de
  8
Layer_0
  10
269.03476
  20
213.0058
  0
VERTEX
  5
13df
  8
Layer_0
  10
269.033
  20
213.25929
  0
VERTEX
  5
13e0
  8
Layer_0
  10
269.03364
  20
213.60587
  0
VERTEX
  5
13e1
  8
Layer_0
  10
269.03363
  20
214.55362
  0
VERTEX
  5
13e2
  8
Layer_0
  10
268.90506
  20
214.55362
  0
VERTEX
  5
13e3
  8
Layer_0
  10
268.82201
  20
214.55942
  0
VERTEX
  5
13e4
  8
Layer_0
  10
268.69789
  20
214.57504
  0
VERTEX
  5
13e5
  8
Layer_0
  10
268.54876
  20
214.59781
  0
VERTEX
  5
13e6
  8
Layer_0
  10
268.3907
  20
214.62505
  42
0.017299524
  0
VERTEX
  5
13e7
  8
Layer_0
  10
267.92874
  20
214.69649
  0
VERTEX
  5
13e8
  8
Layer_0
  10
267.88119
  20
214.67126
  0
VERTEX
  5
13e9
  8
Layer_0
  10
267.85552
  20
214.55183
  0
VERTEX
  5
13ea
  8
Layer_0
  10
267.84879
  20
214.43627
  0
VERTEX
  5
13eb
  8
Layer_0
  10
267.84503
  20
214.27255
  0
VERTEX
  5
13ec
  8
Layer_0
  10
267.84338
  20
214.05246
  0
VERTEX
  5
13ed
  8
Layer_0
  10
267.84302
  20
213.7678
  0
VERTEX
  5
13ee
  8
Layer_0
  10
267.84302
  20
212.83435
  0
VERTEX
  5
13ef
  8
Layer_0
  10
267.59537
  20
212.86769
  0
VERTEX
  5
13f0
  8
Layer_0
  10
267.40785
  20
212.89864
  0
VERTEX
  5
13f1
  8
Layer_0
  10
267.30962
  20
212.9296
  0
VERTEX
  5
13f2
  8
Layer_0
  10
267.27033
  20
214.9614
  0
VERTEX
  5
13f3
  8
Layer_0
  10
267.26675
  20
217.0825
  0
VERTEX
  5
13f4
  8
Layer_0
  10
267.337
  20
217.09024
  0
VERTEX
  5
13f5
  8
Layer_0
  10
267.50012
  20
217.07298
  42
0.038181086
  0
VERTEX
  5
13f6
  8
Layer_0
  10
267.78589
  20
217.03488
  0
VERTEX
  5
13f7
  8
Layer_0
  10
267.80063
  20
217.02275
  0
VERTEX
  5
13f8
  8
Layer_0
  10
267.81288
  20
216.98785
  0
VERTEX
  5
13f9
  8
Layer_0
  10
267.82279
  20
216.92705
  0
VERTEX
  5
13fa
  8
Layer_0
  10
267.83052
  20
216.83723
  0
VERTEX
  5
13fb
  8
Layer_0
  10
267.83624
  20
216.71527
  0
VERTEX
  5
13fc
  8
Layer_0
  10
267.84012
  20
216.55803
  0
VERTEX
  5
13fd
  8
Layer_0
  10
267.84232
  20
216.3624
  0
VERTEX
  5
13fe
  8
Layer_0
  10
267.84302
  20
216.12524
  0
VERTEX
  5
13ff
  8
Layer_0
  10
267.84562
  20
215.7749
  0
VERTEX
  5
1400
  8
Layer_0
  10
267.85314
  20
215.48706
  0
VERTEX
  5
1401
  8
Layer_0
  10
267.8586
  20
215.37607
  0
VERTEX
  5
1402
  8
Layer_0
  10
267.86512
  20
215.2921
  0
VERTEX
  5
1403
  8
Layer_0
  10
267.87265
  20
215.23893
  0
VERTEX
  5
1404
  8
Layer_0
  10
267.88112
  20
215.22036
  0
VERTEX
  5
1405
  8
Layer_0
  10
267.93775
  20
215.21285
  0
VERTEX
  5
1406
  8
Layer_0
  10
268.06626
  20
215.19238
  0
VERTEX
  5
1407
  8
Layer_0
  10
268.24746
  20
215.1621
  0
VERTEX
  5
1408
  8
Layer_0
  10
268.46214
  20
215.12511
  0
VERTEX
  5
1409
  8
Layer_0
  10
268.67519
  20
215.08813
  0
VERTEX
  5
140a
  8
Layer_0
  10
268.85208
  20
215.05784
  0
VERTEX
  5
140b
  8
Layer_0
  10
268.97449
  20
215.03738
  0
VERTEX
  5
140c
  8
Layer_0
  10
269.02412
  20
215.02986
  0
VERTEX
  5
140d
  8
Layer_0
  10
269.0259
  20
215.048
  0
VERTEX
  5
140e
  8
Layer_0
  10
269.02762
  20
215.09996
  0
VERTEX
  5
140f
  8
Layer_0
  10
269.02923
  20
215.18206
  0
VERTEX
  5
1410
  8
Layer_0
  10
269.03067
  20
215.29061
  0
VERTEX
  5
1411
  8
Layer_0
  10
269.03283
  20
215.57234
  0
VERTEX
  5
1412
  8
Layer_0
  10
269.03365
  20
215.91569
  0
VERTEX
  5
1413
  8
Layer_0
  10
269.03363
  20
216.80627
  0
VERTEX
  5
1414
  8
Layer_0
  10
269.30511
  20
216.77293
  0
VERTEX
  5
1415
  8
Layer_0
  10
269.41063
  20
216.75887
  0
VERTEX
  5
1416
  8
Layer_0
  10
269.49918
  20
216.74615
  0
VERTEX
  5
1417
  8
Layer_0
  10
269.56094
  20
216.7361
  0
VERTEX
  5
1418
  8
Layer_0
  10
269.58609
  20
216.73007
  0
VERTEX
  5
1419
  8
Layer_0
  10
269.59551
  20
216.70533
  0
VERTEX
  5
141a
  8
Layer_0
  10
269.60254
  20
216.64197
  0
VERTEX
  5
141b
  8
Layer_0
  10
269.60744
  20
216.52413
  0
VERTEX
  5
141c
  8
Layer_0
  10
269.6105
  20
216.33598
  0
VERTEX
  5
141d
  8
Layer_0
  10
269.61143
  20
216.21058
  0
VERTEX
  5
141e
  8
Layer_0
  10
269.612
  20
216.06165
  0
VERTEX
  5
141f
  8
Layer_0
  10
269.61225
  20
215.88722
  0
VERTEX
  5
1420
  8
Layer_0
  10
269.61221
  20
215.6853
  0
VERTEX
  5
1421
  8
Layer_0
  10
269.61193
  20
215.45392
  0
VERTEX
  5
1422
  8
Layer_0
  10
269.61142
  20
215.19108
  0
VERTEX
  5
1423
  8
Layer_0
  10
269.61074
  20
214.89481
  0
VERTEX
  5
1424
  8
Layer_0
  10
269.60991
  20
214.56314
  0
VERTEX
  5
1425
  8
Layer_0
  10
269.60516
  20
212.54384
  0
VERTEX
  5
1426
  8
Layer_0
  10
269.40512
  20
212.57718
  0
SEQEND
  0
POLYLINE
  5
1428
  8
Layer_0
  62
7
  70
1
  66
1
  10
0
  20
0
  30
0
  0
VERTEX
  5
1428
  8
Layer_0
  10
270.41476
  20
214.46788
  0
VERTEX
  5
1429
  8
Layer_0
  10
270.41476
  20
212.37715
  0
VERTEX
  5
142a
  8
Layer_0
  10
270.57193
  20
212.34857
  42
-0.010998328
  0
VERTEX
  5
142b
  8
Layer_0
  10
270.8815
  20
212.28667
  0
VERTEX
  5
142c
  8
Layer_0
  10
271.03387
  20
212.25809
  0
VERTEX
  5
142d
  8
Layer_0
  10
271.03387
  20
214.34883
  0
VERTEX
  5
142e
  8
Layer_0
  10
271.03387
  20
216.44432
  0
VERTEX
  5
142f
  8
Layer_0
  10
270.83386
  20
216.47766
  42
-0.039179649
  0
VERTEX
  5
1430
  8
Layer_0
  10
270.52429
  20
216.53958
  0
VERTEX
  5
1431
  8
Layer_0
  10
270.41476
  20
216.56339
  0
SEQEND
  0
POLYLINE
  5
1433
  8
Layer_0
  62
7
  70
1
  66
1
  10
0
  20
0
  30
0
  0
VERTEX
  5
1433
  8
Layer_0
  10
273.7009
  20
214.23453
  0
VERTEX
  5
1434
  8
Layer_0
  10
273.7009
  20
215.74423
  0
VERTEX
  5
1435
  8
Layer_0
  10
273.83423
  20
215.71567
  42
-0.0094676262
  0
VERTEX
  5
1436
  8
Layer_0
  10
274.07239
  20
215.64423
  0
VERTEX
  5
1437
  8
Layer_0
  10
274.17712
  20
215.60136
  0
VERTEX
  5
1438
  8
Layer_0
  10
274.17712
  20
213.52968
  0
VERTEX
  5
1439
  8
Layer_0
  10
274.17707
  20
213.18379
  0
VERTEX
  5
143a
  8
Layer_0
  10
274.17679
  20
212.87851
  0
VERTEX
  5
143b
  8
Layer_0
  10
274.1762
  20
212.61135
  0
VERTEX
  5
143c
  8
Layer_0
  10
274.1752
  20
212.37983
  0
VERTEX
  5
143d
  8
Layer_0
  10
274.17371
  20
212.18145
  0
VERTEX
  5
143e
  8
Layer_0
  10
274.17161
  20
212.01375
  0
VERTEX
  5
143f
  8
Layer_0
  10
274.16882
  20
211.87423
  0
VERTEX
  5
1440
  8
Layer_0
  10
274.16523
  20
211.76041
  0
VERTEX
  5
1441
  8
Layer_0
  10
274.15528
  20
211.59993
  0
VERTEX
  5
1442
  8
Layer_0
  10
274.14097
  20
211.51246
  0
VERTEX
  5
1443
  8
Layer_0
  10
274.12153
  20
211.47812
  0
VERTEX
  5
1444
  8
Layer_0
  10
274.09618
  20
211.47704
  42
0.0071164163
  0
VERTEX
  5
1445
  8
Layer_0
  10
273.78662
  20
211.558
  0
VERTEX
  5
1446
  8
Layer_0
  10
273.66555
  20
211.59208
  0
VERTEX
  5
1447
  8
Layer_0
  10
273.58957
  20
211.6342
  0
VERTEX
  5
1448
  8
Layer_0
  10
273.53949
  20
211.70132
  0
VERTEX
  5
1449
  8
Layer_0
  10
273.49611
  20
211.81041
  42
-0.0098904888
  0
VERTEX
  5
144a
  8
Layer_0
  10
273.07703
  20
212.95818
  42
-0.0047521877
  0
VERTEX
  5
144b
  8
Layer_0
  10
272.52933
  20
214.50598
  0
VERTEX
  5
144c
  8
Layer_0
  10
272.31976
  20
215.1013
  0
VERTEX
  5
144d
  8
Layer_0
  10
272.31976
  20
213.54396
  0
VERTEX
  5
144e
  8
Layer_0
  10
272.31999
  20
213.23856
  0
VERTEX
  5
144f
  8
Layer_0
  10
272.32027
  20
212.97416
  0
VERTEX
  5
1450
  8
Layer_0
  10
272.31998
  20
212.74801
  0
VERTEX
  5
1451
  8
Layer_0
  10
272.3185
  20
212.55738
  0
VERTEX
  5
1452
  8
Layer_0
  10
272.3152
  20
212.39951
  0
VERTEX
  5
1453
  8
Layer_0
  10
272.30947
  20
212.27165
  0
VERTEX
  5
1454
  8
Layer_0
  10
272.30068
  20
212.17105
  0
VERTEX
  5
1455
  8
Layer_0
  10
272.28821
  20
212.09497
  0
VERTEX
  5
1456
  8
Layer_0
  10
272.24977
  20
212.00536
  0
VERTEX
  5
1457
  8
Layer_0
  10
272.18917
  20
211.98082
  0
VERTEX
  5
1458
  8
Layer_0
  10
272.10144
  20
211.99937
  0
VERTEX
  5
1459
  8
Layer_0
  10
271.98163
  20
212.03901
  0
VERTEX
  5
145a
  8
Layer_0
  10
271.7959
  20
212.0914
  0
VERTEX
  5
145b
  8
Layer_0
  10
271.7959
  20
214.15833
  0
VERTEX
  5
145c
  8
Layer_0
  10
271.79602
  20
214.48286
  0
VERTEX
  5
145d
  8
Layer_0
  10
271.79643
  20
214.772
  0
VERTEX
  5
145e
  8
Layer_0
  10
271.79718
  20
215.02773
  0
VERTEX
  5
145f
  8
Layer_0
  10
271.79835
  20
215.25206
  0
VERTEX
  5
1460
  8
Layer_0
  10
271.8
  20
215.44698
  0
VERTEX
  5
1461
  8
Layer_0
  10
271.80218
  20
215.61448
  0
VERTEX
  5
1462
  8
Layer_0
  10
271.80496
  20
215.75656
  0
VERTEX
  5
1463
  8
Layer_0
  10
271.8084
  20
215.87521
  0
VERTEX
  5
1464
  8
Layer_0
  10
271.81752
  20
216.05021
  0
VERTEX
  5
1465
  8
Layer_0
  10
271.83005
  20
216.15545
  0
VERTEX
  5
1466
  8
Layer_0
  10
271.84649
  20
216.20689
  0
VERTEX
  5
1467
  8
Layer_0
  10
271.86734
  20
216.22049
  0
VERTEX
  5
1468
  8
Layer_0
  10
272.00902
  20
216.19846
  0
VERTEX
  5
1469
  8
Layer_0
  10
272.24358
  20
216.14429
  0
VERTEX
  5
146a
  8
Layer_0
  10
272.54361
  20
216.06808
  0
VERTEX
  5
146b
  8
Layer_0
  10
272.79126
  20
215.34895
  42
4.886063e-05
  0
VERTEX
  5
146c
  8
Layer_0
  10
273.37228
  20
213.67255
  0
VERTEX
  5
146d
  8
Layer_0
  10
273.69614
  20
212.72005
  0
SEQEND
  0
POLYLINE
  5
146f
  8
Layer_0
  62
7
  70
1
  66
1
  10
0
  20
0
  30
0
  0
VERTEX
  5
146f
  8
Layer_0
  10
275.55827
  20
213.11057
  0
VERTEX
  5
1470
  8
Layer_0
  10
275.5582
  20
212.76302
  0
VERTEX
  5
1471
  8
Layer_0
  10
275.55792
  20
212.45627
  0
VERTEX
  5
1472
  8
Layer_0
  10
275.55733
  20
212.18784
  0
VERTEX
  5
1473
  8
Layer_0
  10
275.55634
  20
211.95522
  0
VERTEX
  5
1474
  8
Layer_0
  10
275.55484
  20
211.75592
  0
VERTEX
  5
1475
  8
Layer_0
  10
275.55275
  20
211.58745
  0
VERTEX
  5
1476
  8
Layer_0
  10
275.54995
  20
211.4473
  0
VERTEX
  5
1477
  8
Layer_0
  10
275.54637
  20
211.33297
  0
VERTEX
  5
1478
  8
Layer_0
  10
275.53641
  20
211.17181
  0
VERTEX
  5
1479
  8
Layer_0
  10
275.52211
  20
211.08398
  0
VERTEX
  5
147a
  8
Layer_0
  10
275.50267
  20
211.04951
  0
VERTEX
  5
147b
  8
Layer_0
  10
275.47731
  20
211.04841
  42
-0.024513986
  0
VERTEX
  5
147c
  8
Layer_0
  10
275.19156
  20
211.12938
  0
VERTEX
  5
147d
  8
Layer_0
  10
275.04094
  20
211.19426
  0
VERTEX
  5
147e
  8
Layer_0
  10
274.97249
  20
211.27701
  0
VERTEX
  5
147f
  8
Layer_0
  10
274.94153
  20
213.34275
  0
VERTEX
  5
1480
  8
Layer_0
  10
274.96773
  20
215.3299
  0
VERTEX
  5
1481
  8
Layer_0
  10
274.9998
  20
215.35327
  0
VERTEX
  5
1482
  8
Layer_0
  10
275.04571
  20
215.35609
  0
VERTEX
  5
1483
  8
Layer_0
  10
275.13717
  20
215.33392
  0
VERTEX
  5
1484
  8
Layer_0
  10
275.30586
  20
215.28227
  0
VERTEX
  5
1485
  8
Layer_0
  10
275.55829
  20
215.19655
  0
VERTEX
  5
1486
  8
Layer_0
  10
275.55829
  20
213.11058
  0
SEQEND
  0
POLYLINE
  5
1488
  8
Layer_0
  62
7
  70
1
  66
1
  10
0
  20
0
  30
0
  0
VERTEX
  5
1488
  8
Layer_0
  10
192.28268
  20
197.76213
  42
-0.11858152
  0
VERTEX
  5
1489
  8
Layer_0
  10
192.61862
  20
197.84399
  42
-0.20494013
  0
VERTEX
  5
148a
  8
Layer_0
  10
193.1413
  20
197.61804
  42
-0.19289848
  0
VERTEX
  5
148b
  8
Layer_0
  10
193.35703
  20
197.03397
  42
-0.11685824
  0
VERTEX
  5
148c
  8
Layer_0
  10
193.25555
  20
196.59654
  42
-0.14112421
  0
VERTEX
  5
148d
  8
Layer_0
  10
192.97675
  20
196.28703
  42
-0.13701222
  0
VERTEX
  5
148e
  8
Layer_0
  10
192.57428
  20
196.1796
  42
-0.21881162
  0
VERTEX
  5
148f
  8
Layer_0
  10
191.94843
  20
196.46182
  0
VERTEX
  5
1490
  8
Layer_0
  10
191.84249
  20
196.6258
  0
VERTEX
  5
1491
  8
Layer_0
  10
191.76681
  20
196.83551
  0
VERTEX
  5
1492
  8
Layer_0
  10
191.72141
  20
197.09093
  0
VERTEX
  5
1493
  8
Layer_0
  10
191.70627
  20
197.39208
  0
VERTEX
  5
1494
  8
Layer_0
  10
191.72301
  20
197.72973
  0
VERTEX
  5
1495
  8
Layer_0
  10
191.77321
  20
198.01793
  0
VERTEX
  5
1496
  8
Layer_0
  10
191.85688
  20
198.25668
  0
VERTEX
  5
1497
  8
Layer_0
  10
191.97401
  20
198.44597
  42
-0.22538139
  0
VERTEX
  5
1498
  8
Layer_0
  10
192.60327
  20
198.73247
  42
-0.18207987
  0
VERTEX
  5
1499
  8
Layer_0
  10
193.08673
  20
198.56705
  42
-0.18258678
  0
VERTEX
  5
149a
  8
Layer_0
  10
193.31268
  20
198.11002
  0
VERTEX
  5
149b
  8
Layer_0
  10
193.00745
  20
198.08615
  42
0.13055091
  0
VERTEX
  5
149c
  8
Layer_0
  10
192.89148
  20
198.34877
  42
0.20584985
  0
VERTEX
  5
149d
  8
Layer_0
  10
192.58452
  20
198.48007
  42
0.16037314
  0
VERTEX
  5
149e
  8
Layer_0
  10
192.32701
  20
198.39822
  42
0.13837928
  0
VERTEX
  5
149f
  8
Layer_0
  10
192.09851
  20
198.08955
  0
VERTEX
  5
14a0
  8
Layer_0
  10
192.03497
  20
197.84356
  0
VERTEX
  5
14a1
  8
Layer_0
  10
192.01153
  20
197.51145
  42
-0.13015362
  0
SEQEND
  0
POLYLINE
  5
14a3
  8
Layer_0
  62
7
  70
1
  66
1
  10
0
  20
0
  30
0
  0
VERTEX
  5
14a3
  8
Layer_0
  10
192.31508
  20
196.50787
  42
0.14090028
  0
VERTEX
  5
14a4
  8
Layer_0
  10
192.56917
  20
196.43198
  42
0.21387721
  0
VERTEX
  5
14a5
  8
Layer_0
  10
192.90341
  20
196.58887
  42
0.18403274
  0
VERTEX
  5
14a6
  8
Layer_0
  10
193.04324
  20
197.0152
  42
0.18890903
  0
VERTEX
  5
14a7
  8
Layer_0
  10
192.90512
  20
197.42363
  42
0.20895414
  0
VERTEX
  5
14a8
  8
Layer_0
  10
192.55722
  20
197.57285
  42
0.20268358
  0
VERTEX
  5
14a9
  8
Layer_0
  10
192.20422
  20
197.42363
  42
0.19514659
  0
VERTEX
  5
14aa
  8
Layer_0
  10
192.05928
  20
197.03226
  42
0.10918533
  0
VERTEX
  5
14ab
  8
Layer_0
  10
192.12665
  20
196.72871
  42
0.14498579
  0
SEQEND
  0
POLYLINE
  5
14ad
  8
Layer_0
  62
7
  70
1
  66
1
  10
0
  20
0
  30
0
  0
VERTEX
  5
14ad
  8
Layer_0
  10
194.95322
  20
196.22223
  0
VERTEX
  5
14ae
  8
Layer_0
  10
194.95322
  20
196.8208
  0
VERTEX
  5
14af
  8
Layer_0
  10
195.29086
  20
196.8208
  0
VERTEX
  5
14b0
  8
Layer_0
  10
195.29086
  20
197.10217
  0
VERTEX
  5
14b1
  8
Layer_0
  10
194.95322
  20
197.10217
  0
VERTEX
  5
14b2
  8
Layer_0
  10
194.95322
  20
198.72223
  0
VERTEX
  5
14b3
  8
Layer_0
  10
194.70251
  20
198.72223
  0
VERTEX
  5
14b4
  8
Layer_0
  10
193.56168
  20
197.10217
  0
VERTEX
  5
14b5
  8
Layer_0
  10
193.56168
  20
196.8208
  0
VERTEX
  5
14b6
  8
Layer_0
  10
194.64624
  20
196.8208
  0
VERTEX
  5
14b7
  8
Layer_0
  10
194.64624
  20
196.22223
  0
SEQEND
  0
POLYLINE
  5
14b9
  8
Layer_0
  62
7
  70
1
  66
1
  10
0
  20
0
  30
0
  0
VERTEX
  5
14b9
  8
Layer_0
  10
193.86351
  20
197.10217
  0
VERTEX
  5
14ba
  8
Layer_0
  10
194.64624
  20
197.10217
  0
VERTEX
  5
14bb
  8
Layer_0
  10
194.64624
  20
198.22939
  0
SEQEND
  0
POLYLINE
  5
14bd
  8
Layer_0
  62
7
  70
1
  66
1
  10
0
  20
0
  30
0
  0
VERTEX
  5
14bd
  8
Layer_0
  10
195.96701
  20
198.5858
  42
-0.17266374
  0
VERTEX
  5
14be
  8
Layer_0
  10
196.41978
  20
198.73247
  42
-0.12317912
  0
VERTEX
  5
14bf
  8
Layer_0
  10
196.77278
  20
198.65146
  42
-0.12705852
  0
VERTEX
  5
14c0
  8
Layer_0
  10
197.02347
  20
198.41783
  42
-0.081077349
  0
VERTEX
  5
14c1
  8
Layer_0
  10
197.17865
  20
198.04607
  42
-0.062921615
  0
VERTEX
  5
14c2
  8
Layer_0
  10
197.23492
  20
197.45517
  0
VERTEX
  5
14c3
  8
Layer_0
  10
197.21233
  20
197.05762
  0
VERTEX
  5
14c4
  8
Layer_0
  10
197.14454
  20
196.74491
  42
-0.14126064
  0
VERTEX
  5
14c5
  8
Layer_0
  10
196.87425
  20
196.3271
  42
-0.17339512
  0
VERTEX
  5
14c6
  8
Layer_0
  10
196.41978
  20
196.1796
  42
-0.22847628
  0
VERTEX
  5
14c7
  8
Layer_0
  10
195.85191
  20
196.43881
  0
VERTEX
  5
14c8
  8
Layer_0
  10
195.74373
  20
196.61936
  0
VERTEX
  5
14c9
  8
Layer_0
  10
195.66646
  20
196.84894
  0
VERTEX
  5
14ca
  8
Layer_0
  10
195.62009
  20
197.12754
  0
VERTEX
  5
14cb
  8
Layer_0
  10
195.60464
  20
197.45518
  0
VERTEX
  5
14cc
  8
Layer_0
  10
195.62744
  20
197.85529
  0
VERTEX
  5
14cd
  8
Layer_0
  10
195.69588
  20
198.16885
  42
-0.14126622
  0
SEQEND
  0
POLYLINE
  5
14cf
  8
Layer_0
  62
7
  70
1
  66
1
  10
0
  20
0
  30
0
  0
VERTEX
  5
14cf
  8
Layer_0
  10
196.41978
  20
196.43198
  42
0.24399155
  0
VERTEX
  5
14d0
  8
Layer_0
  10
196.77534
  20
196.63663
  0
VERTEX
  5
14d1
  8
Layer_0
  10
196.83838
  20
196.76452
  0
VERTEX
  5
14d2
  8
Layer_0
  10
196.88341
  20
196.94358
  0
VERTEX
  5
14d3
  8
Layer_0
  10
196.91043
  20
197.1738
  0
VERTEX
  5
14d4
  8
Layer_0
  10
196.91944
  20
197.45518
  0
VERTEX
  5
14d5
  8
Layer_0
  10
196.91043
  20
197.73794
  0
VERTEX
  5
14d6
  8
Layer_0
  10
196.88341
  20
197.9689
  0
VERTEX
  5
14d7
  8
Layer_0
  10
196.83838
  20
198.14807
  0
VERTEX
  5
14d8
  8
Layer_0
  10
196.77534
  20
198.27544
  42
0.24294695
  0
VERTEX
  5
14d9
  8
Layer_0
  10
196.41638
  20
198.47836
  42
0.24388923
  0
VERTEX
  5
14da
  8
Layer_0
  10
196.07872
  20
198.29932
  0
VERTEX
  5
14db
  8
Layer_0
  10
196.00933
  20
198.16086
  0
VERTEX
  5
14dc
  8
Layer_0
  10
195.95977
  20
197.97402
  0
VERTEX
  5
14dd
  8
Layer_0
  10
195.93003
  20
197.73879
  0
VERTEX
  5
14de
  8
Layer_0
  10
195.92012
  20
197.45518
  0
VERTEX
  5
14df
  8
Layer_0
  10
195.92912
  20
197.17311
  0
VERTEX
  5
14e0
  8
Layer_0
  10
195.95614
  20
196.94251
  0
VERTEX
  5
14e1
  8
Layer_0
  10
196.00118
  20
196.7634
  0
VERTEX
  5
14e2
  8
Layer_0
  10
196.06422
  20
196.63577
  42
0.24348056
  0
SEQEND
  0
POLYLINE
  5
14e4
  8
Layer_0
  62
7
  70
1
  66
1
  10
0
  20
0
  30
0
  0
VERTEX
  5
14e4
  8
Layer_0
  10
191.99686
  20
188.68164
  42
-0.17266374
  0
VERTEX
  5
14e5
  8
Layer_0
  10
192.44962
  20
188.82829
  42
-0.12317912
  0
VERTEX
  5
14e6
  8
Layer_0
  10
192.80261
  20
188.7473
  42
-0.12706007
  0
VERTEX
  5
14e7
  8
Layer_0
  10
193.05328
  20
188.51367
  42
-0.081087693
  0
VERTEX
  5
14e8
  8
Layer_0
  10
193.20847
  20
188.14191
  42
-0.062934702
  0
VERTEX
  5
14e9
  8
Layer_0
  10
193.26476
  20
187.55101
  0
VERTEX
  5
14ea
  8
Layer_0
  10
193.24216
  20
187.15346
  0
VERTEX
  5
14eb
  8
Layer_0
  10
193.17437
  20
186.84075
  42
-0.14126225
  0
VERTEX
  5
14ec
  8
Layer_0
  10
192.90408
  20
186.42294
  42
-0.17339512
  0
VERTEX
  5
14ed
  8
Layer_0
  10
192.44962
  20
186.27544
  42
-0.22846917
  0
VERTEX
  5
14ee
  8
Layer_0
  10
191.88174
  20
186.53464
  0
VERTEX
  5
14ef
  8
Layer_0
  10
191.77355
  20
186.71519
  0
VERTEX
  5
14f0
  8
Layer_0
  10
191.69628
  20
186.94477
  0
VERTEX
  5
14f1
  8
Layer_0
  10
191.64992
  20
187.22338
  0
VERTEX
  5
14f2
  8
Layer_0
  10
191.63447
  20
187.55101
  0
VERTEX
  5
14f3
  8
Layer_0
  10
191.65727
  20
187.95113
  0
VERTEX
  5
14f4
  8
Layer_0
  10
191.7257
  20
188.26469
  42
-0.14126866
  0
SEQEND
  0
POLYLINE
  5
14f6
  8
Layer_0
  62
7
  70
1
  66
1
  10
0
  20
0
  30
0
  0
VERTEX
  5
14f6
  8
Layer_0
  10
192.44962
  20
186.52782
  42
0.24399155
  0
VERTEX
  5
14f7
  8
Layer_0
  10
192.80518
  20
186.73245
  0
VERTEX
  5
14f8
  8
Layer_0
  10
192.86821
  20
186.86036
  0
VERTEX
  5
14f9
  8
Layer_0
  10
192.91324
  20
187.03942
  0
VERTEX
  5
14fa
  8
Layer_0
  10
192.94026
  20
187.26964
  0
VERTEX
  5
14fb
  8
Layer_0
  10
192.94926
  20
187.55101
  0
VERTEX
  5
14fc
  8
Layer_0
  10
192.94026
  20
187.83378
  0
VERTEX
  5
14fd
  8
Layer_0
  10
192.91324
  20
188.06474
  0
VERTEX
  5
14fe
  8
Layer_0
  10
192.86821
  20
188.24391
  0
VERTEX
  5
14ff
  8
Layer_0
  10
192.80517
  20
188.37127
  42
0.24294695
  0
VERTEX
  5
1500
  8
Layer_0
  10
192.4462
  20
188.5742
  42
0.24389122
  0
VERTEX
  5
1501
  8
Layer_0
  10
192.10855
  20
188.39514
  0
VERTEX
  5
1502
  8
Layer_0
  10
192.03916
  20
188.2567
  0
VERTEX
  5
1503
  8
Layer_0
  10
191.9896
  20
188.06986
  0
VERTEX
  5
1504
  8
Layer_0
  10
191.95986
  20
187.83463
  0
VERTEX
  5
1505
  8
Layer_0
  10
191.94995
  20
187.55101
  0
VERTEX
  5
1506
  8
Layer_0
  10
191.95895
  20
187.26894
  0
VERTEX
  5
1507
  8
Layer_0
  10
191.98597
  20
187.03835
  0
VERTEX
  5
1508
  8
Layer_0
  10
192.031
  20
186.85924
  0
VERTEX
  5
1509
  8
Layer_0
  10
192.09404
  20
186.73161
  42
0.24347065
  0
SEQEND
  0
POLYLINE
  5
150b
  8
Layer_0
  62
7
  70
1
  66
1
  10
0
  20
0
  30
0
  0
VERTEX
  5
150b
  8
Layer_0
  10
194.48576
  20
187.06841
  0
VERTEX
  5
150c
  8
Layer_0
  10
194.48576
  20
187.37708
  0
VERTEX
  5
150d
  8
Layer_0
  10
193.54272
  20
187.37708
  0
VERTEX
  5
150e
  8
Layer_0
  10
193.54272
  20
187.06841
  0
SEQEND
  0
POLYLINE
  5
1510
  8
Layer_0
  62
7
  70
1
  66
1
  10
0
  20
0
  30
0
  0
VERTEX
  5
1510
  8
Layer_0
  10
195.29834
  20
188.06261
  42
-0.044470322
  0
VERTEX
  5
1511
  8
Layer_0
  10
194.97519
  20
187.90402
  0
VERTEX
  5
1512
  8
Layer_0
  10
194.97519
  20
188.20074
  42
0.072596206
  0
VERTEX
  5
1513
  8
Layer_0
  10
195.42538
  20
188.49405
  42
0.095801513
  0
VERTEX
  5
1514
  8
Layer_0
  10
195.69824
  20
188.82829
  0
VERTEX
  5
1515
  8
Layer_0
  10
195.89606
  20
188.82829
  0
VERTEX
  5
1516
  8
Layer_0
  10
195.89606
  20
186.31807
  0
VERTEX
  5
1517
  8
Layer_0
  10
195.58911
  20
186.31807
  0
VERTEX
  5
1518
  8
Layer_0
  10
195.58911
  20
188.27406
  42
-0.057679909
  0
SEQEND
  0
POLYLINE
  5
151a
  8
Layer_0
  62
7
  70
1
  66
1
  10
0
  20
0
  30
0
  0
VERTEX
  5
151a
  8
Layer_0
  10
197.04459
  20
188.68164
  42
-0.17266374
  0
VERTEX
  5
151b
  8
Layer_0
  10
197.49736
  20
188.82829
  42
-0.12317912
  0
VERTEX
  5
151c
  8
Layer_0
  10
197.85036
  20
188.7473
  42
-0.12706803
  0
VERTEX
  5
151d
  8
Layer_0
  10
198.10104
  20
188.51367
  42
-0.081087693
  0
VERTEX
  5
151e
  8
Layer_0
  10
198.25623
  20
188.14191
  42
-0.062934702
  0
VERTEX
  5
151f
  8
Layer_0
  10
198.3125
  20
187.55101
  0
VERTEX
  5
1520
  8
Layer_0
  10
198.2899
  20
187.15346
  0
VERTEX
  5
1521
  8
Layer_0
  10
198.22212
  20
186.84075
  42
-0.14126225
  0
VERTEX
  5
1522
  8
Layer_0
  10
197.95183
  20
186.42294
  42
-0.17339512
  0
VERTEX
  5
1523
  8
Layer_0
  10
197.49736
  20
186.27544
  42
-0.22847628
  0
VERTEX
  5
1524
  8
Layer_0
  10
196.92949
  20
186.53464
  0
VERTEX
  5
1525
  8
Layer_0
  10
196.8213
  20
186.71519
  0
VERTEX
  5
1526
  8
Layer_0
  10
196.74403
  20
186.94477
  0
VERTEX
  5
1527
  8
Layer_0
  10
196.69766
  20
187.22338
  0
VERTEX
  5
1528
  8
Layer_0
  10
196.68221
  20
187.55101
  0
VERTEX
  5
1529
  8
Layer_0
  10
196.70502
  20
187.95113
  0
VERTEX
  5
152a
  8
Layer_0
  10
196.77345
  20
188.26469
  42
-0.14126866
  0
SEQEND
  0
POLYLINE
  5
152c
  8
Layer_0
  62
7
  70
1
  66
1
  10
0
  20
0
  30
0
  0
VERTEX
  5
152c
  8
Layer_0
  10
197.49736
  20
186.52782
  42
0.24399155
  0
VERTEX
  5
152d
  8
Layer_0
  10
197.85292
  20
186.73245
  0
VERTEX
  5
152e
  8
Layer_0
  10
197.91596
  20
186.86036
  0
VERTEX
  5
152f
  8
Layer_0
  10
197.96099
  20
187.03942
  0
VERTEX
  5
1530
  8
Layer_0
  10
197.98801
  20
187.26964
  0
VERTEX
  5
1531
  8
Layer_0
  10
197.99701
  20
187.55101
  0
VERTEX
  5
1532
  8
Layer_0
  10
197.98801
  20
187.83378
  0
VERTEX
  5
1533
  8
Layer_0
  10
197.96099
  20
188.06474
  0
VERTEX
  5
1534
  8
Layer_0
  10
197.91596
  20
188.24391
  0
VERTEX
  5
1535
  8
Layer_0
  10
197.85292
  20
188.37127
  42
0.24294695
  0
VERTEX
  5
1536
  8
Layer_0
  10
197.49396
  20
188.5742
  42
0.24389122
  0
VERTEX
  5
1537
  8
Layer_0
  10
197.1563
  20
188.39514
  0
VERTEX
  5
1538
  8
Layer_0
  10
197.08691
  20
188.2567
  0
VERTEX
  5
1539
  8
Layer_0
  10
197.03734
  20
188.06986
  0
VERTEX
  5
153a
  8
Layer_0
  10
197.00761
  20
187.83463
  0
VERTEX
  5
153b
  8
Layer_0
  10
196.99769
  20
187.55101
  0
VERTEX
  5
153c
  8
Layer_0
  10
197.0067
  20
187.26894
  0
VERTEX
  5
153d
  8
Layer_0
  10
197.03372
  20
187.03835
  0
VERTEX
  5
153e
  8
Layer_0
  10
197.07875
  20
186.85924
  0
VERTEX
  5
153f
  8
Layer_0
  10
197.1418
  20
186.73161
  42
0.24347065
  0
SEQEND
  0
POLYLINE
  5
1541
  8
Layer_0
  62
7
  70
1
  66
1
  10
0
  20
0
  30
0
  0
VERTEX
  5
1541
  8
Layer_0
  10
198.98695
  20
188.68164
  42
-0.17266374
  0
VERTEX
  5
1542
  8
Layer_0
  10
199.43973
  20
188.82829
  42
-0.12317912
  0
VERTEX
  5
1543
  8
Layer_0
  10
199.79272
  20
188.7473
  42
-0.12706803
  0
VERTEX
  5
1544
  8
Layer_0
  10
200.0434
  20
188.51367
  42
-0.081087693
  0
VERTEX
  5
1545
  8
Layer_0
  10
200.19858
  20
188.14191
  42
-0.062934702
  0
VERTEX
  5
1546
  8
Layer_0
  10
200.25485
  20
187.55101
  0
VERTEX
  5
1547
  8
Layer_0
  10
200.23226
  20
187.15346
  0
VERTEX
  5
1548
  8
Layer_0
  10
200.16448
  20
186.84075
  42
-0.14126225
  0
VERTEX
  5
1549
  8
Layer_0
  10
199.8942
  20
186.42294
  42
-0.17339512
  0
VERTEX
  5
154a
  8
Layer_0
  10
199.43973
  20
186.27544
  42
-0.22847628
  0
VERTEX
  5
154b
  8
Layer_0
  10
198.87186
  20
186.53464
  0
VERTEX
  5
154c
  8
Layer_0
  10
198.76366
  20
186.71519
  0
VERTEX
  5
154d
  8
Layer_0
  10
198.68639
  20
186.94477
  0
VERTEX
  5
154e
  8
Layer_0
  10
198.64002
  20
187.22338
  0
VERTEX
  5
154f
  8
Layer_0
  10
198.62457
  20
187.55101
  0
VERTEX
  5
1550
  8
Layer_0
  10
198.64738
  20
187.95113
  0
VERTEX
  5
1551
  8
Layer_0
  10
198.71581
  20
188.26469
  42
-0.14126866
  0
SEQEND
  0
POLYLINE
  5
1553
  8
Layer_0
  62
7
  70
1
  66
1
  10
0
  20
0
  30
0
  0
VERTEX
  5
1553
  8
Layer_0
  10
199.43973
  20
186.52782
  42
0.24399155
  0
VERTEX
  5
1554
  8
Layer_0
  10
199.79529
  20
186.73245
  0
VERTEX
  5
1555
  8
Layer_0
  10
199.85832
  20
186.86036
  0
VERTEX
  5
1556
  8
Layer_0
  10
199.90335
  20
187.03942
  0
VERTEX
  5
1557
  8
Layer_0
  10
199.93037
  20
187.26963
  0
VERTEX
  5
1558
  8
Layer_0
  10
199.93937
  20
187.55101
  0
VERTEX
  5
1559
  8
Layer_0
  10
199.93037
  20
187.83378
  0
VERTEX
  5
155a
  8
Layer_0
  10
199.90335
  20
188.06474
  0
VERTEX
  5
155b
  8
Layer_0
  10
199.85832
  20
188.24391
  0
VERTEX
  5
155c
  8
Layer_0
  10
199.79528
  20
188.37127
  42
0.24294695
  0
VERTEX
  5
155d
  8
Layer_0
  10
199.43631
  20
188.5742
  42
0.24389122
  0
VERTEX
  5
155e
  8
Layer_0
  10
199.09866
  20
188.39514
  0
VERTEX
  5
155f
  8
Layer_0
  10
199.02927
  20
188.2567
  0
VERTEX
  5
1560
  8
Layer_0
  10
198.9797
  20
188.06986
  0
VERTEX
  5
1561
  8
Layer_0
  10
198.94997
  20
187.83463
  0
VERTEX
  5
1562
  8
Layer_0
  10
198.94005
  20
187.55101
  0
VERTEX
  5
1563
  8
Layer_0
  10
198.94906
  20
187.26894
  0
VERTEX
  5
1564
  8
Layer_0
  10
198.97608
  20
187.03835
  0
VERTEX
  5
1565
  8
Layer_0
  10
199.02111
  20
186.85924
  0
VERTEX
  5
1566
  8
Layer_0
  10
199.08416
  20
186.73161
  42
0.24347065
  0
SEQEND
  0
POLYLINE
  5
1568
  8
Layer_0
  62
7
  70
1
  66
1
  10
0
  20
0
  30
0
  0
VERTEX
  5
1568
  8
Layer_0
  10
202.65765
  20
188.12912
  0
VERTEX
  5
1569
  8
Layer_0
  10
201.93118
  20
187.39243
  0
VERTEX
  5
156a
  8
Layer_0
  10
201.93118
  20
188.81807
  0
VERTEX
  5
156b
  8
Layer_0
  10
201.62424
  20
188.81807
  0
VERTEX
  5
156c
  8
Layer_0
  10
201.62424
  20
186.31807
  0
VERTEX
  5
156d
  8
Layer_0
  10
201.93118
  20
186.31807
  0
VERTEX
  5
156e
  8
Layer_0
  10
201.93118
  20
187.03601
  0
VERTEX
  5
156f
  8
Layer_0
  10
202.14777
  20
187.24405
  0
VERTEX
  5
1570
  8
Layer_0
  10
202.74634
  20
186.31807
  0
VERTEX
  5
1571
  8
Layer_0
  10
203.12491
  20
186.31807
  0
VERTEX
  5
1572
  8
Layer_0
  10
202.36264
  20
187.45721
  0
VERTEX
  5
1573
  8
Layer_0
  10
203.05499
  20
188.12912
  0
SEQEND
  0
POLYLINE
  5
1575
  8
Layer_0
  62
7
  70
1
  66
1
  10
0
  20
0
  30
0
  0
VERTEX
  5
1575
  8
Layer_0
  10
203.87015
  20
188.08905
  42
-0.13068398
  0
VERTEX
  5
1576
  8
Layer_0
  10
204.19244
  20
188.17004
  42
-0.1449239
  0
VERTEX
  5
1577
  8
Layer_0
  10
204.52243
  20
188.08649
  42
-0.16560836
  0
VERTEX
  5
1578
  8
Layer_0
  10
204.70404
  20
187.85286
  42
-0.24879552
  0
VERTEX
  5
1579
  8
Layer_0
  10
205.2634
  20
188.17004
  0
VERTEX
  5
157a
  8
Layer_0
  10
205.39033
  20
188.16072
  0
VERTEX
  5
157b
  8
Layer_0
  10
205.5017
  20
188.13274
  0
VERTEX
  5
157c
  8
Layer_0
  10
205.59752
  20
188.08611
  0
VERTEX
  5
157d
  8
Layer_0
  10
205.67778
  20
188.02083
  0
VERTEX
  5
157e
  8
Layer_0
  10
205.74119
  20
187.93615
  0
VERTEX
  5
157f
  8
Layer_0
  10
205.78649
  20
187.83132
  0
VERTEX
  5
1580
  8
Layer_0
  10
205.81367
  20
187.70636
  0
VERTEX
  5
1581
  8
Layer_0
  10
205.82273
  20
187.56124
  0
VERTEX
  5
1582
  8
Layer_0
  10
205.82272
  20
186.31807
  0
VERTEX
  5
1583
  8
Layer_0
  10
205.51749
  20
186.31807
  0
VERTEX
  5
1584
  8
Layer_0
  10
205.51749
  20
187.45892
  42
0.088455947
  0
VERTEX
  5
1585
  8
Layer_0
  10
205.48764
  20
187.72411
  42
0.16530787
  0
VERTEX
  5
1586
  8
Layer_0
  10
205.37935
  20
187.85455
  42
0.14157215
  0
VERTEX
  5
1587
  8
Layer_0
  10
205.19518
  20
187.90402
  42
0.19978749
  0
VERTEX
  5
1588
  8
Layer_0
  10
204.87799
  20
187.77696
  0
VERTEX
  5
1589
  8
Layer_0
  10
204.82277
  20
187.7039
  0
VERTEX
  5
158a
  8
Layer_0
  10
204.78334
  20
187.61176
  0
VERTEX
  5
158b
  8
Layer_0
  10
204.75968
  20
187.50055
  0
VERTEX
  5
158c
  8
Layer_0
  10
204.75179
  20
187.37025
  0
VERTEX
  5
158d
  8
Layer_0
  10
204.7518
  20
186.31807
  0
VERTEX
  5
158e
  8
Layer_0
  10
204.44482
  20
186.31807
  0
VERTEX
  5
158f
  8
Layer_0
  10
204.44482
  20
187.49474
  0
VERTEX
  5
1590
  8
Layer_0
  10
204.42607
  20
187.6738
  0
VERTEX
  5
1591
  8
Layer_0
  10
204.36979
  20
187.8017
  42
0.2389147
  0
VERTEX
  5
1592
  8
Layer_0
  10
204.12424
  20
187.90402
  42
0.13967839
  0
VERTEX
  5
1593
  8
Layer_0
  10
203.88464
  20
187.8358
  42
0.16536044
  0
VERTEX
  5
1594
  8
Layer_0
  10
203.72519
  20
187.63628
  42
0.090285224
  0
VERTEX
  5
1595
  8
Layer_0
  10
203.67574
  20
187.25769
  0
VERTEX
  5
1596
  8
Layer_0
  10
203.67574
  20
186.31807
  0
VERTEX
  5
1597
  8
Layer_0
  10
203.36877
  20
186.31807
  0
VERTEX
  5
1598
  8
Layer_0
  10
203.36877
  20
188.12912
  0
VERTEX
  5
1599
  8
Layer_0
  10
203.64334
  20
188.12912
  0
VERTEX
  5
159a
  8
Layer_0
  10
203.64334
  20
187.87503
  42
-0.12081099
  0
SEQEND
  0
POLYLINE
  5
159c
  8
Layer_0
  62
7
  70
1
  66
1
  10
0
  20
0
  30
0
  0
VERTEX
  5
159c
  8
Layer_0
  10
206.2951
  20
186.27544
  0
VERTEX
  5
159d
  8
Layer_0
  10
207.01816
  20
188.8607
  0
VERTEX
  5
159e
  8
Layer_0
  10
206.7726
  20
188.8607
  0
VERTEX
  5
159f
  8
Layer_0
  10
206.04784
  20
186.27544
  0
SEQEND
  0
POLYLINE
  5
15a1
  8
Layer_0
  62
7
  70
1
  66
1
  10
0
  20
0
  30
0
  0
VERTEX
  5
15a1
  8
Layer_0
  10
208.09763
  20
188.17004
  42
-0.12333211
  0
VERTEX
  5
15a2
  8
Layer_0
  10
208.44722
  20
188.09074
  42
-0.16420019
  0
VERTEX
  5
15a3
  8
Layer_0
  10
208.65953
  20
187.87161
  42
-0.10764415
  0
VERTEX
  5
15a4
  8
Layer_0
  10
208.72348
  20
187.46574
  0
VERTEX
  5
15a5
  8
Layer_0
  10
208.72348
  20
186.31807
  0
VERTEX
  5
15a6
  8
Layer_0
  10
208.41653
  20
186.31807
  0
VERTEX
  5
15a7
  8
Layer_0
  10
208.41653
  20
187.46574
  0
VERTEX
  5
15a8
  8
Layer_0
  10
208.39158
  20
187.66463
  0
VERTEX
  5
15a9
  8
Layer_0
  10
208.31676
  20
187.80084
  42
0.20542321
  0
VERTEX
  5
15aa
  8
Layer_0
  10
208.03453
  20
187.90572
  42
0.13380214
  0
VERTEX
  5
15ab
  8
Layer_0
  10
207.77789
  20
187.83495
  42
0.16113379
  0
VERTEX
  5
15ac
  8
Layer_0
  10
207.60651
  20
187.6431
  42
0.10027084
  0
VERTEX
  5
15ad
  8
Layer_0
  10
207.55533
  20
187.30885
  0
VERTEX
  5
15ae
  8
Layer_0
  10
207.55533
  20
186.31807
  0
VERTEX
  5
15af
  8
Layer_0
  10
207.24838
  20
186.31807
  0
VERTEX
  5
15b0
  8
Layer_0
  10
207.24838
  20
188.81807
  0
VERTEX
  5
15b1
  8
Layer_0
  10
207.55533
  20
188.81807
  0
VERTEX
  5
15b2
  8
Layer_0
  10
207.55533
  20
187.92107
  42
-0.21805786
  0
SEQEND
  0
POLYLINE
  5
15b4
  8
Layer_0
  62
7
  70
1
  66
1
  10
0
  20
0
  30
0
  0
VERTEX
  5
15b4
  8
Layer_0
  10
210.45779
  20
187.22189
  42
-0.056559697
  0
VERTEX
  5
15b5
  8
Layer_0
  10
210.53113
  20
187.86308
  42
-0.046775228
  0
VERTEX
  5
15b6
  8
Layer_0
  10
210.69482
  20
188.35422
  42
-0.028469081
  0
VERTEX
  5
15b7
  8
Layer_0
  10
210.96768
  20
188.8607
  0
VERTEX
  5
15b8
  8
Layer_0
  10
210.7477
  20
188.8607
  42
0.075414243
  0
VERTEX
  5
15b9
  8
Layer_0
  10
210.27362
  20
188.00122
  42
0.085087178
  0
VERTEX
  5
15ba
  8
Layer_0
  10
210.1423
  20
187.22359
  42
0.097305329
  0
VERTEX
  5
15bb
  8
Layer_0
  10
210.31796
  20
186.3334
  42
0.070656426
  0
VERTEX
  5
15bc
  8
Layer_0
  10
210.7477
  20
185.58307
  0
VERTEX
  5
15bd
  8
Layer_0
  10
210.96768
  20
185.58307
  0
VERTEX
  5
15be
  8
Layer_0
  10
210.7446
  20
185.99246
  0
VERTEX
  5
15bf
  8
Layer_0
  10
210.58526
  20
186.40205
  0
VERTEX
  5
15c0
  8
Layer_0
  10
210.48966
  20
186.81186
  0
VERTEX
  5
15c1
  8
Layer_0
  10
210.45779
  20
187.22188
  0
SEQEND
  0
POLYLINE
  5
15c3
  8
Layer_0
  62
7
  70
1
  66
1
  10
0
  20
0
  30
0
  0
VERTEX
  5
15c3
  8
Layer_0
  10
211.80159
  20
187.85797
  42
-0.11858152
  0
VERTEX
  5
15c4
  8
Layer_0
  10
212.13754
  20
187.93982
  42
-0.20494178
  0
VERTEX
  5
15c5
  8
Layer_0
  10
212.66022
  20
187.71387
  42
-0.19290012
  0
VERTEX
  5
15c6
  8
Layer_0
  10
212.87595
  20
187.12979
  42
-0.11685824
  0
VERTEX
  5
15c7
  8
Layer_0
  10
212.77448
  20
186.69238
  42
-0.14112878
  0
VERTEX
  5
15c8
  8
Layer_0
  10
212.49565
  20
186.38287
  42
-0.13701522
  0
VERTEX
  5
15c9
  8
Layer_0
  10
212.0932
  20
186.27544
  42
-0.21881162
  0
VERTEX
  5
15ca
  8
Layer_0
  10
211.46735
  20
186.55766
  0
VERTEX
  5
15cb
  8
Layer_0
  10
211.3614
  20
186.72164
  0
VERTEX
  5
15cc
  8
Layer_0
  10
211.28573
  20
186.93134
  0
VERTEX
  5
15cd
  8
Layer_0
  10
211.24032
  20
187.18677
  0
VERTEX
  5
15ce
  8
Layer_0
  10
211.22519
  20
187.48791
  0
VERTEX
  5
15cf
  8
Layer_0
  10
211.24192
  20
187.82557
  0
VERTEX
  5
15d0
  8
Layer_0
  10
211.29212
  20
188.11377
  0
VERTEX
  5
15d1
  8
Layer_0
  10
211.37579
  20
188.35251
  0
VERTEX
  5
15d2
  8
Layer_0
  10
211.49292
  20
188.5418
  42
-0.2253801
  0
VERTEX
  5
15d3
  8
Layer_0
  10
212.12219
  20
188.82829
  42
-0.18207765
  0
VERTEX
  5
15d4
  8
Layer_0
  10
212.60565
  20
188.66289
  42
-0.18258424
  0
VERTEX
  5
15d5
  8
Layer_0
  10
212.8316
  20
188.20586
  0
VERTEX
  5
15d6
  8
Layer_0
  10
212.52635
  20
188.18198
  42
0.13055621
  0
VERTEX
  5
15d7
  8
Layer_0
  10
212.41039
  20
188.4446
  42
0.20584985
  0
VERTEX
  5
15d8
  8
Layer_0
  10
212.10342
  20
188.57591
  42
0.16036886
  0
VERTEX
  5
15d9
  8
Layer_0
  10
211.84592
  20
188.49405
  42
0.13837853
  0
VERTEX
  5
15da
  8
Layer_0
  10
211.61742
  20
188.18539
  0
VERTEX
  5
15db
  8
Layer_0
  10
211.55389
  20
187.9394
  0
VERTEX
  5
15dc
  8
Layer_0
  10
211.53044
  20
187.60729
  42
-0.13015184
  0
SEQEND
  0
POLYLINE
  5
15de
  8
Layer_0
  62
7
  70
1
  66
1
  10
0
  20
0
  30
0
  0
VERTEX
  5
15de
  8
Layer_0
  10
211.83398
  20
186.6037
  42
0.14088511
  0
VERTEX
  5
15df
  8
Layer_0
  10
212.08807
  20
186.52782
  42
0.21387958
  0
VERTEX
  5
15e0
  8
Layer_0
  10
212.42233
  20
186.68471
  42
0.18403508
  0
VERTEX
  5
15e1
  8
Layer_0
  10
212.56216
  20
187.11104
  42
0.18891151
  0
VERTEX
  5
15e2
  8
Layer_0
  10
212.42404
  20
187.51947
  42
0.20894586
  0
VERTEX
  5
15e3
  8
Layer_0
  10
212.07614
  20
187.66867
  42
0.20268608
  0
VERTEX
  5
15e4
  8
Layer_0
  10
211.72314
  20
187.51947
  42
0.19514908
  0
VERTEX
  5
15e5
  8
Layer_0
  10
211.57819
  20
187.1281
  42
0.10918533
  0
VERTEX
  5
15e6
  8
Layer_0
  10
211.64555
  20
186.82455
  42
0.14498387
  0
SEQEND
  0
POLYLINE
  5
15e8
  8
Layer_0
  62
7
  70
1
  66
1
  10
0
  20
0
  30
0
  0
VERTEX
  5
15e8
  8
Layer_0
  10
213.69791
  20
186.77936
  42
-0.028395187
  0
VERTEX
  5
15e9
  8
Layer_0
  10
214.05261
  20
187.09399
  42
0.035679874
  0
VERTEX
  5
15ea
  8
Layer_0
  10
214.52585
  20
187.53397
  42
0.081601109
  0
VERTEX
  5
15eb
  8
Layer_0
  10
214.72961
  20
187.8392
  42
0.10049851
  0
VERTEX
  5
15ec
  8
Layer_0
  10
214.79102
  20
188.13423
  42
0.20541947
  0
VERTEX
  5
15ed
  8
Layer_0
  10
214.58127
  20
188.62878
  0
VERTEX
  5
15ee
  8
Layer_0
  10
214.467
  20
188.71607
  0
VERTEX
  5
15ef
  8
Layer_0
  10
214.33398
  20
188.77842
  0
VERTEX
  5
15f0
  8
Layer_0
  10
214.18221
  20
188.81583
  0
VERTEX
  5
15f1
  8
Layer_0
  10
214.01168
  20
188.8283
  0
VERTEX
  5
15f2
  8
Layer_0
  10
213.84253
  20
188.81673
  0
VERTEX
  5
15f3
  8
Layer_0
  10
213.69151
  20
188.78204
  0
VERTEX
  5
15f4
  8
Layer_0
  10
213.5586
  20
188.72422
  0
VERTEX
  5
15f5
  8
Layer_0
  10
213.44381
  20
188.64327
  0
VERTEX
  5
15f6
  8
Layer_0
  10
213.34927
  20
188.54026
  0
VERTEX
  5
15f7
  8
Layer_0
  10
213.27711
  20
188.41625
  0
VERTEX
  5
15f8
  8
Layer_0
  10
213.22734
  20
188.27124
  0
VERTEX
  5
15f9
  8
Layer_0
  10
213.19995
  20
188.10524
  0
VERTEX
  5
15fa
  8
Layer_0
  10
213.51544
  20
188.07285
  42
-0.19702994
  0
VERTEX
  5
15fb
  8
Layer_0
  10
213.65015
  20
188.44119
  42
-0.19891237
  0
VERTEX
  5
15fc
  8
Layer_0
  10
214.00485
  20
188.5742
  42
-0.19371513
  0
VERTEX
  5
15fd
  8
Layer_0
  10
214.34508
  20
188.44887
  42
-0.20410855
  0
VERTEX
  5
15fe
  8
Layer_0
  10
214.47552
  20
188.14105
  42
-0.15956755
  0
VERTEX
  5
15ff
  8
Layer_0
  10
214.33228
  20
187.77185
  0
VERTEX
  5
1600
  8
Layer_0
  10
214.24414
  20
187.66553
  0
VERTEX
  5
1601
  8
Layer_0
  10
214.12295
  20
187.54185
  0
VERTEX
  5
1602
  8
Layer_0
  10
213.96873
  20
187.40078
  0
VERTEX
  5
1603
  8
Layer_0
  10
213.78146
  20
187.24235
  42
0.045316448
  0
VERTEX
  5
1604
  8
Layer_0
  10
213.37985
  20
186.86377
  42
0.086758754
  0
VERTEX
  5
1605
  8
Layer_0
  10
213.17778
  20
186.53123
  42
0.099520494
  0
VERTEX
  5
1606
  8
Layer_0
  10
213.14197
  20
186.31807
  0
VERTEX
  5
1607
  8
Layer_0
  10
214.79443
  20
186.31807
  0
VERTEX
  5
1608
  8
Layer_0
  10
214.79443
  20
186.61308
  0
VERTEX
  5
1609
  8
Layer_0
  10
213.5683
  20
186.61308
  42
-0.052433973
  0
SEQEND
  0
POLYLINE
  5
160b
  8
Layer_0
  62
7
  70
1
  66
1
  10
0
  20
0
  30
0
  0
VERTEX
  5
160b
  8
Layer_0
  10
216.68051
  20
188.08905
  42
-0.13068398
  0
VERTEX
  5
160c
  8
Layer_0
  10
217.00281
  20
188.17004
  42
-0.1449239
  0
VERTEX
  5
160d
  8
Layer_0
  10
217.33279
  20
188.08649
  42
-0.16560836
  0
VERTEX
  5
160e
  8
Layer_0
  10
217.5144
  20
187.85286
  42
-0.24879552
  0
VERTEX
  5
160f
  8
Layer_0
  10
218.07376
  20
188.17004
  0
VERTEX
  5
1610
  8
Layer_0
  10
218.2007
  20
188.16072
  0
VERTEX
  5
1611
  8
Layer_0
  10
218.31208
  20
188.13274
  0
VERTEX
  5
1612
  8
Layer_0
  10
218.40789
  20
188.08611
  0
VERTEX
  5
1613
  8
Layer_0
  10
218.48815
  20
188.02083
  0
VERTEX
  5
1614
  8
Layer_0
  10
218.55156
  20
187.93615
  0
VERTEX
  5
1615
  8
Layer_0
  10
218.59686
  20
187.83132
  0
VERTEX
  5
1616
  8
Layer_0
  10
218.62404
  20
187.70636
  0
VERTEX
  5
1617
  8
Layer_0
  10
218.6331
  20
187.56124
  0
VERTEX
  5
1618
  8
Layer_0
  10
218.6331
  20
186.31807
  0
VERTEX
  5
1619
  8
Layer_0
  10
218.32785
  20
186.31807
  0
VERTEX
  5
161a
  8
Layer_0
  10
218.32785
  20
187.45892
  42
0.088455947
  0
VERTEX
  5
161b
  8
Layer_0
  10
218.298
  20
187.72411
  42
0.16530787
  0
VERTEX
  5
161c
  8
Layer_0
  10
218.18973
  20
187.85455
  42
0.14155536
  0
VERTEX
  5
161d
  8
Layer_0
  10
218.00555
  20
187.90402
  42
0.19978749
  0
VERTEX
  5
161e
  8
Layer_0
  10
217.68835
  20
187.77696
  0
VERTEX
  5
161f
  8
Layer_0
  10
217.63314
  20
187.7039
  0
VERTEX
  5
1620
  8
Layer_0
  10
217.59371
  20
187.61176
  0
VERTEX
  5
1621
  8
Layer_0
  10
217.57005
  20
187.50055
  0
VERTEX
  5
1622
  8
Layer_0
  10
217.56216
  20
187.37025
  0
VERTEX
  5
1623
  8
Layer_0
  10
217.56216
  20
186.31807
  0
VERTEX
  5
1624
  8
Layer_0
  10
217.2552
  20
186.31807
  0
VERTEX
  5
1625
  8
Layer_0
  10
217.2552
  20
187.49474
  0
VERTEX
  5
1626
  8
Layer_0
  10
217.23644
  20
187.67379
  0
VERTEX
  5
1627
  8
Layer_0
  10
217.18017
  20
187.8017
  42
0.2389147
  0
VERTEX
  5
1628
  8
Layer_0
  10
216.9346
  20
187.90402
  42
0.13967839
  0
VERTEX
  5
1629
  8
Layer_0
  10
216.69501
  20
187.8358
  42
0.16536044
  0
VERTEX
  5
162a
  8
Layer_0
  10
216.53555
  20
187.63628
  42
0.090304461
  0
VERTEX
  5
162b
  8
Layer_0
  10
216.48611
  20
187.25769
  0
VERTEX
  5
162c
  8
Layer_0
  10
216.48611
  20
186.31807
  0
VERTEX
  5
162d
  8
Layer_0
  10
216.17914
  20
186.31807
  0
VERTEX
  5
162e
  8
Layer_0
  10
216.17914
  20
188.12912
  0
VERTEX
  5
162f
  8
Layer_0
  10
216.4537
  20
188.12912
  0
VERTEX
  5
1630
  8
Layer_0
  10
216.4537
  20
187.87503
  42
-0.12081099
  0
SEQEND
  0
POLYLINE
  5
1632
  8
Layer_0
  62
7
  70
1
  66
1
  10
0
  20
0
  30
0
  0
VERTEX
  5
1632
  8
Layer_0
  10
219.59576
  20
186.34193
  42
0.12274125
  0
VERTEX
  5
1633
  8
Layer_0
  10
219.87117
  20
186.27713
  42
0.14025148
  0
VERTEX
  5
1634
  8
Layer_0
  10
220.27106
  20
186.39566
  42
0.14908824
  0
VERTEX
  5
1635
  8
Layer_0
  10
220.56097
  20
186.73672
  42
0.10575287
  0
VERTEX
  5
1636
  8
Layer_0
  10
220.66074
  20
187.23723
  42
0.098801492
  0
VERTEX
  5
1637
  8
Layer_0
  10
220.57034
  20
187.71387
  42
0.14714389
  0
VERTEX
  5
1638
  8
Layer_0
  10
220.30261
  20
188.05066
  42
0.14920308
  0
VERTEX
  5
1639
  8
Layer_0
  10
219.89334
  20
188.17004
  42
0.12730941
  0
VERTEX
  5
163a
  8
Layer_0
  10
219.59149
  20
188.10098
  42
0.11116745
  0
VERTEX
  5
163b
  8
Layer_0
  10
219.3681
  20
187.89378
  0
VERTEX
  5
163c
  8
Layer_0
  10
219.3681
  20
188.12912
  0
VERTEX
  5
163d
  8
Layer_0
  10
219.08842
  20
188.12912
  0
VERTEX
  5
163e
  8
Layer_0
  10
219.08842
  20
185.62399
  0
VERTEX
  5
163f
  8
Layer_0
  10
219.39539
  20
185.62399
  0
VERTEX
  5
1640
  8
Layer_0
  10
219.39539
  20
186.50565
  42
0.10329262
  0
SEQEND
  0
POLYLINE
  5
1642
  8
Layer_0
  62
7
  70
1
  66
1
  10
0
  20
0
  30
0
  0
VERTEX
  5
1642
  8
Layer_0
  10
219.85071
  20
186.52953
  42
0.22120074
  0
VERTEX
  5
1643
  8
Layer_0
  10
220.20114
  20
186.70261
  0
VERTEX
  5
1644
  8
Layer_0
  10
220.26493
  20
186.80104
  0
VERTEX
  5
1645
  8
Layer_0
  10
220.31049
  20
186.92324
  0
VERTEX
  5
1646
  8
Layer_0
  10
220.33783
  20
187.06921
  0
VERTEX
  5
1647
  8
Layer_0
  10
220.34694
  20
187.23894
  0
VERTEX
  5
1648
  8
Layer_0
  10
220.33804
  20
187.40116
  0
VERTEX
  5
1649
  8
Layer_0
  10
220.31135
  20
187.54163
  0
VERTEX
  5
164a
  8
Layer_0
  10
220.26685
  20
187.66037
  0
VERTEX
  5
164b
  8
Layer_0
  10
220.20456
  20
187.75736
  42
0.22360357
  0
VERTEX
  5
164c
  8
Layer_0
  10
219.86435
  20
187.9296
  42
0.22415108
  0
VERTEX
  5
164d
  8
Layer_0
  10
219.5173
  20
187.74628
  0
VERTEX
  5
164e
  8
Layer_0
  10
219.45128
  20
187.64422
  0
VERTEX
  5
164f
  8
Layer_0
  10
219.40412
  20
187.52138
  0
VERTEX
  5
1650
  8
Layer_0
  10
219.37582
  20
187.37776
  0
VERTEX
  5
1651
  8
Layer_0
  10
219.36639
  20
187.21336
  0
VERTEX
  5
1652
  8
Layer_0
  10
219.37524
  20
187.04997
  0
VERTEX
  5
1653
  8
Layer_0
  10
219.40178
  20
186.90938
  0
VERTEX
  5
1654
  8
Layer_0
  10
219.44601
  20
186.79161
  0
VERTEX
  5
1655
  8
Layer_0
  10
219.50793
  20
186.69665
  42
0.22049587
  0
SEQEND
  0
POLYLINE
  5
1657
  8
Layer_0
  62
7
  70
1
  66
1
  10
0
  20
0
  30
0
  0
VERTEX
  5
1657
  8
Layer_0
  10
221.88004
  20
188.17004
  42
-0.12333211
  0
VERTEX
  5
1658
  8
Layer_0
  10
222.22961
  20
188.09074
  42
-0.16421756
  0
VERTEX
  5
1659
  8
Layer_0
  10
222.44193
  20
187.87161
  42
-0.10766127
  0
VERTEX
  5
165a
  8
Layer_0
  10
222.50589
  20
187.46574
  0
VERTEX
  5
165b
  8
Layer_0
  10
222.50589
  20
186.31805
  0
VERTEX
  5
165c
  8
Layer_0
  10
222.19893
  20
186.31805
  0
VERTEX
  5
165d
  8
Layer_0
  10
222.19893
  20
187.46574
  0
VERTEX
  5
165e
  8
Layer_0
  10
222.17398
  20
187.66463
  0
VERTEX
  5
165f
  8
Layer_0
  10
222.09916
  20
187.80084
  42
0.20542321
  0
VERTEX
  5
1660
  8
Layer_0
  10
221.81693
  20
187.90572
  42
0.13380214
  0
VERTEX
  5
1661
  8
Layer_0
  10
221.56029
  20
187.83495
  42
0.16113379
  0
VERTEX
  5
1662
  8
Layer_0
  10
221.3889
  20
187.6431
  42
0.10027084
  0
VERTEX
  5
1663
  8
Layer_0
  10
221.33774
  20
187.30885
  0
VERTEX
  5
1664
  8
Layer_0
  10
221.33774
  20
186.31805
  0
VERTEX
  5
1665
  8
Layer_0
  10
221.03079
  20
186.31805
  0
VERTEX
  5
1666
  8
Layer_0
  10
221.03079
  20
188.81805
  0
VERTEX
  5
1667
  8
Layer_0
  10
221.33774
  20
188.81805
  0
VERTEX
  5
1668
  8
Layer_0
  10
221.33774
  20
187.92107
  42
-0.21805786
  0
SEQEND
  0
POLYLINE
  5
166a
  8
Layer_0
  62
7
  70
1
  66
1
  10
0
  20
0
  30
0
  0
VERTEX
  5
166a
  8
Layer_0
  10
223.22894
  20
188.34909
  42
-0.048372239
  0
VERTEX
  5
166b
  8
Layer_0
  10
223.39095
  20
187.85797
  42
-0.05716008
  0
VERTEX
  5
166c
  8
Layer_0
  10
223.46428
  20
187.22188
  0
VERTEX
  5
166d
  8
Layer_0
  10
223.43241
  20
186.81186
  0
VERTEX
  5
166e
  8
Layer_0
  10
223.3368
  20
186.40205
  0
VERTEX
  5
166f
  8
Layer_0
  10
223.17746
  20
185.99245
  0
VERTEX
  5
1670
  8
Layer_0
  10
222.95438
  20
185.58307
  0
VERTEX
  5
1671
  8
Layer_0
  10
223.17438
  20
185.58307
  42
0.069409702
  0
VERTEX
  5
1672
  8
Layer_0
  10
223.60327
  20
186.3334
  42
0.097731187
  0
VERTEX
  5
1673
  8
Layer_0
  10
223.77975
  20
187.22359
  42
0.085087178
  0
VERTEX
  5
1674
  8
Layer_0
  10
223.64845
  20
188.00122
  42
0.075418549
  0
VERTEX
  5
1675
  8
Layer_0
  10
223.17438
  20
188.86069
  0
VERTEX
  5
1676
  8
Layer_0
  10
222.95438
  20
188.86069
  42
-0.029353283
  0
SEQEND
  0
POLYLINE
  5
1678
  8
Layer_0
  62
7
  70
1
  66
1
  10
0
  20
0
  30
0
  0
VERTEX
  5
1678
  8
Layer_0
  10
224.57103
  20
187.77953
  0
VERTEX
  5
1679
  8
Layer_0
  10
224.57103
  20
188.12912
  0
VERTEX
  5
167a
  8
Layer_0
  10
224.22144
  20
188.12912
  0
VERTEX
  5
167b
  8
Layer_0
  10
224.22144
  20
187.77953
  0
SEQEND
  0
POLYLINE
  5
167d
  8
Layer_0
  62
7
  70
1
  66
1
  10
0
  20
0
  30
0
  0
VERTEX
  5
167d
  8
Layer_0
  10
224.57103
  20
186.31805
  0
VERTEX
  5
167e
  8
Layer_0
  10
224.57103
  20
186.66765
  0
VERTEX
  5
167f
  8
Layer_0
  10
224.22144
  20
186.66765
  0
VERTEX
  5
1680
  8
Layer_0
  10
224.22144
  20
186.31805
  0
SEQEND
  0
POLYLINE
  5
1682
  8
Layer_0
  62
7
  70
1
  66
1
  10
0
  20
0
  30
0
  0
VERTEX
  5
1682
  8
Layer_0
  10
226.45029
  20
187.88354
  42
0.14577841
  0
VERTEX
  5
1683
  8
Layer_0
  10
226.53726
  20
188.17856
  42
0.13613756
  0
VERTEX
  5
1684
  8
Layer_0
  10
226.44603
  20
188.50087
  42
0.14041043
  0
VERTEX
  5
1685
  8
Layer_0
  10
226.18256
  20
188.74048
  42
0.11843324
  0
VERTEX
  5
1686
  8
Layer_0
  10
225.80568
  20
188.82829
  42
0.17803275
  0
VERTEX
  5
1687
  8
Layer_0
  10
225.30943
  20
188.65862
  42
0.17313386
  0
VERTEX
  5
1688
  8
Layer_0
  10
225.05363
  20
188.18027
  0
VERTEX
  5
1689
  8
Layer_0
  10
225.3606
  20
188.1257
  42
-0.16765444
  0
VERTEX
  5
168a
  8
Layer_0
  10
225.51407
  20
188.46335
  42
-0.19128247
  0
VERTEX
  5
168b
  8
Layer_0
  10
225.8125
  20
188.5759
  42
-0.19497826
  0
VERTEX
  5
168c
  8
Layer_0
  10
226.10751
  20
188.46506
  42
-0.2028524
  0
VERTEX
  5
168d
  8
Layer_0
  10
226.22177
  20
188.18539
  42
-0.25344582
  0
VERTEX
  5
168e
  8
Layer_0
  10
226.06488
  20
187.8699
  42
-0.14549371
  0
VERTEX
  5
168f
  8
Layer_0
  10
225.71188
  20
187.76758
  42
-0.027671365
  0
VERTEX
  5
1690
  8
Layer_0
  10
225.66245
  20
187.771
  0
VERTEX
  5
1691
  8
Layer_0
  10
225.62833
  20
187.50156
  42
-0.064414364
  0
VERTEX
  5
1692
  8
Layer_0
  10
225.84491
  20
187.53566
  42
-0.19810794
  0
VERTEX
  5
1693
  8
Layer_0
  10
226.1962
  20
187.39838
  42
-0.19971704
  0
VERTEX
  5
1694
  8
Layer_0
  10
226.33434
  20
187.04965
  42
-0.19817213
  0
VERTEX
  5
1695
  8
Layer_0
  10
226.18512
  20
186.67789
  42
-0.19965783
  0
VERTEX
  5
1696
  8
Layer_0
  10
225.81932
  20
186.52782
  42
-0.18614881
  0
VERTEX
  5
1697
  8
Layer_0
  10
225.50981
  20
186.64293
  0
VERTEX
  5
1698
  8
Layer_0
  10
225.40131
  20
186.79449
  0
VERTEX
  5
1699
  8
Layer_0
  10
225.32989
  20
187.01895
  0
VERTEX
  5
169a
  8
Layer_0
  10
225.02295
  20
186.97803
  42
0.18684399
  0
VERTEX
  5
169b
  8
Layer_0
  10
225.27106
  20
186.46983
  42
0.1855623
  0
VERTEX
  5
169c
  8
Layer_0
  10
225.81763
  20
186.27373
  42
0.19274477
  0
VERTEX
  5
169d
  8
Layer_0
  10
226.4213
  20
186.50139
  42
0.20509783
  0
VERTEX
  5
169e
  8
Layer_0
  10
226.66005
  20
187.05646
  42
0.16422478
  0
VERTEX
  5
169f
  8
Layer_0
  10
226.53726
  20
187.45978
  42
0.17499153
  0
VERTEX
  5
16a0
  8
Layer_0
  10
226.19278
  20
187.67209
  42
0.14106417
  0
SEQEND
  0
POLYLINE
  5
16a2
  8
Layer_0
  62
7
  70
1
  66
1
  10
0
  20
0
  30
0
  0
VERTEX
  5
16a2
  8
Layer_0
  10
227.48541
  20
186.31805
  0
VERTEX
  5
16a3
  8
Layer_0
  10
227.48541
  20
186.66765
  0
VERTEX
  5
16a4
  8
Layer_0
  10
227.13583
  20
186.66765
  0
VERTEX
  5
16a5
  8
Layer_0
  10
227.13583
  20
186.31805
  0
SEQEND
  0
POLYLINE
  5
16a7
  8
Layer_0
  62
7
  70
1
  66
1
  10
0
  20
0
  30
0
  0
VERTEX
  5
16a7
  8
Layer_0
  10
228.45062
  20
186.77936
  42
-0.028382066
  0
VERTEX
  5
16a8
  8
Layer_0
  10
228.80534
  20
187.09398
  42
0.035689862
  0
VERTEX
  5
16a9
  8
Layer_0
  10
229.27856
  20
187.53395
  42
0.081594305
  0
VERTEX
  5
16aa
  8
Layer_0
  10
229.48236
  20
187.8392
  42
0.1004816
  0
VERTEX
  5
16ab
  8
Layer_0
  10
229.54375
  20
188.13423
  42
0.20541238
  0
VERTEX
  5
16ac
  8
Layer_0
  10
229.33398
  20
188.62877
  0
VERTEX
  5
16ad
  8
Layer_0
  10
229.21973
  20
188.71606
  0
VERTEX
  5
16ae
  8
Layer_0
  10
229.08672
  20
188.77841
  0
VERTEX
  5
16af
  8
Layer_0
  10
228.93494
  20
188.81582
  0
VERTEX
  5
16b0
  8
Layer_0
  10
228.76441
  20
188.82829
  0
VERTEX
  5
16b1
  8
Layer_0
  10
228.59526
  20
188.81673
  0
VERTEX
  5
16b2
  8
Layer_0
  10
228.44424
  20
188.78204
  0
VERTEX
  5
16b3
  8
Layer_0
  10
228.31133
  20
188.72422
  0
VERTEX
  5
16b4
  8
Layer_0
  10
228.19654
  20
188.64327
  0
VERTEX
  5
16b5
  8
Layer_0
  10
228.102
  20
188.54026
  0
VERTEX
  5
16b6
  8
Layer_0
  10
228.02984
  20
188.41625
  0
VERTEX
  5
16b7
  8
Layer_0
  10
227.98007
  20
188.27124
  0
VERTEX
  5
16b8
  8
Layer_0
  10
227.95268
  20
188.10524
  0
VERTEX
  5
16b9
  8
Layer_0
  10
228.26816
  20
188.07285
  42
-0.19702994
  0
VERTEX
  5
16ba
  8
Layer_0
  10
228.40289
  20
188.44119
  42
-0.19891237
  0
VERTEX
  5
16bb
  8
Layer_0
  10
228.7576
  20
188.5742
  42
-0.1937265
  0
VERTEX
  5
16bc
  8
Layer_0
  10
229.09781
  20
188.44885
  42
-0.20411996
  0
VERTEX
  5
16bd
  8
Layer_0
  10
229.22826
  20
188.14105
  42
-0.15956755
  0
VERTEX
  5
16be
  8
Layer_0
  10
229.08502
  20
187.77185
  0
VERTEX
  5
16bf
  8
Layer_0
  10
228.99687
  20
187.66553
  0
VERTEX
  5
16c0
  8
Layer_0
  10
228.87568
  20
187.54184
  0
VERTEX
  5
16c1
  8
Layer_0
  10
228.72146
  20
187.40078
  0
VERTEX
  5
16c2
  8
Layer_0
  10
228.53419
  20
187.24235
  42
0.045316448
  0
VERTEX
  5
16c3
  8
Layer_0
  10
228.1326
  20
186.86377
  42
0.086783968
  0
VERTEX
  5
16c4
  8
Layer_0
  10
227.93051
  20
186.53122
  42
0.099520494
  0
VERTEX
  5
16c5
  8
Layer_0
  10
227.8947
  20
186.31805
  0
VERTEX
  5
16c6
  8
Layer_0
  10
229.54715
  20
186.31805
  0
VERTEX
  5
16c7
  8
Layer_0
  10
229.54715
  20
186.61308
  0
VERTEX
  5
16c8
  8
Layer_0
  10
228.32103
  20
186.61308
  42
-0.052440685
  0
SEQEND
  0
POLYLINE
  5
16ca
  8
Layer_0
  62
7
  70
1
  66
1
  10
0
  20
0
  30
0
  0
VERTEX
  5
16ca
  8
Layer_0
  10
231.94484
  20
187.62093
  42
0.18990363
  0
VERTEX
  5
16cb
  8
Layer_0
  10
231.82632
  20
187.8392
  42
0.17029996
  0
VERTEX
  5
16cc
  8
Layer_0
  10
231.54919
  20
187.91765
  0
VERTEX
  5
16cd
  8
Layer_0
  10
231.36801
  20
187.90017
  0
VERTEX
  5
16ce
  8
Layer_0
  10
231.24736
  20
187.84774
  42
0.23213814
  0
VERTEX
  5
16cf
  8
Layer_0
  10
231.15698
  20
187.68402
  42
0.16807106
  0
VERTEX
  5
16d0
  8
Layer_0
  10
231.19449
  20
187.57658
  42
0.13522013
  0
VERTEX
  5
16d1
  8
Layer_0
  10
231.31216
  20
187.49474
  42
0.022117544
  0
VERTEX
  5
16d2
  8
Layer_0
  10
231.58331
  20
187.41629
  42
-0.036410034
  0
VERTEX
  5
16d3
  8
Layer_0
  10
232.03778
  20
187.2739
  42
-0.14040193
  0
VERTEX
  5
16d4
  8
Layer_0
  10
232.23985
  20
187.11275
  42
-0.15277351
  0
VERTEX
  5
16d5
  8
Layer_0
  10
232.31319
  20
186.85013
  42
-0.14695088
  0
VERTEX
  5
16d6
  8
Layer_0
  10
232.22366
  20
186.56107
  42
-0.14427983
  0
VERTEX
  5
16d7
  8
Layer_0
  10
231.9653
  20
186.35132
  42
-0.10387178
  0
VERTEX
  5
16d8
  8
Layer_0
  10
231.58331
  20
186.27713
  0
VERTEX
  5
16d9
  8
Layer_0
  10
231.4173
  20
186.2863
  0
VERTEX
  5
16da
  8
Layer_0
  10
231.2723
  20
186.3138
  0
VERTEX
  5
16db
  8
Layer_0
  10
231.14829
  20
186.35963
  0
VERTEX
  5
16dc
  8
Layer_0
  10
231.04528
  20
186.42379
  42
-0.18322725
  0
VERTEX
  5
16dd
  8
Layer_0
  10
230.80908
  20
186.85864
  0
VERTEX
  5
16de
  8
Layer_0
  10
231.11264
  20
186.9064
  42
0.1864869
  0
VERTEX
  5
16df
  8
Layer_0
  10
231.25504
  20
186.62672
  42
0.1752561
  0
VERTEX
  5
16e0
  8
Layer_0
  10
231.5816
  20
186.52953
  0
VERTEX
  5
16e1
  8
Layer_0
  10
231.76577
  20
186.55105
  0
VERTEX
  5
16e2
  8
Layer_0
  10
231.89538
  20
186.61564
  42
0.22130595
  0
VERTEX
  5
16e3
  8
Layer_0
  10
231.9977
  20
186.81772
  42
0.25192931
  0
VERTEX
  5
16e4
  8
Layer_0
  10
231.90732
  20
186.98143
  0
VERTEX
  5
16e5
  8
Layer_0
  10
231.79732
  20
187.0279
  0
VERTEX
  5
16e6
  8
Layer_0
  10
231.59354
  20
187.08546
  42
-0.049495081
  0
VERTEX
  5
16e7
  8
Layer_0
  10
231.12543
  20
187.23297
  42
-0.1450334
  0
VERTEX
  5
16e8
  8
Layer_0
  10
230.92761
  20
187.40521
  42
-0.13824092
  0
VERTEX
  5
16e9
  8
Layer_0
  10
230.86026
  20
187.64821
  42
-0.1238657
  0
VERTEX
  5
16ea
  8
Layer_0
  10
230.91568
  20
187.87247
  42
-0.11489884
  0
VERTEX
  5
16eb
  8
Layer_0
  10
231.06659
  20
188.04385
  42
-0.0871182
  0
VERTEX
  5
16ec
  8
Layer_0
  10
231.26186
  20
188.13338
  42
-0.072194443
  0
VERTEX
  5
16ed
  8
Layer_0
  10
231.52704
  20
188.17004
  42
-0.091245604
  0
VERTEX
  5
16ee
  8
Layer_0
  10
231.90135
  20
188.10864
  42
-0.14477099
  0
VERTEX
  5
16ef
  8
Layer_0
  10
232.13925
  20
187.94238
  42
-0.11756379
  0
VERTEX
  5
16f0
  8
Layer_0
  10
232.24496
  20
187.66185
  0
SEQEND
  0
POLYLINE
  5
16f2
  8
Layer_0
  62
7
  70
1
  66
1
  10
0
  20
0
  30
0
  0
VERTEX
  5
16f2
  8
Layer_0
  10
233.95712
  20
186.43062
  42
-0.16330954
  0
VERTEX
  5
16f3
  8
Layer_0
  10
233.43869
  20
186.27713
  0
VERTEX
  5
16f4
  8
Layer_0
  10
233.25031
  20
186.29243
  0
VERTEX
  5
16f5
  8
Layer_0
  10
233.08249
  20
186.33831
  0
VERTEX
  5
16f6
  8
Layer_0
  10
232.93525
  20
186.41479
  0
VERTEX
  5
16f7
  8
Layer_0
  10
232.80858
  20
186.52185
  0
VERTEX
  5
16f8
  8
Layer_0
  10
232.70674
  20
186.65652
  0
VERTEX
  5
16f9
  8
Layer_0
  10
232.63399
  20
186.8158
  0
VERTEX
  5
16fa
  8
Layer_0
  10
232.59034
  20
186.99971
  0
VERTEX
  5
16fb
  8
Layer_0
  10
232.5758
  20
187.20824
  0
VERTEX
  5
16fc
  8
Layer_0
  10
232.5905
  20
187.42396
  0
VERTEX
  5
16fd
  8
Layer_0
  10
232.63463
  20
187.61411
  0
VERTEX
  5
16fe
  8
Layer_0
  10
232.70817
  20
187.77867
  0
VERTEX
  5
16ff
  8
Layer_0
  10
232.81113
  20
187.91765
  42
-0.20801098
  0
VERTEX
  5
1700
  8
Layer_0
  10
233.42163
  20
188.17004
  42
-0.20820612
  0
VERTEX
  5
1701
  8
Layer_0
  10
234.01509
  20
187.92276
  0
VERTEX
  5
1702
  8
Layer_0
  10
234.11581
  20
187.78656
  0
VERTEX
  5
1703
  8
Layer_0
  10
234.18775
  20
187.62519
  0
VERTEX
  5
1704
  8
Layer_0
  10
234.23092
  20
187.43867
  0
VERTEX
  5
1705
  8
Layer_0
  10
234.2453
  20
187.227
  42
-0.0078092987
  0
VERTEX
  5
1706
  8
Layer_0
  10
234.24361
  20
187.14514
  0
VERTEX
  5
1707
  8
Layer_0
  10
232.89299
  20
187.14514
  0
VERTEX
  5
1708
  8
Layer_0
  10
232.90993
  20
187.00467
  0
VERTEX
  5
1709
  8
Layer_0
  10
232.94372
  20
186.88167
  0
VERTEX
  5
170a
  8
Layer_0
  10
232.99435
  20
186.77616
  0
VERTEX
  5
170b
  8
Layer_0
  10
233.06182
  20
186.68812
  42
0.20463393
  0
VERTEX
  5
170c
  8
Layer_0
  10
233.4404
  20
186.52953
  42
0.16109705
  0
VERTEX
  5
170d
  8
Layer_0
  10
233.72861
  20
186.61819
  42
0.14773099
  0
VERTEX
  5
170e
  8
Layer_0
  10
233.91788
  20
186.90128
  0
VERTEX
  5
170f
  8
Layer_0
  10
234.23508
  20
186.86206
  42
-0.16642042
  0
SEQEND
  0
POLYLINE
  5
1711
  8
Layer_0
  62
7
  70
1
  66
1
  10
0
  20
0
  30
0
  0
VERTEX
  5
1711
  8
Layer_0
  10
233.80533
  20
187.7403
  42
0.22358328
  0
VERTEX
  5
1712
  8
Layer_0
  10
233.42505
  20
187.91765
  42
0.19658111
  0
VERTEX
  5
1713
  8
Layer_0
  10
233.06949
  20
187.77611
  42
0.18448125
  0
VERTEX
  5
1714
  8
Layer_0
  10
232.91003
  20
187.39752
  0
VERTEX
  5
1715
  8
Layer_0
  10
233.9213
  20
187.39752
  0
VERTEX
  5
1716
  8
Layer_0
  10
233.88207
  20
187.59748
  0
VERTEX
  5
1717
  8
Layer_0
  10
233.80533
  20
187.7403
  0
SEQEND
  0
POLYLINE
  5
1719
  8
Layer_0
  62
7
  70
1
  66
1
  10
0
  20
0
  30
0
  0
VERTEX
  5
1719
  8
Layer_0
  10
235.85086
  20
186.45364
  42
-0.1803631
  0
VERTEX
  5
171a
  8
Layer_0
  10
235.35036
  20
186.27713
  42
-0.20837548
  0
VERTEX
  5
171b
  8
Layer_0
  10
234.75266
  20
186.52014
  0
VERTEX
  5
171c
  8
Layer_0
  10
234.65379
  20
186.65481
  0
VERTEX
  5
171d
  8
Layer_0
  10
234.58317
  20
186.8158
  0
VERTEX
  5
171e
  8
Layer_0
  10
234.54081
  20
187.00312
  0
VERTEX
  5
171f
  8
Layer_0
  10
234.52668
  20
187.21677
  42
-0.10439417
  0
VERTEX
  5
1720
  8
Layer_0
  10
234.6239
  20
187.73007
  42
-0.16370686
  0
VERTEX
  5
1721
  8
Layer_0
  10
234.91977
  20
188.06004
  42
-0.12708948
  0
VERTEX
  5
1722
  8
Layer_0
  10
235.35207
  20
188.17004
  42
-0.16958344
  0
VERTEX
  5
1723
  8
Layer_0
  10
235.83467
  20
188.02083
  42
-0.17902207
  0
VERTEX
  5
1724
  8
Layer_0
  10
236.07513
  20
187.59705
  0
VERTEX
  5
1725
  8
Layer_0
  10
235.77669
  20
187.55101
  42
0.16049786
  0
VERTEX
  5
1726
  8
Layer_0
  10
235.62576
  20
187.82556
  42
0.17803552
  0
VERTEX
  5
1727
  8
Layer_0
  10
235.364
  20
187.91765
  42
0.21674648
  0
VERTEX
  5
1728
  8
Layer_0
  10
234.98712
  20
187.75139
  0
VERTEX
  5
1729
  8
Layer_0
  10
234.92371
  20
187.65615
  0
VERTEX
  5
172a
  8
Layer_0
  10
234.87841
  20
187.53673
  0
VERTEX
  5
172b
  8
Layer_0
  10
234.85123
  20
187.39311
  0
VERTEX
  5
172c
  8
Layer_0
  10
234.84218
  20
187.22529
  0
VERTEX
  5
172d
  8
Layer_0
  10
234.85091
  20
187.05529
  0
VERTEX
  5
172e
  8
Layer_0
  10
234.87713
  20
186.91024
  0
VERTEX
  5
172f
  8
Layer_0
  10
234.92083
  20
186.79012
  0
VERTEX
  5
1730
  8
Layer_0
  10
234.98201
  20
186.69494
  42
0.22073696
  0
VERTEX
  5
1731
  8
Layer_0
  10
235.34695
  20
186.52953
  42
0.18747972
  0
VERTEX
  5
1732
  8
Layer_0
  10
235.6488
  20
186.64037
  42
0.17414218
  0
VERTEX
  5
1733
  8
Layer_0
  10
235.80228
  20
186.98143
  0
VERTEX
  5
1734
  8
Layer_0
  10
236.10411
  20
186.94221
  42
-0.17677898
  0
SEQEND
  0
POLYLINE
  5
1736
  8
Layer_0
  62
7
  70
1
  66
1
  10
0
  20
0
  30
0
  0
VERTEX
  5
1736
  8
Layer_0
  10
129.23814
  20
198.67699
  0
VERTEX
  5
1737
  8
Layer_0
  10
130.23575
  20
198.67699
  0
VERTEX
  5
1738
  8
Layer_0
  10
130.23575
  20
198.97031
  0
VERTEX
  5
1739
  8
Layer_0
  10
128.99257
  20
198.97031
  0
VERTEX
  5
173a
  8
Layer_0
  10
128.75041
  20
197.68619
  0
VERTEX
  5
173b
  8
Layer_0
  10
129.03862
  20
197.64868
  42
-0.12345979
  0
VERTEX
  5
173c
  8
Layer_0
  10
129.2262
  20
197.82347
  42
-0.12914596
  0
VERTEX
  5
173d
  8
Layer_0
  10
129.49394
  20
197.89084
  42
-0.20261908
  0
VERTEX
  5
173e
  8
Layer_0
  10
129.88019
  20
197.73906
  42
-0.19521342
  0
VERTEX
  5
173f
  8
Layer_0
  10
130.02771
  20
197.32466
  42
-0.18788371
  0
VERTEX
  5
1740
  8
Layer_0
  10
129.87422
  20
196.88129
  42
-0.20998777
  0
VERTEX
  5
1741
  8
Layer_0
  10
129.49905
  20
196.71416
  42
-0.18649149
  0
VERTEX
  5
1742
  8
Layer_0
  10
129.18442
  20
196.83269
  42
-0.17224875
  0
VERTEX
  5
1743
  8
Layer_0
  10
129.01816
  20
197.18654
  0
VERTEX
  5
1744
  8
Layer_0
  10
128.69585
  20
197.15926
  42
0.18950311
  0
VERTEX
  5
1745
  8
Layer_0
  10
128.94226
  20
196.65277
  42
0.18317718
  0
VERTEX
  5
1746
  8
Layer_0
  10
129.49905
  20
196.46178
  42
0.22910559
  0
VERTEX
  5
1747
  8
Layer_0
  10
130.15561
  20
196.76532
  42
0.17030435
  0
VERTEX
  5
1748
  8
Layer_0
  10
130.35342
  20
197.35196
  42
0.19793192
  0
VERTEX
  5
1749
  8
Layer_0
  10
130.12831
  20
197.93517
  42
0.19989318
  0
VERTEX
  5
174a
  8
Layer_0
  10
129.57579
  20
198.16199
  42
0.15335816
  0
VERTEX
  5
174b
  8
Layer_0
  10
129.10342
  20
198.0051
  0
SEQEND
  0
POLYLINE
  5
174d
  8
Layer_0
  62
7
  70
1
  66
1
  10
0
  20
0
  30
0
  0
VERTEX
  5
174d
  8
Layer_0
  10
131.16003
  20
196.50441
  0
VERTEX
  5
174e
  8
Layer_0
  10
131.16003
  20
196.854
  0
VERTEX
  5
174f
  8
Layer_0
  10
130.81044
  20
196.854
  0
VERTEX
  5
1750
  8
Layer_0
  10
130.81044
  20
196.50441
  0
SEQEND
  0
POLYLINE
  5
1752
  8
Layer_0
  62
7
  70
1
  66
1
  10
0
  20
0
  30
0
  0
VERTEX
  5
1752
  8
Layer_0
  10
132.12524
  20
196.9657
  42
-0.028375668
  0
VERTEX
  5
1753
  8
Layer_0
  10
132.47995
  20
197.28033
  42
0.035689221
  0
VERTEX
  5
1754
  8
Layer_0
  10
132.95319
  20
197.72031
  42
0.081599937
  0
VERTEX
  5
1755
  8
Layer_0
  10
133.15697
  20
198.02556
  42
0.10048762
  0
VERTEX
  5
1756
  8
Layer_0
  10
133.21835
  20
198.32057
  42
0.20541593
  0
VERTEX
  5
1757
  8
Layer_0
  10
133.00861
  20
198.81512
  0
VERTEX
  5
1758
  8
Layer_0
  10
132.89435
  20
198.90241
  0
VERTEX
  5
1759
  8
Layer_0
  10
132.76133
  20
198.96476
  0
VERTEX
  5
175a
  8
Layer_0
  10
132.60956
  20
199.00217
  0
VERTEX
  5
175b
  8
Layer_0
  10
132.43903
  20
199.01464
  0
VERTEX
  5
175c
  8
Layer_0
  10
132.26988
  20
199.00307
  0
VERTEX
  5
175d
  8
Layer_0
  10
132.11885
  20
198.96838
  0
VERTEX
  5
175e
  8
Layer_0
  10
131.98594
  20
198.91056
  0
VERTEX
  5
175f
  8
Layer_0
  10
131.87115
  20
198.82961
  0
VERTEX
  5
1760
  8
Layer_0
  10
131.77662
  20
198.7266
  0
VERTEX
  5
1761
  8
Layer_0
  10
131.70446
  20
198.60259
  0
VERTEX
  5
1762
  8
Layer_0
  10
131.65468
  20
198.45758
  0
VERTEX
  5
1763
  8
Layer_0
  10
131.62729
  20
198.29158
  0
VERTEX
  5
1764
  8
Layer_0
  10
131.94278
  20
198.25919
  42
-0.19702996
  0
VERTEX
  5
1765
  8
Layer_0
  10
132.0775
  20
198.62753
  42
-0.19891237
  0
VERTEX
  5
1766
  8
Layer_0
  10
132.43221
  20
198.76054
  42
-0.19371797
  0
VERTEX
  5
1767
  8
Layer_0
  10
132.77242
  20
198.63521
  42
-0.20411426
  0
VERTEX
  5
1768
  8
Layer_0
  10
132.90288
  20
198.32739
  42
-0.15956755
  0
VERTEX
  5
1769
  8
Layer_0
  10
132.75963
  20
197.95819
  0
VERTEX
  5
176a
  8
Layer_0
  10
132.67148
  20
197.85188
  0
VERTEX
  5
176b
  8
Layer_0
  10
132.5503
  20
197.72819
  0
VERTEX
  5
176c
  8
Layer_0
  10
132.39607
  20
197.58713
  0
VERTEX
  5
176d
  8
Layer_0
  10
132.20881
  20
197.42869
  42
0.045326966
  0
VERTEX
  5
176e
  8
Layer_0
  10
131.80721
  20
197.05011
  42
0.086776091
  0
VERTEX
  5
176f
  8
Layer_0
  10
131.60512
  20
196.71758
  42
0.099529209
  0
VERTEX
  5
1770
  8
Layer_0
  10
131.56931
  20
196.50441
  0
VERTEX
  5
1771
  8
Layer_0
  10
133.22177
  20
196.50441
  0
VERTEX
  5
1772
  8
Layer_0
  10
133.22177
  20
196.79942
  0
VERTEX
  5
1773
  8
Layer_0
  10
131.99564
  20
196.79942
  42
-0.05244763
  0
SEQEND
  0
POLYLINE
  5
1775
  8
Layer_0
  62
7
  70
1
  66
1
  10
0
  20
0
  30
0
  0
VERTEX
  5
1775
  8
Layer_0
  10
134.45984
  20
197.25475
  0
VERTEX
  5
1776
  8
Layer_0
  10
134.45984
  20
197.56342
  0
VERTEX
  5
1777
  8
Layer_0
  10
133.51678
  20
197.56342
  0
VERTEX
  5
1778
  8
Layer_0
  10
133.51678
  20
197.25475
  0
SEQEND
  0
POLYLINE
  5
177a
  8
Layer_0
  62
7
  70
1
  66
1
  10
0
  20
0
  30
0
  0
VERTEX
  5
177a
  8
Layer_0
  10
135.09933
  20
196.50441
  0
VERTEX
  5
177b
  8
Layer_0
  10
135.09933
  20
199.00441
  0
VERTEX
  5
177c
  8
Layer_0
  10
134.79237
  20
199.00441
  0
VERTEX
  5
177d
  8
Layer_0
  10
134.79237
  20
196.50441
  0
SEQEND
  0
POLYLINE
  5
177f
  8
Layer_0
  62
7
  70
1
  66
1
  10
0
  20
0
  30
0
  0
VERTEX
  5
177f
  8
Layer_0
  10
135.88377
  20
198.6514
  0
VERTEX
  5
1780
  8
Layer_0
  10
135.88377
  20
199.00441
  0
VERTEX
  5
1781
  8
Layer_0
  10
135.57681
  20
199.00441
  0
VERTEX
  5
1782
  8
Layer_0
  10
135.57681
  20
198.6514
  0
SEQEND
  0
POLYLINE
  5
1784
  8
Layer_0
  62
7
  70
1
  66
1
  10
0
  20
0
  30
0
  0
VERTEX
  5
1784
  8
Layer_0
  10
135.88377
  20
196.50441
  0
VERTEX
  5
1785
  8
Layer_0
  10
135.88377
  20
198.31546
  0
VERTEX
  5
1786
  8
Layer_0
  10
135.57681
  20
198.31546
  0
VERTEX
  5
1787
  8
Layer_0
  10
135.57681
  20
196.50441
  0
SEQEND
  0
POLYLINE
  5
1789
  8
Layer_0
  62
7
  70
1
  66
1
  10
0
  20
0
  30
0
  0
VERTEX
  5
1789
  8
Layer_0
  10
136.71255
  20
198.31546
  0
VERTEX
  5
178a
  8
Layer_0
  10
137.02122
  20
198.31546
  0
VERTEX
  5
178b
  8
Layer_0
  10
137.02122
  20
198.07671
  0
VERTEX
  5
178c
  8
Layer_0
  10
136.71255
  20
198.07671
  0
VERTEX
  5
178d
  8
Layer_0
  10
136.71255
  20
197.0177
  42
0.1022481
  0
VERTEX
  5
178e
  8
Layer_0
  10
136.72876
  20
196.84888
  42
0.15608185
  0
VERTEX
  5
178f
  8
Layer_0
  10
136.78163
  20
196.7892
  42
0.13680782
  0
VERTEX
  5
1790
  8
Layer_0
  10
136.88651
  20
196.76703
  42
0.035485552
  0
VERTEX
  5
1791
  8
Layer_0
  10
137.02122
  20
196.77896
  0
VERTEX
  5
1792
  8
Layer_0
  10
137.06557
  20
196.50781
  42
-0.051921473
  0
VERTEX
  5
1793
  8
Layer_0
  10
136.83363
  20
196.48053
  42
-0.13102838
  0
VERTEX
  5
1794
  8
Layer_0
  10
136.57443
  20
196.5334
  42
-0.16107686
  0
VERTEX
  5
1795
  8
Layer_0
  10
136.44482
  20
196.67238
  0
VERTEX
  5
1796
  8
Layer_0
  10
136.41669
  20
196.80604
  0
VERTEX
  5
1797
  8
Layer_0
  10
136.40731
  20
197.03476
  0
VERTEX
  5
1798
  8
Layer_0
  10
136.4073
  20
198.07671
  0
VERTEX
  5
1799
  8
Layer_0
  10
136.18221
  20
198.07671
  0
VERTEX
  5
179a
  8
Layer_0
  10
136.18221
  20
198.31546
  0
VERTEX
  5
179b
  8
Layer_0
  10
136.4073
  20
198.31546
  0
VERTEX
  5
179c
  8
Layer_0
  10
136.4073
  20
198.76396
  0
VERTEX
  5
179d
  8
Layer_0
  10
136.71255
  20
198.94814
  0
SEQEND
  0
POLYLINE
  5
179f
  8
Layer_0
  62
7
  70
1
  66
1
  10
0
  20
0
  30
0
  0
VERTEX
  5
179f
  8
Layer_0
  10
138.60034
  20
196.61696
  42
-0.16331072
  0
VERTEX
  5
17a0
  8
Layer_0
  10
138.08194
  20
196.46349
  0
VERTEX
  5
17a1
  8
Layer_0
  10
137.89355
  20
196.47877
  0
VERTEX
  5
17a2
  8
Layer_0
  10
137.72573
  20
196.52466
  0
VERTEX
  5
17a3
  8
Layer_0
  10
137.57849
  20
196.60113
  0
VERTEX
  5
17a4
  8
Layer_0
  10
137.45182
  20
196.70819
  0
VERTEX
  5
17a5
  8
Layer_0
  10
137.34998
  20
196.84286
  0
VERTEX
  5
17a6
  8
Layer_0
  10
137.27723
  20
197.00215
  0
VERTEX
  5
17a7
  8
Layer_0
  10
137.23359
  20
197.18606
  0
VERTEX
  5
17a8
  8
Layer_0
  10
137.21904
  20
197.39458
  0
VERTEX
  5
17a9
  8
Layer_0
  10
137.23375
  20
197.61031
  0
VERTEX
  5
17aa
  8
Layer_0
  10
137.27787
  20
197.80045
  0
VERTEX
  5
17ab
  8
Layer_0
  10
137.35142
  20
197.96501
  0
VERTEX
  5
17ac
  8
Layer_0
  10
137.45437
  20
198.104
  42
-0.20801256
  0
VERTEX
  5
17ad
  8
Layer_0
  10
138.06488
  20
198.35638
  42
-0.20820774
  0
VERTEX
  5
17ae
  8
Layer_0
  10
138.65833
  20
198.10912
  0
VERTEX
  5
17af
  8
Layer_0
  10
138.75905
  20
197.9729
  0
VERTEX
  5
17b0
  8
Layer_0
  10
138.83099
  20
197.81153
  0
VERTEX
  5
17b1
  8
Layer_0
  10
138.87416
  20
197.62502
  0
VERTEX
  5
17b2
  8
Layer_0
  10
138.88855
  20
197.41334
  42
-0.0078092987
  0
VERTEX
  5
17b3
  8
Layer_0
  10
138.88684
  20
197.33148
  0
VERTEX
  5
17b4
  8
Layer_0
  10
137.53622
  20
197.33148
  0
VERTEX
  5
17b5
  8
Layer_0
  10
137.55318
  20
197.19101
  0
VERTEX
  5
17b6
  8
Layer_0
  10
137.58696
  20
197.06802
  0
VERTEX
  5
17b7
  8
Layer_0
  10
137.63759
  20
196.9625
  0
VERTEX
  5
17b8
  8
Layer_0
  10
137.70506
  20
196.87446
  42
0.20463158
  0
VERTEX
  5
17b9
  8
Layer_0
  10
138.08363
  20
196.71587
  42
0.16109705
  0
VERTEX
  5
17ba
  8
Layer_0
  10
138.37184
  20
196.80453
  42
0.14771413
  0
VERTEX
  5
17bb
  8
Layer_0
  10
138.56113
  20
197.08763
  0
VERTEX
  5
17bc
  8
Layer_0
  10
138.87831
  20
197.0484
  42
-0.166416
  0
SEQEND
  0
POLYLINE
  5
17be
  8
Layer_0
  62
7
  70
1
  66
1
  10
0
  20
0
  30
0
  0
VERTEX
  5
17be
  8
Layer_0
  10
138.44858
  20
197.92665
  42
0.2235812
  0
VERTEX
  5
17bf
  8
Layer_0
  10
138.06828
  20
198.104
  42
0.19658888
  0
VERTEX
  5
17c0
  8
Layer_0
  10
137.71274
  20
197.96246
  42
0.18447281
  0
VERTEX
  5
17c1
  8
Layer_0
  10
137.55328
  20
197.58388
  0
VERTEX
  5
17c2
  8
Layer_0
  10
138.56454
  20
197.58388
  0
VERTEX
  5
17c3
  8
Layer_0
  10
138.52532
  20
197.78382
  0
VERTEX
  5
17c4
  8
Layer_0
  10
138.44858
  20
197.92664
  0
SEQEND
  0
POLYLINE
  5
17c6
  8
Layer_0
  62
7
  70
1
  66
1
  10
0
  20
0
  30
0
  0
VERTEX
  5
17c6
  8
Layer_0
  10
139.73183
  20
198.295
  42
-0.15141329
  0
VERTEX
  5
17c7
  8
Layer_0
  10
139.92879
  20
198.35638
  42
-0.13909684
  0
VERTEX
  5
17c8
  8
Layer_0
  10
140.24428
  20
198.25748
  0
VERTEX
  5
17c9
  8
Layer_0
  10
140.13855
  20
197.97269
  42
0.13422561
  0
VERTEX
  5
17ca
  8
Layer_0
  10
139.91345
  20
198.0392
  42
0.16315188
  0
VERTEX
  5
17cb
  8
Layer_0
  10
139.73268
  20
197.97865
  42
0.15535891
  0
VERTEX
  5
17cc
  8
Layer_0
  10
139.61842
  20
197.81068
  42
0.075864019
  0
VERTEX
  5
17cd
  8
Layer_0
  10
139.56726
  20
197.45256
  0
VERTEX
  5
17ce
  8
Layer_0
  10
139.56726
  20
196.50441
  0
VERTEX
  5
17cf
  8
Layer_0
  10
139.26031
  20
196.50441
  0
VERTEX
  5
17d0
  8
Layer_0
  10
139.26031
  20
198.31546
  0
VERTEX
  5
17d1
  8
Layer_0
  10
139.53658
  20
198.31546
  0
VERTEX
  5
17d2
  8
Layer_0
  10
139.53658
  20
198.04089
  0
VERTEX
  5
17d3
  8
Layer_0
  10
139.63825
  20
198.20077
  0
VERTEX
  5
17d4
  8
Layer_0
  10
139.73183
  20
198.29499
  0
SEQEND
  0
POLYLINE
  5
17d6
  8
Layer_0
  62
7
  70
1
  66
1
  10
0
  20
0
  30
0
  0
VERTEX
  5
17d6
  8
Layer_0
  10
142.45609
  20
197.18823
  0
VERTEX
  5
17d7
  8
Layer_0
  10
143.13138
  20
199.00441
  0
VERTEX
  5
17d8
  8
Layer_0
  10
143.46904
  20
199.00441
  0
VERTEX
  5
17d9
  8
Layer_0
  10
142.49019
  20
196.50441
  0
VERTEX
  5
17da
  8
Layer_0
  10
142.15083
  20
196.50441
  0
VERTEX
  5
17db
  8
Layer_0
  10
141.18221
  20
199.00441
  0
VERTEX
  5
17dc
  8
Layer_0
  10
141.54033
  20
199.00441
  0
VERTEX
  5
17dd
  8
Layer_0
  10
142.19005
  20
197.18823
  42
-0.018744702
  0
VERTEX
  5
17de
  8
Layer_0
  10
142.32135
  20
196.77896
  42
-0.020670536
  0
SEQEND
  0
POLYLINE
  5
17e0
  8
Layer_0
  62
7
  70
1
  66
1
  10
0
  20
0
  30
0
  0
VERTEX
  5
17e0
  8
Layer_0
  10
144.19977
  20
198.24895
  42
-0.044467361
  0
VERTEX
  5
17e1
  8
Layer_0
  10
143.87662
  20
198.09035
  0
VERTEX
  5
17e2
  8
Layer_0
  10
143.87662
  20
198.38708
  42
0.072592498
  0
VERTEX
  5
17e3
  8
Layer_0
  10
144.32681
  20
198.68039
  42
0.095790321
  0
VERTEX
  5
17e4
  8
Layer_0
  10
144.59967
  20
199.01463
  0
VERTEX
  5
17e5
  8
Layer_0
  10
144.79749
  20
199.01463
  0
VERTEX
  5
17e6
  8
Layer_0
  10
144.79749
  20
196.50441
  0
VERTEX
  5
17e7
  8
Layer_0
  10
144.49052
  20
196.50441
  0
VERTEX
  5
17e8
  8
Layer_0
  10
144.49052
  20
198.4604
  42
-0.057673885
  0
SEQEND
  0
POLYLINE
  5
17ea
  8
Layer_0
  62
7
  70
1
  66
1
  10
0
  20
0
  30
0
  0
VERTEX
  5
17ea
  8
Layer_0
  10
145.94601
  20
198.86798
  42
-0.17267021
  0
VERTEX
  5
17eb
  8
Layer_0
  10
146.39877
  20
199.01463
  42
-0.12317886
  0
VERTEX
  5
17ec
  8
Layer_0
  10
146.75179
  20
198.93364
  42
-0.12706895
  0
VERTEX
  5
17ed
  8
Layer_0
  10
147.00246
  20
198.70001
  42
-0.081086625
  0
VERTEX
  5
17ee
  8
Layer_0
  10
147.15765
  20
198.32825
  42
-0.062927764
  0
VERTEX
  5
17ef
  8
Layer_0
  10
147.21393
  20
197.73735
  0
VERTEX
  5
17f0
  8
Layer_0
  10
147.19133
  20
197.3398
  0
VERTEX
  5
17f1
  8
Layer_0
  10
147.12354
  20
197.02709
  42
-0.14126152
  0
VERTEX
  5
17f2
  8
Layer_0
  10
146.85324
  20
196.60928
  42
-0.17339512
  0
VERTEX
  5
17f3
  8
Layer_0
  10
146.39877
  20
196.46178
  42
-0.22847272
  0
VERTEX
  5
17f4
  8
Layer_0
  10
145.8309
  20
196.72098
  0
VERTEX
  5
17f5
  8
Layer_0
  10
145.72273
  20
196.90153
  0
VERTEX
  5
17f6
  8
Layer_0
  10
145.64546
  20
197.13111
  0
VERTEX
  5
17f7
  8
Layer_0
  10
145.59909
  20
197.40972
  0
VERTEX
  5
17f8
  8
Layer_0
  10
145.58364
  20
197.73735
  0
VERTEX
  5
17f9
  8
Layer_0
  10
145.60645
  20
198.13746
  0
VERTEX
  5
17fa
  8
Layer_0
  10
145.67487
  20
198.45103
  42
-0.14126381
  0
SEQEND
  0
POLYLINE
  5
17fc
  8
Layer_0
  62
7
  70
1
  66
1
  10
0
  20
0
  30
0
  0
VERTEX
  5
17fc
  8
Layer_0
  10
146.39877
  20
196.71416
  42
0.24399824
  0
VERTEX
  5
17fd
  8
Layer_0
  10
146.75433
  20
196.91879
  0
VERTEX
  5
17fe
  8
Layer_0
  10
146.81738
  20
197.0467
  0
VERTEX
  5
17ff
  8
Layer_0
  10
146.86242
  20
197.22576
  0
VERTEX
  5
1800
  8
Layer_0
  10
146.88943
  20
197.45597
  0
VERTEX
  5
1801
  8
Layer_0
  10
146.89844
  20
197.73735
  0
VERTEX
  5
1802
  8
Layer_0
  10
146.88943
  20
198.02012
  0
VERTEX
  5
1803
  8
Layer_0
  10
146.86242
  20
198.25108
  0
VERTEX
  5
1804
  8
Layer_0
  10
146.81738
  20
198.43025
  0
VERTEX
  5
1805
  8
Layer_0
  10
146.75434
  20
198.55761
  42
0.24295192
  0
VERTEX
  5
1806
  8
Layer_0
  10
146.39537
  20
198.76054
  42
0.24388923
  0
VERTEX
  5
1807
  8
Layer_0
  10
146.05771
  20
198.58148
  0
VERTEX
  5
1808
  8
Layer_0
  10
145.98833
  20
198.44304
  0
VERTEX
  5
1809
  8
Layer_0
  10
145.93877
  20
198.2562
  0
VERTEX
  5
180a
  8
Layer_0
  10
145.90903
  20
198.02097
  0
VERTEX
  5
180b
  8
Layer_0
  10
145.89912
  20
197.73735
  0
VERTEX
  5
180c
  8
Layer_0
  10
145.90813
  20
197.45528
  0
VERTEX
  5
180d
  8
Layer_0
  10
145.93515
  20
197.22469
  0
VERTEX
  5
180e
  8
Layer_0
  10
145.98018
  20
197.04558
  0
VERTEX
  5
180f
  8
Layer_0
  10
146.04322
  20
196.91795
  42
0.24347736
  0
SEQEND
  0
POLYLINE
  5
1811
  8
Layer_0
  62
7
  70
1
  66
1
  10
0
  20
0
  30
0
  0
VERTEX
  5
1811
  8
Layer_0
  10
130.20041
  20
188.39436
  42
0.14578946
  0
VERTEX
  5
1812
  8
Layer_0
  10
130.28722
  20
188.68942
  42
0.13614126
  0
VERTEX
  5
1813
  8
Layer_0
  10
130.1958
  20
189.01169
  42
0.14041316
  0
VERTEX
  5
1814
  8
Layer_0
  10
129.93221
  20
189.25114
  42
0.11843739
  0
VERTEX
  5
1815
  8
Layer_0
  10
129.55528
  20
189.33876
  42
0.17803591
  0
VERTEX
  5
1816
  8
Layer_0
  10
129.05913
  20
189.16881
  42
0.17313064
  0
VERTEX
  5
1817
  8
Layer_0
  10
128.80359
  20
188.69032
  0
VERTEX
  5
1818
  8
Layer_0
  10
129.11058
  20
188.63593
  42
-0.16765305
  0
VERTEX
  5
1819
  8
Layer_0
  10
129.26387
  20
188.97366
  42
-0.19128223
  0
VERTEX
  5
181a
  8
Layer_0
  10
129.56224
  20
189.08636
  42
-0.19498428
  0
VERTEX
  5
181b
  8
Layer_0
  10
129.85732
  20
188.97569
  42
-0.20284911
  0
VERTEX
  5
181c
  8
Layer_0
  10
129.97173
  20
188.69608
  42
-0.25344793
  0
VERTEX
  5
181d
  8
Layer_0
  10
129.81502
  20
188.38051
  42
-0.14548412
  0
VERTEX
  5
181e
  8
Layer_0
  10
129.46207
  20
188.278
  42
-0.02768069
  0
VERTEX
  5
181f
  8
Layer_0
  10
129.41261
  20
188.28137
  0
VERTEX
  5
1820
  8
Layer_0
  10
129.37865
  20
188.01192
  42
-0.064426535
  0
VERTEX
  5
1821
  8
Layer_0
  10
129.59521
  20
188.04614
  42
-0.19810439
  0
VERTEX
  5
1822
  8
Layer_0
  10
129.94658
  20
187.90906
  42
-0.19971678
  0
VERTEX
  5
1823
  8
Layer_0
  10
130.0849
  20
187.56039
  42
-0.19817224
  0
VERTEX
  5
1824
  8
Layer_0
  10
129.93588
  20
187.18855
  42
-0.19965273
  0
VERTEX
  5
1825
  8
Layer_0
  10
129.57018
  20
187.03828
  42
-0.18614848
  0
VERTEX
  5
1826
  8
Layer_0
  10
129.2606
  20
187.15323
  0
VERTEX
  5
1827
  8
Layer_0
  10
129.15202
  20
187.30473
  0
VERTEX
  5
1828
  8
Layer_0
  10
129.08049
  20
187.52915
  0
VERTEX
  5
1829
  8
Layer_0
  10
128.77354
  20
187.48805
  42
0.18684464
  0
VERTEX
  5
182a
  8
Layer_0
  10
129.02196
  20
186.98001
  42
0.18556305
  0
VERTEX
  5
182b
  8
Layer_0
  10
129.56862
  20
186.78419
  42
0.19274236
  0
VERTEX
  5
182c
  8
Layer_0
  10
130.17218
  20
187.01218
  42
0.20509415
  0
VERTEX
  5
182d
  8
Layer_0
  10
130.41061
  20
187.5674
  42
0.16422011
  0
VERTEX
  5
182e
  8
Layer_0
  10
130.28761
  20
187.97064
  42
0.17498804
  0
VERTEX
  5
182f
  8
Layer_0
  10
129.94302
  20
188.18277
  42
0.14106588
  0
SEQEND
  0
POLYLINE
  5
1831
  8
Layer_0
  62
7
  70
1
  66
1
  10
0
  20
0
  30
0
  0
VERTEX
  5
1831
  8
Layer_0
  10
131.23102
  20
187.29074
  42
-0.028376696
  0
VERTEX
  5
1832
  8
Layer_0
  10
131.58556
  20
187.60556
  42
0.035686663
  0
VERTEX
  5
1833
  8
Layer_0
  10
132.05855
  20
188.04579
  42
0.081601228
  0
VERTEX
  5
1834
  8
Layer_0
  10
132.26216
  20
188.35115
  42
0.10049344
  0
VERTEX
  5
1835
  8
Layer_0
  10
132.32339
  20
188.64621
  42
0.2054165
  0
VERTEX
  5
1836
  8
Layer_0
  10
132.11337
  20
189.14064
  0
VERTEX
  5
1837
  8
Layer_0
  10
131.99907
  20
189.22786
  0
VERTEX
  5
1838
  8
Layer_0
  10
131.86602
  20
189.29014
  0
VERTEX
  5
1839
  8
Layer_0
  10
131.71422
  20
189.32747
  0
VERTEX
  5
183a
  8
Layer_0
  10
131.54368
  20
189.33985
  0
VERTEX
  5
183b
  8
Layer_0
  10
131.37454
  20
189.32819
  0
VERTEX
  5
183c
  8
Layer_0
  10
131.22353
  20
189.29341
  0
VERTEX
  5
183d
  8
Layer_0
  10
131.09066
  20
189.23552
  0
VERTEX
  5
183e
  8
Layer_0
  10
130.97591
  20
189.15451
  0
VERTEX
  5
183f
  8
Layer_0
  10
130.88143
  20
189.05144
  0
VERTEX
  5
1840
  8
Layer_0
  10
130.80934
  20
188.92739
  0
VERTEX
  5
1841
  8
Layer_0
  10
130.75965
  20
188.78236
  0
VERTEX
  5
1842
  8
Layer_0
  10
130.73235
  20
188.61635
  0
VERTEX
  5
1843
  8
Layer_0
  10
131.04785
  20
188.58412
  42
-0.19702682
  0
VERTEX
  5
1844
  8
Layer_0
  10
131.18237
  20
188.95255
  42
-0.19891404
  0
VERTEX
  5
1845
  8
Layer_0
  10
131.537
  20
189.08575
  42
-0.19371722
  0
VERTEX
  5
1846
  8
Layer_0
  10
131.87729
  20
188.9606
  42
-0.20411109
  0
VERTEX
  5
1847
  8
Layer_0
  10
132.0079
  20
188.65286
  42
-0.15956618
  0
VERTEX
  5
1848
  8
Layer_0
  10
131.86487
  20
188.28357
  0
VERTEX
  5
1849
  8
Layer_0
  10
131.77678
  20
188.17721
  0
VERTEX
  5
184a
  8
Layer_0
  10
131.65566
  20
188.05345
  0
VERTEX
  5
184b
  8
Layer_0
  10
131.50151
  20
187.91231
  0
VERTEX
  5
184c
  8
Layer_0
  10
131.31433
  20
187.75377
  42
0.045327578
  0
VERTEX
  5
184d
  8
Layer_0
  10
130.91293
  20
187.37497
  42
0.08677224
  0
VERTEX
  5
184e
  8
Layer_0
  10
130.71104
  20
187.04233
  42
0.099533019
  0
VERTEX
  5
184f
  8
Layer_0
  10
130.67534
  20
186.82913
  0
VERTEX
  5
1850
  8
Layer_0
  10
132.3278
  20
186.83005
  0
VERTEX
  5
1851
  8
Layer_0
  10
132.32764
  20
187.12506
  0
VERTEX
  5
1852
  8
Layer_0
  10
131.10152
  20
187.12439
  42
-0.052443935
  0
SEQEND
  0
POLYLINE
  5
1854
  8
Layer_0
  62
7
  70
1
  66
1
  10
0
  20
0
  30
0
  0
VERTEX
  5
1854
  8
Layer_0
  10
133.19803
  20
189.0031
  0
VERTEX
  5
1855
  8
Layer_0
  10
134.19565
  20
189.00365
  0
VERTEX
  5
1856
  8
Layer_0
  10
134.19548
  20
189.29697
  0
VERTEX
  5
1857
  8
Layer_0
  10
132.9523
  20
189.29628
  0
VERTEX
  5
1858
  8
Layer_0
  10
132.71085
  20
188.01204
  0
VERTEX
  5
1859
  8
Layer_0
  10
132.99907
  20
187.97467
  42
-0.12346225
  0
VERTEX
  5
185a
  8
Layer_0
  10
133.18655
  20
188.14958
  42
-0.12914426
  0
VERTEX
  5
185b
  8
Layer_0
  10
133.45425
  20
188.21709
  42
-0.20262066
  0
VERTEX
  5
185c
  8
Layer_0
  10
133.84059
  20
188.06552
  42
-0.19521058
  0
VERTEX
  5
185d
  8
Layer_0
  10
133.98833
  20
187.65121
  42
-0.18788216
  0
VERTEX
  5
185e
  8
Layer_0
  10
133.8351
  20
187.20775
  42
-0.20999287
  0
VERTEX
  5
185f
  8
Layer_0
  10
133.46002
  20
187.04042
  42
-0.1864904
  0
VERTEX
  5
1860
  8
Layer_0
  10
133.14532
  20
187.15877
  42
-0.17224767
  0
VERTEX
  5
1861
  8
Layer_0
  10
132.97885
  20
187.51253
  0
VERTEX
  5
1862
  8
Layer_0
  10
132.65657
  20
187.48506
  42
0.18949821
  0
VERTEX
  5
1863
  8
Layer_0
  10
132.90326
  20
186.97871
  42
0.18317662
  0
VERTEX
  5
1864
  8
Layer_0
  10
133.46016
  20
186.78802
  42
0.22910235
  0
VERTEX
  5
1865
  8
Layer_0
  10
134.11653
  20
187.09193
  42
0.17030339
  0
VERTEX
  5
1866
  8
Layer_0
  10
134.31403
  20
187.67868
  42
0.19792947
  0
VERTEX
  5
1867
  8
Layer_0
  10
134.08861
  20
188.26178
  42
0.19989209
  0
VERTEX
  5
1868
  8
Layer_0
  10
133.53596
  20
188.48828
  42
0.15336187
  0
VERTEX
  5
1869
  8
Layer_0
  10
133.06367
  20
188.33113
  0
SEQEND
  0
POLYLINE
  5
186b
  8
Layer_0
  62
7
  70
1
  66
1
  10
0
  20
0
  30
0
  0
VERTEX
  5
186b
  8
Layer_0
  10
136.68903
  20
188.64348
  0
VERTEX
  5
186c
  8
Layer_0
  10
135.96295
  20
187.90639
  0
VERTEX
  5
186d
  8
Layer_0
  10
135.96217
  20
189.33203
  0
VERTEX
  5
186e
  8
Layer_0
  10
135.65521
  20
189.33186
  0
VERTEX
  5
186f
  8
Layer_0
  10
135.65659
  20
186.83186
  0
VERTEX
  5
1870
  8
Layer_0
  10
135.96355
  20
186.83203
  0
VERTEX
  5
1871
  8
Layer_0
  10
135.96315
  20
187.54997
  0
VERTEX
  5
1872
  8
Layer_0
  10
136.17961
  20
187.75815
  0
VERTEX
  5
1873
  8
Layer_0
  10
136.77869
  20
186.83249
  0
VERTEX
  5
1874
  8
Layer_0
  10
137.15727
  20
186.83269
  0
VERTEX
  5
1875
  8
Layer_0
  10
136.39436
  20
187.97142
  0
VERTEX
  5
1876
  8
Layer_0
  10
137.08636
  20
188.64371
  0
SEQEND
  0
POLYLINE
  5
1878
  8
Layer_0
  62
7
  70
1
  66
1
  10
0
  20
0
  30
0
  0
VERTEX
  5
1878
  8
Layer_0
  10
137.90152
  20
188.60406
  42
-0.13068105
  0
VERTEX
  5
1879
  8
Layer_0
  10
138.22379
  20
188.68524
  42
-0.14492666
  0
VERTEX
  5
187a
  8
Layer_0
  10
138.5538
  20
188.60187
  42
-0.16559827
  0
VERTEX
  5
187b
  8
Layer_0
  10
138.73555
  20
188.36835
  42
-0.24879846
  0
VERTEX
  5
187c
  8
Layer_0
  10
139.29472
  20
188.68584
  0
VERTEX
  5
187d
  8
Layer_0
  10
139.42167
  20
188.67658
  0
VERTEX
  5
187e
  8
Layer_0
  10
139.53306
  20
188.64867
  0
VERTEX
  5
187f
  8
Layer_0
  10
139.62891
  20
188.60209
  0
VERTEX
  5
1880
  8
Layer_0
  10
139.7092
  20
188.53685
  0
VERTEX
  5
1881
  8
Layer_0
  10
139.77266
  20
188.4522
  0
VERTEX
  5
1882
  8
Layer_0
  10
139.81802
  20
188.34741
  0
VERTEX
  5
1883
  8
Layer_0
  10
139.84526
  20
188.22245
  0
VERTEX
  5
1884
  8
Layer_0
  10
139.8544
  20
188.07734
  0
VERTEX
  5
1885
  8
Layer_0
  10
139.85509
  20
186.83417
  0
VERTEX
  5
1886
  8
Layer_0
  10
139.54984
  20
186.834
  0
VERTEX
  5
1887
  8
Layer_0
  10
139.54921
  20
187.97485
  42
0.088471543
  0
VERTEX
  5
1888
  8
Layer_0
  10
139.51923
  20
188.24002
  42
0.16529216
  0
VERTEX
  5
1889
  8
Layer_0
  10
139.41086
  20
188.37042
  42
0.14155332
  0
VERTEX
  5
188a
  8
Layer_0
  10
139.22665
  20
188.41977
  42
0.19978827
  0
VERTEX
  5
188b
  8
Layer_0
  10
138.90953
  20
188.29254
  0
VERTEX
  5
188c
  8
Layer_0
  10
138.85437
  20
188.21946
  0
VERTEX
  5
188d
  8
Layer_0
  10
138.81498
  20
188.1273
  0
VERTEX
  5
188e
  8
Layer_0
  10
138.79138
  20
188.01606
  0
VERTEX
  5
188f
  8
Layer_0
  10
138.78357
  20
187.88576
  0
VERTEX
  5
1890
  8
Layer_0
  10
138.78415
  20
186.83359
  0
VERTEX
  5
1891
  8
Layer_0
  10
138.47719
  20
186.8334
  0
VERTEX
  5
1892
  8
Layer_0
  10
138.47653
  20
188.01009
  0
VERTEX
  5
1893
  8
Layer_0
  10
138.45768
  20
188.18913
  0
VERTEX
  5
1894
  8
Layer_0
  10
138.40134
  20
188.317
  42
0.23892225
  0
VERTEX
  5
1895
  8
Layer_0
  10
138.15572
  20
188.41919
  42
0.13968135
  0
VERTEX
  5
1896
  8
Layer_0
  10
137.91615
  20
188.35083
  42
0.16535921
  0
VERTEX
  5
1897
  8
Layer_0
  10
137.75682
  20
188.15123
  42
0.090291664
  0
VERTEX
  5
1898
  8
Layer_0
  10
137.70757
  20
187.77261
  0
VERTEX
  5
1899
  8
Layer_0
  10
137.70808
  20
186.83299
  0
VERTEX
  5
189a
  8
Layer_0
  10
137.40112
  20
186.83282
  0
VERTEX
  5
189b
  8
Layer_0
  10
137.40013
  20
188.64388
  0
VERTEX
  5
189c
  8
Layer_0
  10
137.6747
  20
188.64401
  0
VERTEX
  5
189d
  8
Layer_0
  10
137.67484
  20
188.38992
  42
-0.12082148
  0
SEQEND
  0
POLYLINE
  5
189f
  8
Layer_0
  62
7
  70
1
  66
1
  10
0
  20
0
  30
0
  0
VERTEX
  5
189f
  8
Layer_0
  10
140.32748
  20
186.79179
  0
VERTEX
  5
18a0
  8
Layer_0
  10
141.04912
  20
189.37746
  0
VERTEX
  5
18a1
  8
Layer_0
  10
140.80356
  20
189.37732
  0
VERTEX
  5
18a2
  8
Layer_0
  10
140.08022
  20
186.79166
  0
SEQEND
  0
POLYLINE
  5
18a4
  8
Layer_0
  62
7
  70
1
  66
1
  10
0
  20
0
  30
0
  0
VERTEX
  5
18a4
  8
Layer_0
  10
142.12897
  20
188.68739
  42
-0.12333731
  0
VERTEX
  5
18a5
  8
Layer_0
  10
142.47861
  20
188.60828
  42
-0.16421185
  0
VERTEX
  5
18a6
  8
Layer_0
  10
142.69104
  20
188.38927
  42
-0.10764291
  0
VERTEX
  5
18a7
  8
Layer_0
  10
142.7552
  20
187.98343
  0
VERTEX
  5
18a8
  8
Layer_0
  10
142.75583
  20
186.83575
  0
VERTEX
  5
18a9
  8
Layer_0
  10
142.44888
  20
186.83559
  0
VERTEX
  5
18aa
  8
Layer_0
  10
142.44824
  20
187.98328
  0
VERTEX
  5
18ab
  8
Layer_0
  10
142.4232
  20
188.18214
  0
VERTEX
  5
18ac
  8
Layer_0
  10
142.3483
  20
188.31831
  42
0.20542093
  0
VERTEX
  5
18ad
  8
Layer_0
  10
142.06601
  20
188.42303
  42
0.13380309
  0
VERTEX
  5
18ae
  8
Layer_0
  10
141.8094
  20
188.35211
  42
0.16112457
  0
VERTEX
  5
18af
  8
Layer_0
  10
141.63812
  20
188.16019
  42
0.10027702
  0
VERTEX
  5
18b0
  8
Layer_0
  10
141.58714
  20
187.82591
  0
VERTEX
  5
18b1
  8
Layer_0
  10
141.58769
  20
186.83511
  0
VERTEX
  5
18b2
  8
Layer_0
  10
141.28073
  20
186.83495
  0
VERTEX
  5
18b3
  8
Layer_0
  10
141.27936
  20
189.33495
  0
VERTEX
  5
18b4
  8
Layer_0
  10
141.58632
  20
189.33511
  0
VERTEX
  5
18b5
  8
Layer_0
  10
141.58681
  20
188.43811
  42
-0.21806176
  0
SEQEND
  0
POLYLINE
  5
18b7
  8
Layer_0
  62
7
  70
1
  66
1
  10
0
  20
0
  30
0
  0
VERTEX
  5
18b7
  8
Layer_0
  10
144.48965
  20
187.74052
  42
-0.056562443
  0
VERTEX
  5
18b8
  8
Layer_0
  10
144.56262
  20
188.38177
  42
-0.046772319
  0
VERTEX
  5
18b9
  8
Layer_0
  10
144.72607
  20
188.87299
  42
-0.028469642
  0
VERTEX
  5
18ba
  8
Layer_0
  10
144.99864
  20
189.37962
  0
VERTEX
  5
18bb
  8
Layer_0
  10
144.77866
  20
189.3795
  42
0.075415835
  0
VERTEX
  5
18bc
  8
Layer_0
  10
144.30505
  20
188.51976
  42
0.085086974
  0
VERTEX
  5
18bd
  8
Layer_0
  10
144.17416
  20
187.74207
  42
0.097308268
  0
VERTEX
  5
18be
  8
Layer_0
  10
144.3503
  20
186.85197
  42
0.070660788
  0
VERTEX
  5
18bf
  8
Layer_0
  10
144.78046
  20
186.10187
  0
VERTEX
  5
18c0
  8
Layer_0
  10
145.00044
  20
186.10199
  0
VERTEX
  5
18c1
  8
Layer_0
  10
144.77714
  20
186.51126
  0
VERTEX
  5
18c2
  8
Layer_0
  10
144.61757
  20
186.92076
  0
VERTEX
  5
18c3
  8
Layer_0
  10
144.52174
  20
187.33052
  0
VERTEX
  5
18c4
  8
Layer_0
  10
144.48965
  20
187.74053
  0
SEQEND
  0
POLYLINE
  5
18c6
  8
Layer_0
  62
7
  70
1
  66
1
  10
0
  20
0
  30
0
  0
VERTEX
  5
18c6
  8
Layer_0
  10
145.78764
  20
187.29871
  42
-0.028372137
  0
VERTEX
  5
18c7
  8
Layer_0
  10
146.14218
  20
187.61353
  42
0.035692728
  0
VERTEX
  5
18c8
  8
Layer_0
  10
146.61516
  20
188.05377
  42
0.08160374
  0
VERTEX
  5
18c9
  8
Layer_0
  10
146.81879
  20
188.35913
  42
0.10048505
  0
VERTEX
  5
18ca
  8
Layer_0
  10
146.88
  20
188.65417
  42
0.2054165
  0
VERTEX
  5
18cb
  8
Layer_0
  10
146.66998
  20
189.14861
  0
VERTEX
  5
18cc
  8
Layer_0
  10
146.55568
  20
189.23584
  0
VERTEX
  5
18cd
  8
Layer_0
  10
146.42263
  20
189.29812
  0
VERTEX
  5
18ce
  8
Layer_0
  10
146.27084
  20
189.33544
  0
VERTEX
  5
18cf
  8
Layer_0
  10
146.1003
  20
189.34782
  0
VERTEX
  5
18d0
  8
Layer_0
  10
145.93116
  20
189.33616
  0
VERTEX
  5
18d1
  8
Layer_0
  10
145.78015
  20
189.30139
  0
VERTEX
  5
18d2
  8
Layer_0
  10
145.64727
  20
189.2435
  0
VERTEX
  5
18d3
  8
Layer_0
  10
145.53253
  20
189.16248
  0
VERTEX
  5
18d4
  8
Layer_0
  10
145.43805
  20
189.05942
  0
VERTEX
  5
18d5
  8
Layer_0
  10
145.36596
  20
188.93537
  0
VERTEX
  5
18d6
  8
Layer_0
  10
145.31626
  20
188.79034
  0
VERTEX
  5
18d7
  8
Layer_0
  10
145.28896
  20
188.62432
  0
VERTEX
  5
18d8
  8
Layer_0
  10
145.60446
  20
188.59209
  42
-0.19702366
  0
VERTEX
  5
18d9
  8
Layer_0
  10
145.73898
  20
188.96051
  42
-0.19891125
  0
VERTEX
  5
18da
  8
Layer_0
  10
146.09361
  20
189.09372
  42
-0.19371721
  0
VERTEX
  5
18db
  8
Layer_0
  10
146.4339
  20
188.96857
  42
-0.20410701
  0
VERTEX
  5
18dc
  8
Layer_0
  10
146.56451
  20
188.66083
  42
-0.15955952
  0
VERTEX
  5
18dd
  8
Layer_0
  10
146.42148
  20
188.29155
  0
VERTEX
  5
18de
  8
Layer_0
  10
146.33339
  20
188.18519
  0
VERTEX
  5
18df
  8
Layer_0
  10
146.21228
  20
188.06143
  0
VERTEX
  5
18e0
  8
Layer_0
  10
146.05813
  20
187.92029
  0
VERTEX
  5
18e1
  8
Layer_0
  10
145.87095
  20
187.76175
  42
0.045326371
  0
VERTEX
  5
18e2
  8
Layer_0
  10
145.46954
  20
187.38295
  42
0.08676968
  0
VERTEX
  5
18e3
  8
Layer_0
  10
145.26765
  20
187.05029
  42
0.099539175
  0
VERTEX
  5
18e4
  8
Layer_0
  10
145.23196
  20
186.83711
  0
VERTEX
  5
18e5
  8
Layer_0
  10
146.88441
  20
186.83801
  0
VERTEX
  5
18e6
  8
Layer_0
  10
146.88425
  20
187.13304
  0
VERTEX
  5
18e7
  8
Layer_0
  10
145.65813
  20
187.13237
  42
-0.052433122
  0
SEQEND
  0
POLYLINE
  5
18e9
  8
Layer_0
  62
7
  70
1
  66
1
  10
0
  20
0
  30
0
  0
VERTEX
  5
18e9
  8
Layer_0
  10
147.57463
  20
189.20197
  42
-0.17266314
  0
VERTEX
  5
18ea
  8
Layer_0
  10
148.02731
  20
189.34888
  42
-0.12318018
  0
VERTEX
  5
18eb
  8
Layer_0
  10
148.38036
  20
189.26807
  42
-0.12707069
  0
VERTEX
  5
18ec
  8
Layer_0
  10
148.63116
  20
189.03458
  42
-0.081080233
  0
VERTEX
  5
18ed
  8
Layer_0
  10
148.78656
  20
188.6629
  42
-0.062930351
  0
VERTEX
  5
18ee
  8
Layer_0
  10
148.84315
  20
188.07204
  0
VERTEX
  5
18ef
  8
Layer_0
  10
148.82078
  20
187.67447
  0
VERTEX
  5
18f0
  8
Layer_0
  10
148.75316
  20
187.36173
  42
-0.14126499
  0
VERTEX
  5
18f1
  8
Layer_0
  10
148.48309
  20
186.94377
  42
-0.17339908
  0
VERTEX
  5
18f2
  8
Layer_0
  10
148.02872
  20
186.79602
  42
-0.22847299
  0
VERTEX
  5
18f3
  8
Layer_0
  10
147.46069
  20
187.0549
  0
VERTEX
  5
18f4
  8
Layer_0
  10
147.35241
  20
187.2354
  0
VERTEX
  5
18f5
  8
Layer_0
  10
147.27502
  20
187.46494
  0
VERTEX
  5
18f6
  8
Layer_0
  10
147.2285
  20
187.74352
  0
VERTEX
  5
18f7
  8
Layer_0
  10
147.21286
  20
188.07114
  0
VERTEX
  5
18f8
  8
Layer_0
  10
147.23546
  20
188.47127
  0
VERTEX
  5
18f9
  8
Layer_0
  10
147.30371
  20
188.78487
  42
-0.14126607
  0
SEQEND
  0
POLYLINE
  5
18fb
  8
Layer_0
  62
7
  70
1
  66
1
  10
0
  20
0
  30
0
  0
VERTEX
  5
18fb
  8
Layer_0
  10
148.02856
  20
187.0484
  42
0.24399604
  0
VERTEX
  5
18fc
  8
Layer_0
  10
148.38402
  20
187.25323
  0
VERTEX
  5
18fd
  8
Layer_0
  10
148.44699
  20
187.38117
  0
VERTEX
  5
18fe
  8
Layer_0
  10
148.49192
  20
187.56025
  0
VERTEX
  5
18ff
  8
Layer_0
  10
148.51882
  20
187.79048
  0
VERTEX
  5
1900
  8
Layer_0
  10
148.52767
  20
188.07187
  0
VERTEX
  5
1901
  8
Layer_0
  10
148.51851
  20
188.35462
  0
VERTEX
  5
1902
  8
Layer_0
  10
148.49136
  20
188.58557
  0
VERTEX
  5
1903
  8
Layer_0
  10
148.44623
  20
188.76472
  0
VERTEX
  5
1904
  8
Layer_0
  10
148.38312
  20
188.89205
  42
0.24294929
  0
VERTEX
  5
1905
  8
Layer_0
  10
148.02403
  20
189.09479
  42
0.24388467
  0
VERTEX
  5
1906
  8
Layer_0
  10
147.68648
  20
188.91554
  0
VERTEX
  5
1907
  8
Layer_0
  10
147.61717
  20
188.77705
  0
VERTEX
  5
1908
  8
Layer_0
  10
147.56772
  20
188.59018
  0
VERTEX
  5
1909
  8
Layer_0
  10
147.53811
  20
188.35494
  0
VERTEX
  5
190a
  8
Layer_0
  10
147.52835
  20
188.07132
  0
VERTEX
  5
190b
  8
Layer_0
  10
147.53751
  20
187.78925
  0
VERTEX
  5
190c
  8
Layer_0
  10
147.56466
  20
187.55868
  0
VERTEX
  5
190d
  8
Layer_0
  10
147.60979
  20
187.37959
  0
VERTEX
  5
190e
  8
Layer_0
  10
147.6729
  20
187.25199
  42
0.24347787
  0
SEQEND
  0
POLYLINE
  5
1910
  8
Layer_0
  62
7
  70
1
  66
1
  10
0
  20
0
  30
0
  0
VERTEX
  5
1910
  8
Layer_0
  10
149.71344
  20
188.58411
  42
-0.044460328
  0
VERTEX
  5
1911
  8
Layer_0
  10
149.39037
  20
188.42534
  0
VERTEX
  5
1912
  8
Layer_0
  10
149.3902
  20
188.72206
  42
0.072588506
  0
VERTEX
  5
1913
  8
Layer_0
  10
149.84024
  20
189.01563
  42
0.09578571
  0
VERTEX
  5
1914
  8
Layer_0
  10
150.11292
  20
189.35002
  0
VERTEX
  5
1915
  8
Layer_0
  10
150.31073
  20
189.35013
  0
VERTEX
  5
1916
  8
Layer_0
  10
150.3121
  20
186.8399
  0
VERTEX
  5
1917
  8
Layer_0
  10
150.00516
  20
186.83972
  0
VERTEX
  5
1918
  8
Layer_0
  10
150.00407
  20
188.79573
  42
-0.057684046
  0
SEQEND
  0
POLYLINE
  5
191a
  8
Layer_0
  62
7
  70
1
  66
1
  10
0
  20
0
  30
0
  0
VERTEX
  5
191a
  8
Layer_0
  10
152.65425
  20
188.61215
  42
-0.13067852
  0
VERTEX
  5
191b
  8
Layer_0
  10
152.9765
  20
188.69333
  42
-0.14491422
  0
VERTEX
  5
191c
  8
Layer_0
  10
153.30653
  20
188.60995
  42
-0.16558128
  0
VERTEX
  5
191d
  8
Layer_0
  10
153.48828
  20
188.37643
  42
-0.24879952
  0
VERTEX
  5
191e
  8
Layer_0
  10
154.04745
  20
188.69392
  0
VERTEX
  5
191f
  8
Layer_0
  10
154.1744
  20
188.68467
  0
VERTEX
  5
1920
  8
Layer_0
  10
154.28579
  20
188.65675
  0
VERTEX
  5
1921
  8
Layer_0
  10
154.38163
  20
188.61017
  0
VERTEX
  5
1922
  8
Layer_0
  10
154.46193
  20
188.54493
  0
VERTEX
  5
1923
  8
Layer_0
  10
154.52539
  20
188.46029
  0
VERTEX
  5
1924
  8
Layer_0
  10
154.57075
  20
188.35549
  0
VERTEX
  5
1925
  8
Layer_0
  10
154.59799
  20
188.23054
  0
VERTEX
  5
1926
  8
Layer_0
  10
154.60713
  20
188.08543
  0
VERTEX
  5
1927
  8
Layer_0
  10
154.60782
  20
186.84225
  0
VERTEX
  5
1928
  8
Layer_0
  10
154.30255
  20
186.84209
  0
VERTEX
  5
1929
  8
Layer_0
  10
154.30194
  20
187.98294
  42
0.088481235
  0
VERTEX
  5
192a
  8
Layer_0
  10
154.27194
  20
188.24811
  42
0.16531356
  0
VERTEX
  5
192b
  8
Layer_0
  10
154.16359
  20
188.37851
  42
0.14155332
  0
VERTEX
  5
192c
  8
Layer_0
  10
153.97939
  20
188.42786
  42
0.19978639
  0
VERTEX
  5
192d
  8
Layer_0
  10
153.66226
  20
188.30063
  0
VERTEX
  5
192e
  8
Layer_0
  10
153.6071
  20
188.22754
  0
VERTEX
  5
192f
  8
Layer_0
  10
153.56771
  20
188.13538
  0
VERTEX
  5
1930
  8
Layer_0
  10
153.54411
  20
188.02415
  0
VERTEX
  5
1931
  8
Layer_0
  10
153.53629
  20
187.89385
  0
VERTEX
  5
1932
  8
Layer_0
  10
153.53687
  20
186.84166
  0
VERTEX
  5
1933
  8
Layer_0
  10
153.22992
  20
186.84149
  0
VERTEX
  5
1934
  8
Layer_0
  10
153.22926
  20
188.01816
  0
VERTEX
  5
1935
  8
Layer_0
  10
153.21041
  20
188.19721
  0
VERTEX
  5
1936
  8
Layer_0
  10
153.15407
  20
188.32508
  42
0.23889192
  0
VERTEX
  5
1937
  8
Layer_0
  10
152.90845
  20
188.42728
  42
0.13965755
  0
VERTEX
  5
1938
  8
Layer_0
  10
152.66888
  20
188.35892
  42
0.16534848
  0
VERTEX
  5
1939
  8
Layer_0
  10
152.50955
  20
188.15932
  42
0.090291664
  0
VERTEX
  5
193a
  8
Layer_0
  10
152.4603
  20
187.7807
  0
VERTEX
  5
193b
  8
Layer_0
  10
152.46082
  20
186.84108
  0
VERTEX
  5
193c
  8
Layer_0
  10
152.15385
  20
186.84091
  0
VERTEX
  5
193d
  8
Layer_0
  10
152.15286
  20
188.65195
  0
VERTEX
  5
193e
  8
Layer_0
  10
152.42741
  20
188.6521
  0
VERTEX
  5
193f
  8
Layer_0
  10
152.42755
  20
188.39801
  42
-0.1208154
  0
SEQEND
  0
POLYLINE
  5
1941
  8
Layer_0
  62
7
  70
1
  66
1
  10
0
  20
0
  30
0
  0
VERTEX
  5
1941
  8
Layer_0
  10
155.57045
  20
186.86665
  42
0.12273718
  0
VERTEX
  5
1942
  8
Layer_0
  10
155.8459
  20
186.802
  42
0.14025524
  0
VERTEX
  5
1943
  8
Layer_0
  10
156.24573
  20
186.92075
  42
0.14909
  0
VERTEX
  5
1944
  8
Layer_0
  10
156.53545
  20
187.26196
  42
0.10574706
  0
VERTEX
  5
1945
  8
Layer_0
  10
156.63493
  20
187.76253
  42
0.098811298
  0
VERTEX
  5
1946
  8
Layer_0
  10
156.54428
  20
188.23912
  42
0.14715624
  0
VERTEX
  5
1947
  8
Layer_0
  10
156.27637
  20
188.57578
  42
0.14919949
  0
VERTEX
  5
1948
  8
Layer_0
  10
155.86703
  20
188.69492
  42
0.12732083
  0
VERTEX
  5
1949
  8
Layer_0
  10
155.56522
  20
188.62569
  42
0.11117478
  0
VERTEX
  5
194a
  8
Layer_0
  10
155.34193
  20
188.41837
  0
VERTEX
  5
194b
  8
Layer_0
  10
155.34181
  20
188.6537
  0
VERTEX
  5
194c
  8
Layer_0
  10
155.06213
  20
188.65355
  0
VERTEX
  5
194d
  8
Layer_0
  10
155.06351
  20
186.14844
  0
VERTEX
  5
194e
  8
Layer_0
  10
155.37047
  20
186.14861
  0
VERTEX
  5
194f
  8
Layer_0
  10
155.36998
  20
187.03026
  42
0.1033074
  0
SEQEND
  0
POLYLINE
  5
1951
  8
Layer_0
  62
7
  70
1
  66
1
  10
0
  20
0
  30
0
  0
VERTEX
  5
1951
  8
Layer_0
  10
155.82529
  20
187.05438
  42
0.22120236
  0
VERTEX
  5
1952
  8
Layer_0
  10
156.17564
  20
187.22766
  0
VERTEX
  5
1953
  8
Layer_0
  10
156.23938
  20
187.32612
  0
VERTEX
  5
1954
  8
Layer_0
  10
156.28487
  20
187.44835
  0
VERTEX
  5
1955
  8
Layer_0
  10
156.31213
  20
187.59433
  0
VERTEX
  5
1956
  8
Layer_0
  10
156.32115
  20
187.76406
  0
VERTEX
  5
1957
  8
Layer_0
  10
156.31216
  20
187.92628
  0
VERTEX
  5
1958
  8
Layer_0
  10
156.28539
  20
188.06674
  0
VERTEX
  5
1959
  8
Layer_0
  10
156.24083
  20
188.18545
  0
VERTEX
  5
195a
  8
Layer_0
  10
156.17848
  20
188.2824
  42
0.22360928
  0
VERTEX
  5
195b
  8
Layer_0
  10
155.83817
  20
188.45445
  42
0.22414975
  0
VERTEX
  5
195c
  8
Layer_0
  10
155.49124
  20
188.27094
  0
VERTEX
  5
195d
  8
Layer_0
  10
155.42527
  20
188.16885
  0
VERTEX
  5
195e
  8
Layer_0
  10
155.37817
  20
188.04599
  0
VERTEX
  5
195f
  8
Layer_0
  10
155.34995
  20
187.90236
  0
VERTEX
  5
1960
  8
Layer_0
  10
155.34061
  20
187.73795
  0
VERTEX
  5
1961
  8
Layer_0
  10
155.34954
  20
187.57456
  0
VERTEX
  5
1962
  8
Layer_0
  10
155.37616
  20
187.43399
  0
VERTEX
  5
1963
  8
Layer_0
  10
155.42046
  20
187.31624
  0
VERTEX
  5
1964
  8
Layer_0
  10
155.48243
  20
187.22131
  42
0.2204919
  0
SEQEND
  0
POLYLINE
  5
1966
  8
Layer_0
  62
7
  70
1
  66
1
  10
0
  20
0
  30
0
  0
VERTEX
  5
1966
  8
Layer_0
  10
157.85373
  20
188.69601
  42
-0.12333731
  0
VERTEX
  5
1967
  8
Layer_0
  10
158.20337
  20
188.6169
  42
-0.16420774
  0
VERTEX
  5
1968
  8
Layer_0
  10
158.41579
  20
188.39789
  42
-0.10764603
  0
VERTEX
  5
1969
  8
Layer_0
  10
158.47997
  20
187.99205
  0
VERTEX
  5
196a
  8
Layer_0
  10
158.48059
  20
186.84438
  0
VERTEX
  5
196b
  8
Layer_0
  10
158.17363
  20
186.84421
  0
VERTEX
  5
196c
  8
Layer_0
  10
158.173
  20
187.99188
  0
VERTEX
  5
196d
  8
Layer_0
  10
158.14796
  20
188.19075
  0
VERTEX
  5
196e
  8
Layer_0
  10
158.07306
  20
188.32693
  42
0.20542465
  0
VERTEX
  5
196f
  8
Layer_0
  10
157.79077
  20
188.43164
  42
0.13380309
  0
VERTEX
  5
1970
  8
Layer_0
  10
157.53416
  20
188.36073
  42
0.1611219
  0
VERTEX
  5
1971
  8
Layer_0
  10
157.36288
  20
188.16879
  42
0.10027363
  0
VERTEX
  5
1972
  8
Layer_0
  10
157.3119
  20
187.83453
  0
VERTEX
  5
1973
  8
Layer_0
  10
157.31244
  20
186.84373
  0
VERTEX
  5
1974
  8
Layer_0
  10
157.00549
  20
186.84357
  0
VERTEX
  5
1975
  8
Layer_0
  10
157.00412
  20
189.34357
  0
VERTEX
  5
1976
  8
Layer_0
  10
157.31108
  20
189.34373
  0
VERTEX
  5
1977
  8
Layer_0
  10
157.31157
  20
188.44673
  42
-0.21805831
  0
SEQEND
  0
POLYLINE
  5
1979
  8
Layer_0
  62
7
  70
1
  66
1
  10
0
  20
0
  30
0
  0
VERTEX
  5
1979
  8
Layer_0
  10
159.20253
  20
188.87581
  42
-0.048362245
  0
VERTEX
  5
197a
  8
Layer_0
  10
159.36481
  20
188.38477
  42
-0.057153492
  0
VERTEX
  5
197b
  8
Layer_0
  10
159.43849
  20
187.74872
  0
VERTEX
  5
197c
  8
Layer_0
  10
159.40685
  20
187.33868
  0
VERTEX
  5
197d
  8
Layer_0
  10
159.31147
  20
186.92881
  0
VERTEX
  5
197e
  8
Layer_0
  10
159.15235
  20
186.51913
  0
VERTEX
  5
197f
  8
Layer_0
  10
158.9295
  20
186.10963
  0
VERTEX
  5
1980
  8
Layer_0
  10
159.14948
  20
186.10974
  42
0.069406744
  0
VERTEX
  5
1981
  8
Layer_0
  10
159.57796
  20
186.86032
  42
0.097734098
  0
VERTEX
  5
1982
  8
Layer_0
  10
159.75397
  20
187.7506
  42
0.085087381
  0
VERTEX
  5
1983
  8
Layer_0
  10
159.62224
  20
188.52815
  42
0.075412696
  0
VERTEX
  5
1984
  8
Layer_0
  10
159.14769
  20
189.38737
  0
VERTEX
  5
1985
  8
Layer_0
  10
158.9277
  20
189.38725
  42
-0.029359863
  0
SEQEND
  0
ENDSEC
  0
EOF
